question,context,answer
የነጮች መቶኛ ስንት ነው?,"በንጽጽር፣ የ2010 የሕዝብ ቆጠራ መልሶ ማከፋፈል መረጃ እንደሚያመለክተው የከተማዋ ዘር 661,839 (43.4%) አፍሪካዊ አሜሪካዊ፣ 626,221 (41.0%) ነጭ፣ 6,996 (0.5%) ተወላጅ አሜሪካዊ፣ 96,405 (6.3%) ቻይናዊ እስያ (2.0%) ፣ 1.2% ህንዳዊ ፣ 0.9% ቬትናምኛ ፣ 0.6% ካምቦዲያ ፣ 0.4% ኮሪያኛ ፣ 0.3% ፊሊፒኖ ፣ 0.2% ፓኪስታናዊ ፣ 0.1% ኢንዶኔዥያ ፣ 744 (0.0%) የፓሲፊክ ደሴት ነዋሪ ፣ 90,731 (5.9%) ከሌሎች ዘሮች እና 43,070 (43,070) 2.8%) ከሁለት ወይም ከዚያ በላይ ዘሮች። የማንኛውም ዘር ስፓኒክ ወይም ላቲኖ 187,611 ሰዎች (12.3%); 8.0% የፊላዴልፊያ ፑርቶሪካ፣ 1.0% ዶሚኒካን፣ 1.0% ሜክሲኮ፣ 0.3% ኩባ እና 0.3% ኮሎምቢያዊ ናቸው። በፊላደልፊያ የሂስፓኒክ/ላቲኖ ህዝብ የዘር ልዩነት 63,636 (33.9%) ነጭ፣ 17,552 (9.4%) አፍሪካዊ አሜሪካዊ፣ 3,498 (1.9%) ተወላጅ አሜሪካዊ፣ 884 (0.47%) እስያዊ፣ 287 (0.15%) ፓሲፊክ ደሴት፣ 86,626 46.2%) ከሌሎች ዘሮች፣ እና 15,128 (8.1%) ከሁለት ወይም ከዚያ በላይ ዘሮች። በ2010 የዩናይትድ ስቴትስ የሕዝብ ቆጠራ የተዘገቡት አምስቱ ትላልቅ የአውሮፓ ቅድመ አያቶች አይሪሽ (12.5%)፣ ጣልያንኛ (8.4%)፣ ጀርመንኛ (8.1%)፣ ፖላንድኛ (3.6%) እና እንግሊዝኛ (3.0%) ያካትታሉ።",1.0%
ከቻርሎትስቪል በስተ ምዕራብ ስንት ኪሎ ሜትሮች ይርቃል?,ሪችመንድ ከዊልያምስበርግ በስተ ምዕራብ 44 ማይል (71 ኪሜ)፣ ከቻርሎትስቪል በስተምስራቅ 66 ማይል (106 ኪሜ) ርቀቱ እና ከዋሽንግተን ዲሲ በስተደቡብ 98 ማይል (158 ኪሜ) በሄንሪኮ እና ቼስተርፊልድ አውራጃዎች የተከበበበጄምስ ወንዝ የውድቀት መስመር ላይ ይገኛል። ከተማዋ በኢንተርስቴት 95 እና በኢንተርስቴት 64 መገናኛዎች ላይ ትገኛለች እና በኢንተርስቴት 295 እና በቨርጂኒያ ስቴት መስመር 288 የተከበበች ነች። ዋና ዋና የከተማ ዳርቻዎች ሚድሎቲያን ወደ ደቡብ ምዕራብ፣ ግሌን አለን በሰሜን እና ምዕራብ፣ አጭር ፓምፕ ወደ ምዕራብ እና መካኒክስቪል ወደ ሰሜን ምስራቅ.,66
የሀገር ውስጥ ምርት ያስፋፋው መጠን ምን ያህል ነበር?,የታጂኪስታን ኢኮኖሚ ከጦርነቱ በኋላ በከፍተኛ ሁኔታ አደገ። የአለም ባንክ መረጃ እንደሚያሳየው የታጂኪስታን አጠቃላይ የሀገር ውስጥ ምርት ከ2000-2007 ባለው ጊዜ ውስጥ በአማካይ በ9.6 በመቶ አድጓል። ይህም ታጂኪስታንን ከሌሎች የመካከለኛው እስያ ሀገራት (ማለትም ቱርክሜኒስታን እና ኡዝቤኪስታንን) መካከል ያላትን አቋም አሻሽሏል፣ ይህም ከዚያን ጊዜ ጀምሮ በኢኮኖሚ ደረጃ ዝቅ ያለ ይመስላል። የታጂኪስታን ዋና የገቢ ምንጮች የአሉሚኒየም ምርት፣ የጥጥ ልማት እና ከስደተኛ ሠራተኞች የሚላከው ገንዘብ ናቸው። ጥጥ 60% የሚሆነውን የግብርና ምርት የሚሸፍን ሲሆን 75% የሚሆነውን የገጠር ህዝብ የሚደግፍ እና 45% በመስኖ የሚታረስ መሬት ይጠቀማል። የአሉሚኒየም ኢንዱስትሪ በመንግስት ባለቤትነት የተወከለው በታጂክ አልሙኒየም ኩባንያ ነው - በማዕከላዊ እስያ ውስጥ ትልቁ የአሉሚኒየም ተክል እና በዓለም ላይ ካሉት ትልቁ።,በአማካይ በ9.6 በመቶ
በ Coleoptera ዝርያዎች ውስጥ ምን ዓይነት መከላከያ ይገኛል?,"ኬሚካላዊ መከላከያ ሌላው አስፈላጊ መከላከያ በColeoptera እና Lepidoptera ዝርያዎች መካከል የሚገኝ ሲሆን ብዙውን ጊዜ በደማቅ ቀለሞች ለምሳሌ እንደ ሞናርክ ቢራቢሮ ማስታወቂያ ነው. መርዛማነታቸውን የሚወስዱት ኬሚካሎችን ከሚመገቧቸው እፅዋት ውስጥ ወደ ራሳቸው ቲሹ ውስጥ በማስገባት ነው። አንዳንድ ሌፒዶፕቴራዎች የራሳቸውን መርዞች ያመርታሉ. መርዛማ ቢራቢሮዎችን እና የእሳት እራቶችን የሚበሉ አዳኞች ሊታመሙ እና በኃይል ሊተፉ ይችላሉ, እነዚያን ዝርያዎች አለመብላት ይማራሉ; ይህ በእውነቱ የሙለር አስመስሎ መስራት መሰረት ነው። ቀደም ሲል መርዛማ ሌፒዶፕተርን የበላ አዳኝ ወደፊት ተመሳሳይ ምልክት ካላቸው ሌሎች ዝርያዎች ሊርቅ ስለሚችል ሌሎች በርካታ ዝርያዎችንም ያድናል። አንዳንድ የካራቢዳ ቤተሰብ ጥንዚዛዎች አዳኞችን ለማባረር ኬሚካሎችን ከሆዳቸው ውስጥ በከፍተኛ ትክክለኛነት ይረጫሉ።",ኬሚካላዊ
ዴቪድ አተርተን ምን አገኘ?,ላንካሻየር ከ17ኛው መቶ ክፍለ ዘመን ጀምሮ እጅግ በጣም ብዙ ቁጥር ያላቸው የአጥቢያ ቤተክርስትያን መዘምራን ዝማሬዎች ያሏት ህያው የመዘምራን እና የክላሲካል ሙዚቃ ባህል ነበራት ይህም ከ18ኛው መቶ ክፍለ ዘመን አጋማሽ ጀምሮ የአካባቢውን የህብረ ዜማ ማህበረሰቦችን መሰረት በማድረግ በተለይም በሃንዴል ሙዚቃ ትርኢት ላይ ያተኩራል እና የእሱ ዘመን. በካውንቲው በተለይም በጨርቃ ጨርቅ እና በከሰልፊልድ አካባቢዎች በ19ኛው ክፍለ ዘመን በተፈጠሩት የነሐስ ባንዶች ልማት ውስጥ ትልቅ ሚና ተጫውቷል። የመጀመሪያው ክፍት የናስ ባንዶች ውድድር በ1853 በማንቸስተር ተካሂዶ እስከ1980ዎቹ ድረስ በየዓመቱ ቀጥሏል። በዩናይትድ ኪንግደም ውስጥ እጅግ ጥንታዊው ፕሮፌሽናል ኦርኬስትራ ለሆነው ከ1857 ጀምሮ ለሀሌ ኦርኬስትራ መመስረት እና ሰራተኞቻቸው የአከባቢው ንቁ የናስ ባንድ ባህል ትልቅ አስተዋፅዖ አድርጓል። ተመሳሳይ የአካባቢ ሙዚቃዊ ወግ እንደ ሰር ዊልያም ዋልተን (1902–88)፣ የኦልድሃም የመዘምራን ልጅ እና የሙዚቃ መምህር ሰር ቶማስ ቢቻም (1879–1961)፣ በሴንት ሄለንስ ተወልዶ ስራውን የጀመረው የሀገር ውስጥ ስራውን የጀመረው እንደ ሰር ዊልያም ዋልተን (1902–88) ያሉ ታዋቂ ሰዎችን አፍርቷል። ኦርኬስትራ እና አላን ራውስቶርን (1905-71) በሃስሊንግደን ተወለዱ። የለንደን ሲንፎኒየታ ተባባሪ መስራች ዴቪድ አተርተን በብላክፑል ተወለደ። እንደ የሳልፎርድ ካቴድራል አካል,የለንደን ሲንፎኒየታ ተባባሪ መስራች
ከ2008 ጀምሮ የቢዮንሴን ዓመታዊ ገቢ ሪፖርት ማድረግ የጀመረው ማነው?,"ፎርብስ መጽሔት ከሰኔ 2007 እስከሰኔ 2008 ያገኘው 80 ሚሊዮን ዶላር ለሙዚቃ፣ ለጉብኝቷ፣ ለፊልሞቿ እና ለአልባሳት መስመርዋ ከማዶና እና ከሴሊን በላይ በዓለማችን ከፍተኛ ክፍያ የሚከፈልባት የሙዚቃ ሰው እንዳደረጋት በማስላት በ2008 የቢዮንሴን ገቢ ሪፖርት ማድረግ ጀመረች። ዲዮን. እ.ኤ.አ. በ2009 አራተኛዋን ከታዋቂ 100 መዝገብ ውስጥ አስቀምጠዋል እና በ2010 ""በአለም እጅግ በጣም ሀይለኛ ሴቶች"" ውስጥ ዘጠነኛ አስመዝግበዋል ። በሚቀጥለው አመት ፎርብስ 35 ዶላር በማግኘት በ""ከ30 አመት በታች ያሉ ምርጥ ተከፋይ ዝነኞች"" ዝርዝር ውስጥ ስምንተኛ ደረጃ ላይ አስቀምጧታል። ባለፈው ዓመት ውስጥ ሚሊዮን ለልብስ መስመር እና ድጋፍ ስምምነቶች። እ.ኤ.አ. በ2012 ፎርብስ ቢዮንሴን 16 ቁጥር 16 በታዋቂ 100 ዝርዝር ውስጥ አስቀምጣለች ፣ ከሶስት አመት በፊት ከነበረው አስራ ሁለት ደረጃዎች በታች ፣ ግን ባለፈው አመት 40 ሚሊዮን ዶላር አግኝታለች ፣ ለሷ አልበም 4 ፣ የልብስ መስመር እና የድጋፍ ስምምነቶች። በዚያው ዓመት ቢዮንሴ እና ጄይ ዚ በቡድን 78 ሚሊዮን ዶላር በማግኘት “በዓለም ከፍተኛ ተከፋይ ዝነኞች ጥንዶች” ውስጥ ቁጥር አንድ ላይ ተቀምጠዋል። ጥንዶቹ እ.ኤ.አ. በ2009 122 ሚሊዮን ዶላር በጋራ በማግኘት “ከፍተኛ ገቢ የሚያስገኙ ጥንዶች” በመሆን ባለፈው ዓመት ጊነስ ወርልድ ሪከርድስ ውስጥ ገብተዋል። ከ2009 እስከ2011 ባሉት ዓመታት ቢዮንሴ በዓመት በአማካይ 70 ሚሊዮን ዶላር ስታገኝ 40 ሚሊዮን ዶላር አግኝታለች። 2012. እ.ኤ.አ. በ2013 የቢዮንሴ የፔፕሲ እና የኤች ኤንድ ኤም ድጋፍ እሷን እና ጄይ ዚን በሙዚቃ ኢንደስትሪ የመጀመርያ ቢሊዮን ዶላር ጥንዶች አድርጓቸዋል። በዚያው ዓመት፣ ቢዮንሴ በፎርብስ ደረጃ አራተኛዋ በጣም ኃይለኛ ታዋቂ ሰው ሆና ታትማለች። MTV በ2014 መገባደጃ ላይ ቢዮንሴ በታሪክ ከፍተኛ ተከፋይ ጥቁር ሙዚቀኛ ትሆናለች ብሎ ገምቷል። እ.ኤ.አ. በኤፕሪል 2014 ተሳክቶላታል። በሰኔ 2014 ቢዮንሴ በፎርብስ ዝነኞች 100 ዝርዝር ውስጥ #1 ላይ ተቀምጣለች፣ በሰኔ 2013 - ሰኔ 2014 በግምት 115 ሚሊዮን ዶላር ገቢ አግኝታለች። ዝርዝር እንዲሁም እስከዛሬ ድረስ ከፍተኛ ዓመታዊ ገቢዎቿ መሆን አለበት። እ.ኤ.አ. በሜይ 2015 የነበራት ሀብት 250 ሚሊዮን ዶላር እንደሚሆን ይገመታል።",ፎርብስ
የብሩክሊን ድልድይ በዓለም ረጅሙ ተንጠልጣይ ድልድይ መሆን ያቆመው በየትኛው ዓመት ነው?,የጆርጅ ዋሽንግተን ድልድይ ማንሃታንን ከኒው ጀርሲ በርገን ካውንቲ ጋር የሚያገናኘው የአለማችን በጣም የተጨናነቀ የሞተር ተሽከርካሪ ድልድይ ነው። የቬራዛኖ-ጠባብ ድልድይ በአሜሪካ አህጉር ረጅሙ የማንጠልጠያ ድልድይ እና ከአለም ረጅሙ አንዱ ነው። የብሩክሊን ድልድይ የከተማው የራሱ አዶ ነው። የብሩክሊን ድልድይ ማማዎች በኖራ ድንጋይ፣ በግራናይት እና በሮዝንዴል ሲሚንቶ የተገነቡ ናቸው፣ እና የስነ-ህንፃ ስልታቸው ኒዮ-ጎቲክ ነው፣ በድንጋይ ማማዎች በኩል ካለው መተላለፊያ በላይ ያሉት የጠቆሙ ቅስቶች ናቸው። ይህ ድልድይ ከተከፈተበት ጊዜ አንስቶ እስከ1903 ድረስ በአለም ላይ ረጅሙ ተንጠልጣይ ድልድይ ሲሆን የመጀመሪያው የብረት ሽቦ ማንጠልጠያ ድልድይ ነው።,እስከ1903 ድረስ በአለም
ኤልዛቤት ሰርጎ የገባችው ማን ነበረች በመኝታ ክፍሏ ውስጥ ለማግኘት?,እ.ኤ.አ. በ1981 በTrooping the Color ሥነ ሥርዓት እና የቻርለስ ፣ የዌልስ ልዑል እና ሌዲ ዲያና ስፔንሰር ሠርግ ሲቀረው ስድስት ሳምንታት ብቻ ንግሥቲቱ በቅርብ ርቀት ላይ ስድስት ጥይቶች ተተኩሰዋል በፈረስዋ በርማ። ፖሊስ በኋላ ላይ ጥይቱ ባዶ መሆኑን አወቀ። የ17 አመቱ አጥቂ ማርከስ ሳርጀንት የ 5 አመት እስራት ተፈርዶበት ከሶስት አመታት በኋላ ተፈቷል። ንግስቲቱ ተራራዋን በመቆጣጠር ረገድ ያሳየችው መረጋጋት እና ክህሎት በብዙዎች ዘንድ ተሞካሽቷል። ከኤፕሪል እስከሴፕቴምበር 1982 ንግስት ተጨንቃ ቆየች ነገር ግን በፎክላንድ ጦርነት ወቅት ከእንግሊዝ ጦር ጋር በማገልገል ላይ በነበረው ልጇ ልዑል አንድሪው ኩሩ። እ.ኤ.አ. ጁላይ 9 ፣ ንግስቲቱ በቡኪንግሃም ቤተመንግስት ውስጥ በመኝታ ክፍሏ ውስጥ ከእርሷ ጋር ሚካኤል ፋጋን ሰርጎ ገዳይ አገኘች ። ከሰባት ደቂቃ በኋላ እርዳታ እስኪመጣ ድረስ ተረጋግታ ወደ ቤተመንግስት ፖሊስ መቀየሪያ ሰሌዳ ሁለት ጥሪ በማድረግ ፋጋን ከአልጋዋ ስር ተቀምጦ ተናግራለች። እ.ኤ.አ. በ1982 የዩኤስ ፕሬዝዳንት ሮናልድ ሬገንን በዊንሶር ካስል ብታስተናግድ እና በ1983 የካሊፎርኒያ እርባታውን ቢጎበኝም ፣ አስተዳደሩ ሳያውቅላት ከካሪቢያን ግዛቶቿ አንዷ የሆነችውን ግሬናዳ እንድትወረር ባዘዘች ጊዜ ተናደደች።,ሚካኤል ፋጋን
የመጨረሻው ሪፐብሊካን DA ማን ነበር?,የፊላዴልፊያ ካውንቲ የጋራ አቤቱታዎች ፍርድ ቤት (የመጀመሪያው የዳኝነት ዲስትሪክት) ለፊላደልፊያ አጠቃላይ የዳኝነት ችሎት ችሎት ነው፣የወንጀል ደረጃ የወንጀል ጉዳዮችን እና የፍትሐ ብሔር ክሶችን ከዝቅተኛው የ 7000 ዶላር በላይ የሆነ የይገባኛል ጥያቄዎችን በመስማት (ከ7000 እስከ12000 ዶላር የሚገመቱ አነስተኛ የይገባኛል ጥያቄዎች እና ባለንብረቱ ካልሆነ በስተቀር) -በማዘጋጃ ቤት ፍርድ ቤት የተከራዩ ጉዳዮች) በዋናው ስልጣን ስር; እንዲሁም ከማዘጋጃ ቤት እና ከትራፊክ ፍርድ ቤቶች እና በተወሰኑ የፔንስልቬንያ ግዛት ኤጀንሲዎች (ለምሳሌ የፔንስልቬንያ አረቄ መቆጣጠሪያ ቦርድ) ውሳኔዎች ላይ ይግባኝ የማለት ስልጣን አለው። በመራጮች የተመረጡ 90 በህጋዊ መንገድ የሰለጠኑ ዳኞች አሉት። የሚሸፈነው እና የሚንቀሳቀሰው በአብዛኛው በከተማ ሀብቶች እና ሰራተኞች ነው። የአሁኑ የዲስትሪክት ጠበቃ ሴት ዊሊያምስ ዲሞክራት ነው። በ1991 የለቀቁት እና በአሁኑ ጊዜ የፔንስልቬንያ ጠቅላይ ፍርድ ቤት ዋና ዳኛ የሆኑት ሮን ካስቲል የመጨረሻው ሪፐብሊካን ናቸው።,ሮን ካስቲል
"ጳውሎስ 6ኛ ""የተወደደች እህታችን ቤተክርስትያን"" ብሎ የሰየመው የትኛውን ቤተክርስቲያን ነው?",የክርስቲያን አንድነትን ለማስፋፋት የጽሕፈት ቤት ኃላፊ ብፁዕ ካርዲናል አውጉስቲን ቢአ በጉብኝቱ መጨረሻ ላይ አክለው “በክርስቶስ ወደ ፊት እንሂድ፣ እግዚአብሔር ይፈልገዋል። የሰው ልጅ እየጠበቀው ነው። የእምነት ጉባኤ በቅይጥ ጋብቻ ላይ ባደረገው ከባድ ውግዘት በዚህ ጉብኝቱ ወቅት ፖል ስድስተኛ እና ራምሴ የዝግጅት ኮሚሽን ሾሙ፤ ይህም እንደ ቅይጥ ጋብቻ ባሉ ጉዳዮች ላይ የጋራ አጀንዳውን ተግባራዊ ማድረግ ነበር። ይህ የጋራ የማልታ መግለጫን አስከትሏል፣ ከተሃድሶው በኋላ በሃይማኖት መግለጫ ላይ የመጀመሪያው የጋራ ስምምነት። ፖል ስድስተኛ የአንግሊካን ቤተክርስቲያን ጥሩ ጓደኛ ነበር፣ እሱም “የተወደደች እህታችን ቤተክርስቲያን” ሲል ገልጿል። ይህ መግለጫ ለጳውሎስ ልዩ ነበር እና በኋላ ሊቃነ ጳጳሳት አልተጠቀሙበትም።,የአንግሊካን ቤተክርስቲያን ጥሩ
ካትማንዱ ከባህር ጠለል በላይ ስንት ጫማ ያህል ነው?,"ካትማንዱ በካትማንዱ ሸለቆ ሰሜናዊ ምዕራብ ክፍል ከባግማቲ ወንዝ በስተሰሜን የሚገኝ እና 50.67 ኪሜ2 (19.56 ካሬ ማይል) ይሸፍናል። አማካይ ከፍታ 1,400 ሜትር (4,600 ጫማ) ከባህር ጠለል በላይ ነው። ከተማዋ በቀጥታ በበርካታ ሌሎች የካትማንዱ ሸለቆ ማዘጋጃ ቤቶች የተከበበች ናት፡ ከባግማቲ በስተደቡብ በላሊትፑር ንዑስ-ሜትሮፖሊታንት ከተማ (ፓታን) ዛሬ አንድ የከተማ አካባቢ በቀለበት መንገድ የተከበበ፣ ወደ ደቡብ ምዕራብ በኪርቲፑር ማዘጋጃ ቤት እና ወደ በምስራቅ በማድያፑር ቲሚ ማዘጋጃ ቤት። በሰሜን በኩል የከተማው አካባቢ ወደ በርካታ የመንደር ልማት ኮሚቴዎች ይዘልቃል። ይሁን እንጂ የከተማው ግርዶሽ ከአጎራባች ማዘጋጃ ቤቶች አልፏል, ሠ. ሰ. ወደ Bhaktapur እና ልክ መላውን የካትማንዱ ሸለቆ ይሸፍናል።","1,400"
ቮን ቤሊንግሻውዘን እና ላዛርቭ ወደ አንታርክቲካ ምን ያህል ቀረቡ?,"የካፒቴን ጄምስ ኩክ መርከቦች ኤችኤምኤስ ውሳኔ እና አድቬንቸር በታህሳስ 1773፣ በታህሳስ 1773 እና እንደገና በጥር 1774 የአንታርክቲክ ክበብን እስኪሻገሩ ድረስ የአውሮፓ ካርታዎች ይህንን መላምት መሬት ማሳየታቸውን ቀጥለዋል። ኩክ ከአንታርክቲክ 120 ኪሎ ሜትር (75 ማይል) ርቀት ላይ መጣ። በጥር 1773 የሜዳ በረዶ ፊት ለፊት ከመሸሽ በፊት የባህር ዳርቻ። ለመጀመሪያ ጊዜ የተረጋገጠው የአንታርክቲካ እይታ በሶስት ግለሰቦች በሚያዙት መርከቦች መርከበኞች ሊቀንስ ይችላል። እንደ የተለያዩ ድርጅቶች (ብሔራዊ ሳይንስ ፋውንዴሽን ፣ ናሳ ፣ የካሊፎርኒያ ዩኒቨርሲቲ ፣ ሳንዲያጎ እና ሌሎች ምንጮች) በሶስት ሰዎች የተያዙ መርከቦች አንታርክቲካን ወይም የበረዶ መደርደሪያውን በ1820 ያዩታል-von Bellingshausen (የኢምፔሪያል የሩሲያ የባህር ኃይል ካፒቴን) ፣ ኤድዋርድ ብራንስፊልድ (የሮያል ባህር ኃይል ካፒቴን) እና ናትናኤል ፓልመር (ከስቶኒንግተን፣ ኮኔክቲከት የወጣ ዘጋቢ)። በቮን ቤሊንግሻውዘን እና ላዛሬቭ በመርከቦቹ ቮስቶክ እና ሚርኒ ከንግሥት ሙድ ምድር 32 ኪሎ ሜትር (20 ማይል) ላይ የደረሰው ጉዞ የበረዶ መደርደሪያን በ69°21′28″S 2°14′50″ ተመዝግቧል። ወ / 69.35778°S 2.24722° ዋ / -69.35778; -2.24722, እሱም የፊምቡል የበረዶ መደርደሪያ በመባል ይታወቃል. ይህ የሆነው ብራንስፊልድ መሬት ከማየቱ ከሶስት ቀናት በፊት ነው፣ እና ፓልመር በህዳር 1820 ይህን ከማድረጋቸው ከአስር ወራት በፊት ነው። በአንታርክቲካ ላይ ለመጀመሪያ ጊዜ የተመዘገበው በአሜሪካዊው ማህተም ጆን ዴቪስ ነበር፣ በኬፕ ቻርልስ አቅራቢያ በምትገኘው ሂዩዝ ቤይ፣ በምዕራብ አንታርክቲካ እ.ኤ.አ. የካቲት 7 1821 ምንም እንኳን አንዳንድ የታሪክ ምሁራን ይህንን አባባል ቢከራከሩም። የመጀመሪያው የተመዘገበእና የተረጋገጠው ማረፊያ በ1895 በኬፕ አዲር ነበር.",32 ኪሎ
የአትኪን አዳራሽ ምንድን ነው?,ብዙ የከተማዋ ህንጻዎች በጆርጂያ አጻጻፍ ዘይቤ ውስጥ ይገኛሉ፣ ምንም እንኳን የዘመናዊ የመሬት ምልክት አወቃቀሮች በርካታ ምሳሌዎች ቢኖሩም፣ ለምሳሌ የካውንቲ አዳራሽ ግንብ፣ እሱም በአንድ ወቅት በአየርላንድ ውስጥ ረጅሙ ሕንፃ በሌላ ኮርክ ከተማ ህንፃ እስኪተካ ድረስ፡ The ኤሊሲያን ከወንዙ ማዶ ከካውንቲ አዳራሽ የአየርላንድ ረጅሙ ሕንፃ ነው። በቪክቶሪያ ጊዜ የተገነባው፣ የእመቤታችን የአዕምሮ ህክምና ሆስፒታል አሁን ታድሶ ወደ አትኪንስ አዳራሽ፣ ከአርክቴክቱ ዊልያም አትኪንስ ቀጥሎ ወደሚገኝ የመኖሪያ ቤት ውስብስብነት ተቀይሯል።,የመኖሪያ ቤት ውስብስብነት
የቲንቲን አድቬንቸርስ ምን ያህል አገኘ?,እ.ኤ.አ. በ2009 መጀመሪያ ላይ ስፒልበርግ የመጀመሪያውን ፊልም በታቀደ የሶስትዮሽ እንቅስቃሴ ቀረጻ ፊልሞች ዘ አድቬንቸርስ ኦቭ ቲንቲን ላይ በመመስረት በቤልጂየም አርቲስት ሄርጌ በተፃፈው ከፒተር ጃክሰን ጋር ቀረፀ። የቲንቲን አድቬንቸርስ፡ የዩኒኮርን ሚስጥር እስከኦክቶበር 2011 አልተለቀቀም በኮምፒዩተር አኒሜሽን ውስብስብነት ምክንያት። የዓለም የመጀመሪያ ደረጃ የተካሄደው በጥቅምት 22 ቀን 2011 በብራስልስ ቤልጅየም ነበር። ፊልሙ በሰሜን አሜሪካ ቲያትሮች ታህሳስ 21 ቀን 2011 በዲጂታል 3D እና IMAX ተለቀቀ። በአጠቃላይ ከተቺዎች አዎንታዊ አስተያየቶችን ተቀብሏል፣ እና በዓለም ዙሪያ ከ373 ሚሊዮን ዶላር በላይ አግኝቷል። የቲንቲን አድቬንቸርስ በዚያው አመት በጎልደን ግሎብ ሽልማት ላይ ለምርጥ አኒሜሽን ፌቸር ፊልም ሽልማት አሸንፏል። ምድቡ ከተጀመረበት ጊዜ አንስቶ ሽልማቱን ያሸነፈ የመጀመሪያው የፒክሳር ያልሆነ ፊልም ነው። ጃክሰን ሁለተኛውን ፊልም እንደሚመራ ተገለጸ።,በዓለም ዙሪያ ከ373 ሚሊዮን ዶላር በላይ
የላቁ colliculus ከየትኛው የአከርካሪ አጥንቶች ስሜታዊ ቁጥጥር ጋር የተያያዘ ነው?,የሴሬብራል ኮርቴክስ ማብራሪያ ወደ ሌሎች የአንጎል አካባቢዎች ይለወጣል. በአብዛኛዎቹ የአከርካሪ አጥንቶች ውስጥ ባህሪን በእይታ ቁጥጥር ውስጥ ትልቅ ሚና የሚጫወተው የላቀ colliculus በአጥቢ እንስሳት ውስጥ ወደ ትንሽ መጠን ይቀንሳል እና አብዛኛዎቹ ተግባራቶቹ በሴሬብራል ኮርቴክስ ምስላዊ አካባቢዎች ይወሰዳሉ። የአጥቢ እንስሳት ሴሬብልም ከሌሎች የአከርካሪ አጥንቶች ጋር ምንም አይነት ተጓዳኝ የሌለውን ሴሬብራል ኮርቴክስን ለመደገፍ የተወሰነ ትልቅ ክፍል (ኒዮሴሬቤለም) ይዟል።,ምስላዊ
"ሜክሲካውያን ""ቺላንጎስ"" እየተባሉ እንዴት ይወስዳሉ?","ከተማዋ በአካባቢው ነዋሪዎች ቅፅል ስም ቺላንጎስ በመባል ትታወቃለች። ቺላንጎ ከሜክሲኮ ሲቲ ውጭ በሚኖሩ ሰዎች “ጮሆ፣ ትዕቢተኛ፣ መጥፎ ምግባር የጎደለው፣ ጨዋ ሰውን ለማመልከት” ይጠቀሙበታል። በሜክሲኮ ሲቲ የሚኖሩ ሰዎች በበኩላቸው ሌላ ቦታ የሚኖሩትን በላ ፕሮቪንሺያ (""አውራጃዎች""፣ ዳርቻው) እንደሚኖሩ በስድብ ይሰይሟቸዋል እና ብዙዎች ቺላንጎ የሚለውን ቃል በኩራት ይቀበላሉ። የሜክሲኮ ከተማ ነዋሪዎች ከቅርብ ጊዜ ወዲህ ደፌኖስ ተብለው ተጠርተዋል (ከፌዴራል ዲስትሪክት የፖስታ ምህጻረ ቃል በስፓኒሽ፡ ዲ.ኤፍ.፣ እሱም “De-Efe” ይነበባል)። እነሱ በመደበኛነት ካፒታኒኖስ ይባላሉ (ከተማዋ የአገሪቱ ዋና ከተማ መሆኗን በመጥቀስ) ግን “ምናልባት ካፒታሊኖ የበለጠ ጨዋ፣ የተለየ እና ትክክለኛ ቃል ስለሆነ በጭራሽ ጥቅም ላይ አይውልም ማለት ይቻላል”።",በኩራት
አይዘንሃወር የየት ሀገር ፕሬዝዳንት ነበር?,"ዩጎዝላቪያ ባዕዳን በአገሪቷ እና ዜጎቿ በዓለም ዙሪያ እንዲጓዙ የሚፈቅድ የሊበራል የጉዞ ፖሊሲ ነበራት፣ በአንጻሩ ግን በአብዛኛዎቹ የኮሚኒስት አገሮች የተገደበነበር። ብዛት[መጠን] የዩጎዝላቪያ ዜጎች በመላው ምዕራብ አውሮፓ ሰርተዋል። ቲቶ በአገዛዙ ጊዜ ከብዙ የዓለም መሪዎች ጋር ተገናኝቷል, ለምሳሌ የሶቪየት ገዢዎች ጆሴፍ ስታሊን, ኒኪታ ክሩሽቼቭ እና ሊዮኒድ ብሬዥኔቭ; የግብጹ ጋማል አብደል ናስር፣ የህንድ ፖለቲከኞች ጃዋሃርላል ኔህሩ እና ኢንድራ ጋንዲ; የብሪታንያ ጠቅላይ ሚኒስትሮች ዊንስተን ቸርችል፣ ጄምስ ካላጋን እና ማርጋሬት ታቸር; የዩኤስ ፕሬዚዳንቶች ድዋይት ዲ አይዘንሃወር፣ ጆን ኤፍ ኬኔዲ፣ ሪቻርድ ኒክሰን፣ ጄራልድ ፎርድ እና ጂሚ ካርተር; ቲቶ በህይወት ዘመናቸው ቢያንስ አንድ ጊዜ የሚያገኟቸው የፖለቲካ መሪዎች፣ ታላላቅ ሰዎች እና የሀገር መሪዎች ቼ ጉቬራ፣ ፊደል ካስትሮ፣ ያሲር አራፋት፣ ዊሊ ብራንት፣ ሄልሙት ሽሚት፣ ጆርጅስ ፖምፒዱ፣ ንግሥት ኤልዛቤት II፣ ሁዋ ጉኦፌንግ፣ ኪም ኢል ሱንግ፣ ሱካርኖ፣ ሼክ ሙጂቡር ራህማን፣ ሱሃርቶ፣ ኢዲ አሚን፣ ሃይለስላሴ፣ ኬኔት ካውንዳ፣ ጋዳፊ፣ ኤሪክ ሆኔከር፣ ኒኮላ ሴውሼስኩ፣ ጃኖስ ካዳር እና ኡርሆ ኬኮነን። በርካታ ታዋቂ ሰዎችንም አገኘ።",የዩጎዝላቪያ
ላብራቶሪ በአክታ ባህል ውስጥ ምን ዓይነት የቲቢ ኢንፌክሽን ምልክት ይፈልጋል?,"በህመም ምልክቶች እና ምልክቶች ላይ ብቻ ተመርኩዞ ንቁ የሳንባ ነቀርሳ በሽታን ለይቶ ማወቅ አስቸጋሪ ነው, ልክ እንደ በሽታ የመከላከል አቅም ባላቸው ሰዎች ላይ በሽታውን መለየት አስቸጋሪ ነው. የቲቢ ምርመራ ግን ከሁለት ሳምንት በላይ የሚቆይ የሳንባ በሽታ ወይም ሕገ መንግሥታዊ ምልክቶች ባለባቸው ሰዎች ላይ መታየት አለበት። የደረት ኤክስሬይ እና በርካታ የአክታ ባህሎች ለአሲድ-ፈጣን ባሲሊዎች በተለምዶ የመጀመሪያው ግምገማ አካል ናቸው። የኢንተርፌሮን-γ የመልቀቂያ ምርመራ እና የቲበርክሊን የቆዳ ምርመራዎች በማደግ ላይ ባሉ አገሮች ውስጥ ብዙም ጥቅም የላቸውም። IGRA በኤች አይ ቪ በተያዙ ሰዎች ላይ ተመሳሳይ ገደቦች አሏቸው።",ለአሲድ-ፈጣን ባሲሊዎች
የንግድ ምልክት መመዝገብ ምን ይሰጣል?,የንግድ ምልክት መጣስ አንዱ ተዋዋይ ወገን ከሌላኛው ወገን ምርቶች ወይም አገልግሎቶች ጋር ተመሳሳይ ወይም ተመሳሳይ ከሆኑ ምርቶች ወይም አገልግሎቶች ጋር ተመሳሳይ ወይም ግራ በሚያጋባ መልኩ በሌላ ወገን ባለቤትነት ካለው የንግድ ምልክት ጋር ተመሳሳይ የሆነ የንግድ ምልክት ሲጠቀም ነው። በብዙ አገሮች የንግድ ምልክት ያለ ምዝገባ ከለላ ያገኛል፣ ነገር ግን የንግድ ምልክት መመዝገብ ለአስፈፃሚነት ህጋዊ ጥቅሞችን ይሰጣል። ጥሰት በፍትሐ ብሔር ሙግት እና በብዙ ፍርዶች በወንጀለኛ መቅጫ ህግ ሊፈታ ይችላል።,በብዙ ፍርዶች በወንጀለኛ
በእለቱ በተነሳው ሁከት ከአለቃ ታማሴዝ በተጨማሪ ስንት ማው ሞተ?,"የኒውዚላንድ ፖሊስ በሰልፉ ላይ ከነበሩት መሪዎች አንዱን ለመያዝ ሞክሯል። ሲቃወም በፖሊስ እና በማኡ መካከል ትግል ተፈጠረ። መኮንኖቹ በዘፈቀደ ወደ ህዝቡ መተኮስ ጀመሩ እና ለዚህ ማሳያ ለመዘጋጀት የተገጠመ የሉዊስ ማሽን ሽጉጥ ሰልፈኞቹን ለመበተን ጥቅም ላይ ውሏል። አለቃ ታማሴ ከኋላው በጥይት ተመትቶ ተገድሏል የማው ሰልፈኞች መረጋጋት እና ሥርዓት ለማምጣት ሲሞክር ""ሰላም, ሳሞአ"" እያለ ይጮኻል. በእለቱ ሌሎች 10 ሰዎች ሲሞቱ ወደ 50 የሚጠጉት በጥይት እና በፖሊስ ዱላ ቆስለዋል። ያ ቀን በሳሞአ ጥቁር ቅዳሜ በመባል ይታወቃል። Mau አደገ፣ በፅኑ ሁከት አልባ ሆኖ ቀረ፣ እና ከፍተኛ ተደማጭነት ያለው የሴቶች ቅርንጫፍን በማካተት ተስፋፋ።",አልባ
የጄፍ ራስኪን ሙያ ምን ነበር?,"የማኪንቶሽ ፕሮጀክት በ1979 የጀመረው ጄፍ ራስኪን በተባለ የአፕል ሰራተኛ ለአጠቃቀም ቀላል የሆነ አነስተኛ ዋጋ ያለው ኮምፒውተር ለአማካይ ሸማች ነው። ኮምፒዩተሩን በሚወደው የአፕል አይነት ማክኢንቶሽ ስም ሊሰይመው ፈልጎ ነበር ነገርግን በህጋዊ ምክንያት አጻጻፉ ወደ ""ማኪንቶሽ"" ተቀይሯል ምክንያቱም ዋናው የፊደል አጻጻፍ በMcIntosh Laboratory, Inc., የድምጽ መሳሪያዎች አምራቹ. ስቲቭ ጆብስ ማክ ኢንቶሽ ላብራቶሪ አፕል ስሙን እንዲጠቀምበት በተለወጠ የፊደል አጻጻፍ እንዲለቀቅለት ጠይቋል፣ ነገር ግን ጥያቄው ውድቅ ተደርጎበታል፣ ይህም አፕል ስሙን የመጠቀም መብቶቹን እንዲገዛ አስገድዶታል። (የ1984 ባይት መጽሔት መጣጥፍ አፕል የፊደል አጻጻፉን የቀየረው “የመጀመሪያ ተጠቃሚዎች” “ማክ ኢንቶሽ” የተሳሳተ ፊደል ከጻፉ በኋላ ብቻ ነበር።ነገር ግን ጄፍ ራስኪን የማኪንቶሽ ሆሄያትን በ1981 ተቀብሎ ነበር፣የማኪንቶሽ ኮምፒዩተር አሁንም በቤተ ሙከራ ውስጥ አንድ ነጠላ ፕሮቶታይፕ ማሽን ሆኖ ሳለ።ይህ ማብራሪያ። ለውጡ የተደረገው “በህጋዊ ምክንያቶች” እንደሆነ ከላይ ከተገለጸው የመጀመሪያ ማብራሪያ ጋር ተጨማሪ ግጭቶች።",የአፕል ሰራተኛ
እ.ኤ.አ. በ 1998 የ The Sun አዘጋጅ ማን ነበር?,"ለሩፐርት ሙርዶክ ድጋፍ ብሌየር የአውሮፓ የምንዛሪ ተመን ሜካኒዝም ላለመቀላቀል ተስማማ - ጆን ሜጀር ከሁለት አመት በኋላ በሴፕቴምበር 1992 አገሪቱን ያገለላት። የካቢኔ ሚኒስትር ፒተር ማንደልሰን በህዳር 1998 በቢቢሲ ቲቪ ኒውስናይት ላይ በማቲው ፓሪስ (የቀድሞው የፀሀይ አምደኛ) “ተገለለ።” የተሳሳተ የህዝብ ምላሽ፣ የፀሃይ አርታኢ ዴቪድ ዬላንድ ብሪታንያ የምትተዳደረው በግብረ ሰዶማውያን ስለመሆኑ እንዲያውቅ ጠየቀ። ማፍያ"" ""የተዘጋ የወንዶች ዓለም የጋራ የግል ጥቅም ያላቸው""። ከሶስት ቀናት በኋላ ጋዜጣው በሌላ አርታኢ ይቅርታ ጠይቋል ይህም ዘ ሰን የአንድን ሰው የግብረ-ሥጋ ግንኙነት ""ከአቅም በላይ በሆነ የህዝብ ጥቅም"" ምክንያት መከላከል እስካልቻለ ድረስ ዳግመኛ እንደማይገልጽ ገልጿል።",ዴቪድ ዬላንድ
የሊኒየስ ፍጥረታት ቡድን እንዴት ነበር?,"ሥርዓታዊ እፅዋት የሥርዓታዊ ባዮሎጂ አካል ነው፣ እሱም ስለ ፍጥረታት ክልል እና ልዩነት እና ግንኙነቶቻቸው በተለይም በዝግመተ ለውጥ ታሪካቸው የሚወሰነው። እሱ የባዮሎጂካል ምደባን፣ ሳይንሳዊ ታክሶኖሚ እና ፋይሎጄኔቲክስን ያካትታል፣ ወይም ይዛመዳል። ባዮሎጂካል ምደባ የእጽዋት ተመራማሪዎች ፍጥረታትን እንደ ዝርያ ወይም ዝርያ ባሉ ምድቦች የሚከፋፍሉበት ዘዴ ነው። ባዮሎጂካል ምደባ የሳይንሳዊ ታክሶኖሚ ዓይነት ነው። ዘመናዊ ታክሶኖሚ የተመሰረተው በካርል ሊኒየስ ሥራ ነው, እሱም ዝርያዎችን እንደ የጋራ አካላዊ ባህሪያት በቡድን. እነዚህ ቡድኖች ከዳርዊን የጋራ የዘር ሐረግ መርህ ጋር በተሻለ ሁኔታ እንዲጣጣሙ ተሻሽለዋል - ፍጥረታትን ከገጽታ ባህሪያት ይልቅ በዘር መቧደን። ሳይንቲስቶች ፍጥረታትን እንዴት መመደብ እንዳለባቸው ሁልጊዜ ባይስማሙም፣ የዲኤንኤ ቅደም ተከተሎችን እንደ መረጃ የሚጠቀመው ሞለኪውላር ፋይሎጄኔቲክስ፣ ብዙ የቅርብ ጊዜ ክለሳዎችን በዝግመተ ለውጥ መስመር እንዲመራ አድርጓል፣ እናም ይቀጥላል። ዋነኛው የምደባ ስርዓት Linnaean taxonomy ይባላል። ደረጃዎችን እና ሁለትዮሽ ስያሜዎችን ያካትታል። የእጽዋት ህዋሳት ስያሜ በአለም አቀፍ የአልጌ፣ ፈንገሶች እና እፅዋት ስም ዝርዝር ህግ (ICN) ውስጥ የተካተተ እና በአለም አቀፍ የእጽዋት ኮንግረስ የሚተዳደር ነው።",የጋራ አካላዊ ባህሪያት
ናስር አድናቂዎቹ እራሳቸውን እንዲጠሩ ምን ቢያደርግ ነበር?,"እ.ኤ.አ. በ1957 ፓን-አረብዝም የአረቡ አለም ዋነኛ ርዕዮተ ዓለም ሲሆን አማካዩ የአረብ ዜጋ ናስርን የማይከራከር መሪ አድርጎ ይቆጥረዋል። የታሪክ ምሁሩ አዴድ ዳውሻ የናስርን ደረጃ “በሱዌዝ ቀውስ ውስጥ ባደረገው ድል በመታሰቡ የበረታ” መሆኑን ተናግሯል። መቀመጫውን ካይሮ ያደረገው የአረቦች ድምጽ ራዲዮ ጣቢያ የናስርን የተባበረ የአረቦች ተግባር በመላው አረብኛ ተናጋሪው አለም አሰራጭቷል እና የታሪክ ምሁሩ ዩጂን ሮጋን ""ናስር የአረብ ሀገራትን በሬዲዮ ድል አደረገ"" ሲል ጽፏል። የናስር የሊባኖስ ደጋፊዎች እና የአረቡ አለም የፕሬስ ማዕከል በሆነችው ቤሩት የሚገኘው የግብፅ ኢምባሲ የናስርን ሀሳብ የበለጠ ለማሰራጨት የሊባኖስ ሚዲያዎችን ገዙ። ናስር በአረብ ብሄረተኛ ድርጅቶች፣ ሲቪል እና ፓራሚል፣ በመላው ክልሉ ድጋፍ አግኝቷል። ተከታዮቹ ብዙ እና ጥሩ የገንዘብ ድጋፍ የተደረገላቸው ነገር ግን ምንም አይነት ቋሚ መዋቅር እና ድርጅት አልነበራቸውም። ናስር የተፃፈውን ስያሜ ቢቃወምም (የአረብ ብሄረተኞች የሚለውን ቃል ይመርጥ ነበር) በማለት ራሳቸውን “ናስር” ብለው ጠርተዋል።",የአረብ ሀገራትን
ሀገሪቱ መቼ ነው እራሱን ያቋቋመው?,የተለየ የግሪክ የፖለቲካ ማንነት በ11ኛው ክፍለ ዘመን በተማሩ ክበቦች ውስጥ እንደገና ብቅ አለ እና በ1204 ቁስጥንጥንያ በአራተኛው የመስቀል ጦርነት ተዋጊዎች ከወደቀ በኋላ የበለጠ ጠንካራ ሆነ። የግሪክ ብሔራዊ ግዛት. ያ አዲስ የብሔር አስተሳሰብ ክርስትናን በተወው በኒዮፕላቶኒስት ፈላስፋ በጌሚስተስ ፕሌቶ ሀሳቦች ላይ የተጠናቀቀውን የጥንታዊው የጥንት ዘመን ጥልቅ ፍላጎት እንዲፈጥር አድርጓል። ነገር ግን፣ በንጉሠ ነገሥቱ ድንግዝግዝ ዓመታት ውስጥ ግሪኮች ስለራሳቸው ያላቸውን አመለካከት የቀረፀው የኦርቶዶክስ ክርስትና ከግሪክ ማንነት ጋር መቀላቀል ነው። በክላሲካል ግሪክ ቅርስ ላይ ያለው ፍላጎት በግሪክ ኦርቶዶክስ ማንነት ላይ በአዲስ አጽንዖት ተጨምሯል፣ ይህም በመካከለኛው ዘመን መገባደጃ እና የኦቶማን ግሪኮች በሩሲያ ግዛት ውስጥ ከሚገኙት የኦርቶዶክስ እምነት ተከታይ ጓደኞቻቸው ጋር በነበራቸው ግንኙነት ተጠናክሯል። እ.ኤ.አ. በ1461 የትሬቢዞንድ ግዛት ውድቀትን ተከትሎ የበለጠ ተጠናክረዋል ፣ ከዚያ በኋላ እና እስከሁለተኛው የሩሲያ-ቱርክ ጦርነት 1828-29 በመቶ ሺዎች የሚቆጠሩ የፖንቲክ ግሪኮች ከፖንቲክ አልፕስ እና ከአርሜኒያ ደጋማ አካባቢዎች ወደ ደቡባዊ ሩሲያ እና ወደ ደቡብ ሩሲያ ተሰደዱ። የሩሲያ ደቡብ ካውካሰስ (በተጨማሪም በሩሲያ ውስጥ ግሪኮች፣ ግሪኮች በአርሜኒያ፣ ግሪኮች በጆርጂያ እና የካውካሰስ ግሪኮችን ይመልከቱ)።,በተማሩ ክበቦች ውስጥ እንደገና ብቅ
በየካቲት 1941 ስንት አብራሪዎች ቀሩ?,"በRAF ውድቀቶች የኋይትሆል ጭንቀት ዶውዲንግ (ቀድሞውንም ለጡረታ ሊወጣ የነበረ) በሾልቶ ዳግላስ በኖቬምበር 25 እንዲተካ አድርጓል። ዳግላስ በደቡባዊ አውራጃዎች ውስጥ ምንጣፍ ተፅእኖ ለመፍጠር ብዙ ቡድኖችን ለማስተዋወቅ እና ጥቂት የጂኤል ስብስቦችን ለመበተን ተነሳ። አሁንም በየካቲት 1941 87 ፓይለቶች ያሏቸው ሰባት ቡድኖች ብቻ የቀሩት ከሚፈለገው ጥንካሬ በግማሽ በታች ነበሩ። የጂኤል ምንጣፉ ራዳር የታጠቁ የምሽት ተዋጊዎችን በሚቆጣጠሩ ስድስት GCI ስብስቦች ተደግፏል። በBlitz ቁመት, የበለጠ ስኬታማ እየሆኑ ነበር. በጥር 1941 ከ44 እና ሁለቱ በ48 ዓይነቶች ፣ በግንቦት 204 እና 74 በ1941 የግንኙነት እና የውጊያ ብዛት ከፍ ብሏል (643 ዓይነት)። ነገር ግን በግንቦት ወር እንኳን፣ 67% የሚሆኑት የድመት ዓይን ተልእኮዎች ነበሩ። የሚገርመው፣ በግንቦት 1941 ከነበሩት እውቂያዎች ውስጥ 43% የሚሆኑት በእይታ እይታዎች ሲሆኑ፣ ከጦርነቱ 61 በመቶውን ድርሻ ይይዛሉ። ሆኖም ከLuftwaffe የቀን ብርሃን ስራዎች ጋር ሲነጻጸር፣ በጀርመን ከፍተኛ ኪሳራ ወደ 1 በመቶ ቀንሷል። ንቁ የሆነ የቦምብ አውሮፕላኖች ተዋጊውን መጀመሪያ ቢያዩት፣ እሱን ለማምለጥ ጥሩ ዕድል ነበራቸው።",87 ፓይለቶች
ማይክሮሶፍት ዊንዶውስ WGL-4ን ለምን ያህል ጊዜ ይደግፋል?,በርካታ የዩኒኮድ ንዑስ ስብስቦች ደረጃቸውን የጠበቁ ናቸው፡ ማይክሮሶፍት ዊንዶውስ ከዊንዶውስ ኤንቲ 4.0 ጀምሮ WGL-4ን በ652 ቁምፊዎች ይደግፋል፣ ይህም ሁሉንም የአውሮፓ ቋንቋዎች በላቲን፣ ግሪክ ወይም ሲሪሊክ ስክሪፕት እንደሚደግፍ ይቆጠራል። ሌሎች ደረጃቸውን የጠበቁ የዩኒኮድ ንዑስ ስብስቦች የባለብዙ ቋንቋ አውሮፓ ንዑስ ስብስቦችን ያካትታሉ፡ MES-1 (የላቲን ስክሪፕቶች ብቻ፣ 335 ቁምፊዎች)፣ MES-2 (ላቲን፣ ግሪክ እና ሲሪሊክ 1062 ቁምፊዎች) እና MES-3A እና MES-3B (ሁለት ትላልቅ ንዑስ ስብስቦች፣ አይታዩም) እዚህ)። MES-2 በMES-1 እና WGL-4 ውስጥ ያሉትን እያንዳንዱን ቁምፊዎች እንደሚያካትት ልብ ይበሉ።,ከዊንዶውስ ኤንቲ 4.0 ጀምሮ
በግብፅ ውስጥ ስንት የፕሮታዞአ ዝርያዎች ተመዝግበዋል?,"ዕቅዱ ከግብፅ የሚከተሉትን ቁጥር ያላቸው የተለያዩ ቡድኖች ዝርያዎች ተመዝግበዋል፡- አልጌ (1483 ዝርያዎች)፣ እንስሳት (ወደ 15,000 የሚጠጉ ዝርያዎች ከ10,000 በላይ የሚሆኑ ነፍሳት)፣ ፈንገሶች (ከ627 በላይ ዝርያዎች)፣ ሞኔራ (319 ዝርያዎች) ), ተክሎች (2426 ዝርያዎች), ፕሮቶዞአን (371 ዝርያዎች). ለአንዳንድ ዋና ዋና ቡድኖች ለምሳሌ ሊቺን የሚፈጠሩ ፈንገሶች እና ኔማቶድ ትሎች ቁጥሩ አልታወቀም። እንደ አምፊቢያን፣ አእዋፍ፣ ዓሳ፣ አጥቢ እንስሳት እና ተሳቢ እንስሳት ካሉ አነስተኛ እና በደንብ ከተመረመሩ ቡድኖች በተጨማሪ ተጨማሪ ዝርያዎች ከግብፅ ስለሚመዘገቡ ቁጥራቸው ሊጨምር ይችላል። ለፈንገስ፣ ለምሳሌ ሊከን የሚፈጥሩ ዝርያዎችን ጨምሮ፣ በቀጣዮቹ ሥራዎች ከ2200 በላይ ዝርያዎች ከግብፅ መመዝገባቸውን ያረጋገጠ ሲሆን በሀገሪቱ ውስጥ የሚከሰቱት የፈንገስ ዝርያዎች የመጨረሻ አኃዝ እጅግ የላቀ እንደሚሆን ይጠበቃል።",(319
የዱር ውሾች ምን ዓይነት የላቲን ምደባ አላቸው?,"በ1758 የታክሶኖሚው ሊኒየስ በካኒስ ዝርያዎችን ያካተተ የዝርያዎችን ምድብ በSystema Naturae አሳተመ። ካኒስ የላቲን ቃል ሲሆን ትርጉሙ ውሻ ሲሆን ዝርዝሩ ውሻ የሚመስሉ ሥጋ በል እንስሳትን ያጠቃልላል-የውሻ ውሻ, ተኩላዎች, ቀበሮዎች እና ቀበሮዎች. ውሻው Canis familiaris ተብሎ ተመድቧል፣ ፍችውም ""ውሻ-ቤተሰብ"" ወይም የቤተሰብ ውሻ ማለት ነው። በሚቀጥለው ገጽ ላይ ተኩላውን እንደ ካኒስ ሉፐስ መዝግቧል, ትርጉሙም ""ውሻ-ተኩላ"" ማለት ነው. እ.ኤ.አ. በ1978 ፣ የታወቁትን የ Canis ዝርያዎችን ቁጥር ለመቀነስ የታለመ ግምገማ “ካኒስ ዲንጎ በአሁኑ ጊዜ እንደ ልዩ የቤት ውስጥ ውሻ ተደርጎ ይወሰዳል። እ.ኤ.አ. በ1982 የዓለም አጥቢ እንስሳት ዝርያዎች የመጀመሪያ እትም Canis familiaris በካኒስ ሉፐስ ስር አስተያየቱን ዘርዝሯል: - ""ምናልባት የአገር ውስጥ ውሻ ቅድመ አያት እና የተለየ ሊሆን ይችላል. ሊኒየስ (1758) እና ካኒስ ሉፐስ በዓለም አቀፍ ደረጃ ለዚህ ዝርያ ጥቅም ላይ ውለዋል፤ ይህም ተኩላውን እንደ ቤተሰብ ውሻ ከመመደብ ተቆጥቧል። ውሻው አሁን ካኒስ ሉፐስ ካኒስ ሉፐስ ፋውሊስ በመባል ከሚታወቁት የላቲን ስሞች መካከል ተዘርዝሯል።",ካኒስ ሉፐስ
አሪያን የሚለውን ቃል ለኢራናውያን ያመለከተው የትኛው ጽሑፍ ነው?,"ኢራን የሚለው ቃል በቀጥታ ከመካከለኛው ፋርስ ኢራን የተገኘ ሲሆን በመጀመሪያ የተረጋገጠው በ3 ኛው ክፍለ ዘመን በሩስታም ሪሊፍ ጽሑፍ ውስጥ ፣ አሪያን የሚለውን ቃል በመጠቀም ከኢራናውያን ጋር ተያይዞ ። የመካከለኛው ኢራናውያን ኢራን እና አሪያን የተገደቡ ብዙ ቁጥር ያላቸው የጄንቲሊክ ኧር- (መካከለኛው ፋርስ) እና አሪ- (ፓርቲያን) ናቸው፣ ሁለቱም ከፕሮቶ-ኢራናዊ *አርያ- (""አሪያን"" ማለት ነው፣ ማለትም ""የኢራናውያን"" ማለት ነው) የተገኙ፣ ተከራክረዋል። ከፕሮቶ-ኢንዶ-አውሮፓዊ *አር-ዮ- መውረድ፣ ትርጉሙም ""ብልህ ሰብሳቢ""። በኢራን ቋንቋዎች ጀነቲካዊው በጥንታዊ ጽሑፎች እና በአቬስታ ሥነ ጽሑፍ ውስጥ የተካተተ ራሱን እንደ ለይቶ ማወቂያ የተመሰከረ ሲሆን እንደ አላንስ (ኦሴቲክ፡ Ир - ኢር) እና ብረት (ኦሴቲክ፡ Иronን በመሳሰሉት ሌሎች የኢራን ጎሣ ስሞችም ይኖራል)። - ብረት).",አሪያን
ካንዬ ለዚህ ፍጥጫ የስንት አመት የሙከራ ጊዜ ማገልገል ነበረበት?,"እ.ኤ.አ. ጁላይ 19፣ 2013 ዌስት LAXን ለቆ እየወጣ ነበር ምክንያቱም እሱ በደርዘን የሚቆጠሩ የፓፓራዚ ተከቦ ነበር። ዳንኤል ራሞስ ፎቶግራፍ አንሺ ለምን ሰዎች በፊቱ እንዲናገሩ እንደማይፈቀድላቸው ሲጠይቀው ዌስት በጣም እየተናደደ መጣ። ከዚያም ዌስት ""አታናግረኝም አልኩኝ አይደል? ችግር ውስጥ ልታደርገኝ እየሞከርክ ነው ስለዚህ ልሰርቅህ እና እንደ 250,000 ዶላር እና ሺት እከፍልሃለሁ"" ይላል። ከዚያም ሰውየውን ክስ አስከፍሎ እሱንና ካሜራውን ያዘ። በTMZ የተያዘው ክስተት የተከሰተው የሴት ድምጽ ከመሰማቱ በፊት ዌስት እንዲያቆም ሲናገር ለጥቂት ሰከንዶች ነው. ከዚያም ምዕራብ ሰውየውን እና ካሜራውን ለቀቀ እና ከቦታው በመኪና ሄደ። በኋላ ላይ የሕክምና ባለሙያዎች የተያዙትን ፎቶግራፍ አንሺን ወክለው ወደ ቦታው ተጠርተዋል. ምዕራብ ከጉዳዩ ጀርባ በከባድ የዝርፊያ ሙከራ ሊከሰስ እንደሚችል ተዘግቧል። ነገር ግን ክሱ ወደ ወንጀለኛ ወንጀል ተቀንሶ ታላቅ ስርቆት ሙከራ ተደርጓል። እ.ኤ.አ. በማርች 2014 ዌስት በጥፋተኛ የባትሪ ጥፋተኛነት የሁለት አመት የሙከራ ጊዜ እንዲያገለግል ተፈርዶበታል እና በ24 የቁጣ አስተዳደር ክፍለ ጊዜዎች ላይ መገኘት፣ 250 ሰአታት የማህበረሰብ አገልግሎትን እንዲያከናውን እና ለራሞስ ካሳ እንዲከፍል ተፈርዶበታል።",በ24
ቢዮንሴ በትምህርት ቤት የተሰጥኦ ትርኢት ስታሸንፍ ዕድሜዋ ስንት ነበር?,ቢዮንሴ በፍሬድሪክስበርግ ቴክሳስ የቅድስት ማርያም አንደኛ ደረጃ ትምህርት ቤት ገብታ በዳንስ ትምህርት ገብታለች። የዘፋኝነት ችሎታዋ የተገኘችው የዳንስ አስተማሪዋ ዳርሌት ጆንሰን ዘፈን ማሰማት ስትጀምር እና ጨረሰችው እና ከፍተኛ ማስታወሻዎችን መምታት ችላለች። የቢዮንሴ በሰባት ዓመቷ የትምህርት ቤት ተሰጥኦ ትርኢት ካሸነፈች በኋላ የ15/16 አመት ታዳጊዎችን ለመምታት የጆን ሌኖንን “አይማጂን” በመዝፈን ለሙዚቃ እና በትወና ያላት ፍላጎት ቀጥሏል። እ.ኤ.አ. በ1990 መገባደጃ ላይ፣ ቢዮንሴ በፓርከር አንደኛ ደረጃ ትምህርት ቤት፣ በሂዩስተን የሙዚቃ ማግኔት ትምህርት ቤት ተመዘገበች፣ ከትምህርት ቤቱ መዘምራን ጋር ትጫወት ነበር። እሷም ለአፈፃፀም እና ምስላዊ ጥበባት ሁለተኛ ደረጃ ትምህርት ቤት እና በኋላም አሊፍ ኤልሲክ ሁለተኛ ደረጃ ትምህርት ቤት ገብታለች። ቢዮንሴ በሴንት ጆንስ ዩናይትድ ሜቶዲስት ቤተክርስትያን የመዘምራን ቡድን አባል በመሆን ለሁለት አመታት ያህል በብቸኝነት ተጫውታለች።,በሰባት
BeiDou-1 ምንድን ነው?,"BeiDou-1 የሙከራ ክልላዊ አሰሳ ስርዓት ነው፣ እሱም አራት ሳተላይቶችን (ሶስት የሚሰሩ ሳተላይቶች እና አንድ የመጠባበቂያ ሳተላይት) ያቀፈ ነው። ሳተላይቶቹ እራሳቸው በቻይና DFH-3 ጂኦስቴሽነሪ ኮሙኒኬሽን ሳተላይት ላይ የተመሰረቱ ሲሆኑ እያንዳንዳቸው 1,000 ኪሎ ግራም (2,200 ፓውንድ) የማስጀመሪያ ክብደት ነበራቸው።",የሙከራ ክልላዊ አሰሳ ስርዓት
በመንግስት ህግ መከላከያ ስር የመጠጥ ቤቶችን የመዝጊያ ሰአት ያስፈፀመ አካል የትኛው አካል ነው?,እገዳዎቹ በነሀሴ 1914 በወጣው የግዛት መከላከያ ህግ ጥብቅ ተደርገዋል፣ይህም ራሽን ከመግባት እና ለጦርነት ጊዜ የፕሬስ ሳንሱር ከመደረጉ ጋር ተያይዞ የመጠጥ ቤቶችን የስራ ሰዓት እስከጧት 12፡00–2፡30 እና 6፡30 ድረስ ተገድቧል። ከሰዓት - 9:30 ፒ.ኤም. ሙሉ ፈቃድ ላለው ሰአታት መከፈት ግዴታ ነበር፣ እና የመዝጊያ ሰዓቱ በፖሊስ እኩል ተፈጻሚነት ነበረው። ባለንብረቱ ለፈቃድ ፈቃዱ ሊያጣ ይችላል። መጠጥ ቤቶች በህጉ መሰረት ተዘግተዋል እና ካሳ ተከፍለዋል፣ ለምሳሌ በፔምብሮክሻየር።,በፖሊስ
የዩናይትድ ስቴትስ ምክትል ፕሬዝዳንት ዶናልድ ሞፋት ምን ተጫውተዋል?,ታዋቂ አትሌቶች ዋናተኛ ሻሮን ዴቪስ፣ ጠላቂ ቶም ዴሊ፣ ዳንሰኛ ዌይን እንቅልፍ እና የእግር ኳስ ተጫዋች ትሬቨር ፍራንሲስ ይገኙበታል። ሌሎች ያለፉ ነዋሪዎች የሙዚቃ አቀናባሪ ጋዜጠኛ እና የጋዜጣ አርታኢ ዊልያም ሄንሪ ዊልስ፣ ሮን ጉድዊን፣ እና ጋዜጠኛ አንጄላ ሪፖን እና ኮሜዲያን ዶውን ፈረንሳይን ያካትታሉ። ካናዳዊ ፖለቲከኛ እና የህግ ምሁር የሆኑት ክሪስ አክስዎርዝ ከፕሊማውዝ የመጡ ናቸው። በአሜሪካ ላይ የተመሰረተ ተዋናይ ዶናልድ ሞፋት፣ የእሱ ሚናዎች የአሜሪካው ምክትል ፕሬዝዳንት ሊንደን ቢ ጆንሰን ዘ ቀኝ ነገሮች በተሰኘው ፊልም ፣ እና የልብ ወለድ ፕሬዝዳንት ቤኔት በClear and Present Danger ፣ በፕሊማውዝ ተወለዱ።,ሊንደን ቢ ጆንሰን
"""የቨርጂል መቃብር"" የሚገኘው በየትኛው ወረዳ ነው?","""የቨርጂል መቃብር"" በመባል የሚታወቀው መዋቅር በኔፕልስ መሀል ሁለት ማይል ርቀት ላይ በምትገኘው በሜርጀሊና ወደብ አቅራቢያ በምትገኘው ፒዲግሮታ አውራጃ በጥንታዊ የሮማውያን ዋሻ መግቢያ ላይ (""ግሮታ ቬቺያ"" በመባልም ይታወቃል) ወደ ሰሜን አቅጣጫ በሚወስደው መንገድ ላይ ይገኛል። ከባህር ዳርቻ እስከፖዙዩሊ ድረስ። ቨርጂል ከመሞቱ በፊት ቀደም ሲል የስነ-ጽሑፋዊ አድናቆት እና ክብር የነበረ ቢሆንም በመካከለኛው ዘመን ስሙ ከተአምራዊ ኃይሎች ጋር ተቆራኝቷል እና ለሁለት ምዕተ-አመታት መቃብሩ የአምልኮ እና የአምልኮ መዳረሻ ነበር ።",ፒዲግሮታ
Jensen Harris ማን ተኢዩር?,"ዊንዶውስ 8 አዲስ የአፕሊኬሽን ስታይል፣ የዊንዶውስ ስቶር መተግበሪያዎችን ያስተዋውቃል። እንደ የማይክሮሶፍት ገንቢ ጄንሰን ሃሪስ ከሆነ፣ እነዚህ መተግበሪያዎች ለንክኪ ስክሪን አካባቢዎች እንዲመቻቹ እና አሁን ካሉ የዴስክቶፕ መተግበሪያዎች የበለጠ ልዩ ናቸው። አፕሊኬሽኖች በሙሉ ስክሪን ሁነታ ሊሄዱ ይችላሉ ወይም ወደ ማያ ገጹ ጎን ሊነጠቁ ይችላሉ። መተግበሪያዎች የቶስት ማሳወቂያዎችን በስክሪኑ ላይ ሊያቀርቡ ወይም በተለዋዋጭ ይዘት ያላቸውን ሰቆች በጅምር ማያ ገጽ ላይ ማንሳት ይችላሉ። መተግበሪያዎች ""ኮንትራቶችን"" መጠቀም ይችላሉ; ፍለጋ እና ማጋራትን ጨምሮ ከሌሎች መተግበሪያዎች ጋር ሊዋሃድ የሚችል የጋራ ተግባር ለማቅረብ መንጠቆዎች ስብስብ። መተግበሪያዎች ከሌሎች አገልግሎቶች ጋር ውህደትን ሊሰጡ ይችላሉ; ለምሳሌ የሰዎች መተግበሪያ ከተለያዩ ማህበራዊ አውታረ መረቦች እና አገልግሎቶች (እንደ ፌስቡክ፣ ስካይፕ እና ሰዎች አገልግሎት) ጋር መገናኘት ይችላል፣ የፎቶዎች መተግበሪያ ደግሞ እንደ ፌስቡክ እና ፍሊከር ካሉ አገልግሎቶች ፎቶዎችን ማሰባሰብ ይችላል።",የማይክሮሶፍት ገንቢ
የእግር ኳስ ሊግ በመጀመሪያ የተመሰረተው መቼ ነበር?,እ.ኤ.አ. እ.ኤ.አ. ከ2013–14 ጀምሮ በአገር ውስጥ 1 ቢሊዮን ፓውንድ የሚያወጣ ስምምነቱ ነበር፣ BskyB እና BT Group በቅደም ተከተል 116 እና 38 ጨዋታዎችን የማሰራጨት የሀገር ውስጥ መብቶችን አስከብረዋል። ሊጉ በአመት 2.2 ቢሊዮን ዩሮ በሀገር ውስጥ እና በአለም አቀፍ የቴሌቭዥን መብቶች ያስገኛል። በ2014/15 ቡድኖች 1.6 ቢሊዮን ፓውንድ ገቢ ተከፋፍለዋል።,በአመት 2.2
ቪፓካ ምን ማለት ነው,"በቡድሂዝም ውስጥ፣ ካርማ (ከሳንስክሪት፡ “ድርጊት፣ ሥራ”) ሳṃሳራን የሚገፋው ኃይል ነው— ለእያንዳንዱ ፍጡር የመከራ እና ዳግም መወለድ ዑደት። መልካም፣ የተዋጣለት ተግባራት (ፓሊ፡ ""ኩሳላ"") እና መጥፎ፣ ችሎታ የጎደላቸው (ፓሊ፡ ""አኩሳላ"") ተግባራት በዚህ ህይወትም ሆነ በቀጣይ ዳግም መወለድ ፍሬ የሚያፈሩትን በአእምሮ ውስጥ ""ዘሮችን"" ያፈራሉ። መጥፎ ድርጊቶችን ማስወገድ እና አወንታዊ ድርጊቶችን ማሳደግ ሲላ ይባላል. ካርማ የሚያመለክተው ከአእምሮ ሐሳብ (ሴታና) የሚመነጩትን የአካል፣ የንግግር ወይም የአዕምሮ ድርጊቶች ነው፣ እና መዘዝ ወይም ፋላ “ፍራፍሬ” ወይም ቪፓካ “ውጤት”።",ውስጥ
በሰሜናዊው ጦር ሰራዊት ውስጥ በእያንዳንዱ ክፍለ ጦር ውስጥ ስንት ወታደሮች ነበሩ?,በምስራቃዊ ሃን ወቅት አንድ ሰው የሚቀያየር ታክስ ከከፈለ የግዳጅ ግዴታን ማስቀረት ይቻላል። የምስራቃዊው ሃን ፍርድ ቤት የበጎ ፈቃደኞች ሠራዊት መቅጠርን ደግፏል። የበጎ ፈቃደኞች ሰራዊት የደቡብ ጦርን (ናንጁን 南軍) ያቀፈ ሲሆን በዋና ከተማው እና በአቅራቢያው የሰፈረው የቆመ ጦር ሰሜናዊ ጦር (ቤይጁን 北軍) ነበር። በኮሎኔሎች (Xiaowei 校尉) የሚመራው የሰሜኑ ጦር አምስት ክፍለ ጦርን ያቀፈ ሲሆን እያንዳንዳቸውም በብዙ ሺህ የሚቆጠሩ ወታደሮችን ያቀፈ ነበር። ከ189 ዓ.ም በኋላ ማዕከላዊ ስልጣን ሲፈርስ፣ ባለጠጎች የመሬት ባለቤቶች፣ የመኳንንት/የመኳንንት አባላት፣ እና የክልል ወታደራዊ ገዥዎች እንደ ራሳቸው የግል ወታደር ሆነው ለመስራት በያዟቸው ላይ ይተማመኑ ነበር (ቡኩ 部曲)።,በብዙ ሺህ የሚቆጠሩ
የዚንክ እጥረት ባለበት አፈር ውስጥ ተክሎችን ማብቀል ለእነሱ የበለጠ ተጋላጭ ያደርጋቸዋል?,"የዚንክ እጥረት የሰብል ተክሎች በጣም የተለመደው የማይክሮኤለመንቶች እጥረት; በተለይም በከፍተኛ የፒኤች አፈር ውስጥ በጣም የተለመደ ነው. የዚንክ እጥረት ያለበት አፈር የሚመረተው በግማሽ የሚያህሉት ቱርክ እና ህንድ፣ በቻይና አንድ ሶስተኛው እና በአብዛኛዎቹ የምዕራብ አውስትራሊያ ሲሆን ለዚንክ ማዳበሪያ ከፍተኛ ምላሽ በነዚህ አካባቢዎች ተዘግቧል። የዚንክ እጥረት ባለባቸው አፈር ውስጥ የሚበቅሉ ተክሎች ለበሽታ በጣም የተጋለጡ ናቸው. ዚንክ በዋነኛነት በአፈር ውስጥ የሚጨመረው በድንጋዮች የአየር ጠባይ ሲሆን ነገር ግን ሰዎች ዚንክን ጨምረው ከቅሪተ አካል ነዳጅ ማቃጠል፣ ከማእድኖ ቆሻሻ፣ ፎስፌት ማዳበሪያዎች፣ ፀረ ተባይ ኬሚካል (ዚንክ ፎስፋይድ)፣ የኖራ ድንጋይ፣ ፍግ፣ ፍሳሽ ዝቃጭ እና ከግላቫኒዝድ ንጣፎች። ከመጠን በላይ ዚንክ ለተክሎች መርዛማ ነው, ምንም እንኳን የዚንክ መርዛማነት በጣም ያነሰ ነው.",ናቸው.
የበጎ ፈቃደኞች ሠራዊት ተብሎ የሚታሰበው የትኛው ሠራዊት ነው?,በምስራቃዊ ሃን ወቅት አንድ ሰው የሚቀያየር ታክስ ከከፈለ የግዳጅ ግዴታን ማስቀረት ይቻላል። የምስራቃዊው ሃን ፍርድ ቤት የበጎ ፈቃደኞች ሠራዊት መቅጠርን ደግፏል። የበጎ ፈቃደኞች ሰራዊት የደቡብ ጦርን (ናንጁን 南軍) ያቀፈ ሲሆን በዋና ከተማው እና በአቅራቢያው የሰፈረው የቆመ ጦር ሰሜናዊ ጦር (ቤይጁን 北軍) ነበር። በኮሎኔሎች (Xiaowei 校尉) የሚመራው የሰሜኑ ጦር አምስት ክፍለ ጦርን ያቀፈ ሲሆን እያንዳንዳቸውም በብዙ ሺህ የሚቆጠሩ ወታደሮችን ያቀፈ ነበር። ከ189 ዓ.ም በኋላ ማዕከላዊ ስልጣን ሲፈርስ፣ ባለጠጎች የመሬት ባለቤቶች፣ የመኳንንት/የመኳንንት አባላት፣ እና የክልል ወታደራዊ ገዥዎች እንደ ራሳቸው የግል ወታደር ሆነው ለመስራት በያዟቸው ላይ ይተማመኑ ነበር (ቡኩ 部曲)።,የደቡብ ጦርን
በአንፀባራቂ ውስጥ መሰረቱ ያለው አንቴና በጣም የታወቀ ዓይነት ምንድነው?,"የዋናው ሲግናል ነጸብራቅ የሚከሰተው ከመስታወት ጋር በሚመሳሰል መልኩ የተራዘመውን ኮንዳክቲቭ ወለል ሲመታ ነው። ይህ ተፅእኖ በተጨማሪም አንጸባራቂን በመጠቀም ሲግናል ለመጨመር ሊያገለግል ይችላል፣በተለምዶ ከገባሪው ኤለመንት ጀርባ ተቀምጦ እና ክፍተት ተዘርግቶ የሚንፀባረቀው ምልክት በክፍል ውስጥ ወደ ኤለመንት ይደርሳል። በአጠቃላይ አንጸባራቂው ጠንካራ ባይሆንም በጣም አንጸባራቂ ሆኖ ይቆያል; ከ1⁄10 ያነሱ ክፍተቶች በአጠቃላይ በውጤቱ ላይ ትንሽ ተፅእኖ አላቸው. በዚህ ምክንያት, አንጸባራቂዎች ብዙውን ጊዜ በሽቦ ማሰሪያዎች ወይም በረድፎች መልክ ይወሰዳሉ, ይህም ቀለል ያሉ እና ለንፋስ የማይጋለጡ ያደርጋቸዋል. ፓራቦሊክ አንጸባራቂ ምናልባት በጣም የሚታወቀው አንጸባራቂ ላይ የተመሰረተ አንቴና ነው፣ እሱም ከገባሪው አካል እጅግ የላቀ ውጤታማ ቦታ አለው።",ፓራቦሊክ አንጸባራቂ
ከእንግሊዝኛው የ rycerz ስሪት ጋር ምን ተመሳሳይ ነው?,"ሌላው የፈረሰኞቹ ክፍል በመሳፍንቱ መሬት ተሰጥቷቸዋል፣ ይህም ልዑልን በወታደራዊ አገልግሎት ለማገልገል የሚያስችል ኢኮኖሚያዊ አቅም ፈቅዶላቸዋል። ከ15 ኛው ክፍለ ዘመን በፊት ይኖር የነበረ አንድ የፖላንድ ባላባት ""rycerz"" ተብሎ ይጠራ ነበር, ከእንግሊዙ ""ባላባት"" ጋር በጣም ተመሳሳይ ነው, ዋናው ልዩነት የ ""rycerz"" ሁኔታ በጥብቅ በዘር የሚተላለፍ ነበር; የእነዚህ ሁሉ ግለሰቦች ክፍል ""rycerstwo"" በመባል ይታወቅ ነበር. የፖላንድ ሀብታም ቤተሰቦች እና ተጓዥ ባላባቶች ሀብታቸውን ለመፈለግ ከውጭ የሚመጡትን በመወከል ይህ ሌላኛው የራይሰርስትዎ ክፍል szlachta/መኳንንት (""szlachta"" በ15 ኛው ክፍለ ዘመን መጀመሪያ ላይ ለፖላንድ መኳንንት ትክክለኛ ቃል ይሆናል) ቀስ በቀስ ከሚሴዝኮ ተለይቷል ። እኔ እና የተተኪዎቹ ልሂቃን ሬቲኖች። እነዚህ rycerstwo/መኳንንት ለእነርሱ ሞገስ ደረጃ የሚሰጥ ተጨማሪ ልዩ መብቶችን አግኝተዋል። በዱካል ህግ ከተወሰኑ ሸክሞች እና ግዴታዎች ነፃ ተደርገዋል፣ በዚህም ምክንያት rycerstwo (ወታደራዊ ችሎታን ከከፍተኛ/የከበረ ልደት ጋር የሚያዋህዱ) በግዛት አስተዳደር ውስጥ ባለስልጣኖች ሆነው ሊያገለግሉ ይችላሉ የሚል እምነት አለ።",ባላባት
ሊ የግዛቱ ህጎች ብቃት የሌላቸው ነበሩ ብሎ የሚከራከረው ከየትኛው አመት ጀምሮ ነው የሚያበቃው?,"መቀዛቀዙ እና ማሽቆልቆሉ፣ እስጢፋኖስ ሊ፣ በ1566 ሱሌይማን ከሞተ በኋላ፣ በጥቂት አጭር መነቃቃቶች ወይም ተሀድሶ እና ማገገሚያ ተቋርጦ ነበር በማለት ይከራከራሉ። ማሽቆልቆሉ ፍጥነትን ስለሰበሰበበ1699 ኢምፓየር ""በ1566 ምስራቃዊ እና ምዕራብን ያስፈራው ጥላ ብቻ"" ነበር. የተለያዩ ምሁራን ቢኖሩም፣ አብዛኞቹ የታሪክ ተመራማሪዎች “በስልጣን የተጨማለቁ ሱልጣኖች፣ ብቃት የሌላቸው ግራንድ ቪዚየሮች፣ አቅመ ደካሞችና የታጠቁ ጦር ኃይሎች፣ ሙሰኛ ባለሥልጣኖች፣ ተንኮለኛ ግምቶች፣ ጠላቶች እና አታላይ ወዳጆች” በማለት ይጠቅሳሉ። ከ1292 እስከ1566 ያሉት የመጀመሪያዎቹ 10 ሱልጣኖች ከአንዱ በቀር በአስደናቂ ሁኔታ ሠርተዋል በማለት ሊ ሲከራከር ዋነኛው መንስኤ የአመራር ውድቀት ነበር። ከ1566 እስከ1703 ያሉት ቀጣዮቹ 13 ሱልጣኖች፣ ከሁለት በስተቀር፣ ጎደሎ ወይም ብቃት የሌላቸው ገዥዎች ነበሩ ይላል ሊ። በከፍተኛ ማእከላዊ ስርዓት ውስጥ, በማዕከሉ ውስጥ ያለው ውድቀት ለሞት ተዳርገዋል. ቀጥተኛው ውጤት ቁስጥንጥንያ ቸል ያሉ የክፍለ ሃገር ልሂቃን መጠናከር ነበር። በሁለተኛ ደረጃ የአውሮፓ ጠላቶች ወታደራዊ ጥንካሬ እየጠነከረ እና እየጠነከረ ሲሄድ የኦቶማን ጦር እና የጦር መሳሪያዎች ግን እምብዛም አይሻሻሉም. በመጨረሻም የኦቶማን ኢኮኖሚ ሥርዓት ተዛብቶና ድህነት ውስጥ ገባ፣ ጦርነት የዋጋ ንረት አስከትሏል፣ የዓለም ንግድ ወደ ሌላ አቅጣጫ ሲሸጋገር፣ የሕግና ሥርዓት መበላሸቱ የኢኮኖሚ ዕድገት አስቸጋሪ አድርጎታል።",ከ1566 እስከ1703 ያሉት
የአሚየንስ ስምምነት ስንት አመት ተፈረመ?,ከአስር አመታት የማያቋርጥ ጦርነት በኋላ፣ ፈረንሳይ እና ብሪታንያ የአሚየን ስምምነትን በመጋቢት 1802 ተፈራረሙ፣ አብዮታዊ ጦርነቶቹንም አበቃ። አሚየን የብሪታንያ ወታደሮች በቅርቡ ከተቆጣጠሩት የቅኝ ግዛት ግዛቶች እንዲወጡ እና የፈረንሳይ ሪፐብሊክን የማስፋፊያ ግቦችን ለመግታት ዋስትና እንዲሰጥ ጠይቋል። አውሮፓ ሰላም እና ኢኮኖሚ እያገገመ በመጣ ቁጥር የናፖሊዮን ተወዳጅነት በአገር ውስጥም ሆነ በውጪ በቆንስላ ስር ከፍተኛ ደረጃ ላይ ደርሷል። እ.ኤ.አ. በ1802 የጸደይ ወቅት በአዲስ ፕሌቢሲት ውስጥ፣ የፈረንሳዩ ህዝብ በህዝብ ብዛት የቆንስላ ጽ/ቤቱን ቋሚ የሚያደርገውን ህገ መንግስት ለማጽደቅ ናፖሊዮንን በእድሜ ልክ አምባገነን እንዲሆን አድርጎታል። ከሁለት ዓመት በፊት የፕሌቢሲት ፓርቲ 1.5 ሚሊዮን ሰዎችን ለምርጫ ያቀረበቢሆንም፣ አዲሱ ህዝበውሳኔ 3.6 ሚሊዮን ሰዎች ሄደው እንዲመርጡ (ከሁሉም መራጮች 72 በመቶ) አሳስቧል። እ.ኤ.አ. በ1802 ምንም ሚስጥራዊ ድምጽ የለም እና ጥቂት ሰዎች ገዥውን አካል በግልፅ ለመቃወም ፈለጉ; ሕገ መንግሥቱ ከ99 በመቶ በላይ ድምፅ በማግኘት ፀድቋል። ሰፊ ሥልጣኑ በአዲሱ ሕገ መንግሥት ውስጥ ተዘርዝሯል፡- አንቀጽ 1. የፈረንሣይ ሕዝብ ስም፣ እና ሴኔት ናፖሊዮን-ቦናፓርት የመጀመሪያ ቆንስላ ለሕይወት አወጀ። ከ1802 በኋላ በአጠቃላይ ከቦናፓርት ይልቅ ናፖሊዮን ተብሎ ይጠራ ነበር.,በ1802 ምንም
ከገጠር ነዋሪዎች ይልቅ ማንዳሪን አቀላጥፈው የሚናገሩት ምን ዓይነት ነዋሪዎች ናቸው?,በታሪክ ውስጥ የተሻለ ግንኙነት እንዲኖር ለማድረግ በአካባቢው ተከታታይ የቋንቋ ቋንቋዎች ነበሩ። በሃንግዡ፣ በሻኦክሲንግ እና በኒንቦ የሚነገሩ ቀበሌኛዎች ይህንን ሚና በታሪክ ወስደዋል። የቻይና ህዝብ ሪፐብሊክ ከተመሰረተች እ.ኤ.አ. በዚህ ምክንያት አብዛኛው ህዝብ አሁን በተወሰነ ደረጃ ማንዳሪንን መናገር እና መረዳት ይችላል እናም አስፈላጊ ሲሆን ኮድ መቀየር ይችላል። ከ1978 ጀምሮ የተማረው አብዛኛው ህዝብ ማንዳሪን መናገር ይችላል። የከተማ ነዋሪዎች ከገጠር ሰዎች ይልቅ ማንዳሪን አቀላጥፈው የመናገር አዝማሚያ አላቸው። የሆነ ሆኖ፣ የዚጂያንግ ዘዬ በማንዳሪን ውስጥ በሚግባባበት አካባቢ ሁሉም ሰው ማለት ይቻላል ሊታወቅ ይችላል፣ እና የቤት ውስጥ ቀበሌኛ የብዙዎቹ የዚጂያንግ ነዋሪዎች የዕለት ተዕለት ህይወቶች እና ባህላዊ መለያዎች አስፈላጊ አካል ነው።,የከተማ
የመጨረሻው የኪንግ ንጉሠ ነገሥት ማን ነበር?,የቦክስ ፕሮቶኮልን ለመፈረም ከተስማማ በኋላ መንግሥት ከዚህ በፊት ታይቶ የማይታወቅ የፊስካል እና አስተዳደራዊ ማሻሻያዎችን ማለትም ምርጫን፣ አዲስ የሕግ ኮድን እና የፈተና ስርዓቱን መሰረዝን ጨምሮ። ሱን ያት-ሴን እና ሌሎች አብዮተኞች የኪንግ ኢምፓየርን ወደ ዘመናዊ ሀገር ለመቀየር እንደ ሊንግ ቺቻኦ እና እንደ ካንግ ዩዋይ ካሉ ንጉሳዊ መሪዎች ጋር ተወዳድረዋል። እቴጌ ጣይቱ ሲክሲ እና የጓንጉሱ ንጉሠ ነገሥት በ1908 ከሞቱ በኋላ፣ ጠንካራው የማንቹ ፍርድ ቤት የለውጥ አራማጆችንና የአካባቢውን ልሂቃንን አገለለ። እ.ኤ.አ. ከጥቅምት 11 ቀን 1911 ጀምሮ የተቀሰቀሰው የአካባቢ አመፅ ወደ ዢንሃይ አብዮት አመራ። የመጨረሻው ንጉሠ ነገሥት ፑዪ የካቲት 12 ቀን 1912 ከስልጣን ተነሱ።,የማይታወቅ የፊስካል
የሳንታ ሞኒካ የነፍስ ወከፍ የወንጀል መጠን እንዴት ይሰላል?,"እ.ኤ.አ. በ2006 በሳንታ ሞኒካ የተፈጸመው ወንጀል 4.41% የሚሆነውን ህዝብ ነካ ፣ ይህም ከብሔራዊ አማካይ የወንጀል መጠን 4.48% ያነሰ ነው። አብዛኛው ይህ በ2006 ከሳንታ ሞኒካ ህዝብ 3.74 በመቶ ያደረሰው የንብረት ወንጀል ነው። ይህ ከሎስ አንጀለስ ካውንቲ (2.76%) እና ካሊፎርኒያ (3.17%) ዋጋ ከፍ ያለ ቢሆንም ከብሔራዊ አማካይ (3.91%) ያነሰ ነው። እነዚህ የነፍስ ወከፍ የወንጀል መጠኖች የሚሰሉት 85,000 አካባቢ ባለው የሳንታ ሞኒካ የሙሉ ጊዜ ህዝብ ላይ በመመስረት ነው። ሆኖም የሳንታ ሞኒካ ፖሊስ ዲፓርትመንት ቱሪስቶች፣ ሰራተኞች እና የባህር ዳርቻ ተጓዦች የከተማዋን የቀን ህዝብ ከ250,000 እስከ450,000 ሰዎች ሊያሳድጉ ስለሚችሉ ትክክለኛው የነፍስ ወከፍ የወንጀል መጠን በጣም ያነሰ ነው ብሏል።",ላይ በመመስረት
ለስቅለቱ ምን ያህል ሚስማሮች ተጠቅመዋል ተብሎ ተጠቁሟል?,ባለ ሁለት-ቢሚድ መስቀል አጠቃቀም ግምት በስቅለቱ ውስጥ ጥቅም ላይ የዋሉትን ጥፍሮች ብዛት አይወስንም እና አንዳንድ ንድፈ ሐሳቦች ሶስት ጥፍርሮችን ሲጠቁሙ ሌሎች ደግሞ አራት ጥፍሮችን ይጠቁማሉ. ይሁን እንጂ በታሪክ ውስጥ ብዙ ቁጥር ያላቸው ጥፍሮች አንዳንዴም እስከ14 ጥፍሮች ይገመታሉ. እነዚህ ልዩነቶች በስቅለት ስነ ጥበባዊ ሥዕላዊ መግለጫዎች ውስጥም ይገኛሉ። በምዕራባዊው ቤተ ክርስቲያን ከህዳሴው በፊት እግሮቹ ጎን ለጎን ሆነው አራት ጥፍርሮች ይታያሉ። ከህዳሴው ዘመን በኋላ አብዛኞቹ ሥዕላዊ መግለጫዎች አንድ እግር በሌላኛው ላይ በማስቀመጥ ሦስት ጥፍርዎችን ይጠቀማሉ። ሮማውያን አንዳንድ ጊዜ ተጎጂዎችን በመስቀል ላይ ብቻ ቢያስቡም ምስማሮች ሁል ጊዜ በኪነጥበብ ይገለጣሉ ። ትውፊቱ የክርስቲያን አርማዎችን ማለትም ለምሳሌ. ዬሱሳውያን ስቅለቱን ለማመልከት በIHS ሞኖግራም ስር ሶስት ጥፍር እና መስቀል ይጠቀማሉ።,ሶስት ጥፍር
ስንት የፕሊማውዝ ነዋሪ በመከላከያ ውስጥ ተቀጥረው ነው የሚሰሩት?,"በባሕር ዳርቻ ስላለው የፕላይማውዝ ኢኮኖሚ በተለምዶ የባህር ላይ ሲሆን በተለይም የመከላከያ ሴክተሩ ከ12,000 በላይ ሰዎች እና በግምት 7,500 በጦር ኃይሎች ውስጥ ተቀጥረዋል። የፕሊማውዝ ጂን ዲስቲልሪ ከ1793 ጀምሮ ፕሊማውዝ ጂንን እያመረተ ሲሆን ይህም በሮያል ባህር ኃይል ወደ አለም ተልኳል። እ.ኤ.አ. በ1930ዎቹ ውስጥ ፣ በሰፊው የተሰራጨው ጂን ነበር እና ቁጥጥር የሚደረግበት የትውልድ ቃል አለው። ከ1980ዎቹ ጀምሮ በመከላከያ ዘርፍ ያለው የስራ ስምሪት በእጅጉ ቀንሷል እና የመንግስት ሴክተሩ በተለይ በአስተዳደር፣ በጤና፣ በትምህርት፣ በህክምና እና በምህንድስና ዘርፍ ጎልቶ ይታያል።","ከ12,000"
ግሪክ የትኛውን የፖለቲካ ፍልስፍና ትከተላለች?,ግሪክ ዴሞክራሲያዊት እና የበለጸገች ከፍተኛ ገቢ ያለው ኢኮኖሚ፣ ከፍተኛ ጥራት ያለው ኑሮ እና በጣም ከፍተኛ የኑሮ ደረጃ ያላት ሀገር ነች። የተባበሩት መንግስታት ድርጅት መስራች አባል የሆነችው ግሪክ የአውሮፓ ማህበረሰቦችን (የአውሮፓ ህብረት ቅድመ ሁኔታን) በመቀላቀል አሥረኛው አባል ነበረች እና ከ2001 ጀምሮ የዩሮ ዞን አካል ሆና ቆይታለች። አውሮፓ፣ ኔቶ፣[a] OECD፣ OIF፣ OSCE እና WTO። ከዓለም ታላላቅ የመርከብ ኃያላን፣ መካከለኛ ኃያላን እና ከፍተኛ የቱሪስት መዳረሻዎች አንዷ የሆነችው ግሪክ በባልካን አገሮች ውስጥ ትልቅ ኢኮኖሚ ያላት አህጉራዊ ባለሀብት በመሆኗ ነው።,ዴሞክራሲያዊት
ሳዳት በሲና የቀረውን ምን ለወጠው?,በ1970 ፕሬዘዳንት ናስር ሞቱ እና በአንዋር ሳዳት ተተኩ። ሳዳት የግብፅን የቀዝቃዛ ጦርነት አጋርነት ከሶቪየት ኅብረት ወደ ዩናይትድ ስቴትስ በመቀየር የሶቪየት አማካሪዎችን በ1972 አባረረ።የኢንፊታህ የኢኮኖሚ ማሻሻያ ፖሊሲን የጀመረ ሲሆን ሃይማኖታዊና ዓለማዊ ተቃዋሚዎችን ተቋቁሞ ነበር። እ.ኤ.አ. በ1973 ግብፅ ከሶሪያ ጋር በመሆን የጥቅምት ጦርነት ጀመሩ ፣ እስራኤል ከ6 ዓመታት በፊት የማረከውን የሲና ግዛት በከፊል ለማስመለስ ድንገተኛ ጥቃት ሰነዘረ። ለሳዳት ከእስራኤል ጋር ሰላም እንዲሰፍን በኋላ ሲናን መልሶ እንዲያገኝ የሚያስችለውን ድል አቀረበው።,ከእስራኤል ጋር ሰላም
በፍሎሪዳ ካሉት አስራ አራቱ ረጃጅሞች ሰማይ ጠቀስ ፎቆች ውስጥ ስንቶቹ በማያሚ ይገኛሉ?,ከ2001 ጀምሮ ማያሚ በከተማው ውስጥ የተገነቡ ወይም በአሁኑ ጊዜ በመገንባት ላይ ከ400 ጫማ (122 ሜትር) በላይ ከ50 በላይ ሰማይ ጠቀስ ፎቆች ያሉት ትልቅ የግንባታ እድገት እያካሄደ ነው። ማያሚ የሰማይ መስመር በአሜሪካ ከኒውዮርክ ሲቲ እና ቺካጎ ቀጥሎ በሶስተኛ ደረጃ ላይ ተቀምጧል እና በአልማናክ ኦፍ አርክቴክቸር እና ዲዛይን መሰረት በአለም 19ኛ ደረጃ ላይ ተቀምጧል። ከተማዋ በአሁኑ ጊዜ በፍሎሪዳ ግዛት ውስጥ ስምንቱ ረጃጅም (እንዲሁም ከአስራ አራቱ ረዣዥም አስራ ሶስት) ሰማይ ጠቀስ ህንጻዎች ያላት ሲሆን ረጅሙ ባለ 789 ጫማ (240 ሜትር) ፎር ሴሰንስ ሆቴል እና ታወር።,አስራ ሶስት)
ዩቲዩብ ቀይ ከተጨማሪ ባህሪያቱ ጋር ዳግም የጀመረው መቼ ነው?,"YouTube Red የዩቲዩብ ፕሪሚየም የደንበኝነት ምዝገባ አገልግሎት ነው። ከማስታወቂያ-ነጻ ዥረት መልቀቅን፣ ብቸኛ ይዘትን ማግኘት፣ በተንቀሳቃሽ መሳሪያዎች ላይ የጀርባ እና የመስመር ውጪ ቪዲዮ መልሶ ማጫወት እና የGoogle Play ሙዚቃ ""ሁሉም መዳረሻ"" አገልግሎትን ያቀርባል። ዩቲዩብ ሬድ በመጀመሪያ በህዳር 12፣ 2014 የተገለጸው ""የሙዚቃ ቁልፍ""፣ የደንበኝነት ምዝገባ ሙዚቃ ዥረት አገልግሎት፣ እና ካለው የጎግል ፕሌይ ሙዚቃ ""ሁሉም ተደራሽነት"" አገልግሎት ጋር ለመዋሃድ እና ለመተካት ነው። ኦክቶበር 28፣ 2015፣ አገልግሎቱ እንደ YouTube Red እንደገና ተጀምሯል፣ ሁሉንም ቪዲዮዎች ከማስታወቂያ ነጻ መልቀቅ እና እንዲሁም ብቸኛ ኦሪጅናል ይዘትን ማግኘት ይችላል።",ኦክቶበር 28፣ 2015፣ አገልግሎቱ እንደ
የዩሬካ ግንብ በየትኛው የሜልበርን ባንኮች ላይ ይገኛል?,የሜልቦርን ሲዲ (CBD)፣ ከሌሎች የአውስትራሊያ ከተሞች ጋር ሲነጻጸር፣ በአንፃራዊነት ያልተገደበየከፍታ ወሰን አለው፣ እና ከጦርነቱ በኋላ ባለው የእድገት ማዕበል የተነሳ በአውስትራሊያ ውስጥ ካሉት ስድስት ረጃጅም ሕንፃዎች ውስጥ አምስቱን ይይዛል። ከሁሉም የሜልበርን መዋቅሮች በላይ ማየት የምትችልበት ከላይኛው ክፍል ላይ የመመልከቻ ወለል አለው። የሪያልቶ ግንብ፣ የከተማዋ ሁለተኛ ረጅሙ፣ በአሮጌው CBD ውስጥ ረጅሙ ሕንፃ ሆኖ ይቆያል። ለጎብኚዎች ምልከታው በቅርቡ ተዘግቷል.,ረጅሙ ሕንፃ
የየትኛው የዩኒቨርስቲ ምሁር የትኩረት ግኝት እና ማብራሪያ ምሳሌዎች ነበሩ?,ምንም እንኳን በዩኒቨርሲቲው ውስጥ ያሉ የሰብአዊ ምሁራኖች የመጀመሪያ ትኩረት ጥንታዊ ጽሑፎችን እና ቋንቋዎችን ወደ ዩኒቨርሲቲው መገኘት ፣ማሳየት እና ማስገባት እና በአጠቃላይ የእነዚያ ጽሑፎች ሀሳቦች በህብረተሰቡ ውስጥ ቢሆንም ፣ተፅዕኖአቸው በመጨረሻ በጣም ተራማጅ ነበር። የጥንታዊ ጽሑፎች ብቅ ማለት አዳዲስ ሀሳቦችን አምጥቷል እና የበለጠ ፈጠራ ያለው የዩኒቨርሲቲ አየር ሁኔታን አስከትሏል (ከላይ ያለው ታዋቂው የሊቃውንት ዝርዝር እንደሚመሰክረው)። ከራስ፣ ከሰው በሚመጣ እውቀት ላይ ማተኮር ለአዳዲስ የትምህርት ዓይነቶች እና ትምህርቶች ቀጥተኛ አንድምታ አለው፣ እና በተለምዶ ሂውማኒቲስ ተብሎ ለሚጠራው መሰረት ነበር። ይህ የእውቀት ዝንባሌ በጥንታዊ ጽሑፎች መተርጎምና መስፋፋት ብቻ ሳይሆን በመስተካከልና በማስፋፋት ጭምር ነው። ለምሳሌ፣ ቬሳሊየስ የጌለንን አጠቃቀም ለመደገፍ በጣም አስፈላጊ ነበር፣ ነገር ግን ይህንን ጽሑፍ በሙከራ፣ አለመግባባቶች እና ተጨማሪ ምርምር አጠናክሮታል። የእነዚህ ጽሑፎች ስርጭት በተለይም በዩኒቨርሲቲዎች ውስጥ ከፍተኛ እገዛ የተደረገው የሕትመት ማተሚያው ብቅ ማለት እና የአገሬው ቋንቋ አጠቃቀም መጀመር ሲሆን ይህም በአንጻራዊነት ትላልቅ ጽሑፎችን በተመጣጣኝ ዋጋ ለማተም ያስችላል.,የሰብአዊ
ከካታላን ባነሱ ዓረፍተ ነገሮች ውስጥ ተጨማሪ አቀማመጥ የሚጠቀሙት የትኞቹ ቋንቋዎች ናቸው?,"ይህ ተለዋዋጭነት ካታላን ከፈረንሳይኛ ወይም ከስፓኒሽ የበለጠ ተጨማሪ አቀማመጥን በስፋት እንዲጠቀም ያስችለዋል። ስለዚህ፣ ካታላን m'hi recomanaren (""ለሱ ጠቁመውኛል"")፣ በፈረንሳይኛ ግን አንድ ሰው ኢልስ m'ont recommandé à lui እና ስፓኒሽ me recomendaron a él ማለት አለበት። ይህ ብዙ ጊዜ ተገብሮ ድምጽን መጠቀም ሳያስፈልግ (እንደ ፈረንሳይኛ ወይም እንግሊዝኛ) ወይም ቀጥተኛውን ነገር በቅድመ-ሁኔታ (እንደ ስፓኒሽ) መለየት ሳያስፈልግ ማንኛውንም የስም ቃል እንደ ዓረፍተ ነገር እንዲቀመጥ ያስችላል።",ፈረንሳይኛ ወይም እንግሊዝኛ)
የትኛው የቀድሞ የፌዴሬሽኑ ሊቀመንበር በኮንግሬሽን ምስክርነት ወደ ደካማ የገንዘብ አቅርቦት እንዲመለስ መደረጉን የተናዘዘ?,"የፋይናንሺያል ቀውሱ ስለ ታላቁ ልከኝነት ከተናገረው ራግሁራም ራጃን በስተቀር በዋና ኢኮኖሚስቶች በሰፊው አልተተነበየም። በርካታ የሄትሮዶክስ ኢኮኖሚስቶች ቀውሱን ተንብየዋል፣ የተለያዩ ክርክሮችም አሉት። Dirk Bezemer በምርምር ክሬዲቶቹ (ከደጋፊ ክርክር እና የጊዜ ግምት ጋር) 12 ኢኮኖሚስቶች ቀውሱን በመተንበይ፡ ዲን ቤከር (አሜሪካ)፣ ዋይን ጎዲሊ (ዩኬ)፣ ፍሬድ ሃሪሰን (ዩኬ)፣ ማይክል ሃድሰን (አሜሪካ)፣ ኤሪክ Janszen (US) ), ስቲቭ ኪን (አውስትራሊያ)፣ ጃኮብ ብሮክነር ማድሰን እና ጄንስ ኬጃየር ሶረንሰን (ዴንማርክ)፣ ከርት ሪቼባቸር (አሜሪካ)፣ ኑሪል ሮቢኒ (አሜሪካ)፣ ፒተር ሺፍ (አሜሪካ) እና ሮበርት ሺለር (አሜሪካ)። የገንዘብ ቀውስ መኖሩን የሚጠቁሙ ሌሎች ባለሙያዎች ምሳሌዎችም ተሰጥተዋል። ምንም አያስደንቅም፣ የኦስትሪያ ኢኮኖሚ ትምህርት ቤት ቀውሱን እንደ ማረጋገጫ እና ሊተነበይ የሚችል ክሬዲት-ነዳጅ አረፋ በገንዘብ አቅርቦት ላይ የሚደርሰውን ሰው ሰራሽ፣ የተመረተ ላላነት፣ በገንዘብ አቅርቦት ላይ የሚያደርሰውን ትኩረት ሊገታ የማይችል ትክክለኛ ምሳሌ እና ምሳሌ አድርጎ መመልከቱ አያስደንቅም። ግሪንስፓን በኮንግሬሽን ምስክርነት ወደ እሱ ለመመለስ መገደዱን አምኗል።",አያስደንቅም። ግሪንስፓን
ኮሎሰስ ማርክ II ስንት ቱቦዎችን ይዟል?,ኮሎሰስ በዓለም የመጀመሪያው ኤሌክትሮኒክ ዲጂታል ፕሮግራም ሊሆን የሚችል ኮምፒውተር ነበር። ብዙ ቁጥር ያላቸው ቫልቮች (የቫኩም ቱቦዎች) ተጠቅሟል. የወረቀት ቴፕ ግብአት ነበረው እና በመረጃው ላይ የተለያዩ የቦሊያን አመክንዮአዊ ስራዎችን ለመስራት መዋቀር የሚችል ነበር፣ነገር ግን ቱሪንግ-ሙሉ አልነበረም። ዘጠኝ Mk II ኮሎሲ ተገንብተዋል (The Mk I ወደ Mk II በድምሩ አሥር ማሽኖችን በማድረግ) ተለውጧል። ኮሎሰስ ማርክ 1 1500 ቴርሚዮኒክ ቫልቮች (ቱቦዎች) ይዟል፣ ነገር ግን ማርክ II ከ2400 ቫልቮች ጋር፣ ሁለቱም ከማርክ 1 5 ጊዜ ፈጣን እና ቀላል ነበሩ፣ ይህም የመግለጫ ሂደቱን በእጅጉ ያፋጥነዋል።,ከ2400
ቢዮንሴ የሸፈነችው እና በሜይ 2014 የተለቀቀችው የትኛውን የኤሚ ወይን ቤት ዘፈን ነው?,"ቢዮንሴ ሚያዝያ 15 በቤልግሬድ፣ ሰርቢያ ውስጥ በሚስስ ካርተር ሾው የዓለም ጉብኝት ተጀመረ። ጉብኝቱ እስከማርች 2014 ድረስ ያለፉ 132 ቀናትን አካትቷል። ይህም በሙያዋ ውስጥ በጣም ስኬታማው ጉብኝት እና በሁሉም ጊዜያት በጣም ስኬታማ ከሆኑ ጉብኝቶች አንዱ ሆነ። በግንቦት ወር የቢዮንሴ ሽፋን የኤሚ ወይን ሀውስ ""ወደ ጥቁር ተመለስ"" ከአንድሬ 3000 ጋር በታላቁ ጋትስቢ ማጀቢያ ትራክ ተለቀቀ። እሷም የ2013 የሜት ጋላ የክብር ሊቀመንበር ነበረች። ቢዮንሴ በ3D CGI አኒሜሽን ፊልም Epic በ20ኛው ክፍለ ዘመን ፎክስ በግንቦት 24 በተለቀቀው ፊልም ላይ ንግሥት ታራንን ተናገረች እና ለፊልሙ ""ተነስ"" የተሰኘውን ኦሪጅናል ዘፈን ከሲያ ጋር ጻፈች።","""ወደ ጥቁር ተመለስ"""
ስንት አረንጓዴ ስታንዳርድ ጦር ወታደሮች በ Qing በኩል ነበሩ?,"ሥልጣናቸውን መገፈፍ የተጋፈጠው ው ሳንጉዊ፣ በኋላ በጌንግ ዞንግሚንግ እና በሻንግ ኬክሲ ልጅ ሻንግ ዚሂሲን የተቀላቀሉት፣ ከማመፅ ውጪ ምንም አማራጭ እንደሌላቸው ተሰምቷቸዋል። በመቀጠልም የሶስቱ ፊውዳቶሪዎች አመፅ ለስምንት አመታት ዘልቋል። Wu በስተመጨረሻ የደቡብ ቻይና ሚንግ ታማኝነት እሳትን ለማንደድ ሚንግ ጉምሩክን ወደነበረበት በመመለስ፣ የተበሳጩት ወረፋዎች እንዲቆረጡ በማዘዝ እና እራሱን የአዲሱ ስርወ መንግስት ንጉሰ ነገስት አድርጎ በማወጅ በከንቱ ሞክሯል። በአማፂያኑ የሀብቱ ጫፍ ላይ በሰሜን በኩል እስከያንግትዝ ወንዝ ድረስ ተቆጣጥረው የተከፋፈለች ቻይናን ለመመስረት ተቃርበዋል። Wu ከዛ ወደ ሰሜን ለመጓዝ አመነታ፣ ከአጋሮቹ ጋር ስትራቴጂን ማስተባበር ባለመቻሉ ካንግዚ በአዲሱ የማንቹ ጀኔራሎች ለሚመራው የመልሶ ማጥቃት ሀይሉን አንድ ማድረግ ቻለ። እ.ኤ.አ. በ1681 የኪንግ መንግስት የተበላሸችውን ደቡባዊ ቻይናን ለመቆጣጠር ብዙ አስርት ዓመታትን ፈጅቷል ። የማንቹ ጄኔራሎች እና ባነሮች በመጀመሪያ በሃን ቻይና አረንጓዴ ስታንዳርድ ጦር የተሻለ አፈፃፀም አሳፍረዋል ፣ከነሱ በተሻለ ሁኔታ ከአማፂያኑ ጋር ተዋግተዋል ፣ይህም በካንግዚ ታውቋል ፣ይህም በጄኔራሎች ሱን ሲኬ ፣ ዋንግ ጂንባኦ እና ዣኦ ሊያንግዶንግ እንዲመራ አድርጎታል። ግሪን ስታንዳርድ ወታደሮችን ለመምራት አመጸኞቹን ለመጨፍለቅ. ቺንግ ሃን ቻይናውያን ከሌሎች የሃን ህዝቦች ጋር በመፋለም የበላይ እንደሆኑ አድርገው ያስቡ ነበር እናም አረንጓዴ ስታንዳርድ ጦርን ከባነርመን ይልቅ አመጸኞችን ለመጨፍለቅ እንደ የበላይ እና አብላጫ ጦር ይጠቀሙ ነበር። በተመሳሳይ፣ በሰሜን ምዕራብ ቻይና ከዋንግ ፉቼን ጋር ሲደረግ፣ ኪውንግ የሃን ቻይናውያን አረንጓዴ ስታንዳርድ ጦር ወታደሮችን እና የሃን ቻይናውያን ጄኔራሎችን እንደ ዣንግ ሊያንግዶንግ፣ ዋንግ ጂንባኦ እና ዣንግ ዮንግ እንደ ዋና ወታደራዊ ሃይሎች ተጠቅሟል። ይህ ምርጫ የሆነው ድንጋያማ ቦታው፣ እግረኛ ወታደሮችን ከፈረሰኞች ይልቅ በመወደዱ፣ ባነርማንን በመጠባበቂያው ውስጥ ለማቆየት ባለው ፍላጎት እና እንደገናም የሃን ወታደሮች ከሌሎች የሃን ሰዎችን በመዋጋት የተሻሉ ናቸው በሚል እምነት ነበር። እነዚህ የሃን ጄኔራሎች በአማፂያኑ ላይ ድል ተቀዳጁ። እንዲሁም በተራራማ መሬት ምክንያት፣ ሲቹዋን እና ደቡብ ሻንዚ በ1680 በሃን ቻይና አረንጓዴ ስታንዳርድ ጦር በWang Jinbao እና Zhao Liangdong ስር በ1680 ተወስደዋል፣ ማንቹስ በሎጂስቲክስና አቅርቦት ላይ ብቻ ይሳተፋል። በጦርነቱ ወቅት 400,000 አረንጓዴ ስታንዳርድ ጦር ወታደሮች እና 150,000 ባነሮች በQing በኩል አገልግለዋል። 213 የሃን ቻይና ባነር ኩባንያዎች እና 527 የሞንጎሊያውያን እና የማንቹ ባነር ኩባንያዎች በኪንግ ተንቀሳቅሰዋል። 400,000 የግሪን ስታንዳርድ ጦር ወታደሮች ከ200,000 ባነር ሰሪዎች በተጨማሪ በሶስት ፊውዳቶሪዎች ላይ ጥቅም ላይ ውለዋል።","400,000"
በ iTunes እና በ iPod መካከል ፋይሎችን ለማንቀሳቀስ ምን ዓይነት ፕሮግራም በብዛት ጥቅም ላይ ይውላል?,ከብዙዎቹ MP3 ማጫወቻዎች በተለየ የኦዲዮ ወይም ቪዲዮ ፋይሎችን በተለመደው የፋይል አስተዳደር መተግበሪያ ወደ ድራይቭ መቅዳት አይፖድ በትክክል እንዲደርስባቸው አይፈቅድም። ተጠቃሚው የሚዲያ ፋይሎችን ወደ አይፖድ ለማስተላለፍ የተነደፈውን ሶፍትዌር መጠቀም አለበት ስለዚህ ፋይሎቹ ሊጫወቱ እና ሊታዩ የሚችሉ ናቸው። ብዙውን ጊዜ iTunes ሚዲያን ወደ አይፖድ ለማስተላለፍ ይጠቅማል፣ ምንም እንኳን ብዙ አማራጭ የሶስተኛ ወገን መተግበሪያዎች በተለያዩ መድረኮች ላይ ይገኛሉ።,iTunes
በየትኛው ዘመን መጨረሻ ላይ አህጉራት አሁን ያላቸውን ቅርፅ ይዘው ነበር?,የሴኖዞይክ ዘመን ከክሪቴሴየስ–ፓሊዮጂን የመጥፋት ክስተት ጀምሮ እስከዛሬ ድረስ ያሉትን 66 ሚሊዮን ዓመታት ይሸፍናል። በሜሶዞይክ ዘመን መገባደጃ ላይ፣ አህጉራት አሁን ወደ ሆኑ ቅርጻቸው ተቃርበዋል። ላውራሲያ ሰሜን አሜሪካ እና ዩራሲያ ሆናለች፣ ጎንድዋና ደቡብ አሜሪካ፣ አፍሪካ፣ አውስትራሊያ፣ አንታርክቲካ እና የህንድ ክፍለ አህጉር ተከፍሎ ከእስያ ሳህን ጋር ተጋጨች። ይህ ተጽእኖ የሂማላያ አካባቢዎችን ፈጠረ. ሰሜናዊውን አህጉራት ከአፍሪካ እና ህንድ የለየው የቴቲስ ባህር መዝጋት ጀመረ ፣ የሜዲትራኒያን ባህር ፈጠረ።,በሜሶዞይክ
የኢንተርናሽናል ሊጎች የወዳጅነት ግጥሚያዎች በመሀል ምን ይሆናሉ?,ዓለም አቀፍ ቡድኖችም የወዳጅነት ጨዋታዎችን ይጫወታሉ፣ በአጠቃላይ ለታላላቅ ውድድሮች ማጣሪያ ወይም የመጨረሻ ደረጃ ዝግጅት። ብሔራዊ ቡድኖች በአጠቃላይ ለመዘጋጀት አብረው ስለሚኖራቸው ጊዜ በጣም ያነሰ ስለሆነ ይህ አስፈላጊ ነው። በክለቦች እና በአለም አቀፍ ደረጃ በሚደረጉ የወዳጅነት ጨዋታዎች መካከል ያለው ትልቁ ልዩነት አለም አቀፍ የወዳጅነት ጨዋታዎች የሚካሄዱት በክለብ ሊግ የውድድር ዘመን እንጂ በመካከላቸው አለመሆኑ ነው። ይህም በወዳጅነት ጨዋታ ላይ ጉዳት ሊደርስባቸው ወይም ሊደክሙ የሚችሉ ተጫዋቾች ስለመኖራቸው በብሔራዊ ማህበራት እና ክለቦች መካከል አለመግባባት ተፈጥሮ ነበር።,በክለብ ሊግ የውድድር
የሚያንቀላፉ ወፎች ብዙውን ጊዜ ምን በመባል የሚታወቀው የእንቅልፍ ዓይነት ይጠቀማሉ?,"በቀኑ ንቁ ክፍል ውስጥ የወፎች ከፍተኛ የሜታቦሊዝም መጠን በሌሎች ጊዜያት በእረፍት ይሟላል። የሚያንቀላፉ ወፎች ብዙውን ጊዜ ንቁ እንቅልፍ በመባል የሚታወቀውን የእንቅልፍ ዓይነት ይጠቀማሉ፣ የእረፍት ጊዜያቶች በፍጥነት አይን በሚከፍቱ ""ፔክ"" የተጠላለፉ ሲሆን ይህም ሁከት እንዲሰማቸው እና ከአደጋዎች በፍጥነት እንዲያመልጡ ያስችላቸዋል። ስዊፍት አውሮፕላኖች በበረራ መተኛት እንደሚችሉ ይታመናል እና ራዳር ምልከታዎች እንደሚጠቁሙት በሚነሳው በረራ ላይ ነፋሱን ለመግጠም እራሳቸውን ያቀናሉ። በበረራ ውስጥም ቢሆን አንዳንድ የእንቅልፍ ዓይነቶች ሊኖሩ እንደሚችሉ ተጠቁሟል። አንዳንድ ወፎችም በአንድ ጊዜ የአንጎል ንፍቀ ክበብ በቀስታ ወደ ሞገድ እንቅልፍ የመውደቅ አቅማቸውን አሳይተዋል። ወፎቹ ከመንጋው ውጭ ባለው ቦታ ላይ በመመስረት ይህንን ችሎታ የመለማመዳቸው ዝንባሌ አላቸው። ይህ በመኝታ ንፍቀ ክበብ ፊት ለፊት ያለው ዓይን የመንጋውን ውጫዊ ክፍል በማየት አዳኞችን በንቃት እንዲጠብቅ ያስችለዋል። ይህ መላመድ ከባህር አጥቢ እንስሳትም ይታወቃል። የጋራ መራባት የተለመደ ነው ምክንያቱም የሰውነት ሙቀትን መጥፋት ስለሚቀንስ እና ከአዳኞች ጋር ተያይዘው የሚመጡ አደጋዎችን ይቀንሳል። የሙቀት መቆጣጠሪያ እና ደህንነትን በተመለከተ ብዙውን ጊዜ የመጥመቂያ ቦታዎች ይመረጣሉ.",ንቁ እንቅልፍ
አናሳ ብሔረሰቦች አቅማቸው በፈቀደ መጠን አገራቸውን እንዳያገለግሉ ያደረጋቸው አድሎዎች ምን ይመስል ነበር?,"እነዚህን መብቶች ለማስከበር መከላከያ ሰራዊቱ እንዲገለል ጠይቀዋል። ""በየትኛውም አካባቢ ያለው ጭፍን ጥላቻ አስቀያሚ እና ኢ-ዲሞክራሲያዊ ክስተት ነው, ነገር ግን በትጥቅ አገልግሎት ውስጥ ሁሉም ሰዎች የሞት አደጋ በሚያጋጥማቸው, በተለይም አስጸያፊ ነው."" ምክንያቱ ፍትሃዊነት ነበር፡- ""አንድ ግለሰብ ለአገሪቱ አገልግሎት ሲገባ፣ በአሜሪካ ዜግነት ውስጥ ያሉ አንዳንድ መብቶችን እና መብቶችን አሳልፎ ይሰጣል።"" በምላሹም መንግስት ""እንደ ግለሰብ ታማኝነቱን ለመጠበቅ ይሰራል."" ነገር ግን በተከፋፈለው ሰራዊት ውስጥ ይህ የሚቻል አልነበረም፣ ምክንያቱም “…የአናሳ ቡድኖች አባላት ሀገራቸውን ለመከላከል ሙሉ ወታደራዊ አገልግሎት እንዳይሰጡ የሚከለክለው የትኛውም መድልዎ ለእነሱ ዝቅተኛ የበታችነት ምልክት ነው”። ሪፖርቱ ""በዘር፣ በቀለም፣ በእምነት ወይም በብሄራዊ አመጣጥ ላይ የተመሰረተ አድልዎ እና መለያየት በሁሉም የጦር አገልግሎት ቅርንጫፎች"" እንዲቆም ጠይቋል።:38-39",ዝቅተኛ የበታችነት ምልክት
የትኛው ኩባንያ በግዢ ስምምነቱ አካል በ NBCUniversal ላይ ያለውን ፍላጎት ለመሸጥ የተገደደው?,"የሚዲያ ማሰራጫዎች በሴፕቴምበር 2009 መጨረሻ ላይ Comcast NBCUniversalን ለመግዛት እየተነጋገረ መሆኑን ሪፖርት ማድረግ ጀመሩ። ኮምካስት ወሬውን መጀመሪያ ላይ ውድቅ አድርጓል፣ ኤንቢሲ ግን በነሱ ላይ አስተያየት አልሰጠም። ነገር ግን፣ CNBC እራሱ በጥቅምት 1 እንደዘገበው ጄኔራል ኤሌክትሪክ NBCUniversalን ወደ የተለየ ኩባንያ በማዞር የኤንቢሲ የቴሌቭዥን ኔትወርክን እና የኬብል ንብረቶቹን እንደ USA Network፣ Syfy እና MSNBC ከኮምካስት የይዘት ንብረቶች ጋር ያዋህዳል። GE የአዲሱን ኩባንያ 49% ቁጥጥር ይይዛል, Comcast ደግሞ 51% ይይዛል. 20% ባለቤት የሆነው ቪቬንዲ ድርሻውን ለጂኢኢ መሸጥ ነበረበት። ከGE ጋር ባለው ስምምነት በኖቬምበር ወይም በታህሳስ ውስጥ እንደሚከሰት ተዘግቧል. ዋና ስራ አስፈፃሚ ጄፍሪ ኤል ቤውክስ በቀጥታ ወለድ እስካልተቀበለ ድረስ ኮምካስት ብቸኛ ተጫራች እስኪተው ድረስ ታይም ዋርነር ጨረታ ለማውጣት ፍላጎት እንዳለውም ተዘግቧል። እ.ኤ.አ. በኖቬምበር 1፣ 2009 ዘ ኒው ዮርክ ታይምስ ኮምካስት NBCUniversalን ለመግዛት ወደ ስምምነት መቃረቡን እና በሚቀጥለው ሳምንት አንድ ጊዜ መደበኛ ማስታወቂያ ሊደረግ እንደሚችል ዘግቧል።",ቪቬንዲ
ሃይደራባድ የኒዛምስ ዋና ከተማ የሆነው በየትኛው አመት ነው?,በ1769 ሃይደራባድ ከተማ የኒዛምስ መደበኛ ዋና ከተማ ሆነች። ከሃይደር አሊ (የማይሶር ዳልዋይ)፣ ባጂ ራኦ I (የማራታ ግዛት ፔሽዋ) እና ባሳላት ጁንግ (በማርኪይስ ደ ቡሲ-ካስቴልናው የተደገፈው የአሲፍ ጃህ 2ኛ ታላቅ ወንድም) ለተደጋጋሚ ማስፈራሪያዎች ምላሽ ለመስጠት ኒዛም ፈረመ። እ.ኤ.አ. በ1798 ከምስራቅ ህንድ ኩባንያ ጋር ንዑስ ትብብር ፣ የብሪቲሽ ህንድ ጦር ቦላሩምን (ዘመናዊውን ሴኩደራባድ) እንዲይዝ ያስችለዋል የመንግስትን ድንበሮች ለመጠበቅ ፣ ለዚህም ኒዛምስ ለብሪቲሽ ዓመታዊ ጥገና ይከፍላል ።,በ1769 ሃይደራባድ
በዘመናችን በኒው ሄቨን ከብሔረሰብ አንፃር አብላጫውን የስነ ሕዝብ አወቃቀር የሚይዘው ማነው?,"የአሜሪካ የእርስ በርስ ጦርነት የኒው ሄቨን አርምስ ኩባንያን ጨምሮ በጦርነት ጊዜ የኢንዱስትሪ ዕቃዎችን በመግዛት የአካባቢውን ኢኮኖሚ ያሳደገ ሲሆን ይህም ከጊዜ በኋላ የዊንቸስተር ተደጋጋሚ የጦር መሳሪያዎች ኩባንያ ይሆናል. (ዊንቸስተር እስከ2006 ድረስ በኒው ሄቨን ውስጥ የጦር መሣሪያዎችን ማምረት ይቀጥላል, እና ብዙዎቹ የዊንቸስተር ፋብሪካዎች አካል የሆኑት ሕንፃዎች አሁን የዊንቸስተር ተደጋጋሚ የጦር መሣሪያ ኩባንያ ታሪካዊ ዲስትሪክት አካል ናቸው.) ከጦርነቱ በኋላ የህዝብ ቁጥር እየጨመረ እና በእጥፍ ይጨምራል. የ 20 ኛው ክፍለ ዘመን መጀመሪያ ፣ በተለይም ከደቡብ አውሮፓ በተለይም ከጣሊያን በሚመጡ ስደተኞች ምክንያት። ዛሬ፣ የምስራቅ ሄቨን፣ ዌስት ሄቨን እና የሰሜን ሄቨን ህዝቦች ግማሽ ያህሉ ጣልያን-አሜሪካዊ ናቸው። ወደ ኒው ሄቨን የአይሁዶች ፍልሰት በከተማዋ ላይ ዘላቂ የሆነ አሻራ ጥሏል። ዌስትቪል በኒው ሄቨን የአይሁዶች ማዕከል ነበረች፣ ምንም እንኳን ዛሬ ብዙዎች እንደ ዉድብሪጅ እና ቼሻየር ላሉ የከተማ ዳርቻ ማህበረሰቦች ደጋፊ ሆነዋል።",ጣልያን-አሜሪካዊ
ለተባበሩት መንግስታት የፀጥታው ምክር ቤት የሚፈለጉትን ሪፖርቶች ያላቀረቡ የትኞቹ ሀገራት ናቸው?,"እ.ኤ.አ. በ2005 የተባበሩት መንግስታት የፀጥታው ምክር ቤት የሽብርተኝነት ድርጊቶችን ማነሳሳትን እና የአለም አቀፍ የሰብአዊ መብት ህጎችን የማክበር ግዴታዎችን በሚመለከት ውሳኔ 1624 አጽድቋል ። ምንም እንኳን ሁለቱም የውሳኔ ሃሳቦች የጸረ-ሽብርተኝነት ድርጊቶችን በጉዲፈቻ አገሮች ላይ የግዴታ አመታዊ ሪፖርቶችን የሚያስፈልጋቸው ቢሆንም ዩናይትድ ስቴትስ እና እስራኤል ሁለቱም ሪፖርቶችን ለማቅረብ ፈቃደኛ አልሆኑም. በዚያው ዓመት የዩናይትድ ስቴትስ የመከላከያ ዲፓርትመንት እና የሰራተኞች የጋራ አለቆች ሊቀመንበር የዕቅድ ሰነድ አወጡ ""በሽብርተኝነት ላይ ለሚደረገው ጦርነት ብሄራዊ ወታደራዊ ስትራቴጂክ እቅድ"" በሚል ስም ""አጠቃላይ ወታደራዊ እቅድ"" መሆኑን ገልጿል. የዩናይትድ ስቴትስ ጦር ኃይሎች በአሸባሪነት ላይ የተካሄደውን ዓለም አቀፍ ጦርነት ክስ ለመመስረት...የ9/11 ኮሚሽን ግኝቶችን እና የውሳኔ ሃሳቦችን ጨምሮ እና ከመከላከያ ዲፓርትመንት ጋር የተደረገ ጥብቅ ፈተና።",ዩናይትድ ስቴትስ እና እስራኤል
የችቦው ቅብብሎሽ በፈረንሳይ የጀመረው በየትኛው ቀን ነው?,"ፈረንሳይ፡ በኤፕሪል 7 በፓሪስ የተደረገው የችቦ ቅብብል እግር በኤፍል ታወር የመጀመሪያ ደረጃ ላይ ተጀምሮ በስታድ ቻርሌቲ ተጠናቀቀ። ቅብብሎሹ መጀመሪያ ላይ 28 ኪሎ ሜትር ይሸፍናል ተብሎ የነበረ ቢሆንም በቲቤት ደጋፊ እና የሰብአዊ መብት ተሟጋቾች ሰልፉን ለማደናቀፍ እና ለማቆም በተደጋጋሚ በሞከሩት ከፍተኛ ተቃውሞ በቻይና ባለስልጣናት ፍላጎት ዝግጅቱ እንዲቀንስ ተደርጓል። በከተማው ማዘጋጃ ቤት ሊካሄድ የታቀደው ስነስርዓት በቻይና ባለስልጣናት ጥያቄ የተሰረዘ ሲሆን በቻይና ባለስልጣናት ጥያቄም ችቦው በአትሌቶች ከመያዝ ይልቅ በአውቶብስ ቅብብሎሹን አጠናቋል። የፓሪስ ከተማ ባለስልጣናት ችቦው ወደ ፈረንሳይ ዋና ከተማ ሊደርስ ሲል የኦሎምፒክ ነበልባልን በሰላማዊ መንገድ ለመቀበል ማቀዱን አስታውቀዋል። የከተማው አስተዳደር ""የሁሉም ሰብአዊነት እና የሰብአዊ መብቶች እሴቶችን ለማስተዋወቅ"" በሚል ርዕስ ""ፓሪስ በዓለም ዙሪያ የሰብአዊ መብቶችን ትጠብቃለች"" የሚል ባነር ለከተማው ማዘጋጃ ቤት አያይዟል. ድንበር የለሽ የጋዜጠኞች ቡድን አባላት በብዛት በመገኘት ተቃውሞአቸውን አሰምተዋል። 3,000 የሚገመቱ የፈረንሳይ ፖሊሶች የኦሎምፒክ ችቦ ቅብብል ከኢፍል ታወር ሲነሳ እና ፓሪስን በሰላማዊ መንገድ ሲያቋርጥ ጠብቋል። እሳቱን በውሃ ወይም በእሳት ማጥፊያ ለማጥፋት ከአንድ በላይ ተቃዋሚዎች ያደረጉትን ሙከራ ጨምሮ ሰፊ ስርጭት ያለው የቲቤት ተቃዋሚዎች እሳቱን አምስት ጊዜ እንዲያጠፉ (በፓሪስ የፖሊስ ባለስልጣናት እንደተናገሩት) እና ችቦውን በአውቶብስ ላይ እንዲጭኑ አድርጓል። , በቻይና ባለሥልጣናት ፍላጎት. በፈረንሳይ የቴሌቭዥን ጣቢያ ፍራንስ 2 የቻይናውያን የእሳት ነበልባል አገልጋዮች ችቦውን ሲያጠፉ የሚያሳይ የቪዲዮ ምስል ቢታይም ይህ በኋላ በቻይና የውጭ ጉዳይ ሚኒስቴር ውድቅ ተደርጓል። ችቦውን ለማብራት የመጠባበቂያ እሳቶች ሁል ጊዜ ከሪሌዩ ጋር ናቸው። ፈረንሳዊው ጁዶካ እና ችቦ ተሸካሚ ዴቪድ ዱይል ለቴዲ ራይነር ሊሰጥ የነበረውን ችቦ በማጥፋት ቻይናውያን የእሳት ነበልባል ረዳቶች የተሰማውን ቅሬታ ገልጿል፡- “ሁሉንም ነገር እንደሚፈሩ ይገባኛል፣ ይህ ግን የሚያናድድ ነው። ምንም እንኳን እሳቱን አጠፉት ምንም ስጋት አለመኖሩን እና ሊያዩት ይችላሉ እና ያውቁታል. ለምን እንዳደረጉት አላውቅም.""",በኤፕሪል 7
አዲሱ ወረቀት ምን ዓይነት ሰዎችን መሳብ ነበረበት?,"በሴሲል ኪንግ ከሱሴክስ ዩኒቨርሲቲ ማርክ አብራምስ የነገው የጋዜጣ ንባብ ህዝብ በተደረገው ጥናት ሄራልድ ለምን እየቀነሰ ሊሄድ እንደሚችል የሚጠቁሙ የስነ-ሕዝብ ለውጦችን ለይቷል። አዲሱ ወረቀት ለሄራልድ 'ፖለቲካል አክራሪዎች' 'ማህበራዊ ራዲካል' አንባቢን ለመጨመር ታስቦ ነበር። በ400,000 ፓውንድ የማስታወቂያ በጀት የጀመረው አዲሱ ወረቀት “በከፍተኛ ጉልበት ፈንድቷል” ሲል ዘ ታይምስ ዘግቧል። የመጀመርያው የህትመት ስራው 3.5 ሚልዮን የሆነው 'የማወቅ ጉጉት' እና 'የአዲስነት ጥቅም' ነው፣ እና ወደ ቀድሞው የዴይሊ ሄራልድ ስርጭት (1.2 ሚሊዮን) በጥቂት ሳምንታት ውስጥ አሽቆልቁሏል።",'ፖለቲካል አክራሪዎች'
ሌሎች አገልጋዮችን የመመደብ አቅም ያለው ማነው?,የኢስቶኒያ መንግስት (ኢስቶኒያ፡ ቫባሪጊ ቫሊቲሰስ) ወይም የስራ አስፈፃሚው አካል በኢስቶኒያ ጠቅላይ ሚኒስትር የተቋቋመ ሲሆን በፕሬዚዳንቱ ተመርጦ በፓርላማ የጸደቀ ነው። የኢስቶኒያ ህገ መንግስት እና የኢስቶኒያ ሪፐብሊክ ህጎችን መሰረት በማድረግ የመንግስት አስፈፃሚ ስልጣንን ይጠቀማል እና ጠቅላይ ሚኒስትሩን ጨምሮ አስራ ሁለት ሚኒስትሮችን ያቀፈ ነው። ጠቅላይ ሚኒስትሩ ሌሎች ሚኒስትሮችን የመሾም እና የሚመለከተውን ጉዳይ የመመደብ መብት አላቸው። እነዚህ ፖርትፎሊዮ የሌላቸው አገልጋዮች ናቸው - የሚቆጣጠሩት ሚኒስቴር የላቸውም።,ጠቅላይ ሚኒስትሩ
የለንደን ሙዚየሞች ታዋቂ የቱሪስት መዳረሻዎች ከመሆናቸው በተጨማሪ ለየትኛው እንቅስቃሴ ወሳኝ ሚና ይጫወታሉ?,ለንደን የበርካታ ሙዚየሞች፣ ጋለሪዎች እና ሌሎች ተቋማት መኖሪያ ነች፣ አብዛኛዎቹ ከመግቢያ ክፍያ ነፃ የሆኑ እና ዋና የቱሪስት መስህቦች እንዲሁም የምርምር ሚና የሚጫወቱ ናቸው። ከእነዚህ ውስጥ የመጀመሪያው የተቋቋመው በ1753 በብሉስበሪ የሚገኘው የብሪቲሽ ሙዚየም ነው ። በመጀመሪያ ጥንታዊ ቅርሶች ፣ የተፈጥሮ ታሪክ ናሙናዎች እና ብሔራዊ ቤተ-መጻሕፍት የያዘው ሙዚየሙ አሁን 7 ሚሊዮን ከዓለም ዙሪያ የተውጣጡ ቅርሶች አሉት። እ.ኤ.አ. በ1824 ብሔራዊ ጋለሪ የብሪቲሽ ብሔራዊ የምዕራባውያን ሥዕሎች ስብስብ እንዲኖር ተቋቋመ ። ይህ አሁን በትራፋልጋር አደባባይ ውስጥ ትልቅ ቦታ ይይዛል።,የምርምር
የኡራጓይ የቅርጫት ኳስ ሊግ ዋና መሥሪያ ቤት የት ነው?,"የኡራጓይ የቅርጫት ኳስ ሊግ ዋና መሥሪያ ቤቱን በሞንቴቪዴዮ የሚገኝ ሲሆን አብዛኛው ቡድኖቹ ከከተማው የመጡ ናቸው፣ ተከላካይ ስፖርቲንግ፣ ቢጉዋ፣ አጉዋዳ፣ ጎይስ፣ ማልቪን፣ ዩኒዮን አትሌቲካ እና ትሮቪል ይገኙበታል። ሞንቴቪዲዮ የራግቢ ማዕከል ነው; የ Maroñas Racecourse እንደገና ከተከፈተ በኋላ በሞንቴቪዲዮ አስፈላጊነትን ያተረፈ የፈረስ ግልቢያ; ጎልፍ, ክለብ ደ ፑንታ Carretas ጋር; እና ጀልባ መርከብ፣ ከፖርቶ ዴል ቡሴዮ ጋር፣ ጀልባዎችን ​​ለመግጠም ተስማሚ ቦታ። የፑንታ ካርሬታስ ጎልፍ ክለብ የተመሰረተው በ1894 በቡሌቫር አርቲጋስ፣ ራምብላ (የሞንቴቪዲዮ መራመጃ) እና ፓርኪ ሮዶ (አዝናኝ ትርዒት) በስተ ምዕራብ በኩል የተከበበውን አካባቢ ሁሉ ያጠቃልላል።",ሞንቴቪዲዮ
የቱክሰን ትምህርት ቤቶች ተማሪዎች በ Fiesta de los Vaqueros ለመሳተፍ ምን ያህል ጊዜ ይሰጣሉ?,በየካቲት ወር መጀመሪያ ላይ በቱክሰን ውስጥ የሚካሄደው ሌላው ታዋቂ ክስተት፣ በክረምት ጎብኚ ሌይትተን ክሬመር የተመሰረተው የ Fiesta de los Vaqueros ወይም የሮዲዮ ሳምንት ነው። በልቡ ውስጥ ፌስታ ስፖርታዊ እንቅስቃሴ ቢሆንም፣ “የዓለም ትልቁ ሜካናይዝድ ያልሆነ ሰልፍ” ተብሎ የሚጠራውን ያካትታል። አብዛኛዎቹ ትምህርት ቤቶች ከፕሬዝዳንቶች ቀን ይልቅ የሁለት የሮዲዮ ቀናት እረፍት ስለሚሰጡ የሮዲዮ ሰልፍ ተወዳጅ ክስተት ነው። ከዚህ የተለየው Presidio High (የህዝብ ያልሆነ ቻርተር ትምህርት ቤት) ነው፣ እሱም ሁለቱንም አያገኝም። በበዓል ቀን የድርጅት የአለባበስ ኮዶች ወደ ጎን ሲጣሉ የምዕራቡ ዓለም ልብስ በከተማው ውስጥ ይታያል። Fiesta de los Vaqueros በዩናይትድ ስቴትስ ውስጥ የሮዲዮ ወቅት መጀመሩን ያመለክታል።,የሁለት የሮዲዮ ቀናት እረፍት
የናስር ወንድሞች ሲሞቱ ስንት አመት ነበር?,እ.ኤ.አ. ሴፕቴምበር 28 ቀን 1970 ጉባኤው ሲዘጋ፣ የመጨረሻውን የአረብ መሪ ሸኝቶ ከሰአታት በኋላ፣ ናስር የልብ ድካም አጋጠመው። ወዲያው ወደ ቤቱ ተወሰደ፣ ሐኪሞቹም ይንከባከቡት ነበር። ናስር ከብዙ ሰዓታት በኋላ ከቀኑ 6፡00 ሰዓት አካባቢ ሞተ። ሄይካል፣ ሳዳት እና የናስር ሚስት ታሂያ በሞት አልጋ ላይ ነበሩ። እንደ ሃኪሙ አል-ሳዊ ሀቢቢ ገለጻ፣ የናስር ሞት መንስኤ አርቴሪዮስክለሮሲስ፣ ቫሪኮስ ደም መላሽ ደም መላሾች እና ለረጅም ጊዜ የቆየ የስኳር ህመም ችግሮች ናቸው። ናስር በጣም አጫሽ ነበር የቤተሰብ ታሪክ ያለው የልብ ህመም -ሁለት ወንድሞቹ በሀምሳዎቹ ውስጥ በተመሳሳይ ሁኔታ ሞተዋል። ናስር የጤንነት ሁኔታ ከመሞቱ በፊት ለህዝብ አይታወቅም ነበር። ከዚህ ቀደም በ1966 እና በሴፕቴምበር 1969 የልብ ህመም አጋጥሞት ነበር።,በሀምሳዎቹ ውስጥ
ቅዱስ ኒኮላስ በሳንታ ክላውስ የሚለብሰው ቀይ ቀለም በየትኛው ክፍለ ዘመን ነበር?,"ቀይ ቀለም ብዙውን ጊዜ ከደስታ እና ደህንነት ጋር የተያያዘ ነው. የአከባበር እና የአከባበር ቀለም ነው. የተከበሩ እንግዶችን ለመቀበል ቀይ ምንጣፍ ብዙውን ጊዜ ጥቅም ላይ ይውላል. ቀይ ደግሞ በኦፔራ ቤቶች እና ቲያትሮች ውስጥ የመቀመጫ ባህላዊ ቀለም ነው። ቀይ የአካዳሚክ ቀሚሶች በአዲስ የፍልስፍና ዶክተሮች በኦክስፎርድ ዩኒቨርሲቲ እና በሌሎች ትምህርት ቤቶች በዲግሪ ስነስርአት ይለብሳሉ። በቻይና የመልካም እድል እና የብልጽግና ቀለም ተደርጎ ይቆጠራል, እና በተለምዶ ሙሽራዎች የሚለብሱት ቀለም ነው. በክርስቲያን አገሮች ውስጥ, በተለምዶ የገና በዓል በሳንታ ክላውስ የሚለብሰው ቀለም ነው, ምክንያቱም በ4 ኛው ክፍለ ዘመን ታሪካዊው ቅዱስ ኒኮላስ በዘመናዊቷ ቱርክ ውስጥ የሚራ የግሪክ ክርስቲያን ጳጳስ ነበር, እና ጳጳሳት ቀይ ለብሰዋል.",በ4
ለምግብነት የሚውለው የጥጥ ዘር ምግብ ምንድነው?,"ጥጥ ከተፈጨ በኋላ የሚቀረው የጥጥ ዘር የጥጥ ዘር ዘይት ለማምረት ያገለግላል, ከተጣራ በኋላ እንደ ማንኛውም የአትክልት ዘይት በሰዎች ሊበላ ይችላል. በአጠቃላይ የተረፈው የጥጥ ዘር ምግብ ለከብት እርባታ ይመገባል; በምግብ ውስጥ የሚቀረው ጎሲፖል ለአንድ ነጠላ እንስሳት መርዛማ ነው። ከጥጥ የተሰሩ ቀፎዎች ለወተት ከብቶች ራሽን መጨመር ይቻላል. በአሜሪካ የባርነት ዘመን የጥጥ ሥር ቅርፊት በሕዝብ መድኃኒቶች ውስጥ እንደ ውርጃ፣ ማለትም የፅንስ መጨንገፍ እንዲፈጠር ይውል ነበር። ጎሲፖል በሁሉም የጥጥ ተክል ክፍሎች ውስጥ ከሚገኙት በርካታ ንጥረ ነገሮች አንዱ ሲሆን በሳይንቲስቶች 'መርዛማ ቀለም' ተብሎ ተገልጿል. በተጨማሪም የወንድ የዘር ፍሬን (sperm) እድገትን የሚገታ አልፎ ተርፎም የወንድ የዘር ፍሬን እንቅስቃሴ የሚገድብ ይመስላል። እንዲሁም አንዳንድ ሆርሞኖችን መውጣቱን በመገደብ የወር አበባ ዑደት ውስጥ ጣልቃ ይገባል ተብሎ ይታሰባል.",ለከብት እርባታ
በቾታ ሸለቆ ውስጥ ምን ያህል ህዝብ አለ?,በጣም ታዋቂው የካርኒቫል በዓላት በጓራንዳ (ቦሊቫር ግዛት) እና በአምባቶ (Tungurahua ግዛት) ውስጥ ናቸው። በአምባቶ ውስጥ በዓላት ፊስታ ዴ ላስ ፍሎሬስ ላስ ፍሩታስ (የአበቦች እና የፍራፍሬዎች በዓል) ይባላሉ። ሌሎች ከተሞች የካርኒቫል ወጎችን እንደ አዞጌስ (ካናር አውራጃ) ባሉ በቀለማት ያሸበረቁ ሰልፎችን አድሰዋል። በአዞጌስ እና በደቡባዊው አንዲስ በአጠቃላይ ታይታ ካርኒቫል ሁል ጊዜ ተወላጅ ካናሪ ነው። በቅርቡ በሲየራ ሰሜናዊ ክፍል በቾታ ሸለቆ ኢምባቡራ ውስጥ የጠንካራ የአፍሮ-ኢኳዶሪያን ህዝብ ዞን በሆነው በሴራ ሰሜናዊ ክፍል ታዋቂነት አግኝቷል እናም ካርኒቫል በቦምባ ዴልቾታ ሙዚቃ ይከበራል።,የአፍሮ-ኢኳዶሪያን
ናስር የጥቃቅን ጦር መሳሪያ ስርጭትን የፈቀደው ለማን ነው?,"የግብፅ ወታደሮች በትዕዛዝ እንዲወጡ ቢደረግም 2,000 የሚጠጉ የግብፅ ወታደሮች ከእስራኤላውያን ጋር በነበራቸው ግጭት የተገደሉ ሲሆን 5,000 የሚያህሉ የግብፅ ወታደሮች በእስራኤል ጦር ተማርከዋል። አመር እና ሳላህ ሳሌም የተኩስ አቁም ጥያቄ አቅርበው ነበር፣ ሳሌም በተጨማሪ ናስር እራሱን ለእንግሊዝ ጦር እንዲያስረክብ ሀሳብ አቀረበ። ናስር አመርን እና ሳሌምን ተሳደቡ እና ""ማንም አሳልፎ አይሰጥም"" ሲል ተሳለ። ናስር ወታደራዊ እዝ ያዘ። በሲና የተያዘችበት አንጻራዊ ቅለት ቢሆንም የናስር በአገር ውስጥም ሆነ በአረቦች ዘንድ ያለው ክብር አልተጎዳም። የግብፅን ጦር አፈጻጸም ሚዛን ለመጠበቅ ናስር ወደ 400,000 የሚጠጉ ጠመንጃዎች ለሲቪል በጎ ፈቃደኞች እንዲከፋፈሉ ፈቀደ እና በመቶዎች የሚቆጠሩ ሚሊሻዎች በመላው ግብፅ ተቋቁመዋል፣ ብዙዎቹም በናስር የፖለቲካ ተቃዋሚዎች ይመራሉ።",ለሲቪል በጎ ፈቃደኞች
የሙስሊም እምነትን ለማይከተሉ ምዕራባውያን ምን አይነት መግለጫ ነው የሚውለው?,"ልዩነት ባለበት ቦታ ናስራኒ ከክርስቲያን ባህል የመጡ ሰዎችን የሚያመለክት ሲሆን ማሺሂ ማለት ደግሞ በኢየሱስ ላይ ሃይማኖታዊ እምነት ያላቸው ማለት ነው። በአንዳንድ አገሮች ናስራኒ ሙስሊም ላልሆኑ ምዕራባውያን የውጭ አገር ዜጎች በአጠቃላይ ጥቅም ላይ ይውላል። ""ወርቃማ ሰዎች.""",ናስራኒ
ክትባት ለመስራት ቫይረሶች ባክቴሪያ የማይፈልጉት ምን ይፈልጋሉ?,"ተህዋሲያን በንጥረ-ምግብ ባህል ሚዲያ ላይ በቤተ ሙከራ ውስጥ ሊበቅሉ ይችላሉ, ነገር ግን ቫይረሶች የሚባዙባቸው ህይወት ያላቸው ሴሎች ያስፈልጋቸዋል. ለተላላፊ በሽታዎች ብዙ ክትባቶች በተቀቡ የዶሮ እንቁላል ውስጥ ሊበቅሉ ይችላሉ. በየዓመቱ በሚሊዮኖች የሚቆጠሩ እንቁላሎች ዓመታዊ የፍሉ ክትባት መስፈርቶችን ለማመንጨት ጥቅም ላይ ይውላሉ, ይህ ውስብስብ ሂደት በአዲሱ ክትባት ውስጥ ምን ዓይነት የቫይረስ ዓይነቶች እንደሚካተቱ ከተወሰነው ውሳኔ በኋላ ስድስት ወር ገደማ ይወስዳል. እንቁላልን ለዚህ አላማ የመጠቀም ችግር የእንቁላል አለርጂ ያለባቸው ሰዎች መከተብ ባለመቻላቸው ነው፣ ነገር ግን እንቁላልን መሰረት ባደረገ ባህል ሳይሆን ሴል ላይ የተመሰረተ አዲስ ቴክኒኮች ሲገኙ ይህ ጉዳቱ ሊወገድ ይችላል። በቂ መጠን ያለው ተስማሚ የጸዳ እና ለም እንቁላሎች ለማግኘት አስቸጋሪ በሚሆንበት ጊዜ ሴል ላይ የተመሰረተ ባህል በወረርሽኙ ወቅት ጠቃሚ ይሆናል።",ቫይረሶች የሚባዙባቸው ህይወት ያላቸው ሴሎች
በዩኬ ውስጥ በሌዘር ዲስክ እና በሌዘር ቪዥን መካከል ያለው ልዩነት ምን ነበር?,"ድምጽ በአናሎግ ወይም በዲጂታል ቅርጸት እና በተለያዩ የዙሪያ የድምፅ ቅርጸቶች ሊከማች ይችላል; NTSC ዲስኮች ሁለት የአናሎግ ኦዲዮ ትራኮችን እና ሁለት ያልተጨመቁ PCM ዲጂታል ኦዲዮ ትራኮችን ሊይዙ ይችላሉ፣ እነሱም (EFM፣ CIRC፣ 16-bit እና 44.056 kHz sample rate) ነበሩ። PAL ዲስኮች አንድ ጥንድ የኦዲዮ ትራኮችን ማለትም አናሎግ ወይም ዲጂታል መያዝ የሚችሉ ሲሆን በPAL ዲስክ ላይ ያሉት ዲጂታል ትራኮች በሲዲ ላይ እንዳሉት 16-ቢት 44.1 kHz; በዩኬ ውስጥ ""LaserVision"" የሚለው ቃል ከአናሎግ ድምጽ ጋር ዲስኮችን ለማመልከት ጥቅም ላይ ይውላል, ""LaserDisc"" ዲጂታል ድምጽ ላላቸው ደግሞ ጥቅም ላይ ይውላል. በሁለቱም ቅርጸቶች ያለው ዲጂታል የድምጽ ምልክት በሲዲ ውስጥ እንደ EFM የተመሰጠረ ነው። Dolby Digital (እንዲሁም AC-3 ተብሎም ይጠራል) እና DTS - አሁን በዲቪዲ አርእስቶች ላይ የተለመዱ - በመጀመሪያ በLaserDisc ላይ መገኘት ጀመሩ እና በጃፓን ውስጥ በLaserDisc ላይ የተለቀቀው Star Wars: Episode I - The Phantom Menace (1999) ከሚከተሉት ውስጥ አንዱ ነው። 6.1 ቻናል Dolby Digital EX Surroundን ለማካተት የመጀመሪያ የቤት ቪዲዮ ተለቋል። ከዲቪዲዎች በተለየ፣ የዶልቢ ዲጂታል ኦዲዮን በዲጂታል መልክ፣ LaserDiscs Dolby Digital በመደበኛነት ለአናሎግ ኦዲዮ ጥቅም ላይ በሚውል ትራክ ውስጥ በድግግሞሽ የተቀየረ ቅጽ ያከማቻል። Dolby Digital ከLaserDisc ማውጣት ልዩ የ""AC-3 RF"" ውፅዓት የተገጠመለት ተጫዋች እና ከAC-3 ዲኮደር በተጨማሪ ውጫዊ ዲሞዲተር ያስፈልገዋል። ዲኮዲተሩ በ2.88 ሜኸር የተቀየረ AC-3 መረጃን በዲስኩ ላይ ወደ 384 kbit/s ሲግናል ለመቀየር ዲኮዲተሩ አስፈላጊ ነበር። DTS ኦዲዮ, በዲስክ ላይ ሲገኝ, የዲጂታል የድምጽ ትራኮችን ተክቷል; የዲቲኤስ ድምጽ መስማት የሚፈልገው ከዲቲኤስ ዲኮደር ጋር የሚስማማ ዲጂታል ግንኙነት ብቻ ነው።","""LaserVision"" የሚለው ቃል ከአናሎግ ድምጽ ጋር ዲስኮችን ለማመልከት ጥቅም ላይ ይውላል, ""LaserDisc"" ዲጂታል ድምጽ ላላቸው ደግሞ ጥቅም ላይ"
ማን ጥቃት በሆንግሴንግ ላይ ድል አስገኝቷል?,"በየካቲት ወር መጀመሪያ ላይ የደቡብ ኮሪያ 11ኛ ክፍለ ጦር በደቡብ ኮሪያ የሚገኙትን ሽምቅ ተዋጊዎችን እና ደጋፊ ዜጎቻቸውን ለማጥፋት ኦፕሬሽኑን አካሄደ። በቀዶ ጥገናው ወቅት ክፍሉ እና ፖሊስ የጂኦቻንግ እልቂት እና የሳንቼኦንግ-ሃሚያንግ እልቂት ፈጽመዋል። እ.ኤ.አ. በየካቲት ወር አጋማሽ ላይ PVA በአራተኛው ደረጃ አፀያፊ መልሶ ማጥቃት እና በሆንግሴንግ የመጀመሪያ ድል አስመዝግቧል። ነገር ግን ጥቃቱ ብዙም ሳይቆይ በIX Corps ቦታዎች በቺፕዮንግ-ኒ መሃል ላይ ደበዘዘ። የዩኤስ 2ኛ እግረኛ ክፍል እና የፈረንሳይ ሻለቃ ክፍል የአጥቂውን ፍጥነት የሰበረ አጭር ግን ተስፋ አስቆራጭ ጦርነት ተዋግተዋል። ጦርነቱ አንዳንድ ጊዜ የኮሪያ ጦርነት ጌቲስበርግ በመባል ይታወቃል። ጦርነቱ 5,600 የኮሪያ፣ የአሜሪካ እና የፈረንሣይ ወታደሮች በቁጥር የላቀውን የቻይና ጦር ድል አድርገዋል። በሁሉም አቅጣጫ የተከበበው የዩኤስ 2ኛ እግረኛ ክፍል ተዋጊ ዲቪዚዮን 23ኛ ሬጅሜንታል ተዋጊ ቡድን ከተያያዘ የፈረንሳይ ሻለቃ ጋር ከ25,000 በላይ የቻይና ኮሚኒስት ሀይሎች ተከቧል። የተባበሩት መንግስታት ሃይሎች ከዚህ ቀደም ከመጥፋት ይልቅ ትላልቅ የኮሚኒስት ሃይሎችን ፊት ለፊት አፈግፍገው ነበር ነገርግን በዚህ ጊዜ ቆመው በ15 ለ 1 በተቃርኖ ተዋጉ።",PVA
የወፍ ኮክልያ የት ነው የሚገኘው?,"ብዙ ወፎች በሰው ዓይን የማይታዩ በአልትራቫዮሌት ውስጥ ላባ ቅጦችን ያሳያሉ; ጾታቸው ከእራቁት ዓይን ጋር ተመሳሳይ የሆኑ አንዳንድ ወፎች በላባ ላይ በአልትራቫዮሌት አንጸባራቂ ነጠብጣቦች ተለይተዋል። ወንድ ሰማያዊ ቲቶች የአልትራቫዮሌት አንጸባራቂ ዘውድ ጠጋኝ አላቸው ይህም በፍቅረኛሞች ላይ የላባ ላባቸውን በመለጠፍ እና ከፍ በማድረግ ይታያል። አልትራቫዮሌት ብርሃን በመኖ ውስጥም ጥቅም ላይ ይውላል— kestrels በአይጦች መሬት ላይ የቀረውን የአልትራቫዮሌት አንጸባራቂ የሽንት መሄጃ ምልክቶችን በመለየት አዳኝን ለመፈለግ ታይቷል። የአእዋፍ የዐይን ሽፋኖች ብልጭ ድርግም በሚሉበት ጊዜ ጥቅም ላይ አይውሉም. በምትኩ አይን በኒክቲቲንግ ሽፋን፣ በአግድም በሚንቀሳቀስ ሶስተኛው የዐይን ሽፋን ይቀባል። የኒክቲቲንግ ሽፋኑም ዓይንን ይሸፍናል እና በብዙ የውኃ ውስጥ ወፎች ውስጥ እንደ የመገናኛ መነፅር ይሠራል. የወፍ ሬቲና የደጋፊ ቅርጽ ያለው የደም አቅርቦት ስርዓት pecten ይባላል። አብዛኛዎቹ ወፎች ዓይኖቻቸውን ማንቀሳቀስ አይችሉም, ምንም እንኳን ልዩ ሁኔታዎች ቢኖሩም, ለምሳሌ እንደ ታላቁ ኮርሞር. በጭንቅላታቸው ላይ አይን ያላቸው ወፎች ሰፊ የእይታ መስክ ሲኖራቸው እንደ ጉጉት ያሉ በራሶቻቸው ፊት ላይ አይን ያላቸው ወፎች ሁለትዮሽ እይታ አላቸው እናም የመስክን ጥልቀት መገመት ይችላሉ። የአእዋፍ ጆሮ ውጫዊ የፒኒዎች እጥረት የለውም ነገር ግን በላባ የተሸፈነ ነው, ምንም እንኳን በአንዳንድ ወፎች ለምሳሌ እንደ አሲዮ, ቡቦ እና ኦውስ ጉጉቶች እነዚህ ላባዎች ጆሮ የሚመስሉ ጉጦች ይፈጥራሉ. የውስጥ ጆሮ ኮክልያ አለው, ነገር ግን እንደ አጥቢ እንስሳት ጠመዝማዛ አይደለም.",የውስጥ ጆሮ
በመሐመድ ርስት ላይ በተነሳ ክርክር ምን ታላቅ መለያየት ሆነ?,በሺዓ እስላም (ሺዓ) ውስጥ፣ የተለያዩ ክፍሎች የተፈጠሩት በኢማሞቻቸው ውርስ ላይ ልዩነት ስለነበራቸው ነው፣ ልክ እንደ ሺዓ - የሱኒ መለያየት በራሱ እስልምና ውስጥ መሐመድን በመተካት ላይ በተነሳው አለመግባባት እንደተፈጠረ ሁሉ። እያንዳንዱ የመተካካት ክርክር በሺዓ እስልምና ውስጥ የተለየ ታሪቃ (በቀጥታ 'መንገድ'፣ የተዘረጋ ትርጉም 'ኑፋቄ') አመጣ። እያንዳንዱ የሺዓ ተሪቃ የራሱን የተለየ የኢማም ስርወ መንግስት በመከተል ለእያንዳንዱ የሺዓ ታሪቃ የተለያዩ ኢማሞችን አስገኝቷል። የመለያየት ተተኪ ኢማም ሥርወ መንግሥት መስመር ሲያበቃ እሳቸው (የመጨረሻው ኢማም) ወይም ያልተወለዱ ተተኪው ወደ መደበቂያው ገብተዋል ማለትም ምሥጢረ ሥጋዌ ነው።,ሺዓ - የሱኒ
The Grand Design ማን ጻፈው?,እስጢፋኖስ ሃውኪንግ እና ተባባሪው ሊዮናርድ ሞልዲኖው ዘ ግራንድ ዲዛይን በተሰኘው መጽሐፋቸው ላይ እንደገለፁት አጽናፈ ሰማይን ማን ወይም ምን ፈጠረው ብሎ መጠየቅ ምክንያታዊ ነው፣ ነገር ግን መልሱ እግዚአብሔር ከሆነ፣ ጥያቄው እግዚአብሔርን ወደ ማን ፈጠረው የሚለው ብቻ ነው። . ሁለቱም ደራሲዎች ግን እነዚህን ጥያቄዎች በሳይንስ መስክ ውስጥ ብቻ እና ማንኛውንም መለኮታዊ ፍጡራን ሳይጠሩ መመለስ እንደሚቻል ይናገራሉ። የነርቭ ሳይንቲስት ሚካኤል ኒኮሌቴስ ስለ አምላክ መኖር የሚነሱ ጥያቄዎች ከተፈጥሮ ሳይንስ ጥያቄዎች የተለዩ አይደሉም። ባዮሎጂካል ንጽጽር አቀራረብን በመከተል፣ እግዚአብሔር የመኖር እድሉ ከፍተኛ ነው ብሎ ይደመድማል፣ እና ምንም እንኳን ባይታይም፣ አንዳንድ ባህሪያቱን እናውቃለን።,እስጢፋኖስ ሃውኪንግ እና ተባባሪው ሊዮናርድ ሞልዲኖው ዘ
የፕላስቲክ capacitors በተለይ ለየትኛው አይነት ወረዳ ጠቃሚ ናቸው?,"ወረቀት፣ ፕላስቲክ፣ ብርጭቆ፣ ማይካ እና የሴራሚክ ቁሶችን ጨምሮ በርካታ ጠንካራ ዳይኤሌክትሪክ መሳሪያዎች አሉ። ወረቀት በአሮጌ መሳሪያዎች ውስጥ በስፋት ጥቅም ላይ የዋለ ሲሆን በአንጻራዊነት ከፍተኛ የቮልቴጅ አፈፃፀም ያቀርባል. ይሁን እንጂ ለውሃ መሳብ የተጋለጠ ነው, እና በአብዛኛው በፕላስቲክ ፊልም መያዣዎች ተተክቷል. ፕላስቲኮች የተሻለ መረጋጋት እና የእርጅና አፈፃፀምን ያቀርባሉ, ይህም በሰዓት ቆጣሪ ወረዳዎች ውስጥ ጠቃሚ ያደርጋቸዋል, ምንም እንኳን በዝቅተኛ የሙቀት መጠን እና ድግግሞሽ የተገደቡ ሊሆኑ ይችላሉ. የሴራሚክ ማጠራቀሚያዎች በአጠቃላይ ትንሽ፣ርካሽ እና ለከፍተኛ ፍሪኩዌንሲ አፕሊኬሽኖች ጠቃሚ ናቸው፣ ምንም እንኳን አቅማቸው በቮልቴጅ በጣም ቢለያይም እና እድሜያቸው አናሳ ነው። እነሱ በሰፊው እንደ ክፍል 1 ዳይኤሌክትሪክ ተመድበዋል ፣ ሊገመት የሚችል የአቅም ልዩነት ከሙቀት ወይም ክፍል 2 ዳይኤሌክትሪክ ጋር ፣ ይህም በከፍተኛ የቮልቴጅ ሊሠራ ይችላል። የብርጭቆ እና ሚካ ማቀፊያዎች እጅግ በጣም አስተማማኝ፣የተረጋጉ እና ለከፍተኛ ሙቀት እና ቮልቴጅ ታጋሽ ናቸው፣ነገር ግን ለአብዛኛዎቹ ዋና ዋና አፕሊኬሽኖች በጣም ውድ ናቸው። ኤሌክትሮሊቲክ ኮንዲሽነሮች እና ሱፐርካፓሲተሮች አነስተኛ እና ትልቅ መጠን ያለው ኃይልን ለማከማቸት ያገለግላሉ, በቅደም ተከተል, የሴራሚክ ማጠራቀሚያዎች ብዙውን ጊዜ በresonators ውስጥ ጥቅም ላይ ይውላሉ, እና የጥገኛ capacitance ቀላል የኦርኬስትራ-ኢንሱሌተር-ኮንዳክተር መዋቅር በወረዳው አቀማመጥ ውቅር ሳይታሰብ በተሰራበት ወረዳዎች ውስጥ ይከሰታል. .",በሰዓት ቆጣሪ ወረዳዎች
የጥርጣሬ ጥላ በየትኛው አመት ተመረተ?,በጦርነቱ ዓመታት ዩኒቨርሳል ከፕሮዲዩሰር ዋልተር ቫንገር እና ከባልደረባው ዳይሬክተር ፍሪትዝ ላንግ ጋር፣ ለስቱዲዮው የተወሰነ መጠን ያለው የክብር ፕሮዳክሽን አበድረው ነበር። የዩኒቨርሳል ዋና ተመልካቾች በሰፈር ሲኒማ ቤቶች ውስጥ አሁንም ተገኝቷል፣ እና ስቱዲዮው ዝቅተኛ እና መካከለኛ በጀት ባላቸው ፊልሞች ህዝቡን ማስደሰት ቀጠለ። ባሲል ራትቦን እና ኒጄል ብሩስ በአዲስ ሸርሎክ ሆምስ ሚስጥሮች (1942–46)፣ በአሥራዎቹ ዕድሜ ውስጥ ያሉ ሙዚቃዎች ከግሎሪያ ዣን፣ ዶናልድ ኦኮንኖር እና ፔጊ ራያን (1942–43) እና የሬዲዮ ውስጣዊ ሳንክተም ሚስጥሮችን ከሎን ቻኒ፣ ጁኒየር ጋር ስክሪን ማላመድ። (1943-45) አልፍሬድ ሂችኮክ ከሴልዝኒክ ኢንተርናሽናል ፒክቸርስ ሳቦተር (1942) እና የጥርጣሬ ጥላ (1943) ለሁለት ፊልሞች ተበድሯል።,ጥላ (1943)
ከ2008 ጀምሮ የዩቲዩብ ቪዲዮዎችን መፈለግ እና ማጫወት የቻለው አገልግሎት የትኛው ነው?,"በጁላይ 2008 የቲቮ አገልግሎት ማሻሻያ ስርዓቱ የዩቲዩብ ቪዲዮዎችን እንዲፈልግ እና እንዲያጫውት አስችሎታል። በጃንዋሪ 2009 ዩቲዩብ ""ዩቲዩብ ለቲቪ"" ን ጀምሯል የድረ-ገጹ ስሪት ለሴት-ቶፕ ሳጥኖች እና ሌሎች በቲቪ ላይ የተመሰረቱ የሚዲያ መሳሪያዎች ከድር አሳሾች ጋር፣ መጀመሪያ ላይ ቪዲዮዎቹ በPlayStation 3 እና Wii የቪዲዮ ጌም ኮንሶሎች ላይ እንዲታዩ ፈቅዶላቸዋል። . በሰኔ 2009፣ YouTube XL ተጀመረ፣ እሱም ቀለል ያለ በይነገጽ በመደበኛ የቴሌቪዥን ስክሪን ላይ ለማየት ተዘጋጅቷል። YouTube በXbox Live ላይ እንደ መተግበሪያም ይገኛል። እ.ኤ.አ. በኖቬምበር 15፣ 2012 ጎግል ለWii ይፋዊ መተግበሪያን ጀምሯል፣ ይህም ተጠቃሚዎች የዩቲዩብ ቪዲዮዎችን ከWii ቻናል እንዲመለከቱ ያስችላቸዋል። አንድ መተግበሪያ ለዊ ዩ እና ኔንቲዶ 3DSም አለ፣ እና ቪዲዮዎች HTML5 ን ተጠቅመው በWii U Internet Browser ላይ ሊታዩ ይችላሉ። ጎግል ዩቲዩብን በRoku ማጫወቻ በዲሴምበር 17፣ 2013 እና በጥቅምት 2014 በSony PlayStation 4 ላይ እንዲገኝ አድርጓል።",የቲቮ
በ 1516 የዊልያም አራተኛ ርዕስ ምን ነበር?,እ.ኤ.አ. በ1516 የባቫሪያው መስፍን ዊልያም አራተኛ ሬይንሄትስጌቦትን (የንፅህና ህግን) ተቀበለ ፣ ምናልባትም በ21 ኛው ክፍለዘመን ውስጥ አሁንም ጥቅም ላይ የዋለ ጥንታዊ የምግብ ጥራት ደንብ ፣ በዚህ መሠረት የቢራ ብቸኛው የተፈቀደው ውሃ ፣ ሆፕ እና ገብስ - ብቅል ናቸው ። . ከኢንዱስትሪ አብዮት በፊት የሚመረተው ቢራ በአገር ውስጥ ተሠርቶ መሸጥ ቀጠለ፣ ምንም እንኳን በ7ኛው መቶ ክፍለ ዘመን ቢራ በአውሮፓ ገዳማት እየተመረተ ይሸጥ ነበር። በኢንዱስትሪ አብዮት ወቅት የቢራ ምርት ከእጅ ጥበብ ወደ ኢንዱስትሪ ማምረቻ ተሸጋግሯል እና የሀገር ውስጥ ምርት በ19 ኛው ክፍለ ዘመን መገባደጃ ላይ ጠቃሚነቱ አቆመ። የሃይድሮሜትሮች እና ቴርሞሜትሮች እድገት ጠማቂው ሂደቱን የበለጠ እንዲቆጣጠር እና ስለ ውጤቱ የበለጠ እውቀት እንዲኖረው በማድረግ የቢራ ጠመቃን ለውጦታል።,የባቫሪያው መስፍን
በቱቫሉአን ሕንፃ ውስጥ ምን የግንባታ ገፅታ የጎደለው ነበር?,"የቱቫሉ ባህላዊ ህንጻዎች እፅዋትን እና ዛፎችን ከአገሬው የብሮድሊፍ ደን ተጠቅመዋል። Ngia ወይም Ingia ቁጥቋጦ, (ፔምፊስ አሲድላላ); ሚሮ, (ቴሴሲያ ፑልፔኒያ); ቶንጋ, (Rhizophora mucronata); ፋው ወይም ፎ ፋፊኒ፣ ወይም የሴት ፋይበር ዛፍ (Hibiscus tiliaceus)። እና ፋይበር ከ: ኮኮናት; ፌራ, ተወላጅ በለስ (Ficus aspem); ፋላ፣ ስክሩ ጥድ ወይም ፓንዳኑስ። ህንጻዎቹ ያለሚስማር የተገነቡ ሲሆን የተገረፉና የተገረፉ ከደረቀ የኮኮናት ፋይበር በእጅ በተሰራ በተለጠፈ የሰኒት ገመድ ታስረዋል።",ዛፎችን
የማንነት ስኬት ከየትኛው እድሜ በፊት እምብዛም አይከሰትም?,ከአሁን ጀምሮ የተደረገ ጥናት እንደሚያሳየው ራስን መመርመር ከጉርምስና መጀመሪያ ጀምሮ ነው፣ ነገር ግን የማንነት ግኝቶች ከ18 ዓመት በፊት እምብዛም አይገኙም። የኮሌጅ የመጀመሪያ አመት በማንነት እድገት ላይ ከፍተኛ ተጽዕኖ ያሳድራል፣ ነገር ግን ቀደም ሲል የገቡትን ቃል ኪዳኖች እንደገና እንዲመረምሩ እና ተጨማሪ አማራጮችን ያለ ማበረታቻ በማበረታታት የስነ-ልቦና-ማህበራዊ እንቅስቃሴን ሊያራዝም ይችላል። መፍትሄ. በአብዛኛው፣ ማስረጃዎች የኤሪክሰንን ደረጃዎች ደግፈዋል፡ እያንዳንዱም በመጀመሪያ ከተነበየው የስብዕና ባህሪያት ጋር ይዛመዳል። ጥናቶችም የደረጃዎቹን አለመረጋጋት ያረጋግጣሉ; በማንነት ልማት የመጨረሻ የመጨረሻ ነጥብ የለም።,ከ18
ፎርት አምስተርዳም የተገነባው በየትኛው ደሴት ላይ ነው?,በኒው ኔዘርላንድ ውስጥ ቋሚ የአውሮፓ መገኘት በ1624 ተጀመረ - ኒው ዮርክን በአህጉራዊ ዩናይትድ ስቴትስ 12 ኛውን ያለማቋረጥ በአውሮፓ የተቋቋመ ሰፈራ በማድረግ - በገዢዎች ደሴት ላይ የደች ፀጉር ንግድ ሰፈራ በመመስረት። በ1625፣ በኋላም ኒው አምስተርዳም (ኒው አምስተርዳም) ተብሎ በሚጠራው በማንሃተን ደሴት በሚገኘው ግንብ እና ፎርት አምስተርዳም ላይ ግንባታ ተጀመረ። የኒው አምስተርዳም ቅኝ ግዛት በጣቢያው ላይ ያተኮረ ሲሆን ይህም በመጨረሻ የታችኛው ማንሃተን ይሆናል። የደች ቅኝ ገዥ ዋና ዳይሬክተር ፒተር ሚኑይት የማንሃታንን ደሴት በ1626 የሌናፔ ትንሽ ባንድ ከCanarsie ገዙት በ60 ጊልደር ዋጋ (በ2006 1000 ዶላር ገደማ)። የተሳሳተ አፈ ታሪክ ማንሃታን በ24 ዶላር የመስታወት ዶቃዎች ተገዝቷል ይላል።,በማንሃተን ደሴት
'እውነተኛ ፍቅር' መቼ ተለቀቀ?,የብሮንክስ ተወላጅ የሆነው የናንሲ ሳቮካ እ.ኤ.አ. በ1989 የሰራችው እውነተኛ ፍቅር የተሰኘው አስቂኝ ፊልም ከሠርጋቸው በፊት ባሉት ቀናት ውስጥ ሁለት ጣሊያናዊ-አሜሪካውያን የብሮንክስ ፍቅረኞችን ይዳስሳል። አናቤላ ስሲዮራ እና ሮን ኤልዳርድን እንደ ታጨች ጥንዶች ያቀረበው ፊልሙ የዛን አመት የሰንዳንስ ፊልም ፌስቲቫል ላይ የግራንድ ጁሪ ሽልማት አሸንፏል። የሲቢኤስ ቴሌቪዥን ሲትኮም ቤከር፣ 1998–2004፣ የበለጠ አሻሚ ነበር። ትዕይንቱ ቴድ ዳንሰንን በዶ/ር ጆን ቤከር ኮከብ አድርጎታል፣ ትንሽ ልምምድ የሚሰራ ዶክተር እና በታካሚዎቹ፣ የስራ ባልደረቦቹ፣ ጓደኞቹ እና በተግባር ሁሉም ነገር እና በእሱ አለም ውስጥ ያሉ ሌሎች ሰዎች ያለማቋረጥ ይናደዱ ነበር። በብሮንክስ ውስጥ በሚገኝ ትንሽ ክሊኒክ ውስጥ እንደ ዶክተር ሆኖ የዕለት ተዕለት ህይወቱን አሳይቷል.,በ1989 የሰራችው እውነተኛ ፍቅር
ዶርጎን በጁላይ 1645 ምን አወጀ?,"የዶርጎን አወዛጋቢው የጁላይ 1645 አዋጅ (""የጸጉር አቆራረጥ ትእዛዝ"") ጎልማሳ የሃን ቻይናውያን ወንዶች የራሶቻቸውን ፊት ተላጭተው የቀረውን ፀጉር በማንቹ ሰዎች በሚለብሱት ወረፋ የፀጉር አሠራር ውስጥ እንዲፋፉ አስገድዷቸዋል, በሞት ህመም. የትእዛዙ ታዋቂው መግለጫ ""ፀጉርን ለመጠበቅ, ጭንቅላትን ታጣለህ, ጭንቅላትን ለመጠበቅ, ፀጉርን ትቆርጣለህ."" ለማንቹስ፣ ይህ ፖሊሲ ታማኝነትን የሚፈትን እና ወዳጅን ከጠላት ለመለየት የሚረዳ ነበር። ለሀን ቻይናውያን ግን ባህላዊ የኮንፊሽያውያን እሴቶችን የሚገዳደር የኪንግ ባለስልጣን አሳፋሪ ማሳሰቢያ ነበር። ክላሲክ ኦፍ ፊሊያል ፒቲ (Xiaojing) ""የአንድ ሰው አካል እና ፀጉር ከወላጆች የተሰጡ ስጦታዎች ስለሆኑ መጎዳት የለባቸውም"" ሲል ገልጿል። በሚንግ ሥርወ መንግሥት ሥር፣ አዋቂ ወንዶች ፀጉራቸውን አይቆርጡም ነገር ግን በከፍታ ቋጠሮ መልክ ይለብሱ ነበር። ትዕዛዙ በጂያንግናን የኪንግ አገዛዝ ላይ ጠንካራ ተቃውሞ እና በሃን ቻይንኛ ላይ ከፍተኛ ግድያ አስከትሏል። ወረፋውን ለመልበስ ፈቃደኛ ባልሆኑ ሰዎች ላይ የጅምላ ጭፍጨፋ የፈጸሙት የሃን ቻይናውያን ከድተው የመጡ ናቸው።... ሚንግን ሲያገለግል የነበረው የሃን ቻይናዊ ጄኔራል ግን ለኪንግ እጅ የሰጠ ሊ ቼንግዶንግ የሃን ወታደሮቹን በሦስት የተለያዩ የጅምላ ጭፍጨፋዎች እንዲፈጽም አዘዘ። በአንድ ወር ጊዜ ውስጥ ጂያዲንግ በአስር ሺዎች የሚቆጠሩ ሞት አስከትሏል። በሦስተኛው እልቂት መጨረሻ ላይ፣ በዚህች ከተማ ውስጥ አንድም በሕይወት የተረፈ ሰው አልነበረም። ጂያንግዪን ወደ 10,000 የሚጠጉ የሃን ቻይናውያን ቺንግ ወታደሮችን ለ83 ቀናት ዘምታለች። በመጨረሻ ጥቅምት 9 ቀን 1645 የከተማዋ ግንብ ሲፈርስ የሃን ቻይናዊው ቺንግ ጦር በሃን ቻይናዊው ሚንግ ከድተኛ ሊዩ ሊያንግዙዎ (劉良佐) የሚመራው “ሰይፍህን ከመሸልህ በፊት ከተማዋን በሬሳ እንድትሞላ” ትእዛዝ ተሰጥቶት ነበር ። ከ74,000 እስከ100,000 የሚደርሱ ሰዎችን ገደለ። ወረፋው ቺንግ በጋራ የሃን ህዝብ ላይ ያስገደደው የማንቹ ባህል ብቸኛው ገጽታ ነበር። ቺንግ እንደ ባለስልጣን የሚያገለግሉ ሰዎች የማንቹ ልብስ እንዲለብሱ አስፈልጓቸዋል፣ ነገር ግን ኦፊሴላዊ ያልሆኑ የሃን ሲቪሎች ሀንፉ (የሃን ልብስ) ለብሰው እንዲቀጥሉ ፈቅዶላቸዋል።","(""የጸጉር አቆራረጥ ትእዛዝ"") ጎልማሳ"
የአሜሪካን ክላሲካል ማንዶሊን ማህበር ማን አገኘ?,"የማንዶሊን ኦርኬስትራዎች ግን ሙሉ በሙሉ አልጠፉም. እንደ እውነቱ ከሆነ ማንዶሊን ከተካተቱት ሌሎች የሙዚቃ ዓይነቶች ጋር፣ የማንዶሊን ስብስብ (ቡድኖች ብዙውን ጊዜ እንደ ዘመናዊ ሲምፎኒ ኦርኬስትራ ሕብረቁምፊ ክፍል ይደረደራሉ ፣ በመጀመሪያ ማንዶሊንስ ፣ ሁለተኛ ማንዶሊን ፣ ማንዶላ ፣ ማንዶሴሎስ ፣ ማንዶ-ባስ እና ጊታር) ። , እና አንዳንድ ጊዜ በሌሎች መሳሪያዎች ተጨምሯል) በታዋቂነት ማደጉን ይቀጥላል. ከዘጠናዎቹ አጋማሽ ጀምሮ፣ በዓይነቱ የመጀመሪያው የሆነው Fretworks ማንዶሊን እና ጊታር ኦርኬስትራን ጨምሮ በርካታ የህዝብ ትምህርት ቤቶች ማንዶሊን ላይ የተመሰረቱ የጊታር ፕሮግራሞች በሀገሪቱ ዙሪያ አብቅለዋል። በኖርማን ሌቪን የተመሰረተው የአሜሪካ ክላሲካል ማንዶሊን ሶሳይቲ ብሄራዊ ድርጅት እነዚህን ቡድኖች ይወክላል። በጥንታዊው የሙዚቃ ወግ ውስጥ ለማንዶሊን ታዋቂ የሆኑ ዘመናዊ ማንዶሊንስቶች እና አቀናባሪዎች ሳሙኤል ፈርስትማን፣ ሃዋርድ ፍሪ፣ ሩዲ ሲፖላ፣ ዴቭ አፖሎን፣ ኒል ግላድ፣ ኢቫን ማርሻል፣ ማሪሊን ማየር እና ማርክ ዴቪስ (የማየር-ዴቪስ ዱዎ)፣ ብሪያን እስራኤል፣ ዴቪድ ኢቫንስ፣ Emanuil Shynkman, Radim Zenkl, David Del Tredici እና Ernst Krenek.",በኖርማን ሌቪን
የጳውሎስ ቪ መክብብ ሳንክቴ መቼ ወጣ?,ፖል ስድስተኛ ከሰማንያ በታች የሆኑ ካርዲናሎች በወደፊት ጉባኤዎች እንዲሳተፉ በማዘዝ የጳጳሳዊ ምርጫን አብዮቷል። እ.ኤ.አ. ነሐሴ 6 ቀን 1966 በተካሔደው መክብብ ሳንክቴ ውስጥ፣ ሁሉም ጳጳሳት የ75ኛ አመታቸውን ካጠናቀቁ በኋላ ጡረታቸውን ለጵጵስና እንዲያቀርቡ ጋብዟል። ይህ መስፈርት በኅዳር 21 ቀን 1970 ለሁሉም የካቶሊክ ቤተ ክርስቲያን ካርዲናሎች ተዘረጋ። በእነዚህ ሁለት ድንጋጌዎች፣ ርዕሰ ሊቃነ ጳጳሳቱ ብዙ ቦታዎችን በትናንሽ ጳጳሳት እና ካርዲናሎች በመሙላት፣ እና በእድሜ ምክንያት በርካታ የሥራ መልቀቂያዎችን ግምት ውስጥ በማስገባት የሮማን ኩሪያን የበለጠ ዓለም አቀፍ አደረገ።,ኩሪያን የበለጠ ዓለም
የፓልማ ቤተሰብ ምን ለመወሰን ወደ አንታርክቲካ ተላከ?,ኤሚሊዮ ማርኮስ ፓልማ ከ60ኛው ትይዩ ደቡብ ደቡብ (በአንታርክቲክ ውል መሠረት አህጉራዊ ወሰን) እንዲሁም በአንታርክቲክ ዋና መሬት ላይ በ1978 በቤዝ ኢስፔራንዛ በአንታርክቲክ ባሕረ ገብ መሬት ጫፍ ላይ የተወለደ የመጀመሪያው ሰው ነው። ; አህጉሪቱ ለቤተሰብ ሕይወት ተስማሚ መሆን አለመሆኗን ለመወሰን ወላጆቹ ከሌሎች ሰባት ቤተሰቦች ጋር በአርጀንቲና መንግሥት ወደዚያ ተልከዋል። እ.ኤ.አ. በ1984 ጁዋን ፓብሎ ካማቾ በፍሬይ ሞንታልቫ ጣቢያ ተወለደ ፣ በአንታርክቲካ የተወለደ የመጀመሪያው ቺሊ ሆነ። በአሁኑ ጊዜ በጣቢያው ውስጥ ትምህርት ቤቶች የሚማሩ ልጆች ያሏቸው ቤተሰቦች በርካታ ቤዝ ቤቶች ይገኛሉ። እ.ኤ.አ. ከ2009 ጀምሮ አስራ አንድ ልጆች በአንታርክቲካ (በደቡብ ከ60 ኛው ትይዩ ደቡብ) ተወለዱ፡ ስምንት በአርጀንቲና ኢስፔራንዛ ቤዝ እና ሶስት በቺሊ ፍሪ ሞንታልቫ ጣቢያ።,ለቤተሰብ ሕይወት ተስማሚ
Eugen Bohm ከየትኞቹ የሃይክ አያቶች ጋር ጓደኛሞች ነበሩ?,"የአባቱ የዩንቨርስቲ መምህርነት ስራ በፍሬድሪች ግብ ላይ ተጽዕኖ አሳድሯል። ፍሪድሪች እንዲያውቃቸው ለረጅም ጊዜ የኖሩት ሁለቱም አያቶቹ ምሁራን ነበሩ። ፍራንዝ ቮን ጁራሼክ በኦስትሪያ-ሃንጋሪ መሪ ኢኮኖሚስት እና የኦስትሪያ ኢኮኖሚክስ ትምህርት ቤት መስራቾች አንዱ የሆነው የኡገን ቦህም ቮን ባወርቅ የቅርብ ጓደኛ ነበር። ቮን ጁራሼክ የስታቲስቲክስ ባለሙያ ነበር እና በኋላ በኦስትሪያ መንግስት ተቀጠረ። የፍሪድሪች አባት አያት ጉስታቭ ኤድለር ቮን ሃይክ በቪየና በሚገኘው ኢምፔሪያል ሪሎበርግሚናሲየም (ሁለተኛ ደረጃ ትምህርት ቤት) የተፈጥሮ ሳይንስ አስተምረዋል። በባዮሎጂ ውስጥ ስልታዊ ስራዎችን ጻፈ, አንዳንዶቹ በአንፃራዊነት የታወቁ ናቸው.",ፍራንዝ ቮን ጁራሼክ
እ.ኤ.አ. በ 2014 ኢራን ለጦር መሣሪያ ወጪዎች ምን ያህል ወጪ አድርጋለች?,"ኢራን 90,000 የሚጠጉ የሙሉ ጊዜ እና ንቁ የደንብ ልብስ የለበሱ አባላትን ያካተተ ባሲጅ የሚባል በIRGC ውስጥ የበጎ ፈቃደኞች የሚሊሺያ ጦር አላት። እስከ11 ሚሊዮን የሚደርሱ ወንዶችና ሴቶች ለአገልግሎት ሊጠሩ የሚችሉ የባዚጅ አባላት ናቸው። GlobalSecurity.org ኢራን “እስከአንድ ሚሊዮን የሚደርሱ ወንዶች” ልታንቀሳቅስ እንደምትችል ይገምታል። ይህ በዓለም ላይ ካሉት ትልቁ የሰራዊት ማሰባሰብያ አንዱ ነው። እ.ኤ.አ. በ2007 የኢራን ወታደራዊ ወጪ ከጠቅላላ የሀገር ውስጥ ምርት ውስጥ 2.6% ወይም በነፍስ ወከፍ 102 ዶላር ይወክላል ፣ ይህም የፋርስ ባህረ ሰላጤ ሀገራት ዝቅተኛው አሃዝ ነው። የኢራን ወታደራዊ አስተምህሮ በመከላከል ላይ የተመሰረተ ነው። እ.ኤ.አ. በ2014 ሀገሪቱ 15 ቢሊዮን ዶላር ለጦር መሳሪያ ወጪ የወጣች ሲሆን በባህረ ሰላጤው የትብብር ምክር ቤት ሀገራት በ13 እጥፍ ወጪ ተሸፍኗል።",15 ቢሊዮን ዶላር
አልቡፈራ የተገዛው ከየትኛው አካል ነው?,"ቫለንሲያ በአይቤሪያ ባሕረ ገብ መሬት ምሥራቃዊ የባሕር ዳርቻ እና በሜዲትራኒያን ባህር ምዕራባዊ ክፍል ላይ በሚገኘው የቱሪያ ወንዝ ዳርቻ ላይ ከቫሌንሲያ ባሕረ ሰላጤ ፊት ለፊት ይቆማል። በሮማውያን ሲመሰረት፣ ከባህር 6.4 ኪሜ (4 ማይል) ርቃ በቱሪያ በወንዝ ደሴት ላይ ቆሟል። አልቡፌራ፣ ከከተማዋ በስተደቡብ 11 ኪሜ (7 ማይል) ርቀት ላይ የሚገኝ የንፁህ ውሃ ሀይቅ እና የባህር ዳርቻ በስፔን ካሉት ትላልቅ ሀይቆች አንዱ ነው። የከተማው ምክር ቤት ሐይቁን ከስፔን ዘውድ በ1911 ለ1,072,980 pesetas ገዝቶ ዛሬ የፓርክ ናቹራል ዴ አልቡፌራ (አልቡፌራ ተፈጥሮ ጥበቃ) ዋና ክፍል ሆኖ 21,120 ሄክታር (52,200 ኤከር) ስፋት አለው። እ.ኤ.አ. በ1986 ፣ በባህላዊ ፣ ታሪካዊ እና ሥነ-ምህዳራዊ እሴቱ ምክንያት ጄኔራልታት ቫለንሲያና የተፈጥሮ ፓርክ መሆኑን አውጇል።",ከስፔን ዘውድ
የኦሊምፐስ ተራራ ምን ያህል ቁመት አለው?,"የደሴቲቱ አካላዊ እፎይታ በሁለት የተራራ ሰንሰለቶች ማለትም በትሮዶስ ተራሮች እና በትንሿ ኪሬኒያ ክልል እና በማእከላዊው ሜዳ በሜሳኦሪያ ተቆጣጥሯል። የሜሶሪያ ሜዳ በደሴቲቱ ላይ ረጅሙ በሆነው በፔዲዮስ ወንዝ ተጠርጓል። የትሮዶስ ተራሮች አብዛኛው የደሴቲቱን ደቡባዊ እና ምዕራባዊ ክፍል ይሸፍናሉ እና ግማሽ ያህሉን ይይዛሉ። በቆጵሮስ ላይ ያለው ከፍተኛው የኦሎምፐስ ተራራ በ1,952 ሜትር (6,404 ጫማ) በትሮዶስ ክልል መሃል ላይ ይገኛል። በሰሜናዊ የባህር ጠረፍ ላይ የሚዘረጋው ጠባብ የኪሬኒያ ክልል በጣም ያነሰ ቦታ ነው የሚይዘው፣ እና ከፍታዎች ዝቅተኛ ሲሆኑ ከፍተኛው 1,024 ሜትር (3,360 ጫማ) ደርሷል። ደሴቱ የሚገኘው በAnatolian Plate ውስጥ ነው።","በ1,952 ሜትር (6,404 ጫማ)"
የአይሁድ ውህደት መቼ አበቃ?,በመካከለኛው ዘመን፣ ብዙ ቁጥር ያላቸው አይሁዶች በቅድስት ሮማ ግዛት ውስጥ ይኖሩ ነበር እናም ከጀርመን ባህል ጋር ተዋህደዋል፣ ብዙ አይሁዶች ቀደም ሲል ከፈረንሳይ ባህል ጋር የተዋሃዱ እና የይሁዳ እና የፈረንሳይ ቋንቋ ድብልቅ ይናገሩ የነበሩትን ጨምሮ። ከጀርመን ባህል ጋር ከተዋሃዱ በኋላ፣ የአይሁድ ጀርመናዊ ህዝቦች ዋና ዋና የጀርመን ቋንቋ ክፍሎችን እና የሌሎች አውሮፓ ቋንቋዎችን ክፍሎች ዪዲሽ ወደሚባል ድብልቅ ቋንቋ አካተዋል። ይሁን እንጂ በጀርመን ማህበረሰብ ውስጥ የአይሁዶች መቻቻል እና ውህደት በመስቀል ጦርነት ወቅት በድንገት አብቅቷል ፣ ብዙ አይሁዶች በኃይል ከጀርመን እየተባረሩ እና ምዕራባዊ ዪዲሽ በጀርመን ውስጥ ለብዙ መቶ ዘመናት እንደ ቋንቋ ጠፋ ፣ የጀርመን አይሁዳውያን የጀርመን ቋንቋ ሙሉ በሙሉ ተቀበሉ።,በመስቀል ጦርነት ወቅት
እንግሊዞች ህንድን ለቀው ለመውጣት ሲዘጋጁ ምን ፈጠሩ?,"ከነጻነት ፍላጎት ጋር፣ በሂንዱዎች እና በሙስሊሞች መካከል አለመግባባቶች ባለፉት አመታት እየፈጠሩ ነበር። ሙስሊሞች በክፍለ አህጉሩ ውስጥ ሁል ጊዜ አናሳ ነበሩ፣ እና የሂንዱ ብቻ መንግስት የመመስረት ተስፋ ለነጻነት እንዲጠነቀቁ አድርጓቸዋል። ምንም እንኳን ጋንዲ በሚገርም የአመራር ትርኢት በሁለቱ ቡድኖች መካከል አንድነት እንዲኖር ቢጠይቅም የሂንዱ አገዛዝን ወደ አለመተማመን ያዘነብላሉ። በሁለተኛው የዓለም ጦርነት እጅግ በጣም የተዳከሙት እንግሊዞች ለቀው እንደሚወጡ ቃል ገብተው ጊዜያዊ መንግስት ምስረታ ላይ ይሳተፋሉ። የብሪቲሽ ህንድ ግዛቶች የህንድ ህብረት እና የፓኪስታን ግዛት ከተከፋፈሉ በኋላ በ1947 ነፃነታቸውን አገኙ። አወዛጋቢውን የቅድመ-ክፍፍል ፑንጃብ እና ቤንጋልን ተከትሎ በእነዚህ ግዛቶች ውስጥ በሲክ ፣ሂንዱዎች እና ሙስሊሞች መካከል ረብሻ ተነስቶ ወደ ሌሎች የህንድ ክፍሎች ተዛምቶ 500,000 ያህል ህይወት አልፏል። እንዲሁም፣ ይህ ወቅት በዘመናዊ ታሪክ ውስጥ ከተመዘገቡት ትልቁ የጅምላ ፍልሰት አንዱ ሲሆን በድምሩ 12 ሚሊዮን ሂንዱዎች፣ ሲኮች እና ሙስሊሞች አዲስ በተፈጠሩት የህንድ እና የፓኪስታን ብሄሮች መካከል ሲዘዋወሩ (እ.ኤ.አ. ነሐሴ 15 እና 14 ቀን 1947 ነፃነትን አግኝተዋል) . በ1971 ባንግላዲሽ የቀድሞዋ ምስራቅ ፓኪስታን እና ምስራቅ ቤንጋል ከፓኪስታን ተለዩ።",ጊዜያዊ መንግስት
ታዳሽ ምርቶች ለኃይል ፍጆታችን ምን ያህል በመቶኛ አበርክተዋል?,"እ.ኤ.አ. በ2011 መገባደጃ ላይ አጠቃላይ የታዳሽ ሃይል አቅም በዓለም ዙሪያ ከ1,360 GW በልጧል፣ ይህም በ8 በመቶ ጨምሯል። በ2011 ዓ.ም ከነበረው የ208 GW አቅም ውስጥ ኤሌክትሪክ የሚያመርቱት የኤሌክትሪክ ኃይል ማመንጫዎች ግማሹን ይሸፍናሉ። የንፋስ እና የፀሐይ ብርሃን ፎቶቮልቴክስ (PV) ወደ 40% እና 30% ይሸፍናሉ። በREN21 የ2014 ሪፖርት መሰረት፣ ታዳሽ ፋብሪካዎች በ2012 እና 2013 እንደቅደም ተከተላቸው 19 በመቶ ለኃይል ፍጆታ እና 22 በመቶ ለኤሌክትሪክ ማመንጫችን አበርክተዋል። ይህ የኃይል ፍጆታ 9% ከባህላዊ ባዮማስ፣ 4.2% እንደ ሙቀት ኃይል (ባዮማስ ያልሆነ)፣ 3.8% ሃይድሮ ኤሌክትሪክ እና 2% ኤሌክትሪክ ከንፋስ፣ ከፀሀይ፣ ከጂኦተርማል እና ከባዮማስ የሚመጣ ተብሎ የተከፋፈለ ነው።",19 በመቶ
ጎልድማን ሳችስ አለምአቀፍ ዲቪዚዮን የአውሮፓ ማዕከላዊ ባንክ ፕሬዝደንት የሆነው ማን ነው?,የአውሮፓ ማዕከላዊ ባንክ (ኢ.ሲ.ቢ.) የዩሮ ማዕከላዊ ባንክ ነው እና የዩሮ ዞን የገንዘብ ፖሊሲን ያስተዳድራል ፣ እሱም 19 የአውሮፓ ህብረት አባል አገራትን ያቀፈ እና በዓለም ላይ ካሉት ትልቁ የገንዘብ አካባቢዎች አንዱ ነው። በአውሮፓ ህብረት ስምምነት (TEU) ውስጥ ከተዘረዘሩት የአውሮፓ ህብረት ሰባቱ ተቋማት ውስጥ አንዱና ዋነኛው የአለም ማዕከላዊ ባንኮች አንዱ ነው። የባንኩ ዋና አክሲዮን የሁሉም 28 የአውሮፓ ህብረት አባል ሀገራት ማዕከላዊ ባንኮች ናቸው። እ.ኤ.አ. ከ2015 [አዘምን] የECB ፕሬዝዳንት ማሪዮ ድራጊ የጣሊያን ባንክ ገዥ የቀድሞ የዓለም ባንክ አባል እና የጎልድማን ሳች አለምአቀፍ ክፍል (2002-2005) ዋና ስራ አስኪያጅ ናቸው ። አዲሱ ዋና መሥሪያ ቤት ከመገንባቱ በፊት እና በነበረበት ወቅት ባንኩ በዋናነት ዩሮቶወርን ተቆጣጠረ።,ማሪዮ ድራጊ
በቲቤት የተለያዩ በዓላት ወቅት ምን ይመለካል?,ቲቤት በዓመቱ ውስጥ ቡድሃን ለማምለክ በተለምዶ የሚከናወኑ የተለያዩ በዓላት አሏት[ጥቅስ ያስፈልጋል]። ሎሳር የቲቤት አዲስ ዓመት በዓል ነው። ለበዓሉ ዝግጅት የሚደረገው ለቤተሰብ አማልክቶች ልዩ መስዋዕቶች፣ በሮች በሃይማኖታዊ ምልክቶች እና ሌሎችም ለዝግጅቱ ለመዘጋጀት በተደረጉ አስደናቂ ስራዎች ነው። የቲቤት ተወላጆች ጉቱክን (የገብስ ኑድል ሾርባ ከመሙላት ጋር) በአዲስ ዓመት ዋዜማ ከቤተሰቦቻቸው ጋር ይመገባሉ። የሞንላም የጸሎት ፌስቲቫል በቲቤት አቆጣጠር በመጀመሪያው ወር ውስጥ ይከተላል፣ ይህም በመጀመሪያው የቲቤት ወር በአራተኛውና በአስራ አንደኛው ቀናት መካከል ነው። ዳንስ እና በስፖርት ዝግጅቶች ላይ መሳተፍን እንዲሁም የሽርሽር ጉዞን ያካትታል። ዝግጅቱ የተቋቋመው በ1049 የዳላይ ላማ እና የፓንቸን ላማ መስራች በሆነው በTsong Khapa ነው።,ዳንስ
የገዳዮች እንቅስቃሴ ዓላማ ምን ነበር?,"በዚያን ጊዜ አካባቢ የ""አስፈፃሚ እንቅስቃሴ"" (ፖላንድኛ፡ ""egzekucja praw"" - ""የህጎች አፈጻጸም"") መፈጠር ጀመረ። አባላቱ በሴጅም ላይ የመኳንንቱን ስልጣን ለመግታት እና የንጉሱን እና የሀገርን ስልጣን ለማጠናከር ይጥራሉ. እ.ኤ.አ. በ1562 በፒዮትኮው በሚገኘው ሴጅም መኳንንቱ ብዙ የተከራዩ የዘውድ መሬቶችን ለንጉሱ እንዲመልሱ እና ንጉሱ ደግሞ የቆመ ጦር (wojsko kwarciane) እንዲፈጥር ያስገድዱ ነበር። የዚህ እንቅስቃሴ በጣም ታዋቂ አባላት አንዱ Jan Zamoyski ነበር. እ.ኤ.አ. በ1605 ከሞተ በኋላ ንቅናቄው የፖለቲካ ኃይሉን አጣ።",በሴጅም ላይ የመኳንንቱን ስልጣን ለመግታት እና የንጉሱን እና የሀገርን ስልጣን ለማጠናከር ይጥራሉ.
የቢራ ጣዕም በየትኛው ቀዝቃዛ የሙቀት መጠን ይቀንሳል?,የቀዘቀዘ ቢራ መጠጣት የጀመረው ሰው ሰራሽ ማቀዝቀዣ በማዘጋጀት እና በ1870ዎቹ ሲሆን በእነዚያ አገሮች ፓል ላገርን በማምረት ላይ ያተኮረ ነበር። ቢራ ማቀዝቀዝ ከ15.5 ድግሪ ሴንቲ ግሬድ በታች ቢሆንም ቅዝቃዜው የጣዕም ግንዛቤን ይቀንሳል እና ከ10 ° ሴ (50 °F) በታች በከፍተኛ ሁኔታ ይቀንሳል። ቢራ ሳይቀዘቅዝ የቀረበ- አሪፍም ሆነ በክፍል ሙቀት፣ የበለጠ ጣዕሙን ያሳያል። ካስክ ማርኬ፣ ለትርፍ ያልተቋቋመ የዩናይትድ ኪንግደም ቢራ ድርጅት፣ ለካስክ አሌሎች የሚቀርበው የሙቀት ደረጃ ከ12°–14°C (53°–57°F) አዘጋጅቷል።,ከ15.5 ድግሪ ሴንቲ ግሬድ
ለተጠቃሚዎች እና ለአነስተኛ ንግዶች ምን ባህላዊ አማራጮች ነበሩ?,ለተጠቃሚዎች እና ለአነስተኛ ንግዶች፣ ባህላዊ አማራጮች መደወያ፣ DSL፣ በተለምዶ ያልተመጣጠነ ዲጂታል የደንበኝነት ተመዝጋቢ መስመር (ADSL)፣ የኬብል ሞደም ወይም የተቀናጀ አገልግሎቶች ዲጂታል አውታረ መረብ (አይኤስኤንኤን) (በተለምዶ የመሠረታዊ ተመን በይነገጽ) ለማቅረብ የመዳብ ሽቦዎችን ያካትታሉ። ፋይበር ኦፕቲክስን ለዋና ተጠቃሚዎች መጠቀም Fiber To The Home ወይም ተመሳሳይ ስሞች ይባላል።,አማራጮች መደወያ፣ DSL፣ በተለምዶ ያልተመጣጠነ ዲጂታል የደንበኝነት ተመዝጋቢ መስመር (ADSL)፣ የኬብል ሞደም ወይም የተቀናጀ አገልግሎቶች ዲጂታል አውታረ መረብ (አይኤስኤንኤን) (በተለምዶ የመሠረታዊ ተመን በይነገጽ) ለማቅረብ የመዳብ
ሰር ኪት መሬይ ማን ነበር?,እስከ19ኛው ክፍለ ዘመን ድረስ ሃይማኖት በዩኒቨርሲቲ ሥርዓተ ትምህርት ውስጥ ትልቅ ሚና ተጫውቷል; ነገር ግን በ19ኛው መቶ ክፍለ ዘመን በምርምር ዩኒቨርሲቲዎች ውስጥ የሃይማኖት ሚና ቀንሷል፣ እና በ19ኛው ክፍለ ዘመን መገባደጃ ላይ የጀርመን ዩኒቨርሲቲ ሞዴል በዓለም ዙሪያ ተስፋፍቶ ነበር። ዩኒቨርሲቲዎች በ19ኛው እና በ20ኛው ክፍለ ዘመን በሳይንስ ላይ ያተኮሩ ሲሆን ለሰፊው ህዝብ ተደራሽ ሆነዋል። በብሪታንያ ከኢንዱስትሪ አብዮት ወደ ዘመናዊነት የተሸጋገረበት አዲስ የሲቪክ ዩኒቨርሲቲዎች ለሳይንስ እና ምህንድስና ትኩረት በመስጠት በ1960 በሰር ኪት መሬይ (የዩኒቨርሲቲው የእርዳታ ኮሚቴ ሰብሳቢ) እና ሰር ሳሙኤል ኩራን ምስረታ የተጀመረው እንቅስቃሴ የ Strathclyde ዩኒቨርሲቲ. እንግሊዞችም በአለም አቀፍ ደረጃ ዩኒቨርሲቲዎችን አቋቁመው ከፍተኛ ትምህርት በአውሮፓ ብቻ ሳይሆን ለብዙሃኑ ተደራሽ ሆነ።,(የዩኒቨርሲቲው የእርዳታ ኮሚቴ ሰብሳቢ)
በ1939 እና 1949 መካከል፣ በኢቫንስተን እና በቺካጎ ካምፓሶች ምን ያህል ወታደራዊ መኮንኖች እና ሰራተኞች ሰለጠኑ?,"እንደሌሎች የአሜሪካ የምርምር ዩኒቨርሲቲዎች፣ ሰሜን ምዕራብ በሁለተኛው የዓለም ጦርነት ተለውጧል። ፍራንክሊን ቢ ስናይደር ከ1939 እስከ1949 ዩንቨርስቲውን መርቷል፣ ወደ 50,000 የሚጠጉ ወታደራዊ መኮንኖች እና ሰራተኞች በኢቫንስተን እና በቺካጎ ካምፓሶች የሰለጠኑ ናቸው። ከጦርነቱ በኋላ፣ በጂ.አይ. ቢል የሁለቱንም ካምፓሶች ከባድ መስፋፋት አስከትሏል። እ.ኤ.አ. በ1948 ታዋቂው አንትሮፖሎጂስት ሜልቪል ጄ. ሄርስኮቪት በሰሜን ምዕራብ የአፍሪካ ጥናት መርሃ ግብር በአሜሪካ የአካዳሚክ ተቋም ውስጥ የዚህ ዓይነቱ የመጀመሪያ ማዕከል አቋቋመ ። ከ1949 እስከ1970 የጄ ሮስኮ ሚለር የፕሬዝዳንትነት ጊዜ ለኢቫንስተን ካምፓስ መስፋፋት ፣በሚቺጋን ሀይቅ ላይ የሐይቅ ሙሌት ግንባታ ፣የፋኩልቲው እድገት እና አዲስ የአካዳሚክ መርሃ ግብሮች እንዲሁም በቬትናም የተማሪዎች ተቃውሞን በማባባስ ምክንያት ነበር። እ.ኤ.አ. በ1978 የመጀመሪያው እና ሁለተኛው የUnabomber ጥቃቶች በሰሜን ምዕራብ ዩኒቨርሲቲ ተከስተዋል ። በኢቫንስተን እና በሰሜን ምዕራብ መካከል ያለው ግንኙነት በአብዛኛዎቹ የድህረ-ጦርነት ጊዜያት የሻከረ ነበር ምክንያቱም በተፈጠረው ረብሻ የተማሪ እንቅስቃሴ፣ በማዘጋጃ ቤት አከላለል፣ በግንባታ ደንቦች እና በህግ አስከባሪ አካላት ላይ በተፈጠሩ አለመግባባቶች፣ እንዲሁም በግቢው አቅራቢያ የአልኮል ሽያጭ ላይ እገዳዎች እስከ1972 ድረስ። Northwestern's በመጀመሪያው ቻርተር መሠረት ከክልል እና ከማዘጋጃ ቤት ንብረት ታክስ ግዴታዎች ነፃ መሆን በታሪክ የከተማ እና የልብስ ውጥረት መንስኤ ነው።","ወደ 50,000 የሚጠጉ"
UNFPA በስንት ሀገር ነው የሚሰራው?,UNFPA ለሕዝብ እና ለሥነ ተዋልዶ ጤና ፕሮግራሞች በዓለም ትልቁ ባለ ብዙ ወገን የገንዘብ ምንጭ ነው። ፈንዱ ከ150 በላይ ሀገራት ካሉ መንግስታት እና መንግስታዊ ካልሆኑ ድርጅቶች ጋር በአለም አቀፍ ማህበረሰብ ድጋፍ ሴቶችን፣ ወንዶችን እና ወጣቶችን የሚረዱ ፕሮግራሞችን በመደገፍ ይሰራል፡-,ከ150
ገንዘብ ከማግኘት በተጨማሪ ጉቦ በሌሎች ላይ ምን ያደርሳል?,ከፖለቲካ ሙስና አንፃር፣ ጉቦ ለአንድ የመንግሥት ባለሥልጣን የመንግሥት ሥልጣንን ለመጠቀም የሚሰጠውን ክፍያ ሊያካትት ይችላል። ጉቦ ሁለት ተሳታፊዎችን ይፈልጋል-አንዱ ጉቦ መስጠት እና አንድ መውሰድ። ወይም ብልሹ መባ ሊጀምር ይችላል; ለምሳሌ የጉምሩክ ባለስልጣን የተፈቀደ (ወይም የተከለከሉ) ዕቃዎችን ለማስገባት ጉቦ ሊጠይቅ ይችላል ወይም ኮንትሮባንዲስት ለማለፍ ጉቦ ሊሰጥ ይችላል። በአንዳንድ አገሮች የሙስና ባህሉ በሁሉም የሕብረተሰብ ክፍል ውስጥ ስለሚስፋፋ ግለሰቦች ጉቦ ሳይወስዱ መንቀሳቀስ እጅግ አስቸጋሪ ያደርገዋል። አንድ ባለስልጣን አስቀድሞ የተከፈለበትን ነገር እንዲያደርግ ጉቦ ሊጠየቅ ይችላል። ሕጎችን እና ደንቦችን ለማለፍም ሊጠየቁ ይችላሉ. ጉቦ ለግል የገንዘብ ጥቅም ከሚጫወቱት ሚና በተጨማሪ ሆን ተብሎ እና በተንኮል በሌላው ላይ ጉዳት ለማድረስ (ማለትም የገንዘብ ማበረታቻ የለም) ጥቅም ላይ ይውላል። 12 ወራት.,ጉዳት
በብርሃን ውስጥ በሚበቅለው ችግኝ ውስጥ የሚገኘው ዋናው phytochrome ምንድን ነው?,"ብርሃን እፅዋት ውስጣዊ ሰዓታቸውን ከአካባቢያቸው ጋር የሚያመሳስሉበት እና በተለያዩ የፎቶ ተቀባይ አካላት የሚታወቁበት ምልክት ነው። ቀይ እና ሰማያዊ ብርሃን በበርካታ ፋይቶክሮሞች እና ክሪፕቶክሮሞች ይዋጣሉ። አንድ phytochrome, phyA, በጨለማ ውስጥ በሚበቅሉ ችግኞች ውስጥ ዋናው ፋይቶክሮም ነው, ነገር ግን በፍጥነት ብርሃን እየቀነሰ እና Cry1 ለማምረት. Phytochromes B-E በብርሃን ውስጥ በሚበቅሉ ችግኞች ውስጥ ዋናው phytochrome ከphyB ጋር የበለጠ የተረጋጋ ነው። ክሪፕቶክሮም (ጩኸት) ዘረ-መል (ጅን) እንዲሁ ብርሃንን የሚነካ የሰርከዲያን ሰዓት አካል ነው እናም እንደ ፎቶ ተቀባይ እና እንደ የሰዓት ውስጣዊ የልብ ምት መቆጣጠሪያ ዘዴ አካል ነው ተብሎ ይታሰባል። ክሪፕቶክሮምስ 1-2 (በሰማያዊ-UVA ውስጥ የተካተተ) በሰዓቱ ውስጥ ያለውን የጊዜ ርዝመት በተለያዩ የብርሃን ሁኔታዎች ውስጥ ለማቆየት ይረዳል።","phyA,"
እስከ 1960ዎቹ ድረስ መቅዘፊያ ዥረቶች ምን አገልግለዋል?,እ.ኤ.አ. እስከ1960ዎቹ ድረስ በዌስተን-ሱፐር-ማሬ፣ ክሌቭደን፣ ፖርትስሄድ እና ማይሄድ ላይ ያሉት ምሰሶዎች በፒ እና ኤ ካምቤል መደበኛ አገልግሎቶችን ወደ ባሪ እና ካርዲፍ እንዲሁም ኢልፍራኮምቤ እና ሉንዲ ደሴት በሚያሄዱ የፓድል እንፋሎት አገልግሎት ይሰጡ ነበር። በበርንሃም-ኦን-ባህር ላይ ያለው ምሰሶ ለንግድ ዕቃዎች ያገለግል ነበር ፣ ለሱመርሴት እና ለዶርሴት የጋራ የባቡር ሐዲድ አንዱ ምክንያት በብሪስቶል ቻናል እና በእንግሊዝ ቻናል መካከል ያለውን ግንኙነት ለማቅረብ ነው። በበርንሃም-ኦን-ባህር ላይ ያለው ምሰሶ በዩኬ ውስጥ በጣም አጭሩ ምሰሶ ነው። በ1970ዎቹ የሮያል ፖርትበሪ ዶክ ለብሪስቶል ወደብ ተጨማሪ አቅም ለማቅረብ ተገንብቷል።,በዌስተን-ሱፐር-ማሬ፣ ክሌቭደን፣ ፖርትስሄድ እና ማይሄድ ላይ ያሉት ምሰሶዎች በፒ እና ኤ ካምቤል መደበኛ አገልግሎቶችን ወደ
በ 1979 SMPTE የጥናት ቡድን ምን ተለቀቀ?,በ1970ዎቹ መገባደጃ ላይ በSMPTE የተሞከሩ አራት ዋና ዋና የኤችዲቲቪ ስርዓቶች ነበሩ እና በ1979 አንድ SMPTE የጥናት ቡድን የከፍተኛ ጥራት የቴሌቪዥን ስርዓቶች ጥናት አወጣ:,የከፍተኛ ጥራት የቴሌቪዥን ስርዓቶች ጥናት
ከ1820 በኋላ ወደ ሁለተኛው ታላቁ መነቃቃት የተቀላቀሉት ጉባኤዎች የትኞቹ ናቸው?,የሁለተኛው ታላቅ መነቃቃት በ1790 አካባቢ ተጀመረ። በ1800 ተፋፋመ። ከ1820 በኋላ፣ ሰባኪዎቻቸው እንቅስቃሴውን የመሩት በባፕቲስት እና የሜቶዲስት ጉባኤዎች መካከል አባልነት በፍጥነት ጨመረ። በ1840ዎቹ መገባደጃ ላይ ከፍተኛውን ጊዜ አልፏል። ምንም እንኳን እነዚያ ሃይሎች በወቅቱ መነቃቃትን ለመቀስቀስ በቂ ግፊት ያደረባቸው ለምን እንደሆነ ሙሉ በሙሉ ባይታወቅም በጥርጣሬ ፣ በዲዝም እና በምክንያታዊነት ላይ እንደ ምላሽ ተገልጿል ። በሚሊዮን የሚቆጠሩ አዳዲስ አባላትን በነባር የወንጌል ቤተ እምነቶች ውስጥ አስገብቶ አዳዲስ ቤተ እምነቶች እንዲፈጠሩ አድርጓል።,በባፕቲስት እና የሜቶዲስት
ከ 2014 ጀምሮ የፕሊማውዝ ህዝብ ስንት ነበር?,"ከተማዋ የ261,546 (እ.ኤ.አ. አጋማሽ-2014 እ.ኤ.አ.) ሰዎች መኖሪያ ናት፣ ይህም በዩናይትድ ኪንግደም ውስጥ 30ኛዋ በሕዝብ ብዛት የተገነባ አካባቢ አድርጓታል። በአካባቢው የሚተዳደረው በፕሊማውዝ ከተማ ምክር ቤት ሲሆን በአገር አቀፍ ደረጃ በሶስት የፓርላማ አባላት ተወክሏል። የፕሊማውዝ ኢኮኖሚ ከብሪታኒ (ሮስኮፍ እና ሴንት ማሎ) እና ስፔን (ሳንታንደር) ጋር የሚገናኙትን የጀልባ ግንኙነቶችን ጨምሮ በመርከብ ግንባታ እና በባህር ጉዞ ላይ ከፍተኛ ተጽዕኖ አለው ነገር ግን ከ1990ዎቹ ጀምሮ በአገልግሎት ላይ የተመሰረተ ኢኮኖሚን ​​አዙሯል። በምዕራብ አውሮፓ ትልቁ ኦፕሬሽን የባህር ኃይል መሰረት ያለው - ኤችኤምኤንቢ ዴቮንፖርት እና የፕሊማውዝ ዩኒቨርሲቲ መኖሪያ ነው።","የ261,546"
በዛሬው ጊዜ phenobarbital ለማከም በዋነኝነት ጥቅም ላይ የሚውለው ምንድን ነው?,እ.ኤ.አ. በ1903 ሄርማን ኤሚል ፊሸር እና ጆሴፍ ፎን ሜሪንግ ዲዲቲልባርቢቱሪክ አሲድ ከዲቲልማሎኒክ አሲድ ፣ ፎስፈረስ ኦክሲክሎራይድ እና ዩሪያ ምላሽ የተነሳ በውሻ ውስጥ እንቅልፍ እንደሚፈጥር ግኝታቸውን ገለጹ ። ግኝቱ የባለቤትነት መብት ተሰጥቶት ለባየር ፋርማሲዩቲካልስ ፈቃድ ተሰጥቶት ግቢውን ቬሮናል በሚል የንግድ ስም ለገበያ ያቀረበው ከ1904 ዓ.ም ጀምሮ የእንቅልፍ መርጃ ነው። እ.ኤ.አ. በ1911 እና በ1912 ኃይለኛ የፀረ-የሚጥል እንቅስቃሴ መገኘቱ ። በ1970ዎቹ ውስጥ phenobarbital የሚጥል በሽታን ለማከም በሰፊው ጥቅም ላይ ከዋሉት መድኃኒቶች መካከል አንዱ ነው ፣ እና እ.ኤ.አ. እ.ኤ.አ. በ1950ዎቹ እና 1960ዎቹ የባርቢቹሬትስ እና አምፌታሚን ሱስ የሚያስይዙ ንብረቶችን እና የመጎሳቆል አቅምን በተመለከተ ግንዛቤ ጨምሯል እናም በአጠቃቀማቸው ላይ ገደቦች እንዲጨምሩ እና የመንግስት የመድኃኒት ሰጪዎች ቁጥጥር እያደገ እንዲሄድ አድርጓል። ዛሬ፣ አምፌታሚን ትኩረትን የሚስብ ጉድለት እና phenobarbital በሚጥል በሽታ ሕክምና ውስጥ ለመጠቀም የተገደበነው።,የሚጥል በሽታን
Darbytown ምን አይነት የኃይል ማመንጫ ነው?,"በሪችመንድ ሜትሮ አካባቢ ኤሌክትሪክ የሚቀርበው በዶሚኒየን ቨርጂኒያ ፓወር ነው። በሪችመንድ የሚገኘው ኩባንያው በዘጠኝ ግዛቶች ውስጥ የችርቻሮ ኃይል ደንበኞችን በማገልገል ከሀገሪቱ ትልቁ የኃይል አምራቾች አንዱ ነው። ኤሌክትሪክ በሪችመንድ አካባቢ በዋነኛነት በሰሜን አና የኑክሌር ማመንጫ ጣቢያ እና በሱሪ ኑክሌር ማመንጨት ጣቢያ እንዲሁም በቼስተር፣ ቨርጂኒያ የድንጋይ ከሰል የሚቃጠል ጣቢያ ይሰጣል። እነዚህ ሦስት ተክሎች በአጠቃላይ 4,453 ሜጋ ዋት ኃይል ይሰጣሉ. ሌሎች በርካታ የተፈጥሮ ጋዝ ፋብሪካዎች ከፍተኛ ፍላጎት በሚኖርበት ጊዜ ተጨማሪ ኃይል ይሰጣሉ. እነዚህ በቼስተር፣ እና ሱሪ፣ እና በሪችመንድ (Gravel Neck እና Darbytown) ውስጥ ያሉ ሁለት እፅዋትን ያካትታሉ።",የተፈጥሮ ጋዝ
በ1884 የአውሮፓን አፍሪካን ውድድር ለመቆጣጠር ጉባኤ የተካሄደው የት ነበር?,"በኮንጎ የታችኛው የቤልጂየም እና የፖርቱጋል እንቅስቃሴ በሐሩር ክልል ሞቃታማ አፍሪካን በሥርዓት መውረርን ስለሚያደናቅፍ የበርሊን ኮንፈረንስ 1884-85 በአውሮፓ ኃያላን መካከል ያለውን ውድድር ለመቆጣጠር ተካሄዷል። ውጤታማ ሥራ"" እንደ የክልል የይገባኛል ጥያቄዎች ዓለም አቀፍ እውቅና ለማግኘት እንደ መስፈርት። ሽኩቻው በ1890ዎቹ የቀጠለ ሲሆን ብሪታንያ በ1885 ከሱዳን ለመውጣት ያሳለፈችውን ውሳኔ እንደገና እንድታጤነው አደረገው። የእንግሊዝ እና የግብፅ ጥምር ጦር የማህዲስት ጦርን በ1896 አሸንፎ በ1898 ፈረንሣይ በፋሾዳ ላይ ያደረገውን ወረራ ውድቅ አደረገ።ሱዳን በስም የአንግሎ ግብፅ ኮንዶሚኒየም ሆነች፣ነገር ግን የእንግሊዝ ቅኝ ግዛት ነች።",የበርሊን
ዳርዊን በሕይወት ለመትረፍ ከነበረው የሰው ልጅ ትግል ጋር የሚያወዳድረው የትኛውን ዓይነት ዝርያ ነው?,"በሴፕቴምበር 1838 መጨረሻ ላይ፣ የቶማስ ማልተስን የስነ ሕዝብ መርሕ ድርሰትን ማንበብ የጀመረው የሰው ልጆች ካልተገደቡ ከአቅማቸው በላይ ይራባሉ እና በሕይወት ለመትረፍ ይታገላሉ የሚል ስታቲስቲካዊ ክርክር ይዞ ነበር። ዳርዊን ይህንን ከዱር አራዊት እና የእጽዋት ተመራማሪው ዴ ካንደሌል ""የዝርያዎችን ጦርነት"" በእጽዋት መካከል ለሕልውና ከሚደረገው ትግል ጋር የተያያዘ ነው; ወዲያውም ""መቶ ሺህ ሹራቦችን የሚመስል ኃይል"" በደንብ የተስተካከሉ ልዩነቶችን ወደ ""በተፈጥሮ ኢኮኖሚ ውስጥ ክፍተቶች"" በመግፋት የተረፉት ሰዎች ቅርጻቸውን እና ችሎታቸውን እንዲያሳልፉ እና የማይመቹ ልዩነቶች እንዲወድሙ አሰበ። እ.ኤ.አ. በታህሳስ 1838 አርቢዎች ባህሪን በመምረጥ እና በማልቱሺያን ተፈጥሮ መካከል “በአጋጣሚ” ከተጣሉ ልዩነቶች መካከል በመምረጥ መካከል ያለውን ተመሳሳይነት ተመልክቷል ።",ተመልክቷል
በመጨረሻ፣ የማራታን ኢምፓየር ያሸነፈው የትኛው ግዛት ነው?,በ18ኛው መቶ ክፍለ ዘመን መጀመሪያ ላይ የማራታ መንግሥት በፔሽዋስ (ጠቅላይ ሚኒስትሮች) አገዛዝ ወደ ማራታ ኢምፓየር ተቀየረ። እ.ኤ.አ. በ1737 ማራታስ በዴሊ ጦርነት (1737) በዋና ከተማቸው ዴሊ እራሱን የሙጋል ጦርን አሸንፏል። ማራታዎች ድንበራቸውን የበለጠ ለማራዘም በሙጋል፣ ኒዛም፣ በቤንጋል ናዋብ እና በዱራኒ ኢምፓየር ላይ ወታደራዊ ዘመቻቸውን ቀጥለዋል። ጎርደን ማራታ እንዴት አዳዲስ ክልሎችን በዘዴ እንደተቆጣጠረ አብራርቷል። በየአመቱ ወረራ ይጀምራሉ፣ በመቀጠልም ከመንደር እና ከከተሞች ቤዛ በመሰብሰብ እያሽቆለቆለ ያለው የሙጋል ኢምፓየር በስም ቁጥጥር እና በመጨረሻም ክልሉን ተቆጣጠረ። ከማልዋ ክልል ምሳሌ ጋር አብራርቷል። ማራታስ ለዝርዝር ትኩረት በመስጠት የሚታወቅ ቀልጣፋ የህዝብ አስተዳደር ስርዓት ገንብቷል። ከዓመታት ወረራ ባገገሙ ወረዳዎች ቀደም ሲል በሙጋሎች ይዝናኑ እስከነበረው ደረጃ ድረስ ገቢ ማሰባሰብ ችሏል። ለምሳሌ፣ በማልዋ ያለው የማራታ አገዛዝ የማዕዘን ድንጋይ የማራታ ገዥውን ፔሽዋን ከዲስትሪክት ገቢያቸው የተወሰነውን በወለድ ባሳደጉት 60 ወይም በአካባቢው ቀረጥ ሰብሳቢዎች ላይ ነው። እ.ኤ.አ. በ1760 ፣ የማራታስ ጎራ በጠቅላላው ንዑስ አህጉር ላይ ተዘርግቷል። የማራታስ ሰሜናዊ-ምዕራብ መስፋፋት ከሦስተኛው የፓኒፓት ጦርነት (1761) በኋላ ቆሟል። ሆኖም በሰሜን የሚገኘው የማራታ ባለስልጣን በፔሽዋ ማድሃቭራኦ I ስር በአስር አመት ጊዜ ውስጥ እንደገና ተመስርቷል።በእንግሊዝ በማራታስ ሽንፈት በሶስተኛው የአንግሎ ማራታ ጦርነት በ1820 ግዛቱን አጠፋ። የመጨረሻው ፔሽዋ ባጂ ራኦ II ተሸነፈ። በእንግሊዝ በሶስተኛው የአንግሎ-ማራታ ጦርነት. በማራታስ ሽንፈት ምንም አይነት ተወላጅ ሃይል ለብሪቲሽ ምንም አይነት ትልቅ ስጋት አላደረገም።,ሰብሳቢዎች
ታጂኪስታን እራሷን ምን አይነት ግዛት ነው የምታየው?,የሃናፊ ትምህርት ቤት የሱኒ እስልምና ከ2009 ጀምሮ በመንግስት በይፋ እውቅና አግኝቷል። ታጂኪስታን ራሷን የሃይማኖት ነፃነትን የሚደነግግ ህገ መንግስት ያላት ሴኩላር መንግስት ነች። መንግሥት ሁለት ኢስላማዊ በዓላትን ኢድ አል-ፊጥርን እና ኢዲ ቁርባንን እንደ መንግሥታዊ በዓላት አውጇል። የዩናይትድ ስቴትስ የውጭ ጉዳይ ሚኒስቴር የተለቀቀው እና የፔው የምርምር ቡድን እንደገለጸው የታጂኪስታን ህዝብ 98% ሙስሊም ነው። ከነሱ ውስጥ 87%-95% የሚሆኑት ሱኒ ሲሆኑ 3% የሚሆኑት ሺዓ ሲሆኑ 7% የሚሆኑት ደግሞ ሃይማኖታዊ ያልሆኑ ሙስሊሞች ናቸው። ቀሪው 2% ህዝብ የሩሲያ ኦርቶዶክስ ፣ ፕሮቴስታንት ፣ ዞራስተርኒዝም እና ቡዲዝም ተከታዮች ናቸው። ምንም እንኳን በገጠር አንድ ሶስተኛው እና በከተሞች ውስጥ 10% የሚሆኑት የእለት ጸሎትን እና የአመጋገብ ገደቦችን የሚጠብቁ ቢሆንም ብዙ ቁጥር ያላቸው ሙስሊሞች በረመዳን ይጾማሉ።,የሃይማኖት ነፃነትን የሚደነግግ ህገ መንግስት ያላት ሴኩላር መንግስት
የጁጉርቲን ጦርነት መቼ አበቃ?,ከክርስቶስ ልደት በፊት 111-104 የጁጉርቲን ጦርነት የተካሄደው በሰሜን አፍሪካ የኑሚዲያ ግዛት በሮማ እና በጁጉርታ መካከል ነው። የሰሜን አፍሪካ የመጨረሻውን የሮማውያን ሰላም የሰፈነበት ሲሆን ከዚያ በኋላ ሮም በተፈጥሮ የተፈጥሮ በረሃ እና ተራራ ላይ ከደረሰ በኋላ በአህጉሪቱ መስፋፋቱን አቆመ። ከፑኒክ ጦርነቶች ጀምሮ የሮማ ታማኝ አጋር የሆነችውን የኑሚዲያን ዙፋን ጁጉርታ መያዙን ተከትሎ ሮም ጣልቃ ለመግባት ተገድዳ ነበር። ጁጉርታ ያለ ተንኮል ሮማውያን ንጥቂያውን እንዲቀበሉ ጉቦ ሰጣቸው። ጁጉርታ በመጨረሻ የተማረከችው በጦርነት ሳይሆን በክህደት ነው።,ሮም በተፈጥሮ
እ.ኤ.አ. በ2006 ሽዋዜንገር በበረዶ ሸርተቴ ጉዞ ላይ እያለ ምን አጥንት ሰበረ?,ታህሳስ 23 ቀን 2006 ከቤተሰቦቹ ጋር በፀሃይ ቫሊ፣ አይዳሆ በበረዶ ላይ ስኪንግ ላይ እያለ ሽዋርዜንገር የበረዶ መንሸራተቻውን ምሰሶ ላይ ወድቆ የቀኝ እግሩን ሰበረ። ታህሣሥ 26 ቀን 2006 ኬብሎች እና ብሎኖች ለገመድ የሚጠቀሙበት የ90 ደቂቃ ቀዶ ጥገና ተደረገ። የተሰበረው አጥንት አንድ ላይ ተመልሶ. ከቅዱስ ዮሐንስ ጤና ጣቢያ ታህሳስ 30 ቀን 2006 ዓ.ም.,የቀኝ እግሩን
በጦርነቱ ውስጥ ቻይናውያን ከየትኛው ወገን ነበሩ?,ዋናዎቹ የሕብረቱ ተሳታፊዎች ዩናይትድ ስቴትስ፣ ቻይና ሪፐብሊክ፣ ዩናይትድ ኪንግደም (የብሪቲሽ ህንድ፣ የፊጂ ደሴቶች፣ ሳሞአ፣ ወዘተ የጦር ኃይሎችን ጨምሮ)፣ አውስትራሊያ፣ የፊሊፒንስ ኮመን ዌልዝ፣ ኔዘርላንድስ (ባለቤት ሆኖ) የደች ምስራቅ ኢንዲስ እና የኒው ጊኒ ምዕራባዊ ክፍል)፣ ኒውዚላንድ እና ካናዳ፣ ሁሉም የፓሲፊክ ጦርነት ካውንስል አባላት ነበሩ። ሜክሲኮ፣ ፍሪ ፈረንሳይ እና ሌሎች በርካታ አገሮችም ተሳትፈዋል፣ በተለይም ከሌሎች የብሪታንያ ቅኝ ግዛቶች የመጡ ኃይሎች።,ዩናይትድ ስቴትስ፣
በአሳም ወደ ስልጣን የመጣው የትኛው መንግሥት ነው?,አሆም መንግሥት (1228-1826) በአስራ ሦስተኛው ክፍለ ዘመን መጀመሪያ ላይ በአሁኑ ጊዜ በአሳም ታዋቂ የሆነ መንግሥት እና ነገድ ነበር። ከ13ኛው መቶ ክፍለ ዘመን ጀምሮ በ1838 የብሪታንያ አገዛዝ እስኪቋቋም ድረስ አብዛኛውን የአሳምን ግዛት ገዙ። አሆሞች የጎሳ ሃይማኖት እና የራሳቸው ቋንቋ ይዘው መጡ፣ ሆኖም በኋላ ከሂንዱ ሃይማኖት ጋር ተዋህደዋል። ከአስራ ሶስተኛው እስከአስራ ሰባተኛው ክፍለ ዘመን ድረስ በዴሊ ሙስሊም ገዥዎች አሆምስን ለመውረር እና ለማንበርከክ ተደጋጋሚ ሙከራዎች ያደርጉ ነበር፣ነገር ግን አሆሞች ነፃነታቸውን አስጠብቀው እራሳቸውን ለ600 ዓመታት ያህል አስተዳድረዋል።,አሆም መንግሥት
የጀግንነት ተግባራት ብዙውን ጊዜ ምን ዓይነት ራጃስታኒ ዘፈን ጭብጥ ናቸው?,የጎማር ዳንስ ከጆድፑር ማርዋር እና የጃሳልመር ካልቤሊያ ዳንስ አለም አቀፍ እውቅና አግኝቷል። ፎልክ ሙዚቃ የራጃስታኒ ባህል ትልቅ አካል ነው። ካትፑትሊ፣ ቦሆፓ፣ ቻንግ፣ ቴራታሊ፣ ጊንድር፣ ካችቻሃይሪ፣ እና ቴጃጂ የባህላዊ ራጃስታኒ ባህል ምሳሌዎች ናቸው። ባሕላዊ ዘፈኖች የጀግንነት ተግባራትን እና የፍቅር ታሪኮችን የሚያዛምዱ ባላድ ናቸው። እና ባጃኖች እና ባኒስ በመባል የሚታወቁት ሃይማኖታዊ ወይም ሃይማኖታዊ ዘፈኖች እንደ ድሆላክ፣ ሲታር እና ሳራንጊ ባሉ የሙዚቃ መሳሪያዎች ይታጀባሉ።,ባሕላዊ ዘፈኖች
የእንግሊዝ ዶሚኒካኖች በምን ላይ ማተኮር ይወዳሉ?,"የሰው ልጅን እንደ ክርስቶስ አምሳል በተመለከተ፣ የእንግሊዘኛ ዶሚኒካን መንፈሳዊነት ከimago Dei ፍልስፍናዊ መሠረቶች ይልቅ ምስልን የመሸከም ሥነ ምግባራዊ አንድምታ ላይ ያተኮረ ነበር። የክርስቶስ ሕይወት ሂደት፣ እና የምስል መገለጥ ሂደት፣ የሰውን ልጅ ወደ እግዚአብሔር መልክ ያስተካክላል። ""የእግዚአብሔር መልክ"" የሚለው ሃሳብ ሁለቱንም ወደ እግዚአብሔር የመሄድ ችሎታን ያሳያል (የክርስቶስ ቤዛዊ መስዋዕት ተካፋይ ሆኖ)፣ እና በተወሰነ ደረጃ፣ ሰው ሁል ጊዜ የእግዚአብሔር አምሳል ነው። ለእግዚአብሔር ያላቸው ፍቅር እና እውቀት እያደገ ሲሄድ እና በእምነት እና በልምድ ሲቀደሱ፣ በሰው ውስጥ ያለው የእግዚአብሔር መልክ ይበልጥ ብሩህ እና ግልጽ ይሆናል።",ምስልን የመሸከም ሥነ ምግባራዊ አንድምታ
አንድ አይሁዳዊ ውሻ ካለው ውሻውን በራሱ ላይ ከማድረግ በፊት ምን ማድረግ አለበት?,የአይሁድ ህግ ውሾችን እና ሌሎች የቤት እንስሳትን መጠበቅ አይከለክልም። የአይሁድ ህግ አይሁዶች ከራሳቸው በፊት ውሾችን (እና ሌሎች እንስሳትን) እንዲመግቡ እና እነሱን ከማግኘታቸው በፊት እነሱን ለመመገብ ዝግጅት እንዲያደርጉ ያዛል። በክርስትና ውሾች ታማኝነትን ያመለክታሉ።,ለመመገብ
ለ2012 የአለም የሰብአዊነት ቀን ዘመቻ ቢዮንሴ ምን አይነት ዘፈን ለገሰች?,"በታኅሣሥ ወር ላይ፣ ቢዮንሴ ከተለያዩ ታዋቂ ሰዎች ጋር በመሆን የ950 የአሜሪካ ከንቲባዎች ቡድን እና ሌሎች የፌደራል መንግሥቱን የጠመንጃ ቁጥጥር ሕጎቹን እንደገና እንዲያስብ ተጽዕኖ ለማድረግ የተነደፈውን የሁለትዮሽ ጥረት “ፍላጎት A ፕላን” የቪዲዮ ዘመቻ አዘጋጀ። የሳንዲ ሁክ አንደኛ ደረጃ ትምህርት ቤት ተኩስ ተከትሎ። ቢዮንሴ እ.ኤ.አ. በ2012 የአለም የሰብአዊነት ቀን ዘመቻ አምባሳደር ሆነች “እኔ እዚህ ነበርኩ” የሚለውን ዘፈኗን እና በተባበሩት መንግስታት የተቀረፀውን የሙዚቃ ቪዲዮውን ለዘመቻው ለገሰች። እ.ኤ.አ. በ2013 ፣ ቢዮንሴ ከሳልማ ሃይክ እና ከፍሪዳ ጂያኒኒ ጋር በGucci “Chime for Change” ዘመቻ ላይ እንደምትሰራ ታውቋል ይህም የሴቶችን ማብቃት ለማስፋት ነው። በየካቲት 28 የተላለፈው ዘመቻ ለአዲሱ ሙዚቃዋ ተቀናብሯል። ለጉዳዩ የተደረገ ኮንሰርት ሰኔ 1 ቀን 2013 በለንደን የተካሄደ ሲሆን እንደ ኤሊ ጎልዲንግ፣ ፍሎረንስ እና ማሽኑ እና ሪታ ኦራ ያሉ ሌሎች ድርጊቶችን አካቷል። ከኮንሰርቱ ቀደም ብሎ በሜይ 15 ቀን 2013 በተለቀቀ የዘመቻ ቪዲዮ ላይ ታየች ፣ እሷ ከካሜሮን ዲያዝ ፣ ጆን አፈ ታሪክ እና ካይሊ ሚኖግ ጋር ፣ የእናቶቻቸውን ተነሳሽነት ሲገልጹ ፣ ሌሎች በርካታ አርቲስቶች ደግሞ ከሌሎች ሴቶች የግል መነሳሳትን አከበሩ ። በኮንሰርቱ ላይ ምርጫ የታየበትን የተመልካቾችን የሴቶች አነሳሽነት ፎቶዎች እንዲያቀርቡ ጥሪ አቅርቧል። ቢዮንሴ ስለ እናቷ ቲና ኖውልስ ስጦታዋ ""በእያንዳንዱ ሰው ውስጥ ምርጥ ባህሪያትን ማግኘት"" እንደሆነ ተናግራለች. በCatapult ብዙ ገንዘብ መሰብሰቢያ መድረክ በመታገዝ የኮንሰርቱ ጎብኝዎች የሴቶችን እና ልጃገረዶችን ትምህርት ከሚያስተዋውቁ በርካታ ፕሮጀክቶች መካከል መምረጥ ይችላሉ። ቢዮንሴ እንዲሁም በመላው አውሮፓ እና ዩኤስ የስራ ፈጠራን በሚደግፉ በCharitybuzz በ""Miss a Meal""፣ የምግብ ልገሳ ዘመቻ እና በጎ ፈቃድ በጎ አድራጎትን በመደገፍ ላይ ትገኛለች።",እዚህ ነበርኩ”
በፋይናንሺያል ብድር ውስጥ ምን ያህል ገንዘብ ተስማምቷል?,በ21 ኛው ክፍለ ዘመን ሁለተኛ አስርት ዓመታት ውስጥ የፖርቹጋል ኢኮኖሚ ከ1970ዎቹ ጀምሮ እጅግ በጣም የከፋ ውድቀት ደርሶበታል ፣ በዚህም ምክንያት ሀገሪቱ በአውሮፓ ኮሚሽን ፣ በአውሮፓ ማዕከላዊ ባንክ እና በአለም አቀፍ የገንዘብ ፈንድ እርዳታ እንድትታደግ ተደርጋለች። እ.ኤ.አ. በ2011 የተስማማው የገንዘብ ማገጃው ፖርቹጋል የ 78 ቢሊዮን ዩሮ የገንዘብ ድጋፍ ለማግኘት ወደ ተለያዩ የቁጠባ እርምጃዎች እንድትገባ ያስገድዳል። በሜይ 2014 ሀገሪቱ ከዋስትና ወጥታለች ነገር ግን የተሃድሶ ግስጋሴዋን ለማስቀጠል ያላትን ቁርጠኝነት አረጋግጣለች። ከዋስትናው በሚወጣበት ጊዜ ኢኮኖሚው እ.ኤ.አ. በ2014 የመጀመሪያ ሩብ ዓመት በ0.7% የተቀነሰ ቢሆንም ሥራ አጥነት ግን ከፍተኛ ወደ 15.3 በመቶ ዝቅ ብሏል ።,78 ቢሊዮን ዩሮ
የሴቶችን ቀጥተኛ ተሳትፎ ለማጥናት በየትኛው ቀን ላይ ጥናት ተፈጠረ?,እ.ኤ.አ. በ1987 ፣ በመሬት ላይ ወይም በባህር ላይ ለሚደረገው ውጊያ ቀጥተኛ ተሳትፎ የመዘጋጀት ዋና ሚና ያላቸው ሙያዎች እና ክፍሎች አሁንም ለሴቶች ዝግ ነበሩ-እግረኛ ፣ የታጠቁ ኮርፖች ፣ የመስክ መድፍ ፣ የአየር መከላከያ መሳሪያዎች ፣ ምልክቶች ፣ የመስክ መሐንዲሶች እና የባህር ኃይል ኦፕሬሽኖች . እ.ኤ.አ. የካቲት 5 ቀን 1987 የብሔራዊ መከላከያ ሚኒስትር ወንድ እና ሴትን በውጊያ ክፍሎች ውስጥ መቅጠር ያለውን ተፅእኖ የሚያጠና ቢሮ ፈጠረ። እነዚህ ፈተናዎች ከጦርነት ጋር የተገናኘ የሴቶች የስራ ስምሪት ይባላሉ።,የካቲት 5 ቀን 1987 የብሔራዊ
ብዙዎቹ የድርጅት ዋና መሥሪያ ቤቶች እና ሌሎች ረጃጅም ሕንፃዎች የት ይገኛሉ?,ከታሪካዊ ማእከል (ሴንትሮ ሂስቶሪኮ) በስተ ምዕራብ በፓሴኦ ዴ ላ ሪፎርማ በኩል የከተማዋ ሀብታም ሰፈሮች እንደ ፖላንኮ፣ ሎማስ ደ ቻፑልቴፔክ፣ ቦስክ ዴ ላስ ሎማስ፣ ሳንታ ፌ እና (በሜክሲኮ ግዛት ውስጥ) ኢንተርሎማስ፣ እነዚህም እንዲሁ ናቸው። የከተማዋ በጣም አስፈላጊ የክፍል ሀ የቢሮ ቦታዎች፣ የድርጅት ዋና መሥሪያ ቤት፣ ሰማይ ጠቀስ ፎቆች እና የገበያ ማዕከሎች። ቢሆንም፣ ዝቅተኛ ገቢ ያላቸው ቅኝ ግዛቶች በአንዳንድ ሁኔታዎች ጉንጭ-በጆል ከበለጸጉ ሰፈሮች ጋር፣ በተለይም በሳንታ ፌ ጉዳይ ላይ አሉ።,በፓሴኦ ዴ ላ ሪፎርማ በኩል
ለቀድሞው የቼልሲ ባራክ ልማት የገንዘብ ድጋፍ ያደረገው ቤተሰብ የትኛው ነው?,በብሪታንያ ውስጥ በርካታ አርክቴክቶች በኒዮክላሲካል ዘይቤ ውስጥ ንቁ ናቸው። ሁለት አዲስ የዩኒቨርስቲ ቤተ-መጻሕፍት፣ የኩዊን ቴሪ ማይትላንድ ሮቢንሰን ላይብረሪ በዳውኒንግ ኮሌጅ እና ADAM Architecture's Sackler Library የተወሰደው አካሄድ ከባህላዊ፣ በቀድሞው ጉዳይ፣ ወደ ያልተለመደ፣ በኋለኛው ጉዳይ ላይ ሊደርስ እንደሚችል ያሳያሉ። በቅርቡ ልዑል ቻርለስ በለንደን በቀድሞው የቼልሲ ጦር ሰፈር መሬት ላይ በክላሲካል የተነደፈ ልማት በማስተዋወቅ ውዝግብ ውስጥ ገብቷል። ለኳታር ንጉሣዊ ቤተሰብ በመጻፍ (በንብረት ልማት ኩባንያ ኳታር ዲየር በኩል ለልማቱ የገንዘብ ድጋፍ ሲያደርጉ የነበሩት) ተቀባይነት ያላቸውን የዘመናዊ ዕቅዶች አውግዘዋል ፣ ይልቁንም ክላሲካል አቀራረብን ይደግፋሉ። ይግባኙ በተሳካ ሁኔታ ተሟልቷል እና እቅዶቹ ተሰረዙ። በሥነ ሕንፃ ዲክሰን ጆንስ አዲስ ዲዛይን በአሁኑ ጊዜ እየተቀረጸ ነው።,ንጉሣዊ ቤተሰብ በመጻፍ
በሰሜን ዠይጂያንግ ወደ ደቡብ ምን ጎረቤቶች አሉ?,ከጥንት ጀምሮ ሰሜን ዠይጂያንግ እና አጎራባች ደቡብ ጂያንግሱ በብልጽግናቸው እና በብልጽግናቸው ይታወቃሉ፣ እና የሰሜን ዠይጂያንግ የቦታ ስሞችን (ሀንግዡን፣ ጂያክሲንግ፣ ወዘተ) በግጥም ውስጥ ብቻ ማስገባት የህልሞችን ተፅእኖ ፈጠረ። ብዙ ታዋቂ ገጣሚዎች. በተለይም የሀንግዙ ዝና (እንዲሁም በአጎራባች ጂያንግሱ ግዛት ውስጥ የምትገኘው ሱዙሁ) ታዋቂውን አባባል አስከትሏል፡- “ከላይ መንግስተ ሰማያት አለ፤ ከታች ሱዙ እና ሃንግዙ አሉ” (上有天堂，下有苏杭) አባባል። ለነዚህ ሁለት የበለጸጉ ከተሞች ሕዝብ ኩራት ሆኖ ቀጥሏል።,ጂያንግሱ
ጄኔራል ሪድግዌይ ኦፕሬሽን ማጠቃለያ እንዲጀምር ያደረገው ምንድን ነው?,የተባበሩት መንግስታት ሃይሎች በምእራብ ወደ ሱዎን፣ በመሀል ወንጁ እና በምስራቅ ከሳምቼክ በስተሰሜን ወደሚገኘው ግዛት አፈገፈጉ፣ ጦርነቱ ተረጋግቶ ወደተያዘበት። PVA የሎጂስቲክስ አቅሙን አልቆ ስለነበር ምግብ፣ ጥይቶች እና ማቴሪያሎች በምሽት በእግረኛ እና በብስክሌት ሲወሰዱ ከያሉ ወንዝ እስከሦስቱ የውጊያ መስመሮች ድረስ ከሴኡል ማዶ መሄድ አልቻለም። በጥር ወር መገባደጃ ላይ PVA የውጊያ መስመሮቻቸውን እንደተወ ሲያውቅ ጄኔራል ሪድግዌይ በኃይል እንዲደረግ አዘዘ፣ እሱም ኦፕሬሽን ማጠቃለያ ሆነ (የካቲት 5 1951)። የተባበሩት መንግስታት እዝ የአየር የበላይነትን ሙሉ በሙሉ የተጠቀመ ፣የተባበሩት መንግስታት የሃን ወንዝ ላይ ደርሶ ወንጁን መልሶ በቁጥጥር ስር ለማዋል የሚያስችል ሙሉ የ X Corps እድገት ቀጠለ።,PVA የውጊያ መስመሮቻቸውን እንደተወ ሲያውቅ
መንገድ 128 እና ታላቁ ቦስተን ለየትኛው የኢንቨስትመንት አይነት ማዕከል ናቸው?,ከተማዋ በተለያዩ ምክንያቶች ከፍተኛ ፈጠራ እንደሆነች ተደርጋ ትወሰዳለች፣ የአካዳሚክ መገኘት፣ የቬንቸር ካፒታል ተደራሽነት እና በርካታ የከፍተኛ የቴክኖሎጂ ኩባንያዎች መኖራቸውን ጨምሮ። መንገድ 128 ኮሪደር እና ታላቁ ቦስተን ለቬንቸር ካፒታል ኢንቨስትመንት ዋና ማእከል ሆነው ቀጥለዋል፣ እና ከፍተኛ ቴክኖሎጂ አሁንም ጠቃሚ ዘርፍ ነው።,የቬንቸር ካፒታል ተደራሽነት
ከአይዘንሃወር ጋር በተያያዘ Blanche Wiesen Cook ምን ነበር?,"የአይዘንሃወር የኮሎምቢያ ዩኒቨርሲቲ ፕሬዝደንት ሆኖ የቆይታቸዉ ቆይታ በዉጭ ግንኙነት ምክር ቤት ውስጥ ባደረገዉ እንቅስቃሴ፣ የማርሻል ፕላንን ፖለቲካዊ እና ወታደራዊ አንድምታ በሚመለከት በፕሬዝዳንትነት በሚመራዉ የጥናት ቡድን እና የአሜሪካ ጉባኤ፣ የአይዘንሃወር “ታላቅ የባህል ራዕይ በማህበራዊ እና ፖለቲካዊ ተፈጥሮ ችግሮች ላይ ለመወያየት እና መደምደሚያ ላይ ለመድረስ የንግድ ፣ የባለሙያ እና የመንግስት መሪዎች ከጊዜ ወደ ጊዜ የሚገናኙበት ማእከል ። የህይወት ታሪክ ጸሐፊው Blanche Wiesen Cook ይህ ጊዜ እንደ ""የጄኔራል አይዘንሃወር የፖለቲካ ትምህርት"" ሆኖ እንዲያገለግል ጠቁመዋል, ምክንያቱም ለዩኒቨርሲቲው ሰፊ የትምህርት, የአስተዳደር እና የገንዘብ ፍላጎቶችን ቅድሚያ መስጠት ነበረበት. በውጪ ግንኙነት ምክር ቤት ውስጥ በመሳተፉ ለኢኮኖሚያዊ ትንታኔም ተጋላጭነትን አግኝቷል፣ ይህም በኢኮኖሚ ፖሊሲ ውስጥ የመረዳቱ መሰረት ይሆናል። ""ጄኔራል አይዘንሃወር ስለ ኢኮኖሚክስ የሚያውቀው ምንም ይሁን ምን በጥናት ቡድን ስብሰባዎች ላይ ተምሯል"" ሲል አንድ ኤይድ ቱ አውሮፓ አባል ተናግሯል።",የህይወት ታሪክ ጸሐፊው
የወታደራዊ ገዥዎች መኖሪያ ምን ይባል ነበር?,"የጀርመን ህዳሴ ለከተማይቱ ጠቃሚ የሆኑ ሕንፃዎችን (በተለይ የአሁኑ የቻምብሬ ንግድ እና ኢንዱስትሪ ፣ የቀድሞ ማዘጋጃ ቤት ፣ በቦታ ጉተንበርግ) ፣ የፈረንሣይ ባሮክ እና ክላሲዝም ከበርካታ ሆቴሎች ክፍሎች (ማለትም ቤተ መንግሥቶች) ጋር እንዳደረጉት ፣ ከእነዚህም መካከል ፓሌይስ ሮሃን (1742፣ አሁን ሶስት ሙዚየሞችን ይዟል) በጣም አስደናቂ ነው። ሌሎች የዚህ ዓይነት ሕንፃዎች ""ሆቴል ዴ ሃናው"" (1736፣ አሁን የከተማው አዳራሽ)፣ ሆቴል ዴ ክሊንሊን (1736፣ አሁን የፕሪፌት መኖሪያ)፣ ሆቴል ዴ ዴክስ-ፖንትስ (1755፣ አሁን የወታደራዊ ገዢው መኖሪያ) ናቸው። የሆቴል ዲአላው-ክሊንሊን (1725፣ አሁን የፖርት autonome ደ ስትራስቦርግ አስተዳደር መቀመጫ) ወዘተ. የስትራስቡርግ ትልቁ ባሮክ ሕንፃ ቢሆንም 150 ሜትር (490 ጫማ) ርዝመት ያለው 1720ዎቹ የሆፒታል ሲቪል ሕንፃ ነው። የፈረንሣይ ኒዮ-ክላሲሲዝምን በተመለከተ፣ ይህን ዘይቤ በይበልጥ የሚወክለው ኦፔራ ሃውስ on Place Broglie ነው።",ሆቴል ዴ ዴክስ-ፖንትስ
በ ጋይሮማግኔቲክ ጥምርታ ላይ ተጽዕኖ የሚያሳድሩ ሶስት ነገሮች ምንድን ናቸው?,"ጋይሮማግኔቲክ ሬሾ γ በኒውክሌር ማግኔቲክ ሬዞናንስ ድግግሞሽ ν (ወይም ኤሌክትሮን ፓራማግኔቲክ ሬዞናንስ ለኤሌክትሮኖች) እና በተተገበረው መግነጢሳዊ መስክ B: ν = γB መካከል ያለው የተመጣጠነ ቋሚነት ነው። ጋይሮማግኔቲክ ሬሾን በትክክል ለመለካት አስቸጋሪ ነው ምክንያቱም በትክክል B በትክክል ለመለካት አስቸጋሪ ነው, ነገር ግን በውሃ ውስጥ ያለው የፕሮቶኖች ዋጋ 700229815000000000♠25 ° ሴ በሚሊዮን ከአንድ ክፍል በተሻለ ይታወቃል። ፕሮቶኖች በውሃ ሞለኪውል ውስጥ ባሉ ኤሌክትሮኖች ከተተገበረው መግነጢሳዊ መስክ ""መከላከላቸው"" ይባላሉ, ተመሳሳይ ውጤት በNMR spectroscopy ውስጥ የኬሚካል ለውጥ ያመጣል, እና ይህ በጂሮማግኔቲክ ሬሾ ምልክት ላይ ባለው ዋና ምልክት ነው. γp. ጋይሮማግኔቲክ ጥምርታ ከተከለለው የፕሮቶን መግነጢሳዊ አፍታ μ′p፣ የማዞሪያ ቁጥር I (I = 1⁄2 ለፕሮቶን) እና ከተቀነሰው የፕላንክ ቋሚ ጋር ይዛመዳል።",ጥምርታ ከተከለለው የፕሮቶን መግነጢሳዊ አፍታ μ′p፣ የማዞሪያ ቁጥር I (I = 1⁄2 ለፕሮቶን) እና ከተቀነሰው የፕላንክ ቋሚ ጋር
በ 1822 የቦስተን ህዝብ ስንት ነበር?,"እ.ኤ.አ. በ1822 የቦስተን ዜጎች ኦፊሴላዊውን ስም ከ""የቦስተን ከተማ"" ወደ ""የቦስተን ከተማ"" ለመቀየር ድምጽ ሰጡ እና በመጋቢት 4, 1822 የቦስተን ሰዎች ከተማዋን ያካተተውን ቻርተር ተቀበሉ ። በወቅቱ ቦስተን እንደ ከተማ ተከራይታለች፣ ህዝቡ 46,226 ያህል ነበር፣ የከተማዋ ስፋት 4.7 ካሬ ማይል (12 ኪ.ሜ.2) ብቻ ነበር።","ህዝቡ 46,226"
የፈረንሣይ ወራሪ ምን የሚል ስያሜ ፈጠረ የራሱን የሞዛይክ ዘይቤ ፈጠረ?,"እንደ ባህላዊ ሞዛይክ ለቪዲዮ ጌም ፒክሴል ጥበብ እና ለፖፕ ባህል ባለው ዕዳ ውስጥ የጎዳና ላይ ጥበብ የሞዛይክ የጥበብ ስራ አዲስ ፈጠራ እና መስፋፋትን አይቷል። በመንገድ ጥበብ ውስጥ ከሞዛይክ ጋር አብሮ የሚሰራው በጣም ታዋቂው አርቲስት የፈረንሳይ ወራሪ ነው። ሁሉንም ስራዎቹን ከሞላ ጎደል በሁለት በጣም በሚለያዩ የሞዛይክ ስታይል ሰርቷል ፣የመጀመሪያው 8 ቢት የቪዲዮ ጌም ገፀ ባህሪ ያላቸው ትናንሽ ""ባህላዊ"" ንጣፍ ሞዛይኮች በአለም ዙሪያ ባሉ ከተሞች የተጫኑ ሲሆን ሁለተኛው እሱ የሚያመለክተው ዘይቤ ነው። እንደ “ሩቢክኩቢዝም”፣ በተዘበራረቀ የሩቢክ ኩብ ፍርግርግ በኩል ባለሁለት ንብርብር ሞዛይክን ይጠቀማል። ምንም እንኳን እሱ በጣም ታዋቂ ቢሆንም ሌሎች የመንገድ እና የከተማ አርቲስቶች በሙሴ ዘይቤም ይሰራሉ።",በተዘበራረቀ የሩቢክ ኩብ
ፈረንሳዮች የሉዊስበርግን ምሽግ እንዴት ጠበቁ?,እ.ኤ.አ. በ1756 እና 1757 ፈረንሳዮች ኦስዌጎን እና ዊሊያም ሄንሪን ከብሪቲሽ ምሽጎች ያዙ ። የኋለኛው ድል የተበላሸው የፈረንሳይ ተወላጆች የቃላት ውልን ጥሰው ወደ ኋላ የተመለሰውን የብሪታንያ አምድ በፈረንሣይ ዘበኛ ፣ ወታደሮችን በመግደል እና በመግፈፍ እና ብዙ ወንዶች ፣ሴቶችን እና ሕፃናትን ሲማርኩ ፈረንሳዮች ምርኮኞቻቸውን ለመጠበቅ ፈቃደኛ አልሆኑም ። እ.ኤ.አ. በ1757 የፈረንሳይ የባህር ኃይል ወታደሮች በኬፕ ብሪተን ደሴት የሚገኘውን የሉዊስበርግ ቁልፍ ምሽግ በተሳካ ሁኔታ በመከላከል ወደ ኩቤክ የባህር ዳርቻ አቀራረቦችን ጠብቀዋል።,የፈረንሳይ የባህር ኃይል ወታደሮች
የመጀመሪያዎቹ ወቅቶች በየትኞቹ ዓመታት ነበሩ?,ሊጉ በ1992–93 የመጀመሪያውን የውድድር ዘመን ያካሄደ ሲሆን በመጀመሪያ 22 ክለቦችን ያቀፈ ነበር። በፕሪምየር ሊግ የመጀመርያዋን ጎል ያስቆጠረው ማንቸስተር ዩናይትድን 2 ለ 1 ባሸነፈበት ጨዋታ የሼፊልድ ዩናይትድ ብሪያን ዲን ነው። 22ቱ የአዲሱ ፕሪሚየር ሊግ የመጀመሪያ አባላት አርሰናል ፣ አስቶንቪላ ፣ ብላክበርን ሮቨርስ ፣ ቼልሲ ፣ ኮቨንትሪ ሲቲ ፣ ክሪስታል ፓላስ ፣ ኤቨርተን ፣ ኢፕስዊች ታውን ፣ ሊድስ ዩናይትድ ፣ ሊቨርፑል ፣ ማንቸስተር ሲቲ ፣ ማንቸስተር ዩናይትድ ፣ ሚድልስቦሮ ፣ ኖርዊች ሲቲ ፣ ኖቲንግሃም ፎረስት ናቸው። ኦልድሃም አትሌቲክስ፣ ኩዊንስ ፓርክ ሬንጀርስ፣ ሼፊልድ ዩናይትድ፣ ሼፊልድ ረቡዕ፣ ሳውዝሃምፕተን፣ ቶተንሃም ሆትስፐር እና ዊምብልደን። ሉተን ታውን፣ ኖትስ ካውንቲ እና ዌስትሃም ዩናይትድ በ1991–92 የውድድር ዘመን መጨረሻ ላይ ከቀድሞው አንደኛ ዲቪዚዮን የወረዱ ሶስት ቡድኖች ነበሩ እና በመጀመርያው የፕሪሚየር ሊግ የውድድር ዘመን አልተሳተፉም።,በ1992–93 የመጀመሪያውን
በአትላንቲክ ሲቲ ስንት ቤተሰቦች ነበሩ?,"15,848 አባወራዎች ከነሱ ውስጥ 27.7% የሚሆኑት ከ18 አመት በታች የሆኑ ልጆች አብረዋቸው የሚኖሩ፣ 24.8% ባለትዳሮች አብረው የሚኖሩ፣ 23.2% ሴት የቤት ባለቤት ያላትና 45.1% ቤተሰብ ያልሆኑ ናቸው። ከሁሉም ቤተሰቦች ውስጥ 37.2% የሚሆኑት ግለሰቦች ሲሆኑ 15.4% ብቻውን የሚኖር 65 ዓመትና ከዚያ በላይ የሆነ ሰው ነበራቸው። አማካይ የቤተሰብ ብዛት 2.46 ሲሆን አማካይ የቤተሰብ ብዛት 3.26 ነበር።","15,848"
"ለምንድነው ""ይህ መኪና በሚቀጥለው የሚሄድ"" ምልክት ጥቅም ላይ የሚውለው?","በከፍታ ሁነታ (መካከለኛ ገቢ ትራፊክ ተብሎም ይጠራል) በቡድን ውስጥ ያሉ ሊፍት መኪኖች ወደ ህንጻው ለሚደርሱ መንገደኞች አፋጣኝ አገልግሎት ለመስጠት ወደ ሎቢው ያስታውሳሉ ፣ በተለይም ጠዋት ላይ ሰዎች ለስራ ሲመጡ ወይም በሂደቱ ማብቂያ ላይ የምሳ-ጊዜ ጊዜ. አስቀድሞ የተወሰነ የመንገደኛ ጭነት ላይ ሲደርሱ ወይም ለተወሰነ ጊዜ በሮቻቸው ሲከፈቱ ሊፍት አንድ በአንድ ይላካሉ። የሚቀጥለው አሳንሰር ብዙውን ጊዜ የአዳራሽ ፋኖስ ወይም ""ይህ ቀጥሎ የሚሄድ መኪና"" ምልክት ተሳፋሪዎች ያለውን የአሳንሰር ስርዓት አቅም ከፍተኛውን እንዲጠቀሙ ለማበረታታት መብራት አለበት። አንዳንድ ሊፍት ባንኮች ቢያንስ አንድ መኪና ሁል ጊዜ ወደ ሎቢ ወለል ተመልሶ ነፃ በሚሆንበት ጊዜ እንዲያቆም ፕሮግራም ተደርጎላቸዋል።",ተሳፋሪዎች ያለውን የአሳንሰር ስርዓት አቅም ከፍተኛውን እንዲጠቀሙ ለማበረታታት
የኋይትሄድ ስራዎች በእንግሊዘኛ ተናጋሪ አገሮች በዋነኝነት የሚጠናው የት ነው?,"በአጠቃላይ ግን የኋይትሄድ ተጽእኖን ለመለየት በጣም አስቸጋሪ ነው. እንግሊዘኛ ተናጋሪ አገሮች ውስጥ፣ ዋና ሥራዎቹ ከክላሬሞንት ውጭ ብዙም ያልተጠኑ እና የተወሰኑ የሊበራል ምረቃ ደረጃ ሥነ-መለኮት እና የፍልስፍና ፕሮግራሞች ናቸው። ከእነዚህ ክበቦች ውጭ የእሱ ተጽእኖ በአንጻራዊ ሁኔታ ትንሽ እና የተበታተነ ነው, እና በዋነኝነት የመጣው በኋይትሄድ ሳይሆን በተማሪዎቹ እና በአድናቂዎቹ ስራ ነው. ለምሳሌ፣ ዋይትሄድ የበርትራንድ ራስል አስተማሪ እና የረጅም ጊዜ ጓደኛ እና ተባባሪ ነበር፣ እና የዊላርድ ቫን ኦርማን ኩዊን መመረቂያ ጽሑፍ አስተምሮ እና ተቆጣጠረ፣ ሁለቱም የትንታኔ ፍልስፍና ውስጥ አስፈላጊ ሰዎች ናቸው - በእንግሊዘኛ የፍልስፍና ዋና ጫና- በ20 ኛው ክፍለ ዘመን ተናጋሪ አገሮች. ኋይትሄድ በአህጉራዊው ባህል ውስጥ ከፍተኛ ታዋቂ አድናቂዎች ነበሩት ፣ ለምሳሌ የፈረንሣይ የድህረ-መዋቅር ፈላስፋ ጂልስ ዴሌውዝ ፣ በአንድ ወቅት ዋይትሄድን በደረቅ ሁኔታ ተናግሯል “የዊትገንስታይን ደቀ መዛሙርት ጭጋጋማ ግራ መጋባትን ከማስፋፋታቸው በፊት እንደ የመጨረሻው ታላቅ የአንግሎ-አሜሪካዊ ፈላስፋ ሆኖ ቆመ። በቂ እና ሽብር."" ፈረንሳዊው ሶሺዮሎጂስት እና አንትሮፖሎጂስት ብሩኖ ላቱር ዋይትሄድን ""የ20ኛው ክፍለ ዘመን ታላቅ ፈላስፋ"" እስከማለት ደርሰዋል።",ብዙም ያልተጠኑ እና የተወሰኑ የሊበራል ምረቃ ደረጃ ሥነ-መለኮት እና የፍልስፍና ፕሮግራሞች
የ155ኛ ጎዳና ክፍል የሃርለም ወንዝ ድራይቭን እና የትኛውን ጎዳና ያገናኛል?,"155ኛ ስትሪት በዌስት ጎን በሪቨርሳይድ ድራይቭ፣ ብሮድዌይን፣ አምስተርዳም አቬኑ እና ሴንት ኒኮላስ አቬኑን አቋርጦ ይጀምራል። በሴንት ኒኮላስ ቦታ፣ መሬቱ ቁልቁል ይወርዳል፣ እና 155ኛ ጎዳና በ1,600 ጫማ (490 ሜትር) ርዝመት ባለው 1,600 ጫማ (490 ሜትር) ርዝመት ባለው የቪያደክት ላይ ይካሄዳል፣ በ1893 የተሰራ የከተማ ላንድርክ፣ ወደ ሃርለም ወንዝ ይወርዳል፣ ወደ ማኮምብስ ግድብ ድልድይ ይቀጥላል። ፣ የሃርለም ወንዝ ድራይቭን መሻገር (ግን አለመገናኘት)። የተለየ፣ ያልተገናኘ የ155ኛ ስትሪት ክፍል ብራድኸርስት አቬኑ እና የሃርለም ወንዝ ድራይቭን በማገናኘት በቪያduct ስር ይሰራል።",ብራድኸርስት
የ10ኛ ጎዳና ባለሁለት መንገድ ክፍል የተወሰነ የብስክሌት መስመር አለው?,10ኛ ጎዳና (40°44′03″N 74°00′11″ ዋ / 40.7342580°N 74.0029670°W﻿ / 40.7342580፤ -74.0029670 ሲ.ኤፍ.አር.ዲ ራይዋርድ ዌይ እና ደቡብ አቅጣጫ ከግሪንዊች መንደር የመንገድ ፍርግርግ ጋር ለመቀላቀል እና በሁድሰን ወንዝ ወደ ምዕራብ ጎዳና ለመቀጠል 40 ዲግሪ ገደማ። ምዕራብ 4ኛ መንገድ በስድስተኛ ጎዳና ወደ ሰሜን ስለሚታጠፍ በምዕራብ መንደር 10ኛ፣ 11ኛ እና 12ኛ እና 13ኛ ጎዳናዎችን ያቋርጣል። የኤም 8 አውቶብስ በ10ኛ ስትሪት በአቬኑ ዲ እና አቬኑ ኤ መካከል በሁለቱም አቅጣጫዎች እና በምስራቃዊ መንገድ በዌስት ስትሪት እና በስድስተኛ ጎዳና መካከል ይሰራል። 10ኛ ስትሪት ከምእራብ ስትሪት ወደ ምስራቅ ወንዝ ወደ ምስራቅ አቅጣጫ የሚሄድ የብስክሌት መስመር አለው። እ.ኤ.አ. በ2009፣ በአቬኑ ሀ እና በምስራቅ ወንዝ መካከል ያለው ባለሁለት መንገድ የ10ኛ ጎዳና ክፍል የብስክሌት ምልክቶች እና ሻሮዎች ተጭነዋል፣ ነገር ግን አሁንም የተለየ የብስክሌት መስመር የለውም። የምእራብ 10ኛ ጎዳና ቀደም ሲል ለሪቻርድ አሞስ አሞስ ጎዳና ተብሎ ተሰይሟል። የምዕራብ 10ኛ ጎዳና ወደ ሁድሰን ወንዝ መጨረሻ በአንድ ወቅት የኒውጌት እስር ቤት፣ የኒውዮርክ ከተማ የመጀመሪያ እስር ቤት እና የዩናይትድ ስቴትስ ሁለተኛ።,ዌይ
ምእራባዊ - በጣም የፊሊፒንስ ደሴት ምንድን ነው?,በቦርኒዮ እና በሚንዶሮ መካከል ያለው የፓላዋን ደሴት አምስተኛው ትልቁ እና ምእራብ-አብዛኛው የፊሊፒንስ ደሴት በየካቲት 28 በስምንተኛው ጦር በፖርቶ ፕሪንስሳ ወረረ። ጃፓኖች ለፓላዋን ትንሽ ቀጥተኛ ጥበቃ አላደረጉም፣ ነገር ግን የጃፓን ተቃውሞ ኪሶችን ማፅዳት እስከኤፕሪል መጨረሻ ድረስ ቆየ። በፊሊፒንስ ውስጥ፣ የዩኤስ ጦር ሃይሎች በፊሊፒኖ ሽምቅ ተዋጊዎች ታግዘው መውጫዎችን ለማግኘት እና ለመላክ ነበር።,የፓላዋን
ለመጀመሪያ ጊዜ የታወቀው የብሪቲሽ ደሴት ስም በጽሑፍ በተገለጸው ጽሑፍ ውስጥ የት ታየ?,"ስለ ደሴቶቹ በቡድን የታወቁት ቀደምት ማጣቀሻዎች ከጥንቷ ግሪክ ቅኝ ግዛት ማሳሊያ በመጡ የባህር ተጓዦች ጽሑፎች ውስጥ ታይተዋል። የመጀመሪያዎቹ መዝገቦች ጠፍተዋል; ይሁን እንጂ በኋላ ጽሑፎች, ለምሳሌ. ከማሳሊዮት ፔሪፕለስ (6ኛው ክፍለ ዘመን ዓክልበ.) እና ከፒቲየስ ኦን ውቅያኖስ (ከ325-320 ዓክልበ. ገደማ) የተጠቀሰው የአቪየነስ ኦራ ማሪቲማ በሕይወት ተርፏል። በ1 ኛው ክፍለ ዘመን ዓክልበ, ዲዮዶረስ ሲኩለስ ፕሪታኒክ ኔሶስ, ""ብሪቲሽ ደሴት"" እና ፕሪታኖይ ""ብሪታኖች"" አሉት. ስትራቦ Βρεττανική (ብሬታኒኬ)፣ እና የሄራክሌው ማርሲያን፣ በፔሪፕለስ ማሪስ ውጫዊ ጽሑፉ፣ ደሴቶችን ለማመልከት αἱ Πρεττανικαί νῆσοι (የፕሪታኒክ ደሴቶችን) ተጠቅሟል። ዛሬ የታሪክ ተመራማሪዎች ምንም እንኳን ፍጹም ስምምነት ባይሆኑም እነዚህ የግሪክ እና የላቲን ስሞች ምናልባት በሴልቲክ ቋንቋ ከተሰየሙ የደሴቶች ስሞች የተወሰዱ እንደሆኑ ይስማማሉ። በእነዚህ መስመሮች፣ የደሴቶቹ ነዋሪዎች Πρεττανοί (Priteni ወይም Pretani) ተብለው ይጠሩ ነበር። ከፕሪታኒያ ""ፒ"" ወደ ብሪታኒያ ""ቢ"" በሮማውያን የተካሄደው በጁሊየስ ቄሳር ጊዜ ነው.",የባህር ተጓዦች ጽሑፎች
ለምን የመከላከያ መሠረተ ልማት ዋና የቤርሙዳ ኢኮኖሚ ምንጭ ሆነ?,የጦርነቱ መጨረሻ ግን በቤርሙዳ ላይ ከፍተኛ ለውጥ ማምጣት ነበር፣ ምንም እንኳን አንዳንድ ለውጦች ክሪስታላይዝ ለማድረግ አሥርተ ዓመታትን የሚወስዱ ቢሆንም። ጦርነቱን ተከትሎ፣ በቤርሙዳ የባህር ኃይል እና ወታደራዊ ሃይሎች ሲገነቡ፣ የቤርሙዲያ ኢኮኖሚ ዋና እግር የመከላከያ መሠረተ ልማት ሆነ። በ19ኛው ክፍለ ዘመን ቱሪዝም ከጀመረ በኋላ እንኳን ቤርሙዳ በለንደን እይታ ከቅኝ ግዛት በላይ የሆነ መሰረት ሆኖ ቀረ። ዘውዱ ከቤርሙዳ ጋር ያለውን ፖለቲካዊ እና ኢኮኖሚያዊ ግንኙነቱን አጠናከረ፣ እናም የቅኝ ግዛቱ ነፃነት በዓለም መድረክ ላይ ቀንሷል።,በቤርሙዳ የባህር ኃይል እና ወታደራዊ ሃይሎች ሲገነቡ፣ የቤርሙዲያ ኢኮኖሚ
የ ቮን ኑማን የመለኪያ ችግር ጥልቅ ትንታኔ ምን ውጤቶች መጡ?,ቮን ኑማን የኳንተም ሜካኒክስ የሂሳብ ፋውንዴሽን ምዕራፍ ውስጥ የመለኪያ ችግር የሚባለውን በጥልቀት ተንትኗል። ግዑዙ አጽናፈ ዓለም ለዓለማቀፉ ሞገድ ተግባር ተገዥ ሊሆን እንደሚችል ደምድሟል። የሞገድ ተግባርን ለማፍረስ “ከስሌቱ ውጭ” የሆነ ነገር ስላስፈለገ ቮን ኑማን ውድቀቱ የተከሰተው በሙከራው ንቃተ ህሊና ነው ብሎ ደምድሟል (ይህ አመለካከት በዩጂን ዊግነር ተቀባይነት ቢኖረውም የቮን ኑማን-ዊግነር ትርጓሜ በነዚህ ሰዎች ዘንድ ተቀባይነት አላገኘም። አብዛኞቹ የፊዚክስ ሊቃውንት)።,አጽናፈ ዓለም ለዓለማቀፉ ሞገድ ተግባር ተገዥ ሊሆን እንደሚችል ደምድሟል።
የባልዛን ሽልማት የት አገኘ?,እ.ኤ.አ. ሜይ 10 ቀን 1963 ጆን 13ኛ የባልዛን ሽልማትን በቫቲካን በግሉ ተቀበለ ነገር ግን በእድሜው ዘመን ለነበሩት ለአምስቱ ሊቃነ ጳጳሳት ርዕሰ ሊቃነ ጳጳሳት ሊዮ XIII ለፒየስ 12ኛ አስተላልፏል። ግንቦት 11 ቀን የጣሊያን ፕሬዝዳንት አንቶኒዮ ሴግኒ ለሰላም ላደረጉት ተሳትፎ የባልዛን ሽልማትን ለጳጳስ ጆን 23ኛ በይፋ ሸለሙ። ወደ ኦፊሴላዊው ሥነ ሥርዓት በመኪናው ውስጥ እያለ፣ በቫቲካን ውስጥ ይህን ለማድረግ ፈቃደኛ ባለመሆኑ ከሴግኒ ጋር በመገናኘት ሽልማቱን በኲሪናል ቤተ መንግሥት እንዲቀበል ጠየቀ። በተሰቀለው የቅዱስ ጴጥሮስ አጽም ላይ ሊቀ ጳጳስን ማክበር ስድብ እንደሆነ ተናግሯል። የጳጳሱ የመጨረሻ የአደባባይ መታየት ነበር።,ሽልማትን በቫቲካን በግሉ ተቀበለ
የኪፒፒ ሪች ኮሌጅ መሰናዶ ትምህርት ቤት የብሔራዊ የብሉ ሪባን ሽልማትን በየትኛው አመት አሸንፏል?,የኦክላሆማ ከተማ የስቴቱ ትልቁ የትምህርት ቤት ዲስትሪክት የኦክላሆማ ከተማ የህዝብ ትምህርት ቤቶች መኖሪያ ነው። የዲስትሪክቱ ክፍል የላቁ ጥናቶች እና የሃርዲንግ ቻርተር መሰናዶ ሁለተኛ ደረጃ ት/ቤት ከህዝብ ትምህርት ቤቶች መካከል በአገር አቀፍ ደረጃ ከፍተኛ ደረጃ ይይዛል የላቁ ምደባ፣ ኢንተርናሽናል ባካሎሬት እና/ወይም የካምብሪጅ ተማሪዎች በትምህርት ቤቱ የተወሰዱ ፈተናዎች በተመራቂ ቁጥር ተከፋፍሏል። አረጋውያን. በተጨማሪም የኦኬሲፒኤስ ቤሌ ኢሌ ኢንተርፕራይዝ መለስተኛ ደረጃ ት/ቤት በአካዳሚክ አፈጻጸም ኢንዴክስ በስቴቱ ከፍተኛ ሁለተኛ ደረጃ ትምህርት ቤት ተብሎ ተሰይሟል እና በቅርቡ የብሉ ሪባን ትምህርት ቤት ሽልማት በ2004 እና በ2011 አግኝቷል። በኦክላሆማ ከተማ የሚገኘው የKIPP Reach ኮሌጅ መሰናዶ ትምህርት ቤት ተቀብሏል። የ2012 ብሔራዊ ሰማያዊ ሪባን ከት/ቤት መሪው ትሬሲ ማክዳንኤል ሲር. ጋር በመሆን የላቀ አመራር ለቴሬል ኤች.ቤል ሽልማት ተሰጥቷል።,የ2012
የትኛው ግለሰብ ነው ቋሚ የቆንስላ ስልጣን የተሰጠው?,"ነገር ግን፣ ሁለተኛው ትሪምቪሬት ኦክታቪያን፣ ሌፒደስ እና ማርክ አንቶኒ ሲከሽፍ የእርስ በርስ ጦርነት እንደገና ተቀሰቀሰ። የሥልጣን ጥመኛው ኦክታቪያን የደጋፊነት መሠረት ከገነባ በኋላ በማርክ አንቶኒ ላይ ዘመቻ ጀመረ። በግሪክ የባህር ዳርቻ በአክቲየም የባህር ኃይል ጦርነት ኦክታቪያን አንቶኒ እና ክሎፓትራን በቆራጥነት አሸነፋቸው። ኦክታቪያን በሮም ከተማ ውስጥ ብቸኛ ""ኢምፔሪየም""፣ ቋሚ የቆንስላ ስልጣን እና ለእያንዳንዱ የሮማ ወታደራዊ ድል ክሬዲት ጨምሮ ተከታታይ ልዩ ሀይሎች ተሰጥቷል፣ ምክንያቱም ሁሉም የወደፊት ጄኔራሎች በእሱ ትእዛዝ ስር ይሰራሉ ​​ተብሎ ስለሚታሰብ። ከክርስቶስ ልደት በፊት በ27 ዓ.ም ኦክታቪያን “አውግስጦስ” እና “ልዑል” የሚል ስያሜ ተሰጥቶት ነበር፣ ይህም ከሌሎች ሮማውያን በላይ ያለውን የመጀመሪያ ደረጃ ያሳያል፣ እናም “ኢምፔሬተር ቄሳር” የሚለውን ማዕረግ ተቀበለ እሱ የመጀመሪያው የሮማ ንጉሠ ነገሥት አደረገ።",ኦክታቪያን
ኤታ ጄምስ እንዴት ተጽዕኖ አሳደረባት?,በቢዮንሴ ሁለተኛ ብቸኛ አልበም B'day ላይ ያለው የሴትነት እና የሴቶች ማጎልበት ጭብጦች በDreamgirls ውስጥ ባላት ሚና እና በዘፋኙ ጆሴፊን ቤከር ተመስጧዊ ናቸው። ቢዮንሴ እ.ኤ.አ. በ2006 በፋሽን ሮክስ ኮንሰርት ላይ “ዴጃ ቩ”ን በማሳየት ቤከርን በሀሰት ሙዝ ያጌጠ የቢከር የንግድ ምልክት ሚኒ-ሁላ ቀሚስ ለብሳለች። የቢዮንሴ ሶስተኛው ብቸኛ አልበም እኔ ነኝ... ሳሻ ፊርስ በጄ ዜድ እና በተለይም በኤታ ጄምስ አነሳሽነት የተነሳ “ድፍረቱ” ቢዮንሴ ሌሎች የሙዚቃ ዘውጎችን እና ስልቶችን እንድትመረምር አነሳስቶታል። አራተኛው ብቸኛ አልበሟ፣ 4፣ በFela Kuti፣ 1990s R&B፣ Earth፣ Wind & Fire፣ DeBarge፣ Lionel Richie፣ Teena Marie በThe Jackson 5፣ New Edition፣ Adele፣ Florence and the Machine እና Prince ተጨማሪ ተጽእኖዎች ተመስጦ ነበር።,በሀሰት
በብዙ ተቋማት እና ህትመቶች ውስጥ የቅርብ ምስራቅ ትርጉሙ ምንድ ነው?,በዘመናዊው መካከለኛው ምስራቅ ላይ ከፍተኛ ቁጥር ያላቸው ባለሙያዎች በቅርብ ምስራቅ በተሰየሙ የዩኒቨርሲቲ ክፍሎች ውስጥ ስልጠና ጀመሩ። በተመሳሳይም ከእነዚህ የባለሙያዎች መስኮች ጋር የተያያዙት መጽሔቶች በምስራቅ አቅራቢያ ወይም በምስራቃዊ አቅራቢያ ያሉትን ቃላት ያካትታሉ. በእነዚህ በርካታ ተቋማት እና ህትመቶች ውስጥ የቅርቡ ምስራቅ ትርጉሙ መካከለኛው ምስራቅ ነው። በዘመናዊው መካከለኛው ምስራቅ ላይ ያለው እውቀት ከጥንታዊ ቅርብ ምስራቅ ጥናቶች ጋር በጭራሽ አይደባለቅም ወይም አይምታታም ፣ ምንም እንኳን ብዙ ጊዜ “ጥንታዊ ቅርብ ምስራቅ” በዘመናዊው ጊዜ ምንም አይነት አንድምታ ባይኖረውም “በቅርብ ምስራቅ” ተብሎ ይገለጻል። ለምሳሌ፣ “በቅርብ ምስራቃዊ ቋንቋዎች” በጥንታዊው ትርጉሙ እንደ ሱመርኛ እና አካዲያን ያሉ ቋንቋዎችን ያጠቃልላል። በዘመናዊው ትርጉሙ፣ የአረብኛ ቋንቋዎች ማንኛውንም ወይም ሁሉንም ማለት ሊሆን ይችላል።,የቅርቡ ምስራቅ
እንደ ግራጫ-ሣጥን ሙከራ ብቁ ያልሆነው ምንድን ነው?,"የግሬይ ቦክስ ሙከራ (የአሜሪካ አጻጻፍ፡ ግራጫ-ቦክስ ሙከራ) ፈተናዎችን ለመንደፍ ዓላማዎች የውስጣዊ ውሂብ አወቃቀሮችን እና ስልተ ቀመሮችን ማወቅን ያካትታል እነዚያን ፈተናዎች በተጠቃሚው ወይም በጥቁር ሳጥን ደረጃ ሲፈጽም። ሞካሪው የሶፍትዌሩን ምንጭ ኮድ ሙሉ በሙሉ እንዲጠቀም አይጠበቅበትም።[በጥቅስ ላይ ያልተጠቀሰ] የግቤት ውሂብን ማቀናበር እና ውፅዓትን መቅረጽ እንደ ግራጫ ሳጥን ብቁ አይደሉም፣ ምክንያቱም ግብአቱ እና ውጤቱ ከ""ጥቁር ሣጥን"" ውጭ በግልጽ ስለሚታይ ነው። በፈተና ላይ ያለውን ስርዓት እየጠራን ነው. ይህ ልዩነት በተለይ በሁለት የተለያዩ ገንቢዎች በተፃፉ ሁለት የኮድ ሞጁሎች መካከል የውህደት ሙከራን ሲያካሂድ በጣም አስፈላጊ ነው ፣ በይነገጾቹ ብቻ ለሙከራ የተጋለጡ ናቸው።",የግቤት ውሂብን ማቀናበር እና ውፅዓትን መቅረጽ
የቲቶ ሞት ምክንያት ምን ነበር?,"ቲቶ በ1979 በጠና ታመመ።በዚህ ጊዜ ቪላ ሰርና በማገገም ሞሮቪች አቅራቢያ ጥቅም ላይ እንዲውል ተደረገ። እ.ኤ.አ. ጥር 7 እና እንደገና በጥር 11 ቀን 1980 ቲቶ የኤስአር ስሎቬንያ ዋና ከተማ በሆነችው በሉብልጃና በሚገኘው የህክምና ማእከል በእግሮቹ ላይ የደም ዝውውር ችግር ገጥሞታል። የግራ እግሩ ብዙም ሳይቆይ በደም ወሳጅ ቧንቧዎች መዘጋት ምክንያት የተቆረጠ ሲሆን በጋንግሪን በህክምና ሴንተር ሉብልጃና በግንቦት 4 ቀን 1980 በ15፡05 ህይወቱ አለፈ፣ ይህም 88ኛ ልደቱ ሊሞላው ሶስት ቀን ቀርቷል። የቀብር ሥነ ሥርዓቱ ብዙ የዓለም መሪዎችን ስቧል። በፖለቲከኞች እና በክልል ተወካዮች ብዛት ላይ በመመስረት, በወቅቱ በታሪክ ውስጥ ትልቁ የመንግስት የቀብር ሥነ ሥርዓት ነበር; በ2005 የርዕሰ ሊቃነ ጳጳሳት ጆን ፖል ዳግማዊ የቀብር ሥነ ሥርዓት እና የኔልሰን ማንዴላ መታሰቢያ ሥነ ሥርዓት በ2013 እስኪደርስ ድረስ ይህ የልዑካን ስብስብ ወደር የለሽ አይሆንም። በስብሰባው ላይ የተገኙት አራት ነገሥታት፣ 31 ፕሬዚዳንቶች፣ ስድስት መኳንንት፣ 22 ጠቅላይ ሚኒስትሮች እና 47 የውጭ ጉዳይ ሚኒስትሮች ይገኙበታል። ከቀዝቃዛው ጦርነት ከሁለቱም ወገኖች የመጡት በወቅቱ ከነበሩት 154 የተመድ አባላት መካከል ከ128 የተለያዩ አገሮች ነው።",መሪዎችን
የቢዮንሴ የመጀመሪያዋ አለም አቀፍ ጉብኝት ስም ማን ነበር?,"እ.ኤ.አ. በ2006 የመጀመሪያዋ የትወና ሚናዋ ዘ ፒንክ ፓንተር በተባለው አስቂኝ ፊልም ላይ ከስቲቭ ማርቲን ጋር በትወና ሲጫወት 158.8 ሚሊዮን ዶላር በአለም አቀፍ ቦክስ ኦፊስ አስገኝታለች። ሁለተኛዋ ፊልሟ ድሪምጊርስስ፣የ1981 ብሮድዌይ ሙዚቃዊ ፊልም በThe Supremes ላይ የተመሰረተ ፊልም፣ ከተቺዎች አድናቆትን አግኝታ በአለም አቀፍ ደረጃ 154 ሚሊዮን ዶላር አስገኘች። በውስጡ፣ በዲያና ሮስ ላይ የተመሰረተ የፖፕ ዘፋኝ ሲጫወት ከጄኒፈር ሃድሰን፣ ጄሚ ፎክስ እና ኤዲ መርፊ ጋር ተጫውታለች። ፊልሙን ለማስተዋወቅ ቢዮንሴ ከድምፅ ትራክ አልበም መሪ ነጠላ ዜማ አድርጋ ለቀቀች። እ.ኤ.አ. በኤፕሪል 2007 ቢዮንሴ የመጀመሪያዋን የአለም ኮንሰርት ጉብኝት፣ 97 ቦታዎችን በመጎብኘት እና ከ24 ሚሊየን ዶላር በላይ አግኝታ The Beyoncé Experienceን ጀመረች።[ማስታወሻ 1] የጆን እና የአሜሪካ ሁለተኛ መኸር። በተመሳሳይ ጊዜ B'Day ከሻኪራ ""ቆንጆ ውሸታም"" ጋር የነበራትን ሙዚቃ ጨምሮ በአምስት ተጨማሪ ዘፈኖች በድጋሚ ለቋል።",ቢዮንሴ ከድምፅ ትራክ
በ2010 በእንግሊዝ እና በቺሊ ኤቨርተን የእግር ኳስ ክለቦች መካከል የተደረገውን የወዳጅነት ጨዋታ ያዘጋጀው ማን ነው?,ኤቨርተኖች በእንግሊዝ ክለብ ስም ከተሰየሙት የቺሊው ቡድን ኤቨርተን ዴ ቪና ዴል ማር ጋር ግንኙነት አላቸው። እ.ኤ.አ. ነሐሴ 4 ቀን 2010 ሁለቱ ኤቨርተኖች በጉዲሰን ፓርክ ኮፓ ሄርማንዳድ በተሰየመ የወዳጅነት ጨዋታ የቺሊ ቡድን መቶኛ አመትን በማስመልከት ተጫውተዋል ። ሌሎች ኤቨርተኖች በሮዛሪዮ በቅኝ ግዛት ዲፓርትመንት፣ ኡራጓይ፣ ላ ፕላታ እና በአርጀንቲና ውስጥ ሪዮ ኩዋርቶ፣ ኤልክ ግሮቭ፣ አሜሪካ ውስጥ ካሊፎርኒያ እና ኮርክ፣ አየርላንድ ይገኛሉ።,በሮዛሪዮ በቅኝ ግዛት
ለጌሉግ በጣም አስፈላጊው ክስተት ምን ነበር?,የእስያ ጥናቶች ማህበር ከጊዜ በኋላ የጌሉግ—ጄንዱን ድሩፕ (1391–1474) እና ገንዱን ጊያሶ (1475–1571) መሪዎች—ከሚንግ ቻይና ጋር ምንም አይነት ግንኙነት እንደነበራቸው የሚጠቁም የታወቀ የጽሁፍ ማስረጃ እንደሌለ ገልጿል። እነዚህ ሁለቱ የሃይማኖት መሪዎች የካርማ ካርጊዩ ላምስ ደጋፊ እና ጠባቂ ከሆኑት ከኃያላን ዓለማዊ የሪንፑንፓ መሳፍንት ጋር በመገናኘት እጅግ አሳሳቢ ጉዳይ ላይ ተጠምደው ነበር። የሪንፑንፓ መሪዎች የፋግሞድሩፓ ዘመዶች ነበሩ፣ነገር ግን ሥልጣናቸው በጊዜ ሂደት ከቀላል ገዥዎች ወደ Ü-Tsang ሰፊ አካባቢዎች በራሳቸው መብት ወደ ገዥዎች ተዛወረ። የሪንቡንግ ልዑል በ1498 ላሳን ተቆጣጠረ እና ጌሉግን በአዲስ ዓመት ሥነ ሥርዓቶች እና ጸሎቶች ላይ እንዳይገኝ አገለለ ፣ በጌሉግ ውስጥ በጣም አስፈላጊው ክስተት። በላሳ የአዲስ አመት ጸሎቶች ተግባር ለካርማፓ እና ለሌሎች ሲሰጥ ገንዱን ጊያሶ አጋሮችን ለመፈለግ በግዞት ተጉዟል። ሆኖም፣ ዓለማዊው ፋግሞድሩ ገዥ ላሳን ከሪንቡንግ ያዛው እስከ1518 ድረስ ነበር፣ ከዚያም ጌሉግ የአዲስ ዓመት ጸሎትን የመምራት መብት ተሰጠው። በ1537 የድሪጉንግ ካጊዩ አበምኔት ለላሳን ሲያስፈራሩ ገንዱን ጊያሶ በመጨረሻ ቢመለስም የድሬፑንግ ገዳምን ለመተው ተገደደ።,በአዲስ ዓመት ሥነ ሥርዓቶች እና ጸሎቶች
በቅጂ መብት የተጠበቁ ቡክሌቶችን ከመጠቀም ይልቅ ብሎክበስተር ምን አደረገ?,የኒንቴንዶ መዝናኛ ስርዓት ታዋቂነት እያደገ እና በሚሊዮኖች በሚቆጠሩ የአሜሪካ ቤቶች ውስጥ ሲገባ፣ አንዳንድ ትናንሽ የቪዲዮ ኪራይ ሱቆች የራሳቸውን የ NES ጨዋታዎች ግልባጭ መግዛት እና ለተወሰኑ ቀናት የቪዲዮ ካሴት ኪራይ በሚከፈልበት ዋጋ ለደንበኞች ማከራየት ጀመሩ። ኔንቲዶ ከጨዋታው የመጀመሪያ ወጪ በላይ ምንም ትርፍ አላገኘም ፣ እና እንደ ፊልም ኪራዮች በተቃራኒ አዲስ የተለቀቀ ጨዋታ የመደብር መደርደሪያዎችን በመምታት በተመሳሳይ ቀን ለኪራይ ሊገኝ ይችላል። ኔንቲዶ የጨዋታ ኪራዮችን ለማስቆም እርምጃዎችን ወስዷል፣ነገር ግን Blockbuster ቪዲዮ የጨዋታ ኪራዮችን መጠነ ሰፊ አገልግሎት እስከሚያደርግ ድረስ ምንም አይነት መደበኛ ህጋዊ እርምጃ አልወሰደም። ኔንቲዶ ደንበኞች ጨዋታዎችን እንዲከራዩ መፍቀድ ሽያጮችን በእጅጉ እንደሚጎዳ እና የጨዋታ ወጪን እንደሚያሳድግ ተናግሯል። ኔንቲዶ ክሱን አጣ፣ ነገር ግን በቅጂ መብት ጥሰት የይገባኛል ጥያቄ አሸንፏል። ብሎክበስተር ኦሪጅናል የቅጂ መብት የተሰጣቸው መመሪያ ቡክሌቶችን ከኪራይ ጨዋታዎቻቸው ጋር እንዳያካትት ተከልክሏል። ብያኔውን በማክበር፣ብሎክበስተር የራሳቸውን አጭር መመሪያዎች አዘጋጅተዋል—ብዙውን ጊዜ በትንሽ ቡክሌት፣ በካርድ ወይም በኪራይ ሳጥን ጀርባ ላይ በተለጠፈ መለያ መልክ የጨዋታውን መሰረታዊ መነሻ እና ቁጥጥር ያብራራል። የቪዲዮ ኪራይ ሱቆች የቪዲዮ ጨዋታዎችን የመከራየት ልምዱን ቀጥለው ዛሬም አሉ።,የራሳቸውን አጭር መመሪያዎች አዘጋጅተዋል—ብዙውን
ምን ያህል የዘር ምድቦች ከሁሉም ሊሆኑ ከሚችሉ ውጫዊ ባህሪያት ጥምረት ጋር ያስፈልጋሉ?,"ከደርዘን በላይ የዘር ምድቦች የፀጉር ቀለም፣ የፀጉር ሸካራነት፣ የአይን ቀለም እና የቆዳ ቀለም ውህዶች በሚስማማ መልኩ ይታወቃሉ። እነዚህ ዓይነቶች እንደ ስፔክትረም ቀለሞች እርስ በእርሳቸው ይከፋፈላሉ, እና አንድ ምድብ ከሌላው በጣም ተለይቶ አይታይም. ይኸውም ዘር ከመልክ እንጂ ከውርስ ጋር አያይዘውም እና መልክ የዘር ግንድ ደካማ ምልክት ነው ምክንያቱም ለአንድ ሰው የቆዳ ቀለም እና ባህሪያት ተጠያቂ የሚሆኑት ጥቂት ጂኖች ብቻ ናቸው፡ ነጭ ተብሎ የሚታሰበው ሰው ከአንድ ሰው የበለጠ አፍሪካዊ ዘር ሊኖረው ይችላል. እንደ ጥቁር ይቆጠራል, እና በተቃራኒው ስለ አውሮፓውያን የዘር ግንድ እውነት ሊሆን ይችላል. በብራዚል ውስጥ ያለው ውስብስብ የዘር ምደባዎች በብራዚል ማህበረሰብ ውስጥ ያለው ልዩነት ምን ያህል እንደሆነ ያንፀባርቃል፣ ይህ ህብረተሰብ በከፍተኛ ደረጃ የሚቀረው፣ ግን በጥብቅ ያልተከተለ፣ በቀለም መስመሮች ነው። እነዚህ ማህበረ-ኢኮኖሚያዊ ምክንያቶችም ከዘር መስመር ወሰን አንፃር ጉልህ ናቸው፣ ምክንያቱም ጥቂት ይቅርታ ወይም ቡናማ ሰዎች በማህበራዊ ደረጃ ወደላይ ከወጡ ነጭ ወይም ጥቁር መግለጽ ሊጀምሩ ስለሚችሉ እና ማህበራዊ ደረጃቸው እየጨመረ ሲሄድ በአንጻራዊ ሁኔታ “ነጭ” ተደርገው መታየት አለባቸው። (ልክ እንደ ሌሎች የላቲን አሜሪካ ክልሎች)።",ከደርዘን በላይ
እነዚህ የሙስና ዓይነቶች ምን ሊጎዱ ይችላሉ?,"ሙስና ለድሆች፣ ታዳጊ ወይም ሽግግር አገሮች ብቻ አይደለም። በምዕራባውያን አገሮች ውስጥ በሁሉም መስኮች የሙስና እና የሙስና ጉዳዮች አሉ-በቀጣይ የቀዶ ጥገናዎች ዝርዝር ውስጥ ቀዳሚ ለመሆን በሚሞክሩ ታካሚዎች ከጠረጴዛ ስር የሚከፈል ክፍያ ለታዋቂ የቀዶ ጥገና ሐኪሞች የሚከፈል ክፍያ ፣ ለአውቶሞቲቭ ኢንዱስትሪ አቅራቢዎች የሚከፍሉት ጉቦ ዝቅተኛ ጥራት ያላቸውን ማገናኛዎች ለመሸጥ ለምሳሌ እንደ ኤርባግ ባሉ የደህንነት መሳሪያዎች፣ በአቅራቢዎች የሚከፈል ጉቦ ለዲፊብሪሌተር አምራቾች (ጥራት የሌለውን አቅም ለመሸጥ)፣ በሀብታም ወላጆች ለ""ማህበራዊ እና የባህል ፈንድ"" የሚከፍሉት መዋጮ። የተከበረው ዩኒቨርሲቲ ልጆቻቸውን እንዲቀበል፣ ዲፕሎማ ለማግኘት የሚከፈል ጉቦ፣ በመኪና አምራች የሥራ አስፈፃሚ ቦርድ አባላት ለአሰሪ ምቹ የሥራ መደብና ድምፅ ወዘተ ለሠራተኛ ማኅበራት የሚሰጠው የገንዘብና ሌሎች ጥቅማ ጥቅሞች፣ ወዘተ ምሳሌዎች ማለቂያ የላቸውም። እነዚህ የተለያዩ የሙስና መገለጫዎች በመጨረሻ በሕዝብ ጤና ላይ አደጋ ሊያመጡ ይችላሉ። ልዩ፣ አስፈላጊ ተቋማትን ወይም ማህበራዊ ግንኙነቶችን ማጣጣል ይችላሉ።",በሕዝብ ጤና
የጅምላ ንቅናቄና አብዮታዊ አመራር ሚኒስቴር በምን አመት ተፈጠረ?,እ.ኤ.አ. በ1980ዎቹ መገባደጃ ላይ በሊቢያ የነዳጅ ገቢ ማሽቆልቆልን ለመቋቋም የተነደፉ ተከታታይ ሊበራሊዝም የተደረጉ የኢኮኖሚ ማሻሻያዎችን ታይቷል። በግንቦት 1987 ጋዳፊ በኢንዱስትሪ እና በግብርና ማሻሻያ የጀመረው እና አነስተኛ ንግዶች እንደገና መከፈታቸውን የጀመረው “በአብዮት ውስጥ አብዮት” መጀመሩን አስታውቀዋል። በአብዮታዊ ኮሚቴዎች እንቅስቃሴ ላይ እገዳ ተጥሏል; እ.ኤ.አ. መጋቢት 1988 ዓመፃቸውን እና የዳኝነት ሚናቸውን ለመገደብ አዲስ በተቋቋመው የጅምላ ማሰባሰብ እና አብዮታዊ አመራር ሚኒስቴር ሚናቸው ጠባብ ሲሆን በነሀሴ 1988 ጋዳፊ “ከዝንባሌ፣ ጎድተዋል፣ አሰቃይተዋል” በማለት በአደባባይ ወቅሷቸዋል። እውነተኛ አብዮተኛ ጭቆናን አይለማመድም። በመጋቢት ወር በመቶዎች የሚቆጠሩ የፖለቲካ እስረኞች የተፈቱ ሲሆን ጋዳፊ በሊቢያ ምንም ተጨማሪ የፖለቲካ እስረኞች የሉም በማለት በውሸት ተናግሯል። በሰኔ ወር ላይ የሊቢያ መንግስት የሞት ቅጣትን እና የሞት ቅጣትን አጠቃቀም የሚገድብ እና የሞት ቅጣትን የሚገድብ 27 አንቀጾች ግቦችን ፣ መብቶችን እና ዋስትናዎችን ያወጡበት በጅምላ ዘመን የሰብአዊ መብቶች ቻርተር አወጣ ። ለመጨረሻው መወገድ. በቻርተሩ ውስጥ የተጠቆሙት አብዛኛዎቹ እርምጃዎች በሚቀጥለው ዓመት ተግባራዊ ይሆናሉ፣ ምንም እንኳን ሌሎች እንቅስቃሴ-አልባ ሆነው ይቆያሉ። እንዲሁም እ.ኤ.አ. በ1989 መንግስት ከቅኝ ግዛት እና ኢምፔሪያሊዝም ጋር ለታገሉ የሶስተኛው ዓለም ሰዎች ሽልማት ለመስጠት የአልጋዳፊን ዓለም አቀፍ የሰብአዊ መብቶች ሽልማት አቋቋመ ። የመጀመርያው አመት አሸናፊ ደቡብ አፍሪካዊ የፀረ አፓርታይድ ታጋይ ኔልሰን ማንዴላ ነበር። ከ1994 እስከ1997 መንግስት ሙስናን ከስር መሰረቱ ለማጥፋት በተለይ በኢኮኖሚው ዘርፍ የጽዳት ኮሚቴዎችን አቋቋመ።,መጋቢት 1988 ዓመፃቸውን
የሃይክ አባት ማን ነበር?,ፍሬድሪክ ኦገስት ቮን ሃይክ የተወለደው በቪየና ከኦገስት ቮን ሃይክ እና ፌሊሺታስ ሃይክ (ናኤ ቮን ጁራሼክ) ነው። የፍሪድሪክ አባት፣ መካከለኛ ስሙን ያገኘበት፣ በቪየናም በ1871 ተወለደ። በማዘጋጃ ቤቱ ጤና ጥበቃ ሚኒስቴር ተቀጥሮ የሚሠራ የሕክምና ዶክተር ነበር፣ በእጽዋት ጥናት ውስጥ ከፍተኛ ፍቅር ነበረው፣ በዚህ ውስጥ በርካታ ነጠላ ጽሑፎችን ጻፈ። ኦገስት ቮን ሃይክ በቪየና ዩኒቨርሲቲ የትርፍ ጊዜ የእጽዋት ትምህርት መምህር ነበር። የፍሪድሪች እናት በ1875 ከሀብታሞች፣ ወግ አጥባቂ እና የመሬት ባለቤት ቤተሰብ ተወለደች። እናቷ ፍሬድሪክ ከመወለዱ ከበርካታ አመታት በፊት እንደሞተች፣ ፌሊቺታስ በትዳራቸው የመጀመሪያ አመታት የእርሷን እና የነሀሴን ገቢ ግማሽ ያህሉን የሚያገኝ ትልቅ ውርስ አገኘች። ሃይክ ከሶስት ወንድማማቾች ሄንሪች (1900–69) እና ኤሪክ (1904–86) አንድ ተኩል እና አምስት አመት ያነሱ ነበሩ።,ኦገስት ቮን ሃይክ
ከጉልበት አዳኞች ጋር በሚደረገው የንግድ ልውውጥ ላይ ስሙ ምን ነበር?,እ.ኤ.አ. በ1862-63 መካከል ከአንድ አመት ላላነሰ ጊዜ የፔሩ መርከቦች “ብላክበርዲንግ” እየተባለ በሚጠራው ንግድ ላይ የተሰማሩ ትናንሽ የፖሊኔዥያ ደሴቶችን ከምስራቃዊ ፓስፊክ ኢስተር ደሴት ወደ ቱቫሉ እና የጊልበርት ደሴቶች ደቡባዊ አቶሎች አፋጠጡ ( አሁን ኪሪባቲ) በፔሩ ያለውን ከፍተኛ የጉልበት እጥረት ለመሙላት ምልምሎችን ይፈልጋል። አንዳንድ የደሴቲቱ ነዋሪዎች በፈቃደኝነት የሚቀጠሩ ሰዎች ሲሆኑ፣ “ጥቁር አሳዳሪዎች” እንደ ክርስቲያን ሚስዮናውያን በማስመሰል፣ የደሴቲቱን ነዋሪዎች በጠመንጃ በማፈን እንደ ተንኮል በመርከብ በመርከብ በመሳሳት ይታወቃሉ። በቱቫሉ የቀደምት አውሮፓውያን ሚስዮናዊ ቄስ ኤ.ደብሊው ሙሬይ በ1863 170 የሚያህሉ ሰዎች ከፋናፉቲ ​​እንደተወሰዱና 250 ያህሉ ደግሞ ከኑኩላኤላ እንደተወሰዱ ዘግቧል።,ደሴቶች ደቡባዊ አቶሎች
በሁለት ከተሞች ውስጥ በተለያዩ የመሬት ቦታዎች ላይ በማከፋፈል የትንታኔ ልዩነት ሊፈጥር የሚችለው ምንድን ነው?,ይሁን እንጂ በክልል ዳታ ህብረት ስራ ማህበር ለታላቁ ኒው ሄቨን ኢንክ የተደረገ ትንታኔ እንደሚያሳየው በንፅፅር መመዘኛዎች እና በሌሎች ምክንያቶች የተነሳ በማዘጋጃ ቤት ላይ የተመሰረተ የደረጃ አሰጣጦች ትክክል አይደሉም ተብሎ ሊወሰድ ይችላል። ለምሳሌ፣ ተመሳሳይ የሕዝብ ብዛት ያላቸው ሁለት ከተሞች የተለያዩ የመሬት አካባቢዎችን ሊሸፍኑ ይችላሉ፣ ይህም ትንታኔዎች አግባብነት የላቸውም። የምርምር ድርጅቱ በማዘጋጃ ቤቶች ላይ ሳይሆን በሰፈሮች፣ ብሎኮች ወይም መደበኛ ስልቶች (በብሩኪንግስ፣ ዳይቨርሲቲ ዳታ እና ሌሎች የተቋቋሙ ተቋማት ከሚጠቀሙት ጋር ተመሳሳይ) ንፅፅር እንዲደረግ ጠይቋል።,ተመሳሳይ የሕዝብ
የአዕምሮው ግራጫ ጉዳይ ምን አይነት ቀለም ነው?,"ስለ አንጎል አናቶሚ መረጃ ለማግኘት ቀላሉ መንገድ በእይታ ምርመራ ነው ፣ ግን ብዙ ተጨማሪ የተራቀቁ ቴክኒኮች ተዘጋጅተዋል። በተፈጥሮው ሁኔታ ውስጥ ያለው የአንጎል ቲሹ ለመሥራት በጣም ለስላሳ ነው, ነገር ግን በአልኮል ወይም ሌሎች ማስተካከያዎች ውስጥ በመጥለቅ ሊደነድን ይችላል, ከዚያም ውስጡን ለመመርመር ይቆራረጣል. በእይታ ፣ የአዕምሮው ውስጠኛ ክፍል ግራጫማ ተብሎ የሚጠራ ፣ ጥቁር ቀለም ፣ በነጭ ነገሮች ፣ በቀላል ቀለም የተከፋፈለ ነው። ልዩ ዓይነት ሞለኪውሎች በብዛት የሚገኙባቸውን ቦታዎች የሚያመጡ የአንጎል ቲሹ ቁርጥራጮችን በተለያዩ ኬሚካሎች በመቀባት ተጨማሪ መረጃ ማግኘት ይቻላል። በተጨማሪም በአጉሊ መነጽር በመጠቀም የአንጎል ቲሹን ማይክሮስትራክሽን መመርመር እና ከአንዱ የአንጎል አካባቢ ወደ ሌላ የግንኙነት ንድፍ መፈለግ ይቻላል.",ጥቁር ቀለም
በደቡብ ምስራቅ አውሮፓ የነሐስ ዘመን መቼ ተጀመረ?,"ነሐስ ለመሥራት በቆርቆሮ መዳብ መቀላቀል ለመጀመሪያ ጊዜ የተለማመደው የመዳብ ማቅለጥ ከተገኘ ከ4000 ዓመታት በኋላ ነው, እና ከ2000 ዓመታት በኋላ ""ተፈጥሯዊ ነሐስ"" በአጠቃላይ ጥቅም ላይ መዋል ጀመረ. የነሐስ ቅርሶች ከቪንቻ ባህል እስከ4500 ዓክልበ. የሱመር እና የግብፅ የመዳብ እና የነሐስ ቅይጥ ቅርሶች በ3000 ዓክልበ. የነሐስ ዘመን የጀመረው በደቡብ ምስራቅ አውሮፓ በ3700-3300 ዓክልበአካባቢ፣ በሰሜን ምዕራብ አውሮፓ በ2500 ዓክልበ. ያበቃው በብረት ዘመን መጀመሪያ፣ 2000-1000 ዓክልበበቅርብ ምስራቅ፣ 600 ዓክልበበሰሜን አውሮፓ። በኒዮሊቲክ ዘመን እና በነሐስ ዘመን መካከል ያለው ሽግግር ቀደም ሲል የቻልኮሊቲክ ዘመን (የመዳብ-ድንጋይ) ተብሎ ይጠራ ነበር ፣ የመዳብ መሳሪያዎች ከድንጋይ መሳሪያዎች ጋር ጥቅም ላይ ይውላሉ። ይህ ቃል ቀስ በቀስ ከጥቅም ውጪ ሆኗል ምክንያቱም በአንዳንድ የአለም ክፍሎች ቻልኮሊቲክ እና ኒዮሊቲክ ከሁለቱም ጫፎች ኮተርሚኖች ናቸው። ናስ፣ የመዳብ እና የዚንክ ቅይጥ፣ በጣም የቅርብ ጊዜ መነሻ ነው። ለግሪኮች ይታወቅ ነበር, ነገር ግን በሮማን ኢምፓየር ጊዜ ለነሐስ ጠቃሚ ማሟያ ሆነ.",በ3700-3300 ዓክልበአካባቢ፣
የዓይን መነፅር መቼ ተጀመረ?,"በ20 ኛው ክፍለ ዘመን እንደ የታሸገ መስታወት, የተጠናከረ መስታወት እና የመስታወት ጡቦች የመሳሰሉ አዳዲስ የመስታወት ዓይነቶች ብርጭቆን እንደ የግንባታ ቁሳቁስ ጨምረዋል እና አዲስ የመስታወት አተገባበርን አስከትለዋል. ባለ ብዙ ፎቅ ሕንፃዎች ከሞላ ጎደል ከብርጭቆ በተሠሩ መጋረጃ ግድግዳዎች በተደጋጋሚ ይገነባሉ። በተመሳሳይ መልኩ, የታሸገ መስታወት በተሽከርካሪዎች ላይ ለንፋስ ማያ ገጽ በስፋት ተተግብሯል. የመስታወት መያዣዎች ሁል ጊዜ ለማከማቻነት የሚያገለግሉ እና ለንፅህና ባህሪያቸው የሚገመቱ ቢሆኑም መስታወት በኢንዱስትሪ ውስጥ እየጨመረ መጥቷል ። የመነጽር መነጽር ከመካከለኛው ዘመን መገባደጃ ጀምሮ ጥቅም ላይ ውሏል። ሌንሶችን ማምረት ከጊዜ ወደ ጊዜ የተዋጣለት ሆኗል, የስነ ፈለክ ተመራማሪዎችን በመርዳት እንዲሁም በህክምና እና በሳይንስ ውስጥ ሌላ መተግበሪያ አለው. ብርጭቆ በብዙ የፀሐይ ኃይል ስርዓቶች ውስጥ እንደ ቀዳዳ ሽፋን ሆኖ ያገለግላል።",ከመካከለኛው ዘመን መገባደጃ
የብሔራዊ ሆኪ ሊግ ስርጭቶች መብት ያለው የትኛው ኩባንያ ነው?,በሲቢሲ አሁን ባለው ዝግጅት ከሮጀርስ ኮሙኒኬሽንስ ለብሔራዊ ሆኪ ሊግ የብሮድካስት መብቶች በካናዳ የሆኪ ምሽት ስርጭቶች በሲቢሲ ባለቤትነት ስር ባሉ ጣቢያዎች እና ተባባሪዎች በሲቢሲ የቴሌቪዥን አውታረ መረብ ላይ በቴክኒካል የሚተላለፉ አይደሉም ነገር ግን በተለየ CRTC ፈቃድ ያለው የትርፍ ጊዜ አውታረ መረብ የሚሰራው ሮጀርስ ሮጀርስ የኤዲቶሪያል ቁጥጥርን ሲሰራ እና በHNIC ስርጭቶች ወቅት ሁሉንም የማስታወቂያ ጊዜ ሲሸጥ በCRTC ይህ ያስፈልገው ነበር፣ ምንም እንኳን የCBC ስህተት እና ለሌሎች የCBC ቴሌቪዥን ፕሮግራሞች በHNIC ውስጥ ቢታዩም።,ሮጀርስ ሮጀርስ
ቪክቶሪያ በማዕከላዊ እንግሊዝ ባደረገችው በእያንዳንዱ ጉብኝቷ ላይ መቀበሏ የተናደደ ማን ነው?,እ.ኤ.አ. በ1830 የኬንት እና የኮንሮይ ዱቼዝ ቪክቶሪያን በመሀል እንግሊዝ አቋርጠው የማልቨርን ሂልስን ለመጎብኘት በመንገድ ላይ በከተሞች እና በታላላቅ የሀገር ቤቶች ቆሙ። በ1832፣ 1833፣ 1834 እና 1835 ወደ ሌሎች የእንግሊዝ እና የዌልስ ክፍሎች ተመሳሳይ ጉዞዎች ተደርገዋል። ንጉሱን ያስቆጣው፣ ቪክቶሪያ በእያንዳንዱ ፌርማታዎች ላይ በደስታ ተቀብላለች። ዊልያም ጉዞዎቹን ከንጉሣዊ ግስጋሴዎች ጋር በማነፃፀር ቪክቶሪያን እንደ ወራሹ ግምታዊ ግምት ሳይሆን እንደ ተቀናቃኝ መስሏቸው አሳስቦ ነበር። ቪክቶሪያ ጉዞዎቹን አልወደደም; የማያቋርጥ የአደባባይ ትርኢት ደክሟት እና ታምማለች እናም ለማረፍ ትንሽ ጊዜ አልነበራትም። የንጉሱን ተቀባይነት ባለማግኘቷ ተቃውማለች፣ እናቷ ግን ቅሬታውን በቅናት ተነሳስቶ ውድቅ አድርጋ ቪክቶሪያ ጉብኝቱን እንድትቀጥል አስገደዳት። በጥቅምት 1835 ራምስጌት ላይ ቪክቶሪያ ከባድ ትኩሳት ያዘች፣ እሱም ኮንሮይ መጀመሪያ ላይ እንደ ልጅነት አስመስሎ ውድቅ አደረገው። ቪክቶሪያ በህመም ላይ እያለች ኮንሮይ እና ዱቼዝ ኮንሮይ የግል ፀሀፊ እንድትሆን ባጅ ሰጥተዋት አልተሳካላቸውም። በአሥራዎቹ ዕድሜ ውስጥ እያለች፣ ቪክቶሪያ እናቷ እና ኮንሮይ እሱን ወደ ሰራተኛዋ ለመሾም ያደረጓቸውን የማያቋርጥ ሙከራዎች ተቃወመች። በአንድ ወቅት ንግሥት ከመሆኗ ከለከለችው እርሱ ግን በእናቷ ቤት ቀረ።,ዊልያም
በመጨረሻ እንደ ሊሪካ ለገበያ የቀረበውን መድኃኒት ማን አገኘው?,"ሰሜን ምዕራብ በ1917 የአሜሪካ ዩኒቨርሲቲዎች ማህበር ተመርጧል እና ""በጣም ከፍተኛ"" የምርምር እንቅስቃሴ ያለው የምርምር ዩኒቨርሲቲ ሆኖ ቆይቷል. የሰሜን ምዕራብ የአስተዳደር፣ የምህንድስና እና የግንኙነት ትምህርት ቤቶች በሀገሪቱ ውስጥ በትምህርታዊ ምርታማ ከሆኑት መካከል ናቸው። ሰሜን ምዕራብ በ2014 የ550 ሚሊዮን ዶላር የምርምር ፈንድ አግኝቷል።ሰሜን ምዕራብ በሁለት ካምፓሶች ወደ 1,500 የሚጠጉ የምርምር ላቦራቶሪዎችን ይደግፋል፣ በዋናነት በህክምና እና ባዮሎጂካል ሳይንሶች። በኢኖቬሽን ኤንድ ኒው ቬንቸር ቢሮ (INVO) በኩል የሰሜን ምዕራብ ተመራማሪዎች 247 ፈጠራዎችን ይፋ አድርገዋል፣270 የፈጠራ ባለቤትነት ማመልከቻዎችን አቅርበዋል፣ 81 የውጭ እና የአሜሪካ የባለቤትነት መብቶችን ተቀብለዋል፣ 12 ኩባንያዎችን ማቋቋም እና 79.8 ሚሊዮን ዶላር የፍቃድ አሰጣጥ ገቢ በ2013 ገቢ አድርገዋል። በፕሬጋባሊን ላይ የባለቤትነት መብት የተሰጠው፣ በኬሚስትሪ ፕሮፌሰር ሪቻርድ ሲልቨርማን የተገኘ የተዋሃደ ኦርጋኒክ ሞለኪውል፣ በመጨረሻም ሊሪካ ተብሎ በPfizer የተሸጠ መድሃኒት ለገበያ ቀረበ፣ የሚጥል በሽታን፣ ኒውሮፓቲካል ህመምን እና ፋይብሮማያልጂያ። INVO የልማት ቴራፒዩቲክስ ማእከል (CDT) እና የመሣሪያ ልማት ማእከልን (CD2) ጨምሮ በርካታ ማዕከሎችን በመፍጠር ተሳትፏል። በሰሜን ምዕራብ ቴክኖሎጂዎች ላይ የተመሰረቱ ከ50 በላይ የሰሜን ምዕራብ ጀማሪ ኩባንያዎችን አግዟል።",በኬሚስትሪ ፕሮፌሰር ሪቻርድ ሲልቨርማን
በዩኤስ ውስጥ ፈቃድ ላላቸው የአመጋገብ ባለሙያዎች ምህጻረ ቃል ምንድ ነው?,"በዩኤስ ውስጥ የአመጋገብ ባለሙያዎች የተመዘገቡት (RD) ወይም ፍቃድ (ኤልዲ) በአመጋገብ ምዝገባ ኮሚሽን እና በአሜሪካን የአመጋገብ ስርዓት ማህበር ነው፣ እና በእያንዳንዱ የንግድ እና የሙያ ኮዶች እንደተገለፀው “የአመጋገብ ባለሙያ” የሚለውን ማዕረግ መጠቀም የሚችሉት ስቴት, ልዩ የትምህርት እና የልምድ ቅድመ ሁኔታዎችን ሲያሟሉ እና እንደቅደም ተከተላቸው ብሔራዊ የምዝገባ ወይም የፈቃድ ፈተና ካለፉ. በካሊፎርኒያ ውስጥ የተመዘገቡ የአመጋገብ ባለሙያዎች ""የቢዝነስ እና ሙያ ኮድ ክፍል 2585-2586.8"" ማክበር አለባቸው. ይህ ቃል ቁጥጥር ያልተደረገበት በመሆኑ ማንኛውም ሰው እራሱን የአመጋገብ ባለሙያ ብሎ ሊጠራ ይችላል, ብቃት የሌላቸው የአመጋገብ ባለሙያዎችን ጨምሮ. እንደ የፍሎሪዳ ግዛት ያሉ አንዳንድ ግዛቶች “የአመጋገብ ባለሙያ” የሚለውን ማዕረግ በክልል የፈቃድ መስፈርቶች ውስጥ ማካተት ጀምረዋል። አብዛኛዎቹ መንግስታት በአመጋገብ ላይ መመሪያ ይሰጣሉ፣ እና አንዳንዶች ሸማቾች እንደዚህ አይነት መመሪያን እንዲያከብሩ ለመርዳት ለተዘጋጁ የምግብ አምራቾች እና ሬስቶራንቶች የግዴታ የመግለፅ/መለያ መስፈርቶችን ይጥላሉ።",(ኤልዲ)
ተመራማሪዎችን እንዲያደርጉ የመጀመሪያውን የCOMPASS ሳተላይት ያመጠቀ ሌላ ነገር ምንድን ነው?,ስለ አዲሱ ስርዓት ምልክቶች በቻይና ባለስልጣናት ብዙም በይፋ ባይገለጽም፣ የመጀመሪያው የኮምፓስ ሳተላይት መውጣቱ ገለልተኛ ተመራማሪዎች የምልክቶቹን አጠቃላይ ባህሪያት እንዲያጠኑ ብቻ ሳይሆን የCOMPASS መቀበያ እንዲገነቡ ፈቅዷል።,ሳይሆን የCOMPASS መቀበያ እንዲገነቡ
የብሉይ ዓለም በሽታዎች የአገሬው ተወላጆችን እስኪቀንስ ድረስ ምን ያህል ጊዜ ፈጅቷል?,የአሜሪካ ተወላጆች ቁጥር መቀነስን በተመለከተ የተለያዩ ንድፈ ሃሳቦች ወረርሽኙን በሽታዎች፣ ከአውሮፓውያን ጋር የሚደረጉ ግጭቶች እና በተፋላሚ ጎሳዎች መካከል ያሉ ግጭቶችን ያጎላሉ። ምሑራን በአሁኑ ጊዜ፣ ከተለያዩ አስተዋፅዖ ምክንያቶች መካከል፣ ወረርሽኙ በሽታ የአሜሪካ ተወላጆች የሕዝብ ቁጥር መቀነስ ምክንያት እንደሆነ ያምናሉ። አንዳንዶች ከአውሮፓውያን እና አፍሪካውያን ጋር ለመጀመሪያ ጊዜ ከተገናኙ በኋላ የብሉይ ዓለም በሽታዎች በሚቀጥሉት 150 ዓመታት ውስጥ ከ90 እስከ95% የሚሆነውን የአዲስ ዓለም ተወላጆች ሞት አስከትለዋል ብለው ያምናሉ። ፈንጣጣ በ1518 የሂስፓኒኖላ ተወላጆች አንድ ሶስተኛውን ገደለ። የኢንካን ገዥ የሆነውን ሁይና ካፓክን በመግደል ፈንጣጣ የኢንካ የእርስ በርስ ጦርነት አስከትሏል። ፈንጣጣ የመጀመሪያው ወረርሽኝ ብቻ ነበር። በ1546 ታይፈስ (ምናልባትም)፣ ኢንፍሉዌንዛ እና ፈንጣጣ በ1558፣ ፈንጣጣ እንደገና በ1589፣ ዲፍቴሪያ በ1614፣ ኩፍኝ በ1618 - ሁሉም የኢንካ ባሕል ቅሪት አበላሽቷል።,150 ዓመታት
ለበርማ ከባዕድ ቅኝ አገዛዝ ነፃ መውጣቷን የሚያረጋግጥ የስምምነት ስም ማን ይባላል?,ከሁለተኛው የዓለም ጦርነት በኋላ ኦንግ ሳን ምያንማርን እንደ አንድ የተዋሃደች ሀገር ነፃነቷን የሚያረጋግጥ የፓንግሎንግ ስምምነትን ከጎሳ መሪዎች ጋር ተወያይታለች። አውንግ ዛን ዋይ፣ ፔ ኪን፣ ቦ ሁሙ አውንግ፣ ሰር ማውንግ ጂ፣ ዶ/ር ሴይን ሚያ ማንግ፣ ማዮማ ኡ ታን ኪዌ ከባማር መሪ ጄኔራል አውንግ ሳን እና ከሌሎች የጎሳ መሪዎች ጋር በ1947 ከተደራደሩት መካከል ነበሩ። ፣ አንግ ሳን የማያንማር የሽግግር መንግስት ምክትል ሊቀመንበር ሆነ። በጁላይ 1947 ግን የፖለቲካ ተቀናቃኞች አውንግ ሳንን እና በርካታ የካቢኔ አባላትን ገደሉ።,የፓንግሎንግ ስምምነትን
ምክንያታዊነት እና ኢምፔሪዝም የየትኞቹ ምሳሌዎች ናቸው?,በዘመናዊ አርክቴክቶች ላይ ተጽዕኖ ካሳደረባቸው ፍልስፍናዎች እና የንድፍ ግንባታ አቀራረባቸው ምክንያታዊነት ፣ ኢምፔሪሪዝም ፣ መዋቅራዊነት ፣ ድህረ-structuralism እና ፍኖሜኖሎጂ ይገኙበታል።,ፍልስፍናዎች
የቀጥታ ኮንሰርቶች፣ ተውኔቶች እና ኮሜዲዎች የሚያዘጋጁት የትኛው ቦታ ነው?,የቲያትር ዲስትሪክት በሂዩስተን መሃል ላይ ባለ 17-ብሎኮች አካባቢ ለBayou Place መዝናኛ ውስብስብ ፣ ምግብ ቤቶች ፣ ፊልሞች ፣ አደባባዮች እና መናፈሻዎች መኖሪያ ነው። ባዩ ቦታ ሙሉ አገልግሎት የሚሰጡ ምግብ ቤቶችን፣ ቡና ቤቶችን፣ የቀጥታ ሙዚቃን፣ ቢሊያርድን እና ሰንዳንስ ሲኒማ የያዘ ትልቅ ባለ ብዙ ደረጃ ሕንፃ ነው። የBayou Music Center የቀጥታ ኮንሰርቶችን፣ የመድረክ ድራማዎችን እና የቁም ቀልዶችን ያዘጋጃል። የጠፈር ማእከል ሂውስተን የናሳ የሊንደን ቢ ጆንሰን የጠፈር ማእከል ኦፊሴላዊ የጎብኝዎች ማዕከል ነው። የጠፈር ማእከል የጨረቃ ድንጋዮችን፣ የማመላለሻ አስመሳይን እና የናሳን ሰው ሰራሽ የጠፈር በረራ ፕሮግራም ታሪክን ጨምሮ ብዙ በይነተገናኝ ትርኢቶች አሉት። ሌሎች የቱሪስት መስህቦች ጋለሪያ (በአፕታውን አውራጃ የሚገኘው የቴክሳስ ትልቁ የገበያ አዳራሽ)፣ የድሮ ገበያ አደባባይ፣ ዳውንታውን አኳሪየም እና ሳም ሂውስተን ዘር ፓርክ ይገኙበታል።,የጠፈር ማእከል ሂውስተን
ራጃስታን በህንድ ውስጥ ከፍተኛ መጠን ያለው ምን ዓይነት ዘይት ያመርታል?,"የራጃስታን ኢኮኖሚ በዋናነት ግብርና እና አርብቶ አደር ነው። ስንዴ እና ገብስ በትላልቅ ቦታዎች ላይ ይመረታሉ, እንዲሁም ጥራጥሬዎች, የሸንኮራ አገዳ እና የቅባት እህሎች. ጥጥ እና ትምባሆ የስቴቱ የገንዘብ ሰብሎች ናቸው። ራጃስታን በህንድ ውስጥ ትልቁ የምግብ ዘይት አምራቾች እና ሁለተኛው ትልቁ የቅባት እህሎች አምራች ነው። ራጃስታን በህንድ ውስጥ ትልቁ የሱፍ አምራች ግዛት እና ዋናው የኦፒየም አምራች እና ሸማች ነው። በዋናነት ሁለት የሰብል ወቅቶች አሉ. ለመስኖ የሚውለው ውሃ ከጉድጓድ እና ታንኮች ይወጣል. የኢንዲራ ጋንዲ ቦይ ሰሜን ምዕራብ ራጃስታን ያጠጣል።",የምግብ ዘይት
ቴክሳስ መቼ ነው ግዛት የሆነው?,"እ.ኤ.አ. በ1821 ፣ ከሜክሲኮ የነፃነት ጦርነት ከስፔን በኋላ ፣ ቴክሳስ የዩናይትድ ስቴትስ የሜክሲኮ አሜሪካ አካል እንደ ኮዋዩላ y ቴጃስ ግዛት ነበር። በሜክሲኮ ፕሬዝደንት ይሁንታ በማግኘት ብዙ አሜሪካውያን ብዙም ሳይቆይ መጡ። እ.ኤ.አ. በ1836 በአሁኑ ጊዜ በአብዛኛው ""አሜሪካዊ"" ቴክሳስ ከሜክሲኮ ማዕከላዊ መንግስት ነፃ የመውጣት ጦርነት ተዋግቶ የቴክሳስ ሪፐብሊክን አቋቋመ። እ.ኤ.አ. በ1846 ቴክሳስ ወደ ዩናይትድ ስቴትስ ኦፍ አሜሪካ እንደ ሀገር በገባች ጊዜ ሪፐብሊክ ፈረሰች። እ.ኤ.አ. በ1850 በተደረገው የአሜሪካ ቆጠራ ከ16,000 ያነሱ የቴክሳስ ተወላጆች የሜክሲኮ ተወላጆች ሲሆኑ ሁሉም ማለት ይቻላል ስፓኒሽ ተናጋሪዎች ነበሩ (ሁለቱም ሜክሲካውያን እና ስፓኒሽ ያልሆኑ አውሮፓውያን ሰፋሪዎች ጀርመንኛ ቴክስን ያካተቱ) በእንግሊዝኛ በቁጥር (ስድስት ለአንድ) ተናጋሪ ሰፋሪዎች (ሁለቱም አሜሪካውያን እና ሌሎች ስደተኞች አውሮፓውያን)።[ጥቅስ ያስፈልጋል]",እ.ኤ.አ. በ1846 ቴክሳስ ወደ ዩናይትድ ስቴትስ ኦፍ አሜሪካ እንደ ሀገር በገባች ጊዜ ሪፐብሊክ ፈረሰች።
በ1954 አካባቢ ከተማዋን በከተማ እድሳት ግንባር ቀደም ላስቀመጧት ፕሮጀክቶች የየትኛው የኒው ሄቨን ከንቲባ ነው?,"እ.ኤ.አ. በ1954 የወቅቱ ከንቲባ ሪቻርድ ሲ ሊ በዩናይትድ ስቴትስ ውስጥ የመጀመሪያዎቹን ዋና ዋና የከተማ እድሳት ፕሮጀክቶችን ጀመሩ። አንዳንድ የመሀል ከተማ የኒው ሄቨን ክፍሎች ሙዚየሞችን፣ አዲስ የቢሮ ማማዎችን፣ ሆቴልን እና ትላልቅ የገበያ ሕንጻዎችን ለማካተት በአዲስ መልክ ተገንብተዋል። ሌሎች የከተማው ክፍሎች ኢንተርስቴት 95 በሎንግ ዋልፍ ክፍል፣ ኢንተርስቴት 91 እና የኦክ ጎዳና ማገናኛ በመገንባት ተጎድተዋል። የ Oak Street Connector (መንገድ 34)፣ በኢንተርስቴት 95፣ መሃል ከተማ እና ዘ ሂል ሰፈር መካከል የሚሄደው፣ በመጀመሪያ የታሰበው ለከተማዋ ምዕራባዊ ዳርቻዎች አውራ መንገድ ነው፣ ነገር ግን ወደ መሃል ከተማው እንደ ሀይዌይ ብቻ ነበር የተጠናቀቀው፣ አካባቢው በምዕራብ ቡሌቫርድ መሆን (ከዚህ በታች ያለውን ""ማሻሻያ"" ይመልከቱ)።",ሪቻርድ ሲ ሊ
የግዛቶቹ ትልቁ እና ትልቁ ሆስፒታል ምንድን ነው?,የኦክላሆማ ከተማ እና አካባቢው የሜትሮፖሊታን አካባቢ የበርካታ የጤና እንክብካቤ ተቋማት እና ልዩ ሆስፒታሎች መኖሪያ ናቸው። በኦክላሆማ ከተማ ሚድታውን አውራጃ ከመሀል ከተማ አቅራቢያ የሚገኘው የስቴቱ አንጋፋ እና ትልቁ ባለ አንድ ጣቢያ ሆስፒታል፣ ሴንት አንቶኒ ሆስፒታል እና የሐኪሞች ሕክምና ማዕከል ነው።,ሴንት አንቶኒ ሆስፒታል እና የሐኪሞች ሕክምና ማዕከል
"""ባለ ሁለት መጥረቢያ ሰዎች"" የሚለው ስም ማን ነበር?","ከማይሴኒያ ዘመን ጀምሮ በዴልፊ የቃል አምልኮ የነበረ ይመስላል። በታሪካዊ ጊዜ፣ የዴልፊ ካህናት ላብራያደን ተብለው ይጠሩ ነበር፣ “ድርብ መጥረቢያ ሰዎች”፣ ይህም የሚኖአን አመጣጥ ያመለክታል። ድርብ መጥረቢያ፣ ላብራይ፣ የቀርጤስ ቤተ ሙከራ ቅዱስ ምልክት ነበር። የሆሜሪክ መዝሙር አክሎም አፖሎ ዶልፊን ሆኖ በመታየቱ የቀርጤስ ቄሶችን ወደ ዴልፊ በማጓጓዝ ሃይማኖታዊ ልማዶቻቸውን እንዳስተላለፉ ያሳያል። አፖሎ ዴልፊኒዮስ በተለይ በቀርጤስ እና በደሴቶች ይመለክ የነበረ የባሕር አምላክ ሲሆን ስሙም ከዴልፊ እና ከቅዱሱ እባብ ዴልፊን (""ማህፀን"") ጋር ያለውን ግንኙነት ያመለክታል። , በብሪቶማርቲስ (ዲክቲና), ሚኖአን ""የእንስሳት እመቤት"" ተለይቷል. በቀደምት ሥዕሎቿ ላይ ቀስት እንደ ባህሪው ካለው ወንድ የአደን አምላክ ""የእንስሳት ጌታ"" ታጅባለች። የመጀመሪያ ስሙ ባይታወቅም በድንግል “የእንስሳት እመቤት” አጠገብ የቆመው ይበልጥ ተወዳጅ የሆነው አፖሎ ወንድሟ ሆኖ የቆመ ይመስላል።",በቀደምት ሥዕሎቿ ላይ
በ Antigonids ስር ምን ፈንጂዎች ቀንሰዋል?,"የሲቲየም የዜኖ ተማሪ የነበረው አንቲጎነስ 2ኛ አብዛኛውን የአገዛዝ ዘመኑን ሜቄዶንን ከኤጲሮስ በመከላከል እና በግሪክ የመቄዶንያ ኃይላትን በማጠናከር፣ በመጀመሪያ በአቴናውያን በክሪሞኒዲያን ጦርነት፣ ከዚያም የአካይያን ሊግ ኦፍ አራተስ ኦፍ ሲሲዮን ላይ አሳልፏል። በአንቲጎኒድስ ስር፣ መቄዶኒያ ብዙ ጊዜ የገንዘብ እጥረት ነበረባት፣ የፓንጋየም ማዕድን ማውጫዎች እንደ ፊሊፕ 2ኛ ዘመን ፍሬያማ አልነበሩም፣ በአሌክሳንደር ዘመቻ የተገኘው ሃብት ጥቅም ላይ ውሎ ነበር እና ገጠር በጋሊክ ወረራ ተዘርፏል። እጅግ በጣም ብዙ የሆነ የመቄዶኒያ ህዝብ በአሌክሳንደር ወደ ውጭ አገር እንዲሰፍሩ ተደርጓል ወይም ወደ አዲሱ የግሪክ ምስራቅ ከተሞች መሰደድን መርጠዋል። እስከሁለት ሶስተኛው የሚሆነው ህዝብ ተሰደደ፣ እና የመቄዶኒያ ጦር በ25,000 ሰዎች ቀረጥ ላይ ብቻ ሊቆጥር ይችላል፣ ይህም ከፊልጶስ 2ኛ ጊዜ ያነሰ ኃይል ነው።",የፓንጋየም
የዋሽንግተን ዩኒቨርሲቲ የሕክምና ትምህርት ቤት በተማሪ መራጭነት ደረጃ የሚሰጠው የት ነው?,እ.ኤ.አ. በ1891 የተመሰረተው የዋሽንግተን ዩኒቨርሲቲ የሕክምና ትምህርት ቤት በዓለም ላይ ካሉት የሕክምና ምርምር እና የሥልጠና ማዕከላት አንዱ ተደርጎ ይወሰዳል። ትምህርት ቤቱ በተማሪዎች ምርጫ በብሔሩ አንደኛ ደረጃ ይይዛል። ከቅርብ ጊዜዎቹ ተነሳሽነቶች መካከል፣ በዋሽንግተን ዩኒቨርሲቲ የሚገኘው የጂኖም ሴንተር (በሪቻርድ ኬ. ዊልሰን የሚመራው) በሰው ልጅ ጂኖም ፕሮጀክት ውስጥ ግንባር ቀደም ሚና ተጫውቷል፣ ይህም የተጠናቀቀውን ተከታታይ 25% አስተዋፅዖ አድርጓል። ትምህርት ቤቱ በአልጋ ላይ ማስተማር ፈር ቀዳጅ ሲሆን የተጨባጭ እውቀትን ወደ ሳይንሳዊ ህክምና እንዲቀይር አድርጓል። የሕክምና ትምህርት ቤቱ ከሴንት ሉዊስ የህፃናት ሆስፒታል እና ባርነስ-አይሁድ ሆስፒታል (የBJC HealthCare አካል) ጋር በመተባበር ሁሉም ሐኪሞች የት/ቤቱ ፋኩልቲ አባላት ከሆኑ።,አንደኛ
ሁሜ የክብ ክርክር ምን አስቦ ነበር?,ሁም ሁሉም ዕውቀት፣ ስለ ተፈጥሮው ዓለም እጅግ መሠረታዊ የሆኑ እምነቶች እንኳ፣ በምክንያታዊነት ሊመሰረቱ እንደማይችሉ አስታወቀ። ከዚህ ይልቅ እምነታችን ለተከማቸ ስሜታዊ ተሞክሮዎች ምላሽ በመስጠት የተከማቸ ልማድ ውጤት እንደሆነ ተናግሯል። ከበርካታ ክርክሮቹ መካከል ሁም ስለ ሳይንሳዊ ዘዴ ለክርክር ሌላ አስፈላጊ ፍንጭ ጨምሯል - ስለ ኢንዳክሽን ችግር። ሁም ለኢንደክቲቭ ማመዛዘን መርህ ወደ ግቢው ለመድረስ ኢንዳክቲቭ ምክኒያት እንደሚያስፈልግ በመግለጽ ለኢንደክቲቭ ምክንያታዊነት ማረጋገጫው የክብ ክርክር ነው። የኢንደክሽን ችግርን በተመለከተ ሁም ካደረጋቸው ድምዳሜዎች መካከል መጪው ጊዜ ያለፈውን እንደሚመስል እርግጠኛ አለመሆኑ ነው። ስለዚህ፣ በሁሜ እንደቀላል ምሳሌ፣ ፀሀይ በምስራቅ መውጣቷን እንደምትቀጥል በተጨባጭ አሳማኝ ምክንያት በእርግጠኝነት ማወቅ አንችልም ይልቁንም ከዚህ በፊት ደጋግማ ስላደረገች ትጠብቃለች ብለን እንጠብቃለን።,ለኢንደክቲቭ ምክንያታዊነት ማረጋገጫው
ደቡባዊ ህንድ እና አንዳንድ የደቡብ ምስራቅ እስያ ክፍሎችን ያሸነፈው ሥርወ መንግሥት የትኛው ነው?,በ7 ኛው እና በ11 ኛው ክፍለ ዘመን መካከል በጣም አስፈላጊው ክስተት በካናውጅ ላይ ያተኮረ የሶስትዮሽ ትግል በፓላ ኢምፓየር ፣ በራሽትራኩታ ኢምፓየር እና በጉርጃራ ፕራቲሃራ ኢምፓየር መካከል ከሁለት መቶ ዓመታት በላይ የዘለቀ። ደቡብ ህንድ በቻሉክያ፣ ቾላ፣ ፓላቫ፣ ቼራ፣ ፓንዲያን እና ምዕራባዊ ቻሉክያ ኢምፓየር ይገዛ ነበር። ሰባተኛው ክፍለ ዘመን የእስልምናን መምጣት እንደ ፖለቲካ ሃይል አይቶታል ፣ ምንም እንኳን እንደ ድንበር ፣ በክፍለ አህጉሩ ምዕራባዊ ክፍል ፣ በዘመናዊቷ ፓኪስታን። የቾላ ሥርወ መንግሥት ደቡባዊ ሕንድን ድል አድርጎ በ11ኛው ክፍለ ዘመን የደቡብ ምሥራቅ እስያ፣ ስሪላንካ፣ ማልዲቭስ እና ቤንጋልን በተሳካ ሁኔታ ወረረ። የመካከለኛው ዘመን መጀመሪያ የህንድ ሂሳብ በሂሳብ እና በሥነ ፈለክ እድገት በአረቡ ዓለም ላይ ተጽዕኖ ያሳደረ ሲሆን የሂንዱ ቁጥሮችም መጡ።,የቾላ ሥርወ መንግሥት
በቆጵሮስ ውስጥ የሚገኙት ሦስቱ የመጓጓዣ መንገዶች ምንድ ናቸው?,"የሚገኙ የመጓጓዣ ዘዴዎች በመንገድ, በባህር እና በአየር ናቸው. እ.ኤ.አ. በ1998 በቆጵሮስ ሪፐብሊክ ከነበሩት 10,663 ኪሜ (6,626 ማይል) መንገዶች 6,249 ኪሜ (3,883 ማይል) የተነጠፈ ሲሆን 4,414 ኪሜ (2,743 ማይል) ያልተስፋልት ነበሩ። እ.ኤ.አ. በ1996 በቱርክ የተያዙ አካባቢዎች ከ1,370 ኪሎ ሜትር (850 ማይል) የሚጠጋ ጥርጊያ መንገድ እና 980 ኪሎ ሜትር (610 ማይል) ያልተስተካከሉ የድንጋይ ንጣፍ እና ያልተነጠፈ ተመሳሳይ ጥምርታ ነበረው። ተሽከርካሪዎች በመንገዱ በግራ በኩል ይጓዛሉ, የብሪታንያ ቅኝ ግዛት ቅሪት (ሌሎቹ አየርላንድ, ማልታ እና ዩናይትድ ኪንግደም ናቸው). ተከታታይ አውራ ጎዳናዎች ከፓፎስ ምስራቅ ወደ አያ ናፓ በባህር ዳርቻ ይጓዛሉ፣ ሁለት አውራ ጎዳናዎች ወደ ውስጥ ወደ ኒኮሲያ ይሄዳሉ፣ አንዱ ከሊማሶል እና አንዱ ከላርናካ።","በመንገድ, በባህር እና በአየር"
ጆን XXIII በግንቦት 10 ቀን 1963 ምን ሽልማት አግኝቷል?,እ.ኤ.አ. ሜይ 10 ቀን 1963 ጆን 13ኛ የባልዛን ሽልማትን በቫቲካን በግሉ ተቀበለ ነገር ግን በእድሜው ዘመን ለነበሩት ለአምስቱ ሊቃነ ጳጳሳት ርዕሰ ሊቃነ ጳጳሳት ሊዮ XIII ለፒየስ 12ኛ አስተላልፏል። ግንቦት 11 ቀን የጣሊያን ፕሬዝዳንት አንቶኒዮ ሴግኒ ለሰላም ላደረጉት ተሳትፎ የባልዛን ሽልማትን ለጳጳስ ጆን 23ኛ በይፋ ሸለሙ። ወደ ኦፊሴላዊው ሥነ ሥርዓት በመኪናው ውስጥ እያለ፣ በቫቲካን ውስጥ ይህን ለማድረግ ፈቃደኛ ባለመሆኑ ከሴግኒ ጋር በመገናኘት ሽልማቱን በኲሪናል ቤተ መንግሥት እንዲቀበል ጠየቀ። በተሰቀለው የቅዱስ ጴጥሮስ አጽም ላይ ሊቀ ጳጳስን ማክበር ስድብ እንደሆነ ተናግሯል። የጳጳሱ የመጨረሻ የአደባባይ መታየት ነበር።,የባልዛን ሽልማትን
ካለው በላይ ብዙ ባንድዊድ ከተፈለገ፣ በጣም ከፍተኛ ጥራት ያለው ምንጭ ምን ሳላጠፋ ማስተላለፍ አልችልም?,በጣም ከፍተኛ ጥራት ያለው ምንጭ ታማኝነት ሳይጎድል ለመተላለፍ ካለው የበለጠ የመተላለፊያ ይዘት ሊፈልግ ይችላል። በሁሉም የዲጂታል ኤችዲቲቪ ማከማቻ እና የማስተላለፊያ ስርዓቶች ውስጥ ጥቅም ላይ የሚውለው የኪሳራ መጭመቂያ ያልተጨመቀ ምንጭ ጋር ሲወዳደር የተቀበለውን ምስል ያዛባል።,ታማኝነት
እግዚአብሔር በሰው ልጅ ታሪክ ውስጥ ያስተላለፋቸውን መልእክቶች ቁርኣን እንዴት ይገልፃል?,"በቁርኣን መሰረት እግዚአብሔር ከሰው ጋር ተነጋግሮ ፈቃዱን በምልክቶች እና በመገለጥ አሳወቀ። ነቢያት፣ ወይም 'የእግዚአብሔር መልእክተኞች'፣ መገለጦችን ተቀብለው ለሰው ልጆች አሳልፈው ሰጥተዋል። መልእክቱ አንድ አይነት እና ለሰው ልጅ ሁሉ ነው። ""ከአንተ በፊት ለነበሩት መልክተኞች ያልተነገረው ለናንተ ምንም አልተነገረም። ጌታህ በትእዛዙ ምሕረትና ታላቅ ቅጣት አለው።"" መገለጡ በቀጥታ ከእግዚአብሔር ወደ ነቢያት አልመጣም። እንደ እግዚአብሔር መልእክተኞች የሚሠሩ መላእክት መለኮታዊውን ራዕይ ያደርሳሉ። ይህም በቁርኣን 42፡51 ላይ የወጣ ሲሆን በሱም እንዲህ ተብሎ ተጽፏል፡- ‹‹አላህ ለነርሱ በራእይ ወይም ከመጋረጃ ጀርባ ወይም መልክተኛን በፈቃዱ የሚያወርድ ቢኾን እንጂ ሌላ ሊናገር አይገባውም። እርሱ ያደርጋል.""",ለናንተ
የጠመንጃ ስርዓቶችን ሙሉ በሙሉ የሚተካው ምንድን ነው?,"አሁን ያሉት አዝማሚያዎች ከቀጠሉ ሚሳይሎች የጠመንጃ ስርዓቶችን ሙሉ በሙሉ በ""መጀመሪያ መስመር"" አገልግሎት ይተካሉ።[ጥቅስ] ሽጉጥ ወደ ልዩ ባለሙያዎች እየተገፋ ነው፣ እንደ የደች ግብ ጠባቂ CIWS፣ GAU-8 Avenger 30 mm ሰባት በርሜል ይጠቀማል። ጋትሊንግ ሽጉጥ ለመጨረሻ ቦይ ፀረ-ሚሳኤል እና ፀረ-አውሮፕላን መከላከያ። ይህ የቀድሞ የፊት መስመር መሳርያ እንኳን በአሁኑ ጊዜ እንደ RIM-116 Rolling Airframe ሚሳይል በመሳሰሉ አዳዲስ ሚሳኤሎች እየተተካ ሲሆን ይህም አነስተኛ፣ ፈጣን እና የመሃል በረራ ኮርስ ማስተካከያ (መመሪያ) መምታቱን ለማረጋገጥ ነው። በጠመንጃ እና ሚሳኤሎች መካከል ያለውን ልዩነት ለማቃለል ሩሲያ በተለይ ካሽታን CIWS ትመርታለች ፣ ይህም ሁለቱንም ሽጉጦች እና ሚሳኤሎችን ለመጨረሻ ጊዜ መከላከያ ይጠቀማል ። ሁለት ባለ ስድስት በርሜል 30 ሚሜ Gsh-6-30 ጋትሊንግ ሽጉጥ እና 9M311 ከምድር ወደ አየር ሚሳኤሎች የመከላከል አቅሙን ያዘጋጃሉ።",ሚሳይሎች
የዊንዶውስ መሳሪያዎች ምን ያህል የሽያጭ ቅናሽ አጋጥሟቸዋል?,ነገር ግን፣ ኤንፒዲ የምርምር ተቋም እንዳለው ከሆነ፣ በዩናይትድ ስቴትስ ውስጥ ዊንዶውስ የሚያስኬዱ መሣሪያዎች ሽያጭ ከ2011 ተመሳሳይ ጊዜ ጋር ሲነጻጸር በ21 በመቶ ቀንሷል። የበዓል ገበያው ሲጠናቀቅ፣ የዊንዶውስ 8 ሽያጭ መዘግየቱን ቀጥሏል፣ አፕል እንደዘገበው እንኳን። ሽያጮች. የገበያ ጥናት ድርጅት IDC በሩብ ዓመቱ አጠቃላይ የፒሲ ሽያጭ ማሽቆልቆሉን ገልጿል፣ እና ቁልቁል ምናልባት በከፊል የሸማቾች አዲሱን የስርዓተ ክወና ባህሪያትን ለመቀበል ፈቃደኛ ባለመሆናቸው እና ለእነዚህ ባህሪያት የኦሪጂናል ዕቃ አምራቾች ደካማ ድጋፍ ሊሆን ይችላል ብሏል። ሸማቾች ከዊንዶውስ ፒሲዎች የበለጠ የሞባይል መሳሪያዎችን በመግዛት ይህ ወደ እስያ ፓስፊክ ክልል የፒሲ ሽያጭ እያሽቆለቆለ የመጣውን የመጀመሪያ አመት አስቀርቷል።,በ21 በመቶ
በ1992 እና 2009 መካከል ያለው አማካይ የፕሪሚየር ሊግ ተሳትፎ በስንት ተሰብሳቢ ጨምሯል?,"የስታዲየም መገኘት ለፕሪምየር ሊግ ክለቦች ከፍተኛ የገቢ ምንጭ ነው። ለ2009–10 የውድድር ዘመን የሊግ ክለቦች አማካኝ ተመልካቾች 34,215 በፕሪምየር ሊግ ግጥሚያዎች በድምሩ 13,001,616 ተገኝተው ነበር። ይህ በሊጉ የመጀመሪያ የውድድር ዘመን (1992–93) ከተመዘገበው 21,126 አማካኝ ተገኝተው የ13,089 ጭማሪን ይወክላል። ነገር ግን፣ በ1992–93 የውድድር ዘመን የቴይለር ሪፖርትን 1994–95 ለሁሉም መቀመጫ ስታዲየሞች የጊዜ ገደብ ለማሟላት ክለቦች በረንዳዎችን በመቀመጫ በመቀየር የአብዛኞቹ ስታዲየሞች አቅም ቀንሷል። በ2007–08 የውድድር ዘመን የፕሪሚየር ሊጉ ሪከርድ አማካይ 36,144 ተመልካቾች ተመዝግቧል። ይህ ሪከርድ በ2013–14 የውድድር ዘመን ተመታ ይህም በአማካይ 36,695 ታዳሚዎችን በመዝግቦ በድምሩ ከ14 ሚሊዮን በታች ተገኝተው ነበር ይህም ከ1950 ጀምሮ በእንግሊዝ ከፍተኛ በረራ ከፍተኛው አማካይ ነው።","የ13,089"
ማህቡብ አል ሀክ በየትኛው አመት ኤችዲአይ ፈለሰፈ እና ጀመረ?,"የኤችዲአይ አመጣጥ በተባበሩት መንግስታት የልማት ፕሮግራም (ዩኤንዲፒ) ዓመታዊ የልማት ሪፖርቶች ውስጥ ይገኛል። እነዚህ በ1990 በፓኪስታናዊው ኢኮኖሚስት ማህቡብ ኡል ሃቅ ተቀርፀው ወደ ስራ የገቡት እና ግልጽ አላማ ነበራቸው ""የልማት ኢኮኖሚክስን ትኩረት ከብሄራዊ የገቢ ሂሳብ አያያዝ ወደ ህዝብ ተኮር ፖሊሲዎች ለመቀየር""። የሰብአዊ ልማት ሪፖርቶችን ለማዘጋጀት ማህቡብ ኡል ሃቅ ፖል ስትሪትንን፣ ፍራንሲስ ስቱዋርትን፣ ጉስታቭ ራኒስን፣ ኪት ግሪፈንን፣ ሱድሂር አናንድ እና መግናድ ዴሳይን ጨምሮ የልማት ኢኮኖሚስቶች ቡድን አቋቋመ። ከኖቤል ተሸላሚው አማርትያ ሴን ጋር በመተባበር መሰረታዊ የፅንሰ-ሀሳብ ማዕቀፍን በሚያቀርቡ ችሎታዎች እና ተግባራት ላይ ሰርተዋል። ህዝቡ፣ ምሁራን እና ፖለቲከኞች ልማትን በኢኮኖሚያዊ እድገት ብቻ ሳይሆን በሰው ልጅ ደህንነት ላይ መሻሻል መገምገም እንደሚችሉ ለማሳመን ቀላል የሆነ የሰው ልጅ እድገት መለኪያ እንደሚያስፈልግ ሃቅ እርግጠኛ ነበር። ሴን መጀመሪያ ላይ ይህን ሃሳብ ተቃወመ፣ ነገር ግን ብዙም ሳይቆይ ሃክ ኢንዴክስን እንዲያዳብር ረዳው። ሴን የሰውን አቅም ሙሉ ውስብስብነት በአንድ ኢንዴክስ ለመያዝ አስቸጋሪ እንደሚሆን ተጨንቆ ነበር፣ ነገር ግን ሃክ አንድ ቁጥር ብቻ የፖለቲከኞችን ፈጣን ትኩረት ከኢኮኖሚ ወደ ሰው ደህንነት እንደሚቀይር አሳመነው።",በ1990 በፓኪስታናዊው
ናዝራዊ የሚለው የሲሪያክ ቃል ምንድን ነው?,"በጣም የተለመደው የፋርስ ቃል ማሲሂ (መሲሂ) ነው፣ ከአረብኛ።፣ሌሎች ቃላቶች ናስርኒ (ንስራኒ)፣ ከሲሪያክ ""ናዝሬት"" እና ታርሳ (ተርሳ)፣ ከመካከለኛው ፋርስኛ ታርሳግ ቃል፣ እንዲሁም ""ክርስቲያን"" ናቸው፣ የተወሰደ ታርስ, ትርጉሙ ""ፍርሃት, አክብሮት"" ማለት ነው.",ናስርኒ
የእይታ ማቀናበሪያ ቦታዎች ምን ያህል የኒዮኮርቴክስ ወይም የፕሪምቶች ገጽን ይይዛሉ?,አብዛኛው የፕሪማይት አንጎል መስፋፋት የሚመጣው ሴሬብራል ኮርቴክስ በተለይም የፊት ለፊት ኮርቴክስ እና በራዕይ ውስጥ ከተካተቱት የኮርቴክስ ክፍሎች ከፍተኛ መስፋፋት ነው። የፕሪምቶች የእይታ ማቀናበሪያ አውታረመረብ ቢያንስ 30 ተለይተው የሚታወቁ የአንጎል አካባቢዎችን ያካትታል፣ ከተወሳሰበየግንኙነት ድር ጋር። የእይታ ማቀነባበሪያ ቦታዎች ከጠቅላላው የፕራይማቲክ ኒዮኮርቴክስ ገጽ ከግማሽ በላይ እንደሚይዙ ይገመታል. ቅድመ-የፊት ኮርቴክስ እቅድ ማውጣትን፣ የስራ ማህደረ ትውስታን፣ ተነሳሽነትን፣ ትኩረትን እና የአስፈፃሚ ቁጥጥርን የሚያካትቱ ተግባራትን ያከናውናል። ከሌሎቹ ዝርያዎች እና በተለይም ትልቅ የሰው አንጎል ክፍልፋይ ለፕሪምቶች የአንጎልን በጣም ትልቅ መጠን ይወስዳል።,ከግማሽ በላይ
የ Digimon ነዋሪዎች የት አሉ?,"""Digimon"" ""ዲጂታል ጭራቆች"" ናቸው. እንደ ታሪኮቹ, የምድር የመገናኛ አውታር መገለጫ የሆነው ""DigiWorld"" ነዋሪዎች ናቸው. ታሪኮቹ አለምን (እና የእኛን) ከተለያዩ የክፉ ሀይሎች ለመከላከል ከተወለዱት ልዩ ዲጂሞን ጋር አብረው ስለሚሄዱ በአብዛኛው የቅድመ-ታዳጊዎች ቡድን ይናገራሉ። በሁለቱም ግዛቶች ውስጥ የሚገኙትን በጣም አስቸጋሪ የሆኑትን መሰናክሎች ለማሸነፍ እንዲረዳቸው ዲጂሞን በዝግመተ ለውጥ (Digivolve) በዚህ ሂደት ውስጥ ዲጂሞን መልክን ይለውጣል እና በጣም ጠንካራ ይሆናል, ብዙውን ጊዜ በባህሪው ይለወጣል. ከዲጂታል አለም ጋር የሚገናኙት የልጆች ቡድን ከተከታታይ ወደ ተከታታይነት ይለወጣል።","""DigiWorld"""
በውስጡ ትንሽ መካነ አራዊት ያለው የትኛው ፓርክ ነው?,ስትራስቦርግ በርካታ ታዋቂ ፓርኮችን ይዟል፣ ከእነዚህም ውስጥ ብዙዎቹ ባህላዊ እና ታሪካዊ ጠቀሜታ ያላቸው ናቸው፡ Parc de l'Orangerie፣ እንደ አንድሬ ለ ኖትሬ የፈረንሳይ የአትክልት ስፍራ ተዘርግቶ እና በጆሴፊን ደ ቤውሃርናይስ ስም እንደ እንግሊዛዊ የአትክልት ስፍራ ተስተካክሎ አሁን እየታየ ነው። ትኩረት የሚስቡ የፈረንሳይ የአትክልት ስፍራዎች ፣ ኒዮ-ክላሲካል ቤተመንግስት እና ትንሽ መካነ አራዊት; በ17ኛው መቶ ክፍለ ዘመን በቫውባን ራይን አቅራቢያ በተገነባው አስደናቂ ምሽግ ዙሪያ የተገነባው ፓርክ ዴ ላ ሲቲዴሌ። Parc de Pourtalès ፣ በእንግሊዝኛ ዘይቤ በባሮክ ቤተመንግስት ዙሪያ (በ19 ኛው ክፍለ ዘመን በከፍተኛ ሁኔታ የታደሰው) አሁን ባለ ሶስት ኮከብ ሆቴል ያለው እና ክፍት የአየር ላይ የአለም አቀፍ ዘመናዊ ቅርፃቅርፅ ሙዚየም ተዘርግቷል። የጃርዲን እፅዋት ደ l'ዩኒቨርስቲ ደ ስትራስቦርግ (የእጽዋት አትክልት) በጀርመን አስተዳደር ስር በ1881 ከተገነባው ከስትራስቦርግ ኦብዘርቫቶሪ ቀጥሎ የተፈጠረ ሲሆን አሁንም አንዳንድ የግሪን ሃውስ ቤቶች አሉት። የፓርክ ዴስ ኮንታድስ ምንም እንኳን የከተማው ጥንታዊ ፓርክ ቢሆንም ከሁለተኛው የዓለም ጦርነት በኋላ ሙሉ በሙሉ ተስተካክሏል። የወደፊቱ የፓርክ ዴስ ፖተሪስ በ1990ዎቹ መጨረሻ የአውሮፓ ፓርክ-ፅንሰ-ሀሳብ ምሳሌ ነው። በራይን በሁለቱም በኩል በስትራስቡርግ እና በኬል ላይ የተዘረጋው የጃርዲን ዴስ ዴክስ ሪቭስ እ.ኤ.አ. በ2004 የተከፈተ እና እጅግ የተራዘመ (60 ሄክታር) የአግግሎሜሽን ፓርክ ነው። በጣም የቅርብ ጊዜው ፓርክ በ2014 ከሆስፒታል ሲቪል ፊት ለፊት ባለው ቦይ የተከፈተው ፓርክ ዱ ሄሪትዝ (8፣7 ሄክታር) ነው።,Parc de l'Orangerie፣
ብዙዎቹ የፕሊማውዝ የባህር ውስጥ ድርጅቶች አካል የሆኑት የትኛው ቡድን ነው?,ፕሊማውዝ የዩናይትድ ኪንግደም የባህር ውስጥ ባዮሎጂካል ማህበር (ኤምቢኤ) በሁሉም የባህር ውስጥ ሳይንሶች ላይ ምርምር የሚያደርግ ነው። የፕሊማውዝ ማሪን ላብራቶሪ የ MBA ቅርንጫፍ ነው። ከናሽናል ማሪን አኳሪየም፣ ከሰር አሊስተር ሃርዲ ፋውንዴሽን ለውቅያኖስ ሳይንሶች፣ ከፕሊማውዝ ዩኒቨርስቲ የባህር ሃይል ተቋም እና ከዳይቪንግ በሽታዎች ምርምር ማእከል ጋር፣ እነዚህ ከባህር ጋር የተያያዙ ድርጅቶች የፕሊማውዝ የባህር ሳይንስ አጋርነት ይመሰርታሉ። በአለም አቀፍ የአየር ንብረት ለውጥ እና ዘላቂነት ጉዳዮች ላይ የሚያተኩረው የፕሊማውዝ ማሪን ላብራቶሪ። የውቅያኖስ አሲዳማነት በኮራል እና ሼልፊሽ ላይ ያለውን ተጽእኖ ይከታተላል እና ውጤቱን ለእንግሊዝ መንግስት ያሳውቃል። እንደ ፎቶ-ባዮሬክተሮች ያሉ ቴክኖሎጂዎችን በመጠቀም ባዮፊውል ለማምረት ወይም ለቆሻሻ ውኃ አያያዝ የሚያገለግሉ አልጌዎችን ያመርታል። ከቡትስ ግሩፕ ጋር በመሆን አልጌን በቆዳ እንክብካቤ ውስጥ ጥቅም ላይ መዋሉን ለመመርመር፣ በውስጣቸው ያሉትን ኬሚካሎች በመጠቀም ራሳቸውን ከፀሀይ ለመጠበቅ ይሰራል።,የፕሊማውዝ የባህር ሳይንስ አጋርነት
"""የቻይልድ ሃሮልድ ፒልግሪሜጅ: ካንቶ I"" የጻፈው ማን ነው?","""የእኛ ዘመናዊ የአካዳሚክ መስኮች መነሻዎች በሥነ-ጽሑፍ ገጾች ውስጥ ይገኛሉ."" ስነ-ጽሁፍ በሁሉም መልኩ እንደ ተፃፈ መዛግብት ሊታይ ይችላል፣ ጽሑፎቹ ራሱ በመረጃ የተደገፈም ይሁን ልቦለድ፣ አሁንም እንደ ገፀ-ባሕርያት ድርጊት እና ቃላቶች ወይም የደራሲያን የአጻጻፍ ስልት እና ከቃላቶቹ በስተጀርባ ያለውን ሐሳብ በመጠቀም እውነታዎችን መፍታት ይቻላል። . ሴራው ለመዝናኛ ዓላማዎች ብቻ አይደለም; በውስጡ ስለ ኢኮኖሚክስ፣ ሳይኮሎጂ፣ ሳይንስ፣ ሃይማኖቶች፣ ፖለቲካ፣ ባህሎች እና የማህበራዊ ጥልቀት መረጃዎች አሉ። ስለ ታሪካችን ከመማር አንፃር ሥነ ጽሑፍን ማጥናት እና መተንተን በጣም አስፈላጊ ይሆናል። ያለፉትን ስነ-ጽሁፎች በማጥናት በታሪክ ውስጥ በተለያዩ ወቅቶች ህብረተሰቡ እንዴት እንደተሻሻለ እና ስለ ማህበረሰባዊ ደንቦች መማር እንችላለን። ይህ በዘመናዊ ሥነ-ጽሑፍ ውስጥ የተገለጹትን ማጣቀሻዎች እንድንገነዘብ ሊረዳን ይችላል ምክንያቱም ደራሲዎች ብዙውን ጊዜ የግሪክ አፈ ታሪክን እና ሌሎች የቆዩ ሃይማኖታዊ ጽሑፎችን ወይም ታሪካዊ ወቅቶችን ይጠቅሳሉ። በእያንዳንዳቸው በተጠቀሱት ርዕሰ ጉዳዮች ላይ የተፃፉ ጽሑፎች ብቻ ሳይሆኑ በታሪክ ውስጥ እንዴት እንደተሻሻሉ (ለምሳሌ ስለ ኢኮኖሚክስ ታሪክ ወይም ስለ ዝግመተ ለውጥ እና ሳይንስ መጽሐፍ) ስለ እነዚህ ነገሮች መማር እንችላለን ምናባዊ ስራዎች. ሎርድ ባይሮን ስለ ስፓኒሽ እና ፈረንሳውያን በ''Childe Harold's Pilgrimage: Canto I'' ሲናገር እና ሃሳቡን በገፀ ባህሪው ቻይልድ ሃሮልድ በኩል ሲገልጽ ደራሲያን ብዙ ጊዜ በስራዎቻቸው ውስጥ ታሪካዊ ጊዜዎችን ያካትታሉ። በሥነ ጽሑፍ አማካኝነት ስለ ታሪክ አዳዲስ መረጃዎችን ያለማቋረጥ ማግኘት እንችላለን። ሁሉም የአካዳሚክ መስኮች በሥነ-ጽሑፍ ውስጥ እንዴት ሥር እንደሚገኙ ለማየት ቀላል ነው. መረጃ መፃፍ ከጀመርን በኋላ ከትውልድ ወደ ትውልድ ለማድረስ ቀላል ሆነ። ውሎ አድሮ ሁሉም ነገር ተጽፏል፣ እንደ የቤት ውስጥ መድሃኒቶች እና ለበሽታ ፈውሶች፣ ወይም መጠለያን እንዴት እስከወጎች እና ሃይማኖታዊ ልማዶች መገንባት እንደሚቻል። ከዚያ ሰዎች ሥነ ጽሑፍን ማጥናት፣ ሃሳቦችን ማሻሻል፣ እውቀታችንን ማስፋፋት እና እንደ ሕክምናው መስክ ወይም ሙያዎች ያሉ የአካዳሚክ መስኮች መጀመር ይችላሉ። በተመሳሳይ መልኩ ዛሬ የምናጠናው ስነ-ጽሁፍ እየተሻሻለ እንደመጣ እና የበለጠ እና የበለጠ መማር ስንቀጥል።",ሎርድ ባይሮን
በጆቫኒ ማሪያ ማስታይ-ፌሬቲ መሠረት የማርያም ልጅ በምን ይታወቃል?,ሌላው አለመግባባቱ፣ ንጹሕ ባልሆነ ፅንሰቷ፣ ማርያም አዳኝ አላስፈለጋትም። ርዕሰ ሊቃነ ጳጳሳት ፒዮስ 9ኛ በኢንፋቢሊስ ዴውስ ዶግማውን ሲገልጹ ማርያም የተዋጀችው ይበልጥ በሚያምር መንገድ እንደሆነ በግልጽ አረጋግጠዋል። ማርያም ከኃጢአት በኋላ ከመንጻት ይልቅ የሰው ዘር አዳኝ በሆነው በኢየሱስ ክርስቶስ አስቀድሞ ከተጠበቁት ጥቅሞች አንጻር ከመጀመሪያው ኃጢአት እንዳትሠራ ሙሉ በሙሉ ተከልክላ እንደነበር ተናግሯል። በሉቃስ 1፡47 ማርያም “መንፈሴ በአምላኬ በመድኃኒቴ ሐሴት አደረገች” ብላ ተናግራለች። ይህም የማርያም ቅድመ-ቤዛነት በክርስቶስ ተጠቅሷል። ከፊል-ፔላግያኒዝምን በመቃወም ከሁለተኛው የብርቱካን ጉባኤ ጀምሮ፣ የካቶሊክ ቤተክርስቲያን ሰው በኤደን ገነት ውስጥ ኃጢአትን ሰርቶ አያውቅም እና ኃጢአት የሌለበት ቢሆንም፣ አሁንም ከኃጢአት ነጻ ሆኖ ለመቆየት የእግዚአብሔርን ጸጋ እንደሚፈልግ አስተምራለች።,ይልቅ የሰው ዘር አዳኝ በሆነው በኢየሱስ
በ 1492 ከቫሌንሺያ ባንኮች ገንዘብ የተበደረው ማነው?,15ኛው ክፍለ ዘመን የእስልምና ኢኮኖሚ መስፋፋት የታየበት፣ የቫሌንሺያን ወርቃማ ዘመን በመባል የሚታወቀው፣ ባህልና ጥበባት የበለፀገበት ወቅት ነበር። በተመሳሳይ የህዝብ ቁጥር መጨመር ቫለንሲያን በአራጎን ዘውድ ውስጥ በህዝብ ብዛት የምትኖር ከተማ አድርጓታል። በጨርቃ ጨርቅ ምርት የሚመራ የአገር ውስጥ ኢንዱስትሪ ትልቅ እድገት ላይ ደርሷል፣ እና የፋይናንስ ተቋም፣ Canvi de Taula፣ የማዘጋጃ ቤት የባንክ ስራዎችን ለመደገፍ ተፈጠረ። በ1492 ለካስቲል ንግሥት ኢዛቤላ አንደኛ የቫሌንሺያ ባንኮች ገንዘብ አበደሩ። በክፍለ ዘመኑ መገባደጃ ላይ ከተማዋ የንግድ ኢምፖሪየም ሆና ከመላው አውሮፓ የመጡ ነጋዴዎችን ስቧል።,ለካስቲል ንግሥት ኢዛቤላ አንደኛ
CCTV-1 በግንቦት 18 ምሽት ምን አቀረበ?,"በግንቦት 18 ምሽት CCTV-1 ፍቅርን መስጠት (ቀላል ቻይንኛ፡ 爱 的奉献፣ ባሕላዊ ቻይንኛ፡ 愛的奉獻) በCCTV የአዲስ አመት ጋላ እና ዙርያ በመጡ መደበኛ ሰዎች የተዘጋጀ የአራት ሰአት ልዩ ፕሮግራም አዘጋጅቷል። የሰዓት ሽፋን መልህቅ Bai Yansong። ከቻይና፣ ሆንግ ኮንግ፣ ሲንጋፖር እና ታይዋን የተውጣጡ የተለያዩ የመዝናኛ፣ የስነ-ጽሁፍ፣ የቢዝነስ እና የፖለቲካ ሰዎች ተገኝተዋል። የምሽቱ ስጦታ በድምሩ 1.5 ቢሊዮን የቻይና ዩዋን (~208 ሚሊዮን ዶላር) ደርሷል። ከስጦታዎቹ ውስጥ፣ ሲሲቲቪ ትልቁን የድርጅት አስተዋፅኦ በ¥50 ሚሊዮን ሰጥቷል። በተመሳሳይ ጊዜ በታይዋን ውስጥ ተመሳሳይ ጭብጥ ያለው ፕሮግራም በፕሬዚዳንት ማ ዪንግ-ጁ አስተናጋጅነት በአየር ላይ ነበር። በሰኔ ወር የሆንግ ኮንግ ተዋናይ ጃኪ ቻን ለተጎጂዎች 1.57 ሚሊዮን ዶላር የለገሰ ሲሆን ከሌሎች አርቲስቶች ጋር ""ቃል ኪዳን"" የሚል የሙዚቃ ቪዲዮ ሰራ; ዘፈኑን ያቀናበረው በአንዲ ላው ነው። የአርቲስቶች 512 ፈንድ ማሳደጊያ ዘመቻ፣ የ8 ሰዓት የገቢ ማሰባሰብያ ማራቶን በሰኔ 1 በሆንግ ኮንግ ተካሄዷል። ወደ 200 የሚጠጉ የሲኖስፌር ሙዚቀኞች እና ታዋቂ ሰዎች ተገኝተዋል። በሲንጋፖር ውስጥ፣ MediaCorp Channel 8 ለተጎጂዎች ገንዘብ ለማሰባሰብ 'ቀጥታ' ፕሮግራም አዘጋጅቷል።",ሰዎች የተዘጋጀ የአራት ሰአት ልዩ ፕሮግራም
ቫለሪያን ክርስቲያኖች እንዲሠዉት ለየትኞቹ አማልክት ነገራቸው?,የቫለሪያን የመጀመሪያው ሃይማኖታዊ አዋጅ ክርስትናን በተለይ ለራስ ጥቅም ብቻ የሚውልና የሚያፈርስ የባዕድ የአምልኮ ሥርዓት እንደሆነ ገልጾ፣ ማኅበረ ቅዱሳንን ሕገ ወጥ በማድረግ ክርስቲያኖች ለሮማውያን ባሕላዊ አማልክት እንዲሠዉ አሳስቧል። የእሱ ሁለተኛ ትእዛዝ ለንጉሠ ነገሥቱ ሥርዓት ክርስቲያናዊ ስጋት መሆኑን አምኗል - ገና በልቡ ሳይሆን ወደ እሱ የቀረበ፣ በሮማ ፍትሐዊ እና ሴናተሮች መካከል። የክርስቲያን ተከራካሪዎች አሳፋሪ መያዙንና መሞቱን እንደ መለኮታዊ ፍርድ ተርጉመውታል። የሚቀጥሉት አርባ ዓመታት ሰላማዊ ነበሩ; የክርስቲያን ቤተክርስቲያን እየጠነከረ እያደገ እና ስነ-ፅሑፎቿ እና ስነ-መለኮት ከፍ ያለ ማህበራዊ እና አእምሮአዊ መገለጫዎች ያገኙ ሲሆን ይህም በከፊል ለፖለቲካዊ መቻቻል እና ለሥነ-መለኮት አንድነት ፍለጋ ምክንያት ነው. ኦሪጀን ስነ-መለኮታዊ ጉዳዮችን ከተለምዷዊ ሊቃውንት ጋር በጋራ የኒዮፕላቶኒስት ማዕቀፍ ተወያይቷል - በተመሳሳይ መልኩ ለዴሲየስ ቀድሞ ለነበረው ፊልጶስ ለአረባዊው ጽፎ ነበር - እና ሂፖሊተስ በክርስቲያናዊ ኑፋቄዎች ውስጥ “አረማዊ” መሰረት እንዳለው አውቋል። የክርስቲያን አብያተ ክርስቲያናት ተለያይተዋል; የሳሞሳታው ጳጳስ፣ የአንጾኪያው ጳጳስ፣ በ268ቱ ሲኖዶስ የተባረሩት “በዶግማቲክ ምክንያቶች - ስለ ክርስቶስ ሰብአዊነት ያለው አስተምህሮ ውድቅ ተደርጓል - እና በአኗኗሩ ወንድሞቹን የአስተዳደር ልሂቃንን ልማዶች ያስታውሳል። የተሾሙበት ምክንያት በአብያተ ክርስቲያናት ዘንድ በሰፊው ተሰራጭቷል። ይህ በእንዲህ እንዳለ ኦሬሊያን (270-75) በወታደሮቹ መካከል ስምምነት እንዲኖር ይግባኝ (ኮንኮርዲያ ሚሊተም)፣ ኢምፓየርን እና ድንበሯን አረጋጋ እና በሮም ካምፓስ ማርቲየስ በሚገኘው የፓልሚረነ ሶል ኢንቪክተስ የአሃዳዊ የአምልኮ ሥርዓት በተሳካ ሁኔታ ሄለናዊ መልክ አቋቋመ።,በሮማ ፍትሐዊ
በአንድ ገጽታ ጥንድ ውስጥ ያለው ግስ ስንት መንገዶች ሊለያይ ይችላል?,"የአብዛኞቹ ጥንዶች ግሶች ከሁለት መንገዶች በአንዱ ይለያያሉ፡ በቅድመ ቅጥያ ወይም በቅጥያ። በቅድመ-ቅጥያ ጥንዶች፣ ፍፁም ግሥ ተጨማሪ ቅድመ ቅጥያ አለው—ለምሳሌ፣ ፍፁም ያልሆነው psat (መፃፍ፣መፃፍ) ከፍፁም ናፕሳት (መፃፍ፣ መፃፍ መጨረስ) ጋር ሲወዳደር። በጣም የተለመዱት ቅድመ ቅጥያዎች na-፣ o-፣ po-፣ s-፣ u-፣ vy-፣ z- እና za- ናቸው። በቅጥያ ጥንዶች ውስጥ, የተለየ ማለቂያ ፍጻሜ ወደ ፍጹም ግንድ ታክሏል; ለምሳሌ, koupit (ለመግዛት) እና prodat (ለመሸጥ) የሚሉት ፍፁም ግሦች ፍጹም ያልሆኑት kupovat እና prodávat ናቸው። ፍጽምና የጎደላቸው ግሦች ሌሎች ፍጽምና የጎደላቸው ግሦችን (ተደጋጋሚ እና ተደጋጋሚ ቅርጾችን) ለማድረግ ተጨማሪ ሞርፎሎጂን ሊለማመዱ ይችላሉ፣ ይህም ተደጋጋሚ ወይም መደበኛ ድርጊትን የሚያመለክት ነው። ጂት (መሄድ) የሚለው ግስ መደጋገም ቾዲት (በተደጋጋሚ መሄድ) እና ተደጋጋሚ የሆነው chodívat (በመደበኛነት መሄድ) አለው።",ከሁለት መንገዶች
የተባበሩት መንግስታት ድርጅት ሁለት አካላት የዘር ማጥፋትን በሚወስኑበት ጊዜ በየትኛው የተከለከለ ድንጋጌ ተስማምተዋል?,"በዚሁ ፍርድ ECHR የበርካታ አለም አቀፍ እና የማዘጋጃ ቤት ፍርዶችን ገምግሟል። ለቀድሞዋ ዩጎዝላቪያ ዓለም አቀፍ የወንጀለኞች ፍርድ ቤት እና የአለም አቀፍ የፍትህ ፍርድ ቤት ከጠባቡ ትርጓሜ ጋር መስማማታቸውን አመልክቷል፣ አንድ ድርጊት እንደ ዘር ማጥፋት ብቁ ለመሆን ባዮሎጂካል-አካላዊ ውድመት አስፈላጊ ነው። በተጨማሪም ኢ.ሲ.አር ፍርዱን በሰጠበት ወቅት በጀርመን ከሚገኙት ፍርድ ቤቶች ሰፊ እይታ ካላቸው ፍርድ ቤቶች በተጨማሪ በሌሎች የኮንቬንሽን ግዛቶች የማዘጋጃ ቤት ህጎች ጥቂት የዘር ማጥፋት ጉዳዮች እንደነበሩ እና ""ፍርድ ቤቶች የተዘገበባቸው ጉዳዮች እንዳልነበሩ ገልጿል። በዘር ማጥፋት ወንጀል ጥፋተኛ ሆኖ ለመረጋገጥ ወንጀለኛው ዓላማ ሊኖረው የሚገባውን የቡድን ጥፋት ዓይነት ገልፀዋል""",ባዮሎጂካል-አካላዊ ውድመት አስፈላጊ ነው።
የኦሪብን ብላንኮዎቹን ማን ወክሎ ነበር?,"የኡራጓይ 1830ዎቹ በማኑዌል ኦሪቤ እና በፍሩክቱሶ ሪቬራ መካከል በተፈጠረው ፍጥጫ በላቫሌጃ ትእዛዝ ከብራዚል ኢምፓየር ጋር የተዋጉት ሁለቱ አብዮታዊ መሪዎች እያንዳንዳቸው የየራሳቸው አንጃ ደጋፊ ሆነዋል። ፖለቲካው በብሔራዊ ፓርቲ የተወከለው የኦሪቤ ብላንኮክስ (""ነጮች"") እና በኮሎራዶ ፓርቲ በተወከሉት ሪቬራ ኮሎራዶስ (""ቀይ"") መካከል የተከፋፈለ ሲሆን የእያንዳንዱ ፓርቲ ስም ከአርማው ቀለም የተወሰደ ነው። በ1838 ኦሪቤ የፕሬዚዳንትነቱን ስልጣን ለመልቀቅ ተገደደ; አማፂ ጦር አቋቁሞ ረጅም የእርስ በርስ ጦርነት የጀመረው የጌራ ግራንዴ ሲሆን እስከ1851 ድረስ የዘለቀ።",በብሔራዊ ፓርቲ
የትኛው የሳውዝሃምፕተን አካባቢ የፎርድ መገጣጠሚያ ፋብሪካን ይይዛል?,በከተማዋ ውስጥ ያሉ ሌሎች ዋና ዋና አሠሪዎች ኦርደንንስ ሰርቬይ፣ የዩናይትድ ኪንግደም ብሔራዊ የካርታ ኤጀንሲ ዋና መሥሪያ ቤቱ በከተማው ዳርቻ ላይ በአዲስ ሕንፃ ውስጥ የሚገኝ፣ በየካቲት 2011 የተከፈተው ይገኙበታል። የሎይድ መመዝገቢያ ቡድን የለንደን የባሕር ሥራውን ወደ ማዛወር ማቀዱን አስታውቋል። በሳውዝሃምፕተን ዩኒቨርሲቲ ልዩ የዳበረ ጣቢያ። የስዊትሊንግ አካባቢ አብዛኛዎቹ የትራንዚት ሞዴሎቻቸው የሚመረቱበት የፎርድ ሳውዝሃምፕተን መሰብሰቢያ ፕላንት ቤት ነው። እ.ኤ.አ. በ2013 የፋብሪካው መዘጋት በ2012 ታውቋል ፣ በመቶዎች የሚቆጠሩ ስራዎችን በማጣት።,የስዊትሊንግ
የትኛው ግዛት ነው ከዚህ ቀደም የሪፐብሊካን ፓርቲን ከመረጠ በኋላ ዲሞክራቲክ ፓርቲን የተቀበለው?,በሕዝብ ምርጫ የቡሽ አሸናፊነት ህዳግ ለዳግም ፕሬዚደንት ፕሬዚደንት ከመቼውም ጊዜ ይበልጥ ትንሹ ነበር፣ ነገር ግን አባቱ ካሸነፉ ከ16 ዓመታት በፊት ለመጀመሪያ ጊዜ አንድ እጩ አብላጫውን የሕዝብ ድምጽ ሲያሸንፍ ነው። የምርጫ ካርታው እ.ኤ.አ. ከ2000 ጋር በቅርበት ይመሳሰላል ፣ ሶስት ግዛቶች ብቻ ጎራ ይለውጣሉ፡ ኒው ሜክሲኮ እና አዮዋ እ.ኤ.አ. በ2004 ዲሞክራቲክ ድምጽ ከሰጡ በኋላ በ2004 ሪፓብሊካን መረጡ ፣ ኒው ሃምፕሻየር ከዚህ ቀደም ሪፓብሊካን ድምጽ ከሰጡ በኋላ በ2004 ዲሞክራቲክን መረጡ ። በምርጫ ኮሌጅ ቡሽ 286 ለኬሪ 252 ድምጽ አግኝተዋል።,ኒው ሃምፕሻየር
በስንት አመት የሊቢያ ጦር በአፍሪካ አንድነት ድርጅት ትዕዛዝ ከቻድ ወጣ?,"እ.ኤ.አ. በ1980ዎቹ መጀመሪያ እና አጋማሽ ላይ በሊቢያ ኢኮኖሚያዊ ችግር ታይቷል; ከ1982 እስከ1986 የሀገሪቱ ዓመታዊ የነዳጅ ገቢ ከ21 ቢሊዮን ዶላር ወደ 5.4 ቢሊዮን ዶላር ወርዷል። በመስኖ ፕሮጀክቶች ላይ በማተኮር በ1983 ""የጋዳፊ የቤት እንስሳት ፕሮጀክት"" ታላቁ ሰው ሰራሽ ወንዝ ላይ ግንባታ ተጀመረ; ምንም እንኳን በአስር አመቱ መጨረሻ እንዲጠናቀቅ ተደርጎ የተሰራ ቢሆንም፣ በ21ኛው ክፍለ ዘመን መጀመሪያ ላይ እንዳልተጠናቀቀ ሆኖ ቆይቷል። ወታደራዊ ወጪ ጨምሯል, ሌሎች የአስተዳደር በጀቶች ተቆርጠዋል. ሊቢያ በአጎራባች ቻድ የFROLINAT ሚሊሻዎችን ለረጅም ጊዜ ትደግፍ ነበር ፣ እና በታህሳስ 1980 ፣ በFrolinat የሚቆጣጠረው GUNT መንግስት የእርስ በርስ ጦርነት ውስጥ እንዲረዳው ባቀረበው ጥያቄ ቻድን እንደገና ወረረች ። በጥር 1981 ጋዳፊ የፖለቲካ ውህደት እንዲፈጠር ሀሳብ አቀረበ። የአፍሪካ አንድነት ድርጅት ይህንን ውድቅ በማድረግ የሊቢያን ለቀው እንዲወጡ ጠይቋል በህዳር 1981 የእርስ በርስ ጦርነቱ እንደገና በመቀጠሉ ሊቢያ የደቡብ ቻድን ጦር ከሚደግፉ የፈረንሳይ ጦር ጋር ተጋጭታ ወታደሮቿን መልሳለች። ብዙ የአፍሪካ ሀገራት የሊቢያ የውጭ ጉዳይ ጣልቃ ገብነት ፖሊሲ ሰልችቷቸው ነበር። እ.ኤ.አ. በ1980 ዘጠኝ የአፍሪካ መንግስታት ከሊቢያ ጋር ዲፕሎማሲያዊ ግንኙነታቸውን አቋርጠው ነበር ፣ በ1982 የአፍሪካ ህብረት ትሪፖሊ ጋዳፊን የሊቀመንበርነት ቦታ እንዳያገኝ የታቀደውን ጉባኤ ሰረዘ ። ከሞሮኮ ጋር የፖለቲካ አንድነትን በማሳየት በነሀሴ 1984 ጋዳፊ እና የሞሮኮ ንጉስ ሀሰን II የኡጃዳ ስምምነትን ተፈራርመዋል ፣ የአረብ-አፍሪካ ህብረትን አቋቋሙ ። በሁለቱ መንግስታት መካከል ከነበረው ጠንካራ የፖለቲካ ልዩነት እና የጥንት ጠላትነት የተነሳ እንዲህ ዓይነቱ ህብረት አስገራሚ ተደርጎ ይቆጠር ነበር። በተለይ ሞሮኮ ከአሜሪካ እና እስራኤል ጋር ባላት ወዳጅነት ግንኙነት ሳቢያ ግንኙነቱ አልሻከረም። በነሀሴ 1986 ሀሰን ህብረቱን አጠፋ። የሀገር ውስጥ ዛቻዎች ጋዳፊን መምታቱን ቀጥለዋል; እ.ኤ.አ. በግንቦት 1984 የባብ አል-አዚዚያ መኖሪያ ቤት በኤንኤፍኤስኤል-ሙስሊም ወንድማማችነት ታጣቂዎች አልተሳካም ነበር፣ እና ከዚያ በኋላ 5000 ተቃዋሚዎች ታሰሩ።",በ1980 ዘጠኝ
የኒው ሄቨን ከተማ በዋነኛነት በአሜሪካ ውስጥ የመጀመሪያውን በማቋቋም ለየትኛው የአካባቢ ተነሳሽነት ነው የሚታወቀው?,ኒው ሄቨን የከተማ ፕላን የረጅም ጊዜ ባህል ያለው እና ለከተማው አቀማመጥ ዓላማ ያለው ንድፍ አለው። ከተማዋ በሀገሪቱ ውስጥ የመጀመሪያዎቹ ቀደምት አቀማመጦች እንዳሉት ሊከራከር ይችላል. ሲመሠረት ኒው ሄቨን ዘጠኝ ካሬ ብሎኮች ባለው ፍርግርግ እቅድ ውስጥ ተዘርግቷል ። በብዙ የኒው ኢንግላንድ ከተሞች ወግ እንደ ከተማዋ አረንጓዴ (የጋራ አካባቢ) ማዕከላዊው አደባባይ ክፍት ሆኖ ቀርቷል። ከተማዋ በአሜሪካ ውስጥ የመጀመሪያውን የህዝብ ዛፍ ተከላ ፕሮግራም አቋቋመች። እንደሌሎች ከተሞች ሁሉ ለኒው ሄቨን “ኤልም ከተማ” የሚል ቅጽል ስም የሰጡት አብዛኛዎቹ ኢልም በ20ኛው መቶ ክፍለ ዘመን አጋማሽ ላይ በኔዘርላንድስ ኤልም በሽታ ምክንያት ጠፍተዋል፣ ምንም እንኳን ብዙዎቹ እንደገና የተተከሉ ቢሆንም። አዲሱ ሄቨን አረንጓዴ በአሁኑ ጊዜ ስለ ከተማዋ የመጀመሪያ ቲኦክራሲያዊ ተፈጥሮ የሚናገሩ ሦስት የተለያዩ ታሪካዊ አብያተ ክርስቲያናት ይገኛሉ። አረንጓዴው ዛሬ የከተማዋ ማህበራዊ ማዕከል ሆኖ ቆይቷል። እ.ኤ.አ. በ1970 ብሔራዊ ታሪካዊ የመሬት ምልክት ተብሎ ተሰየመ።,የህዝብ ዛፍ ተከላ ፕሮግራም
ሬጂየሩንግስቤዚርክ ዚቸናዉ የተካተተዉ በየትኛው አመት ነዉ?,"እ.ኤ.አ. በ1939 Regierungsbezirk Zichenau በጀርመን ተጠቃሏል እና ወደ ምስራቅ ፕራሻ ተቀላቀለ። የእሱ ክፍሎች ወደ ሌሎች ክልሎች ተላልፈዋል, ለምሳሌ. Suwałki ወደ Regierungsbezirk Gumbinnen እና Soldau ለሪጂየሩንግስቤዚርክ አለንስታይን። ምንም እንኳን የናዚ ፕሮፓጋንዳ ሁሉም የተካተቱት ክልሎች ከጀርመን ጋር እንደገና መቀላቀል የሚፈልጉ ጉልህ የጀርመን ህዝብ እንደያዙ ቢያቀርብም፣ በ1939 መገባደጃ ላይ የሪች መረጃ እንደሚያሳየው በዚህ ክልል ውስጥ ከ994,092 ሰዎች ውስጥ 31,000 የሚሆኑት ጀርመኖች ብቻ ነበሩ [ጥቅስ]።",በ1939 መገባደጃ
በምዕራባውያን መንግስታት ላይ ባደረገው ተቃውሞ፣ በተለይም ጋዳፊን ያከበረው ማን ነው?,"ጋዳፊ በህይወት ዘመናቸው እና ከሞቱ በኋላ በአለም መድረክ ላይ አወዛጋቢ እና ከፋፋይ ነበሩ። ደጋፊዎቹ የጋዳፊን አስተዳደር በአገር ውስጥ ማሻሻያ በማድረግ ከሞላ ጎደል መደብ የለሽ ማህበረሰብ መፈጠሩን አወድሰዋል። ቤት እጦትን በመታገል እና የምግብ እና የንፁህ መጠጥ ውሃ አቅርቦትን በማረጋገጥ ረገድ አገዛዙ ያስመዘገበውን ስኬት ያሳስባሉ። በጋዳፊ ጊዜ ሁሉም ሊቢያውያን የነፃ ትምህርት እስከዩኒቨርሲቲ ድረስ ይማሩ እንደነበር በማሳየት፣ ከ1969 አብዮት በኋላ ከፍተኛ የሆነ የማንበብና የመጻፍ ደረጃ መጨመሩን ይጠቅሳሉ። በጋዳፊ አስተዳደር ስር የሚሰጠውን ሁለንተናዊ ነፃ የጤና አገልግሎት፣ እንደ ኮሌራ እና ታይፎይድ ያሉ በሽታዎች በመያዛቸው እና የህይወት እድሜ ከፍ እንዲል ድጋፍ ሰጪዎች በህክምና አገልግሎት ስኬቶችን አድንቀዋል። የህይወት ታሪክ ተመራማሪዎች ብሉንዲ እና ሊሴት በጋዳፊ አመራር የመጀመሪያዎቹ አስርት ዓመታት ውስጥ የቁሳቁስ ሁኔታ እና ሀብት በከፍተኛ ሁኔታ እየተሻሻለ በመምጣቱ የብዙ ሊቢያውያን ህይወት “በምንም መልኩ ወደ ጥሩ ሁኔታ እንደሚለወጥ” ያምኑ ነበር ፣ የሊቢያ ጥናት ባለሙያ ሊሊያን ክሬግ ሃሪስ ግን በአስተዳደሩ የመጀመሪያዎቹ ዓመታት ውስጥ ፣ የሊቢያ “ብሔራዊ ሀብትና ዓለም አቀፋዊ ተፅዕኖ ጨምሯል፣ ብሔራዊ የኑሮ ደረጃዋም በከፍተኛ ደረጃ ጨምሯል። በ1980ዎቹ ውስጥ እንደዚህ ያሉ ከፍተኛ ደረጃዎች ቀንሰዋል ፣ ይህም በኢኮኖሚ ውድቀት ምክንያት። ጋዳፊ የሳቸው ጀማሂሪያ ""ኮንክሪት ዩቶፒያ"" ነው በማለት የተሾሙት በ""ህዝባዊ ስምምነት"" ነው ሲሉ አንዳንድ የእስልምና ደጋፊዎች ባራካህን አሳይተዋል ብለው ያምናሉ። በምዕራባውያን መንግስታት ላይ ያለው ተቃውሞ በዩሮ-አሜሪካውያን የብዙዎችን ክብር አስገኝቶለታል።",ተቃውሞ በዩሮ-አሜሪካውያን የብዙዎችን
በአምባገነን መንግስታት ጊዜ ካታሎኖች ማንነታቸውን እንዴት ያሳዩ ነበር?,በሚጌል ፕሪሞ ዴ ሪቬራ (1923-1930) እና በተለይም በፍራንሲስኮ ፍራንኮ (1939-1975) አምባገነናዊ አገዛዝ ወቅት ሁሉም የክልል ባህሎች ታግደዋል። በስፓኒሽ ግዛት ውስጥ የሚነገሩ ቋንቋዎች በሙሉ፣ ከስፓኒሽ (ካስቲሊያን) በስተቀር፣ በይፋ ታግደዋል። የካታሎንያን ህዝብ የነጻነት ፍላጎት በማሳየት ባርሳ ለካታላኖች 'ከክለብ በላይ' (Més que un club) ሆነ። ማኑኤል ቫዝኬዝ ሞንታልባን እንዳለው ካታላኖች ማንነታቸውን የሚያሳዩበት ምርጥ መንገድ ባርሳን መቀላቀል ነው። በድብቅ ፀረ-ፍራንኮ እንቅስቃሴን ከመቀላቀል ያነሰ አደገኛ ነበር፣ እና ተቃውሞአቸውን እንዲገልጹ አስችሏቸዋል። በፍራንኮ የአገዛዝ ዘመን ግን የብላውግራና ቡድን ከአምባገነኑ ጋር በአስተዳደር ደረጃ ባለው ጥሩ ግንኙነት ምክንያት ትርፍ አግኝቶ ለእሱ ሁለት ሽልማቶችን እንኳን በመስጠት ነበር።,ባርሳን መቀላቀል
ቶሪስ ለምን ያህል ጊዜ ከቢሮ ተባረሩ?,"ቶሪስ ለግማሽ ምዕተ አመት ከቢሮ የተባረሩ ቢሆንም፣ በዚህ ወቅት በአብዛኛው (በመጀመሪያ በሰር ዊልያም ዊንድሃም መሪነት)፣ ቶሪስ የፓርቲ ውህደትን ጠብቀው ቆይተዋል፣ ይህም አልፎ አልፎ ቢሮ የመመለስ ተስፋ ነበረው፣ በተለይም የጆርጅ 2ኛ ሹመት (እ.ኤ.አ.) እ.ኤ.አ. አንዳንድ ጊዜ የዊግ መንግስትን የሚቃወሙ ከ""ተቃዋሚ ዊግስ"" ጋር ይተባበሩ ነበር። ነገር ግን በቶሪስ እና በተቃዋሚዎች ዊግስ መካከል ያለው የርዕዮተ ዓለም ክፍተት እንደ አንድ ፓርቲ እንዳይሰባሰቡ አድርጓቸዋል። በመጨረሻ በ1760 በሎርድ ቡቴ ስር ጆርጅ ሳልሳዊ ስልጣናቸውን መልሰው አግኝተዋል።",ለግማሽ ምዕተ አመት
በ 21 ኛው ክፍለ ዘመን አፍሮ-መልቲራሻሎች እንዴት ይለያሉ?,ዶ/ር ካርሎስ ሙር በብራዚል የባሂያ ስቴት ዩኒቨርሲቲ ነዋሪ ምሁር እንደሚሉት፣ በ21ኛው ክፍለ ዘመን በአረቡ ዓለም የሚኖሩ አፍሮ-መልቲራሻሊስቶች፣ በሰሜን አፍሪካ የሚገኙ አረቦችን ጨምሮ፣ በላቲን አሜሪካ ያሉ የመድብለ ዘርን በሚመስሉ መንገዶች ራሳቸውን ይለያሉ። ጥቁር የሚመስሉ አረቦች፣ ልክ እንደ ጥቁር ላቲን አሜሪካውያን፣ እራሳቸውን ነጭ አድርገው የሚቆጥሩት የተወሰነ የሩቅ ነጭ የዘር ግንድ ስላላቸው ነው።,የመድብለ ዘርን በሚመስሉ መንገዶች
በ2000 ከቴኔሲያ ነዋሪዎች መካከል ምን ያህል በመቶ የሚሆኑት ዘራቸውን አይሪሽ ብለው በራሳቸው ሪፖርት አድርገዋል?,"እ.ኤ.አ. በ2000 በግዛቱ ውስጥ በጣም የተለመዱት አምስቱ እራሳቸውን ሪፖርት ያደረጉ ጎሳዎች አሜሪካዊ (17.3%) ፣ አፍሪካዊ አሜሪካዊ (13.0%) ፣ አይሪሽ (9.3%) ፣ እንግሊዝኛ (9.1%) እና ጀርመን (8.3%) ነበሩ። አብዛኛዎቹ የቴኔሲያውያን የአሜሪካ ዝርያ እንዳላቸው የሚገልጹት የእንግሊዘኛ እና የስኮች-አይሪሽ ዝርያ ናቸው። ከ21–24% የሚገመተው የቴኔሲያውያን በብዛት የእንግሊዝ ዝርያ ናቸው። እ.ኤ.አ. በ1980 በተደረገው ቆጠራ 1,435,147 ቴኔሲያኖች 3,221,354 ከነበረው የክልል ህዝብ ውስጥ ""እንግሊዘኛ"" ወይም ""አብዛኛዎቹ እንግሊዘኛ"" የዘር ግንድ እንዳላቸው ገለፁ።",(9.3%)
የትኛው የጃፓን ተሸካሚ በመሃል ዌይ ጦርነት የአሜሪካን ዳይቭ ቦምቦችን የመጀመሪያውን ማዕበል ተርፏል።,"የጃፓን ካፕ ከቦታው ውጪ እና አጓጓዦቹ በጣም ተጋላጭ በመሆናቸው፣ ከኢንተርፕራይዝ እና ዮርክታውን የሚገኘው SBD Dauntlesses በ10,000 ጫማ (3,000 ሜትር) ከፍታ ላይ ታይተው ጥቃታቸውን ጀመሩ፣ በፍጥነት ለሶስት መርከቦች አጓጓዦች ገዳይ ድብደባ ፈጸሙ፡ ሶሪዩ፣ ካጋ፣ እና Akagi. በደቂቃዎች ውስጥ ሦስቱም በእሳት ተቃጥለው በከፍተኛ የህይወት መጥፋት ምክንያት መተው ነበረባቸው። ሂሪዩ ከተወርዋሪ ቦምብ አውሮፕላኖች መትረፍ ችሏል እና በአሜሪካ ተሸካሚዎች ላይ የመልሶ ማጥቃት በዮርክታውን ላይ ከፍተኛ ጉዳት አድርሷል (በኋላም በጃፓን ባህር ሰርጓጅ መርከብ ተጠናቀቀ)። ነገር ግን፣ ከጥቂት ሰአታት በኋላ ከዩናይትድ ስቴትስ አጓጓዦች ሁለተኛ ጥቃት ሂሪዩን አግኝቶ አጠፋው፣ ለናጉሞ የሚገኘው የመጨረሻው የመርከቦች አገልግሎት አቅራቢ ነው። የእሱ ተሸካሚዎች በመጥፋታቸው እና አሜሪካውያን ከኃይለኛው የጦር መርከቦቻቸው ርቀው በመውጣታቸው ያማሞቶ ኦፕሬሽኑን ለማቆም ተገደደ፣ ሚድዌይን በአሜሪካን እጅ አስቀረ። ጦርነቱ ለአጋር ቆራጥ ድል ነበር። ለሁለተኛ ጊዜ፣ የጃፓን መስፋፋት ተፈትሸው ነበር እና አስፈሪው ጥምር ፍሊት በአራት መርከቦች አጓጓዦች እና ብዙ የሰለጠኑ፣ ሊተኩ የማይችሉ ሰራተኞች በማጣታቸው በጣም ተዳክሟል። ጃፓን ለቀሪው ጦርነት በአብዛኛው በመከላከያ ላይ ትሆናለች.",ሂሪዩ
በእንጨት ውስጥ ለዝቅተኛ ሞለኪውላዊ ክብደት ኦርጋኒክ ውህዶች ስም ማን ይባላል?,"ከሊኖሴሉሎዝ በተጨማሪ እንጨት የተለያዩ ዝቅተኛ ሞለኪውላዊ ክብደት ያላቸው ኦርጋኒክ ውህዶችን ያቀፈ ነው፣ እነዚህም ኤክስትራክቲቭ ይባላሉ። የእንጨት ተዋጽኦዎች ፋቲ አሲድ, ሬንጅ አሲዶች, ሰም እና ተርፔኖች ናቸው. ለምሳሌ, ሮሲን ከነፍሳት ለመከላከል በኮንፈሮች ይወጣል. እነዚህን የኦርጋኒክ ቁሶች ከእንጨት ማውጣት ረጅም ዘይት, ተርፐንቲን እና ሮሲን ያቀርባል.",ማውጣት
ለሀይማኖት አይሁዶች ሚንሃጊም ማለት ምን ማለት ነው?,"የሀይማኖት አይሁዶች ሚንሃጊም፣ ልማዶች፣ ከሃላካ በተጨማሪ፣ ወይም የሃይማኖት ህግ፣ እና የተለያዩ የህግ ትርጓሜዎች አሏቸው። በተለያዩ ጂኦግራፊያዊ አካባቢዎች ያሉ የተለያዩ ሃይማኖታዊ አይሁዶች በታሪክ የተለያዩ ልማዶችን እና ትርጓሜዎችን ወስደዋል። በአንዳንድ ጉዳዮች ላይ የኦርቶዶክስ አይሁዶች የቀድሞ አባቶቻቸውን ወግ መከተል አለባቸው, እና የመምረጥ እና የመምረጥ ምርጫ እንዳላቸው አያምኑም. በዚህ ምክንያት አስተዋይ አይሁዳውያን አንዳንድ ጊዜ ሃይማኖታዊ ምክንያቶች ቤተሰባቸው ምን ዓይነት ልማዶችን መከተል እንዳለበት ለማወቅ የቤተሰቦቻቸው የሃይማኖት አባቶች እነማን እንደሆኑ ማረጋገጥ አስፈላጊ ሆኖ አግኝተውታል። እነዚህ ጊዜያት ለምሳሌ ሁለት የተለያየ ዘር ያላቸው አይሁዳውያን ሲጋቡ፣ አይሁዳዊ ያልሆነ ሰው ወደ አይሁድ እምነት ሲለወጥ እና ምን ዓይነት ልማዶችን ለመጀመሪያ ጊዜ መከተል እንዳለበት ሲወስን ወይም አንድ አይሁዳዊ አስተውሎ ወይም ብዙም የማያስተውል አይሁዳዊ ወደ ባሕላዊው የአይሁድ እምነት ሲመለስ እና መወሰን አለበት። በቤተሰባቸው ወይም በሷ ያለፈው ጊዜ የተደረገው. ከዚህ አንጻር፣ “አሽኬናዚክ” ሁለቱንም የቤተሰብን የዘር ግንድ እና የዚያ የዘር ግንድ አይሁዶችን የሚመለከት የጉምሩክ አካልን ያመለክታል። እነዚያን ሚኒሃጊም የማይከተል የአይሁድ እምነት ተሐድሶ ግን የመጣው ከአሽከናዚ አይሁዶች ነው።",የጉምሩክ
የወቅቱን የፖሊስ ፅንሰ-ሀሳብ የፈጠሩት የየትኞቹ ሀገራት ምሁራን ናቸው?,"ሚሼል ፉካውት በ17ኛው እና በ18ኛው መቶ ክፍለ ዘመን መጀመሪያ ላይ በጀርመን እና በፈረንሣይ የሕግ ምሁራን እና በሕዝብ አስተዳደር እና ስታቲስቲክስ ባለሙያዎች የተፈጠሩት የወቅቱ የፖሊስ ፅንሰ-ሀሳብ እንደ ተከፈለ እና በገንዘብ የሚደገፍ የመንግስት አካል ነው ፣ በተለይም በኒኮላስ ዴላማሬ Traité de la Police በ1705 ለመጀመሪያ ጊዜ የታተመው ጀርመናዊው ፖሊዜይዊስሴንሻፍት (የፖሊስ ሳይንስ) በፊሊፕ ቮን ሆርኒግክ በ17ኛው መቶ ክፍለ ዘመን የኦስትሪያ የፖለቲካ ኢኮኖሚስት እና የመንግስት ሰራተኛ እና በይበልጥ ታዋቂ በሆነው በጆሃን ሄንሪክ ጎትሎብ ጀስቲ ቲዎሪ በፖሊስ አፈጣጠር ላይ የካሜራል ሳይንስ በመባል የሚታወቀው ጠቃሚ የንድፈ ሃሳብ ስራ። ፎኩካልት ማግዳሊን ሀምፐርትን የBibliographie der Kameralwissenschaften (1937) ደራሲ በመጥቀስ ደራሲው ከ4000 የሚበልጡ የፖሊዚዊስሴንሻፍት ልምምድ ከፍተኛ የሆነ መጽሃፍ ቅዱሳዊ ጽሑፍ መዘጋጀቱን አስታውቋል። ሆኖም ይህ ምናልባት የፎኩኤልት የራሱ ስራ የተሳሳተ ትርጉም የሐውፐርት ማክምፐርት ነች። ከ16ኛው ክፍለ ዘመን ከ1520-1850 ባለው ጊዜ ውስጥ ከ14,000 በላይ እቃዎች ተዘጋጅተዋል።",በጀርመን እና በፈረንሣይ
የአሳንሰር ጓዳው ክብደት በምን ያህል ሚዛን ነው የሚዛመደው?,"አንዳንድ ሰዎች ሊፍት የጀመሩት እንደ ቀላል ገመድ ወይም ሰንሰለት ማንጠልጠያ ነው ብለው ይከራከራሉ (ከታች የትራክሽን ሊፍት ይመልከቱ)። ሊፍት በመሠረቱ በሜካኒካዊ መንገድ የሚጎተት ወይም የሚገፋ መድረክ ነው። የዘመናችን አሳንሰር (""Cage""""""ካርጌ"" ወይም ""መኪና"" እየተባለ የሚጠራው) በመድረክ ላይ የተጫነው ዘንግ ወይም አንዳንዴም ""ሆስትዌይ"" በሚባል የተከለለ ቦታ ላይ ነው። ቀደም ባሉት ጊዜያት የአሳንሰር መንዳት ዘዴዎች በእንፋሎት እና በውሃ ሃይድሮሊክ ፒስተኖች ወይም በእጅ የሚንቀሳቀሱ ነበሩ። በ""ማጎተት"" ሊፍት ውስጥ፣ መኪኖች የሚጎትቱት በብረት ገመዶች በተንከባለሉ በጥልቅ በተሰቀለ ፑሊ ላይ ሲሆን በተለምዶ በኢንዱስትሪው ውስጥ ሸሼ ይባላል። የመኪናው ክብደት በተቃራኒ ክብደት የተመጣጠነ ነው. አንዳንድ ጊዜ ሁለት አሳንሰሮች ይገነባሉ ስለዚህም መኪኖቻቸው ሁልጊዜ በተቃራኒ አቅጣጫ እንዲንቀሳቀሱ እና አንዳቸው የሌላው ተቃራኒ ክብደት ይሆናሉ።",በተቃራኒ ክብደት
ሙዚቃ መጫወት ምን ያሳያል?,ሁሉም ታዋቂ ታጋዮች አሁን ቀለበቱን በሙዚቃ ታጅበው ገብተው በመደበኛነት ሌሎች ነገሮችን ወደ መግቢያቸው ይጨምራሉ። በቀለበት መግቢያው ወቅት የሚጫወተው ሙዚቃ ብዙውን ጊዜ የተጋላሚውን ስብዕና ያንጸባርቃል። ብዙ ታጋዮች፣ በተለይም በአሜሪካ፣ ሙዚቃ እና ግጥሞች በተለይ ለቀለበት መግቢያቸው የተፃፉ ናቸው። ከረጅም ጊዜ በፊት የተፈለሰፈ ቢሆንም፣ ሙዚቃን ከመግቢያው ጋር የማካተት ልምዱ በ1980ዎቹ ፈጣን ተወዳጅነትን አትርፏል፣ ይህም በአብዛኛው በHulk Hogan እና WWF ትልቅ ስኬት እና በሮክ ሬስሊንግ ግንኙነት ምክንያት ነው። ግጥሚያ ሲሸነፍ የድል አድራጊው ጭብጥ ሙዚቃም እንዲሁ በበአሉ ይጫወታል።,የተጋላሚውን ስብዕና
የፍራንኮ-ጀርመን ጦርነት ሙሉ በሙሉ አስፈላጊ ስለመሆኑ ጥርጣሬ ያልነበረው ማን ነው?,በፕሩሺያ፣ አንዳንድ ባለሥልጣኖች በእነዚያ ግዛቶች ውስጥ የጀርመን ብሔርተኝነትን ለመቀስቀስ ከፈረንሳይ ጋር የሚደረግ ጦርነት የማይቀር እና አስፈላጊ እንደሆነ አድርገው ይመለከቱት ነበር ይህም ታላቅ የጀርመን ኢምፓየር አንድነት እንዲኖር ያስችላል። ይህ አላማ የፕሩሺያን ቻንስለር ኦቶ ቮን ቢስማርክ በኋላ በሰጡት መግለጫ፡- “የተባበሩት ጀርመን ግንባታ እውን ከመሆኑ በፊት የፍራንኮ-ጀርመን ጦርነት መካሄድ እንዳለበት አልጠራጠርኩም ነበር። ቢስማርክ የደቡብ ጀርመን ግዛቶችን ከፕሩሺያ ጋር ለማሰለፍ በግጭቱ ውስጥ ፈረንሣይ መሆን እንዳለባት ያውቅ ነበር፣ ስለዚህም ለጀርመናውያን የቁጥር የበላይነትን ይሰጣል። ብዙ ጀርመኖችም ፈረንሳዮችን እንደ አውሮፓ ልማዳዊ መረጋጋት ይመለከቱ ነበር፣ እና ተጨማሪ የሰላም መደፍረስን ለመከላከል ፈረንሳይን ለማዳከም ፈለጉ።,ቻንስለር ኦቶ ቮን ቢስማርክ
ግሮቭ ስትሪት መቃብር በምን ይታወቃል?,ግሮቭ ስትሪት መቃብር፣ ከዬል ካምፓስ አጠገብ ያለው ብሄራዊ ታሪካዊ የመሬት ምልክት የሮጀር ሸርማን፣ ኤሊ ዊትኒ፣ ኖህ ዌብስተር፣ ጆስያ ዊላርድ ጊብስ፣ የቻርለስ ጉድአየር እና የዋልተር ካምፕ መቃብሮችን ከሌሎች ታዋቂ የቀብር ስፍራዎች ይዟል። የመቃብር ስፍራው በታላቁ የግብፅ ሪቫይቫል መግቢያ በር ይታወቃል። የኒው ሄቨን ሕንፃ ዩኒየን ሊግ ክለብ፣ በቻፕል ጎዳና ላይ የሚገኘው፣ ታሪካዊ የቢውክስ-ጥበባት ሕንፃ በመሆኑ ብቻ ሳይሆን የሮጀር ሸርማን ቤት በአንድ ወቅት በቆመበት ቦታ ላይ ተገንብቷል። ጆርጅ ዋሽንግተን በ1789 ፕሬዝደንት በሼርማን መኖሪያ ቤት እንደቆዩ ይታወቃል (ዋሽንግተን በህይወት ዘመናቸው ሁሉ ኒው ሄቨን ከጎበኙት ከሶስት ጊዜያት አንዱ)።,የግብፅ ሪቫይቫል መግቢያ
የላሚያ ጦርነት መቼ ነበር?,ገለልተኛ የከተማ ግዛቶች ከሄለናዊ መንግስታት ጋር መወዳደር አልቻሉም እና አብዛኛውን ጊዜ ለመከላከያ ራሳቸውን ከአንዳቸው ጋር እንዲተባበሩ ይገደዱ ነበር፣ ይህም ጥበቃን ለማግኘት ሲሉ ለሄለናዊ ገዥዎች ክብር ይሰጡ ነበር። አንዱ ምሳሌ በላሚያ ጦርነት (323-322) በአንቲፓተር በቆራጥነት የተሸነፈች እና በፒሬየስ የሚገኘውን ወደብ በሜቄዶኒያ ወታደሮች ታስሮ የነበረችው አቴንስ ወግ አጥባቂ ኦሊጋርቺን ይደግፋሉ። በ307 ዲሜትሪየስ ፖሊዮርሴቴስ አቴንስን ከያዘ እና ዲሞክራሲን ከመለሰ በኋላ አቴናውያን እሱን እና አባቱ አንቲጎነስን በአጎራ ላይ የወርቅ ምስሎችን በማኖር የንጉሥ ማዕረግ ሰጥተዋቸዋል። አቴንስ ከጊዜ በኋላ የመቄዶኒያን አገዛዝ ለመጣል ከግብፅ ፕቶሌማይክ ጋር ተባበረች፣ በመጨረሻም የቶለማይክ ነገሥታትን ሃይማኖታዊ አምልኮ በማቋቋም እና በመቄዶን ላይ ላደረገው ዕርዳታ ቶለሚ ክብርን በመስጠት ከከተማው ጎሳ አባላት አንዱን ሰይሟል። ምንም እንኳን የቶለማይክ ገንዘቦች እና መርከቦች ጥረታቸውን ቢደግፉም፣ አቴንስ እና ስፓርታ በክሪሞኒድያን ጦርነት (267-61) በአንቲጎነስ 2ኛ ተሸነፉ። ከዚያም አቴንስ በመቄዶንያ ወታደሮች ተያዘች፣ እና በመቄዶኒያ ባለስልጣናት ትመራ ነበር።,(323-322)
ቀደም ሲል ያልተመዘገቡ በቱቫሉ አካባቢ ምን ያህል አዳዲስ ዝርያዎች ተገኝተዋል?,ፉናፉቲ ከዘጠኙ ዝቅተኛ ሪፍ ደሴቶች እና የቱቫሉ የእሳተ ገሞራ ደሴት ሰንሰለት ከሚፈጥሩት አቶሎች ትልቁ ቶል ነው። በግምት 25.1 ኪሎ ሜትር (15.6 ማይል) (N–S) በ18.4 ኪሎሜትር (11.4 ማይል) (ደብሊው ኢ) በ179°7'E እና 8°30'S ላይ ያተኮረ በማዕከላዊ ሀይቅ ዙሪያ በርካታ ደሴቶችን ያካትታል። በአቶልስ ላይ፣ አመታዊ ሪፍ ሪም ሐይቁን በበርካታ የተፈጥሮ ሪፍ ቻናሎች ይከብባል። በግንቦት 2010 የናኑሜያ፣ ኑኩላላኤ እና ፉናፉቲ ሪፍ መኖሪያዎች ላይ የዳሰሳ ጥናት የተካሄደ ሲሆን በአጠቃላይ 317 የዓሣ ዝርያዎች በዚህ የቱቫሉ የባህር ላይፍ ጥናት ተመዝግበዋል። የዳሰሳ ጥናቱ ከዚህ ቀደም በቱቫሉ ያልተመዘገቡ 66 ዝርያዎችን ለይቷል፤ ይህም በጠቅላላ ተለይተው የታወቁ ዝርያዎችን 607 አድርሶታል።,66
አትናቴዎስ ወደ ምክር ቤቱ እንዲገባ ተፈቅዶለታል?,"በ343 መጀመሪያ ላይ አትናቴዎስ በሮም በኩል ከአሌክሳንድሪያ ሰሜን አፍሪካ ወደ ጋውል ተጉዞ እናገኘዋለን። በአሁኑ ጊዜ ቤልጂየም / ሆላንድ እና አካባቢው, ሆሲየስ ኦቭ ኮርዶባ ጳጳስ ነበር, በምዕራቡ ዓለም የኦርቶዶክስ ታላቅ ሻምፒዮን ነበር. ሁለቱም አብረው ወደ ሰርዲካ ሄዱ። የሮማን ጳጳስ ፍላጎት መሰረት በማድረግ ሙሉ የቤተክርስቲያኑ ምክር ቤት ተጠራ/ተጠራ። ጉዞው በራሱ ትልቅ ስራ ነበር። በዚህ ታላቅ የመሳፍንት ፣ የቤተክርስቲያን መሪዎች ፣ የአትናቴዎስ ጉዳይ አንድ ጊዜ እንደገና ተነስቷል ፣ ማለትም ፣ አትናቴዎስ በደሎች እና አልፎ ተርፎም ግድያ ላይ በይፋ ተጠየቀ ፣ (አርሴንዮስ የሚባል ሰው እና አካሉን ለአስማት የተጠቀመበት ፣ - የማይረባ ነገር) ክፍያ.) [ጉባዔው የተጠረጠረው በአትናቴዎስ እና በሌሎች ጳጳሳት ላይ የተከሰሱትን ክስ ለማጣራት ነው፣በዚህም ምክንያት በአንጾኪያ ከፊል አርያኖስ ሲኖዶስ (341) ከሊቃነ ጳጳሳት ተወግደው በግዞት ሄዱ። በሶቅራጥስ መሠረት፣ (E.H. ii. 20) በሁለቱ ንጉሠ ነገሥት፣ ቆስጠንጢኖስ እና ቆስጠንጢኖስ ተጠርቷል፤ ነገር ግን፣ ባሮኒየስ በጳጳስ ጁሊየስ (337-352) እንደተናገረው፣ (አድ. 343)። አንድ መቶ ሰባ ስድስት ተሳትፈዋል። የዩሲቢያን ጳጳሳት አትናቴዎስ እና ሌሎች ከኃላፊነት የተነሱ ጳጳሳት ወደ ምክር ቤቱ እንዲገቡ መደረጉን ተቃውመዋል። ተቃውሞአቸው በኦርቶዶክስ ጳጳሳት የተሸረሸረ ነበር፣ ወደ መቶ የሚጠጉ ኦርቶዶክሶች ነበሩ፣ እነሱም አብላጫዎቹ ነበሩ። ዩሲቢያውያን ሃሳባቸውን ለመሸከም ምንም እድል እንደሌላቸው በማየታቸው ወደ ፊሎፖፖሊስ በትሬስ፣ ፊሊጶጶጶሊስ (ትራሺያ) ጡረታ ወጡ፣ በዚያም በአንጾኪያ ፓትርያርክ መሪነት የተቃዋሚ ምክር ቤት አደረጉ እና የአንጾኪያ ሲኖዶስ ውሳኔዎችን አረጋግጠዋል። . ]. በድጋሚ፣ በሰርዲካ ጉባኤ፣ ንፁህነቱ በድጋሚ ተረጋገጠ። የአሌክሳንድርያ ቀሳውስት እና ምእመናን ፣ ሁለተኛው ለግብፅ እና ለሊቢያ ጳጳሳት የጉባኤው ፈቃድ የተገለጸባቸው ሁለት እርቅ ደብዳቤዎች ተዘጋጅተዋል ። ይህ በእንዲህ እንዳለ የዩሴቢያን ፓርቲ ወደ ፊሊጶፖሊስ ሄዶ በአትናቴዎስ እና በደጋፊዎቹ ላይ ነቀፋ አቀረበ። በኦርቶዶክስ ሃይማኖት ተከታዮች ላይ የሚደርሰው ስደት በአዲስ መንፈስ ተነሳ፣ ቆስጠንጢኖስም በአትናቴዎስ እና ለእርሱ ያደሩ ካህናት ላይ ከባድ እርምጃ እንዲወስድ ተገፋፍቶ ነበር። ቅዱሱ ወደ መንበሩ እንደገና ለመግባት ከሞከረ እንዲገደል ትእዛዝ ተሰጥቷል። በዚህም መሰረት አትናቴዎስ ከሰርዲካ ወደ 341ኛው ሲኖዶስ የተወሰደውን የኒቅያ ጉባኤ እንዳደረገው በ344 ዓ.ም የትንሳኤ በዓልን ባከበረበት ከሰርዲካ ወደ ናይሱስ ከተማ ሄደ። አትናቴዎስ ንፁህ ሆኖ አገኘው። &. በኤጲስ ቆጶስ ፎርቱንቲያኖስ የተቀበለው የመጨረሻውን ትንሳኤ በስደት በአኩሊያ በሚያዝያ 345 አከበረ።",ተቃውሞአቸው በኦርቶዶክስ ጳጳሳት የተሸረሸረ
በፓርቲ-ያልሆኑ ስርዓቶች ውስጥ ያሉ አንጃዎች ወደ ምን ይሻሻላሉ?,ከፓርቲ ነፃ በሆነ ሥርዓት ውስጥ፣ አንዳንድ ጊዜ በፖለቲካ ፓርቲዎች ላይ ሕጋዊ ገደቦችን የሚያንፀባርቁ ኦፊሴላዊ የፖለቲካ ፓርቲዎች የሉም። ከፓርቲ ውጪ ባሉ ምርጫዎች እያንዳንዱ እጩ በራሱ ፍላጎት ለቢሮ ብቁ ይሆናል። ከፓርቲ ውጪ ባሉ የህግ አውጭዎች ውስጥ፣ በህግ አውጪው ውስጥ ምንም አይነት መደበኛ የፓርቲ አሰላለፍ የለም። የጆርጅ ዋሽንግተን አስተዳደር እና የዩናይትድ ስቴትስ ኮንግረስ የመጀመሪያዎቹ ጥቂት ስብሰባዎች ገለልተኛ አልነበሩም። ዋሽንግተን በስንብት ንግግራቸው ወቅት የፖለቲካ ፓርቲዎችን አስጠንቅቃለች። በዩናይትድ ስቴትስ ውስጥ፣ የኔብራስካ አንድነት ያለው የሕግ አውጭ አካል ከፓርቲ ወገንተኛ አይደለም ነገር ግን የሚመረጠው እና መደበኛ ባልሆኑ የፓርቲ መስመሮች ነው። በካናዳ የሰሜን ምዕራብ ግዛቶች የክልል ህግ አውጪዎች እና ኑናቩት ከፓርቲ ውጪ ናቸው። በኒው ዚላንድ ቶከላው ከፓርቲ ነፃ የሆነ ፓርላማ አለው። ብዙ የከተማ እና የካውንቲ መንግስታት[ያልታወቀ] ወገንተኛ አይደሉም። ከፓርቲ ውጪ ያሉ ምርጫዎች እና የአስተዳደር ዘይቤዎች ከመንግስት ተቋማት ውጭ የተለመዱ ናቸው። በፖለቲካ ፓርቲዎች ላይ ህጋዊ ክልከላዎች እስካልተገኙ ድረስ፣ ከፓርቲ ውጪ ያሉ አንጃዎች ወደ ፖለቲካ ፓርቲነት ይለወጣሉ።,የፖለቲካ ፓርቲዎች
ሂማካል ምን ሶስት ወቅቶች አጋጥሞታል?,"በከፍተኛ የከፍታ ልዩነት ምክንያት ከፍተኛ ልዩነት በሂሚቻል የአየር ሁኔታ ውስጥ ይከሰታል. የአየር ንብረቱ በደቡባዊ ትራክቶች ከሚገኙት ሞቃታማ እና ዝቅተኛ እርጥበታማ ሞቃታማ የአየር ጠባይ ይለያያል። ግዛቱ እንደ ዳራምሳላ ያሉ በጣም ከባድ ዝናብ የሚያገኙ አካባቢዎች አሉት፣ እንዲሁም እንደ ላሃውል እና ስፒቲ ያሉ ቀዝቃዛ እና ዝናብ አልባ ናቸው። በሰፊው፣ ሂማካል ሶስት ወቅቶችን ያጋጥመዋል፡- በጋ፣ ክረምት እና ዝናባማ ወቅት። በጋ ከኤፕሪል አጋማሽ እስከሰኔ መጨረሻ ድረስ የሚቆይ ሲሆን አብዛኛዎቹ ክፍሎች በጣም ሞቃት ይሆናሉ (ከአልፓይን ዞን በስተቀር ለስላሳ የበጋ ወቅት) ከ28 እስከ32 ° ሴ (ከ82 እስከ90 ዲግሪ ፋራናይት) አማካይ የሙቀት መጠን። ክረምቱ ከኖቬምበር መጨረሻ እስከመጋቢት አጋማሽ ድረስ ይቆያል. የበረዶ መውደቅ በአልፓይን ትራክቶች (በአጠቃላይ ከ2,200 ሜትር (7,218 ጫማ) በላይ ነው, ማለትም በከፍተኛ እና ትራንስ-ሂማሊያ ክልል ውስጥ) የተለመደ ነው.",በጋ፣ ክረምት እና ዝናባማ ወቅት።
የአርሜኒያ ርዕሰ መስተዳድር ያተኮረው የት ነበር?,"ከማርዝፓናቴ ዘመን (428-636) በኋላ አርሜኒያ የአርሜኒያ ኢሚሬትስ ሆኖ ብቅ አለ፣ በአረብ ግዛት ውስጥ ራሱን የቻለ ርእሰ-መስተዳደር፣ ከዚህ ቀደም በባይዛንታይን ግዛት የተወሰዱትን የአርመን መሬቶችንም አገናኘ። ርዕሰ መስተዳድሩ በአርሜኒያ ልዑል ይገዛ ነበር, እና በካሊፋው እና በባይዛንታይን ንጉሠ ነገሥት እውቅና አግኝቷል. የጆርጂያ እና የካውካሲያን አልባኒያን ክፍሎች ያካተተው በአረቦች የተፈጠረ የአስተዳደር ክፍል/ኤሚሬትስ አርሚንያ አካል ነበር እና ማእከል የሆነው በአርሜንያ ከተማ ዲቪን ነበር። የአርሜኒያ ርእሰ መስተዳድር እስከ884 ድረስ የዘለቀ ሲሆን ነፃነቷን ከተዳከመው የአረብ ኢምፓየር በንጉሥ አሾት 1 ባግራቱኒ ሲመለስ።",ዲቪን
"ምንም እንኳን ጥቂት MP3 ተጫዋቾች መጫወት ቢችሉም, LAME ደግሞ የትኛውን አማራጭ ያቀርባል?",መደበኛ ያልሆኑ የቢት ታሪፎች እስከ640 kbit/s በLAME ኢንኮደር እና በፍሪፎርት አማራጭ ሊገኙ ይችላሉ፣ ምንም እንኳን ጥቂት የኤምፒ3 ተጫዋቾች እነዚያን ፋይሎች መጫወት ይችላሉ። በISO ስታንዳርድ መሰረት እስከ320 kbit/s ዥረቶችን መፍታት እንዲችሉ ዲኮደሮች ብቻ ያስፈልጋሉ።,ፋይሎች መጫወት
የባፕቲስት አመጣጥ ከምን እንደወጣ ተቆጥሯል?,የባፕቲስት ታሪክ ምሁር ብሩስ ጎርሊ ስለ ባፕቲስት አመጣጥ አራት ዋና ዋና አመለካከቶችን ይዘረዝራሉ፡ (1) ንቅናቄው መነሻውን በ17ኛው መቶ ክፍለ ዘመን በእንግሊዝ ሴፓራቲስቶች በኩል ነው የሚለው የዘመናችን ምሁራዊ ስምምነት፣ (2) ከአናባፕቲስት ወጎች የወጣ ነው የሚለውን አመለካከት፣ (3) ) የመጥምቁ እምነትና ተግባር ከክርስቶስ ዘመን ጀምሮ እንደነበረ የሚገምተው ዘላለማዊ አመለካከት፣ እና (4) የመተካካት አመለካከት፣ ወይም “የጥምቀት ተከታይነት”፣ እሱም የባፕቲስት አብያተ ክርስቲያናት ከክርስቶስ ዘመን ጀምሮ ባልተሰበረ ሰንሰለት ውስጥ እንደነበሩ ይከራከራሉ። .,ከአናባፕቲስት ወጎች
የኒው ሄቨን አርምስ ኩባንያ በኋላ ስሙ የተቀየረው ማን ነበር?,"የአሜሪካ የእርስ በርስ ጦርነት የኒው ሄቨን አርምስ ኩባንያን ጨምሮ በጦርነት ጊዜ የኢንዱስትሪ ዕቃዎችን በመግዛት የአካባቢውን ኢኮኖሚ ያሳደገ ሲሆን ይህም ከጊዜ በኋላ የዊንቸስተር ተደጋጋሚ የጦር መሳሪያዎች ኩባንያ ይሆናል. (ዊንቸስተር እስከ2006 ድረስ በኒው ሄቨን ውስጥ የጦር መሣሪያዎችን ማምረት ይቀጥላል, እና ብዙዎቹ የዊንቸስተር ፋብሪካዎች አካል የሆኑት ሕንፃዎች አሁን የዊንቸስተር ተደጋጋሚ የጦር መሣሪያ ኩባንያ ታሪካዊ ዲስትሪክት አካል ናቸው.) ከጦርነቱ በኋላ የህዝብ ቁጥር እየጨመረ እና በእጥፍ ይጨምራል. የ 20 ኛው ክፍለ ዘመን መጀመሪያ ፣ በተለይም ከደቡብ አውሮፓ በተለይም ከጣሊያን በሚመጡ ስደተኞች ምክንያት። ዛሬ፣ የምስራቅ ሄቨን፣ ዌስት ሄቨን እና የሰሜን ሄቨን ህዝቦች ግማሽ ያህሉ ጣልያን-አሜሪካዊ ናቸው። ወደ ኒው ሄቨን የአይሁዶች ፍልሰት በከተማዋ ላይ ዘላቂ የሆነ አሻራ ጥሏል። ዌስትቪል በኒው ሄቨን የአይሁዶች ማዕከል ነበረች፣ ምንም እንኳን ዛሬ ብዙዎች እንደ ዉድብሪጅ እና ቼሻየር ላሉ የከተማ ዳርቻ ማህበረሰቦች ደጋፊ ሆነዋል።",የዊንቸስተር ተደጋጋሚ የጦር መሳሪያዎች ኩባንያ
ጳውሎስ ስድስተኛ በሚሞትበት ቀን የጅምላ ሥርዓቱን ከየት ነበር?,"ከአልጋው በ18፡00 ላይ በእሁድ ቅዳሴ ላይ ተሳትፏል። ከቁርባን በኋላ ሊቀ ጳጳሱ ከፍተኛ የልብ ድካም አጋጠማቸው, ከዚያ በኋላ ለሦስት ሰዓታት ያህል መኖር ቀጠለ. እ.ኤ.አ. ነሐሴ 6 ቀን 1978 በ21፡41 ጳውሎስ ስድስተኛ በካስቴል ጋንዶልፎ ሞተ። በኑዛዜውም መሠረት የተቀበረው በቫቲካን ግሮቶስ ውስጥ በተጌጠ መቃብር ሳይሆን በመሬት ውስጥ ባለው መቃብር ውስጥ ነው። ከሌሎች ሊቃነ ጳጳሳት ጋር በቅዱስ ጴጥሮስ ባሲሊካ ወለል ሥር ተቀበረ። በፈቃዱ ""በእውነተኛው ምድር"" እንዲቀበር ጠይቋል እና ስለዚህ ያጌጠ ሳርኮፋጉስ የለውም ነገር ግን በመሬት ውስጥ ያለው መቃብር።",ከአልጋው
የኩይፐር ቀበቶ ከኔፕቱን አንጻራዊ የት አለ?,"የኔፕቱን ምህዋር ከሱ በላይ በሆነው የኩይፐር ቀበቶ ተብሎ በሚታወቀው ክልል ላይ ከፍተኛ ተጽዕኖ ያሳድራል። የኩይፐር ቀበቶ ከኔፕቱን ምህዋር በ30 AU ወደ 55 AU ገደማ ከፀሀይ የሚዘልቅ የአስትሮይድ ቀበቶ ጋር የሚመሳሰል የትንሽ የበረዶ ዓለማት ቀለበት ነው። በተመሳሳይ መልኩ የጁፒተር ስበት የአስትሮይድ ቀበቶን ይቆጣጠራል, መዋቅሩን ይቀርፃል, ስለዚህ የኔፕቱን ስበት የኩይፐር ቀበቶን ይቆጣጠራል. በፀሃይ ስርዓት እድሜ ውስጥ የተወሰኑ የኩይፐር ቀበቶ ክልሎች በኔፕቱን የስበት ኃይል ተበላሽተው በኩይፐር ቀበቶ መዋቅር ላይ ክፍተቶች ፈጠሩ። በ40 እና 42 AU መካከል ያለው ክልል ምሳሌ ነው።",ምህዋር በ30 AU ወደ 55 AU ገደማ
የቱክሰን ዕለታዊ አጠቃላይ ጋዜጣ ምንድን ነው?,"ቱክሰን አንድ ዕለታዊ ጋዜጣ አለው, ጠዋት አሪዞና ዴይሊ ስታር. ዊክ ኮሙኒኬሽንስ ዕለታዊ ህጋዊ ወረቀቱን The Daily Territorial ያትማል፣ ቡልደር፣ ኮሎ ላይ የተመሰረተ 10/13 ኮሙኒኬሽንስ የቱክሰን ሳምንታዊ (""አማራጭ"" ህትመት) በቱክሰን ቢዝነስ እና ኤክስፕሎረር ያትማል። TucsonSentinel.com ለትርፍ ያልተቋቋመ ነጻ የመስመር ላይ የዜና ድርጅት ነው። የቱክሰን የአኗኗር ዘይቤ መጽሔት፣ የሎቪን ሕይወት ዜና፣ የበረሃ ሌፍ እና ዞካሎ መጽሔት ኪነጥበብን፣ አርክቴክቸርን፣ ዲኮርን፣ ፋሽንን፣ መዝናኛን፣ ንግድን፣ ታሪክን እና ሌሎች ዝግጅቶችን የሚሸፍኑ ወርሃዊ ህትመቶች ናቸው። የአሪዞና ዴይሊ ዋይልድካት የአሪዞና ዩኒቨርሲቲ የተማሪ ጋዜጣ ነው፣ እና አዝቴክ ኒውስ የፒማ ማህበረሰብ ኮሌጅ ተማሪ ጋዜጣ ነው። አዲስ ራዕይ የቱክሰን የሮማ ካቶሊክ ሀገረ ስብከት ጋዜጣ ሲሆን አሪዞና አይሁድ ፖስት ደግሞ የደቡብ አሪዞና የአይሁድ ፌዴሬሽን ጋዜጣ ነው።",አሪዞና ዴይሊ ስታር.
ቶንትን ለመሥራት ምን ጥቅም ላይ ይውላል?,ካትማንዱ ከቡና ጠጪዎች የበለጠ የሻይ ጠጪዎች ድርሻ አላቸው። ሻይ በሰፊው ይቀርባል ነገር ግን በምዕራባውያን ደረጃዎች እጅግ በጣም ደካማ ነው. የበለጠ የበለፀገ እና በወተት ፣ በስኳር እና በቅመማ ቅመም የተቀቀለ የሻይ ቅጠል ይይዛል ። አልኮሆል በብዛት ይሰክራል፣ እና በርካታ የአካባቢ የአልኮል መጠጦች ልዩነቶች አሉ። መጠጣት እና ማሽከርከር ህገወጥ ነው፣ እና ባለስልጣናት ዜሮ የመቻቻል ፖሊሲ አላቸው። Ailaa እና thwon (ከሩዝ የተሰራ አልኮሆል) የካትማንዱ አልኮሆል መጠጦች ናቸው፣ በሁሉም የአካባቢው ባቲስ (አልኮሆል የሚበሉ ምግቦች) ይገኛሉ። ቺያንግ፣ ቶንግባ (የተመረተ ማሽላ ወይም ገብስ) እና ራሺ በካትማንዱ ውስጥ ከሚገኙ ሌሎች የኔፓል ክፍሎች የመጡ የአልኮል መጠጦች ናቸው። ሆኖም በካትማንዱ ውስጥ ያሉ ሱቆች እና ቡና ቤቶች የምዕራብ እና የኔፓል ቢራዎችን በብዛት ይሸጣሉ።,ይይዛል
የታሪክ ምሁር ሄንሪ ፒሬን ዜግነት ምን ነበር?,"የኢኮኖሚ እና የስነ-ሕዝብ ዘዴዎች በታሪክ ጥናት ላይ ሲተገበሩ, የመካከለኛው ዘመን መገባደጃን እንደ ውድቀት እና ቀውስ የመመልከት አዝማሚያ እየጨመረ መጥቷል. ቤልጂየማዊው የታሪክ ምሁር ሄንሪ ፒሬኔ በአንደኛው የዓለም ጦርነት ዓመታት ውስጥ የጥንት ፣ ከፍተኛ እና የመካከለኛው ዘመን መከፋፈልን ቀጥለዋል። የመካከለኛው ዘመን መጸው (Autumn of the Middle Ages) (1919) መጽሐፉ። ከጣሊያን ይልቅ በፈረንሣይ እና በዝቅተኛ አገሮች ላይ ያተኮረው ሑዚንጋ፣ ተስፋ መቁረጥ እና ውድቀት ዋናዎቹ ጭብጦች እንጂ ዳግም መወለድ አልነበሩም።",የዓለም
በበሽታ አምጪ ተህዋስያን ምክንያት የሚመጣ በሽታ ክብደት በምን ላይ የተመሰረተ ነው?,እጅግ በጣም ብዙ ከሆኑ ረቂቅ ተሕዋስያን መካከል በአንጻራዊ ሁኔታ ሲታይ ጥቂቶቹ ጤናማ በሆኑ ሰዎች ላይ በሽታ ያመጣሉ ። ተላላፊ በሽታ የሚከሰተው በእነዚያ ጥቂት በሽታ አምጪ ተህዋሲያን መካከል ባለው መስተጋብር እና በሚበክሏቸው አስተናጋጆች መከላከያዎች መካከል ነው። ከማንኛውም በሽታ አምጪ ተህዋሲያን የሚመነጨው የበሽታው ገጽታ እና ክብደት የሚወሰነው በነዚያ በሽታ አምጪ ተሕዋስያን አስተናጋጁን ለመጉዳት ባለው አቅም እና አስተናጋጁ በሽታ አምጪ ተህዋስያንን የመቋቋም ችሎታ ላይ ነው። ይሁን እንጂ የአስተናጋጁ የበሽታ መከላከያ ስርዓት ኢንፌክሽኑን ለመቆጣጠር በሚደረገው ሙከራ በአስተናጋጁ ላይ ጉዳት ሊያደርስ ይችላል። ስለሆነም ክሊኒኮች ተላላፊ የሆኑ ረቂቅ ተሕዋስያንን ወይም ማይክሮቦችን እንደ አስተናጋጅ መከላከያ ደረጃ ይመድባሉ - እንደ ዋና በሽታ አምጪ ተህዋስያን ወይም እንደ ኦፖርቹኒስቲክ በሽታ አምጪ ተህዋስያን።,አስተናጋጁ በሽታ አምጪ ተህዋስያንን የመቋቋም ችሎታ
ወጣቶች የስደት መንገዶችን እንዴት ይማራሉ?,የፍልሰት ዓይነተኛ ምስል የሰሜናዊው የመሬት ወፎች እንደ ስዋሎውስ (ሂሩንዲኒዳ) እና አዳኝ ወፎች ወደ ሞቃታማ አካባቢዎች ረጅም በረራዎችን ያደርጋሉ። ይሁን እንጂ ብዙ የሆላርቲክ የዱር አእዋፍ እና ፊንች (Fringillidae) ዝርያዎች ክረምት በሰሜን የሙቀት ዞን፣ ከበጋ እርባታ ቦታቸው ይልቅ መለስተኛ ክረምት ባለባቸው ክልሎች። ለምሳሌ፣ ሮዝ እግር ያለው ዝይ Anser Brachyrhynchus ከአይስላንድ ወደ ብሪታንያ እና ወደ ጎረቤት ሀገራት ይሰደዳል፣ የጨለማው አይን ጁንኮ ጁንኮ ሃይማሊስ ከሰባርቲክ እና አርክቲክ የአየር ጠባይ ወደ ተቀራራቢው ዩናይትድ ስቴትስ እና አሜሪካዊው የወርቅ ፊንች ከታይጋ ወደ ክረምት ሜዳ ይሸጋገራል። የአሜሪካ ደቡብ ሰሜን ምዕራብ ወደ ምዕራባዊ ኦሪገን። የፍልሰት መንገዶች እና የክረምት ሜዳዎች ባህላዊ እና ወጣቶች ከወላጆቻቸው ጋር ለመጀመሪያ ጊዜ በተሰደዱበት ወቅት የተማሩ ናቸው። እንደ ጋርጋኒ አናስ ኳርኬዱላ ያሉ አንዳንድ ዳክዬዎች ሙሉ በሙሉ ወይም በከፊል ወደ ሞቃታማ አካባቢዎች ይንቀሳቀሳሉ። የአውሮፓ ፓይድ ዝንብ አዳኝ Ficedula hypoleuca እንዲሁ ይህን የስደተኛ አዝማሚያ ይከተላል፣ በእስያ እና በአውሮፓ መራባት እና በአፍሪካ ክረምት።,ከወላጆቻቸው ጋር ለመጀመሪያ ጊዜ በተሰደዱበት ወቅት
Saskatoon ዓመቱን በሙሉ የሚመለከተው ስንት ሰዓት ነው?,ዢንጂያንግ፣ ቻይና; አርጀንቲና; ቺሊ; አይስላንድ; ሩሲያ እና ሌሎች አካባቢዎች የሰዓት ዞኖችን ወደ ምዕራብ ያዛውታሉ፣ በዚህም ምክንያት DST ዓመቱን ሙሉ ከሰአት ፈረቃ የሚመጡ ችግሮች ሳይከሰቱ ይመለከታሉ። ለምሳሌ፣ Saskatoon፣ Saskatchewan፣ በ106°39′ ዋ ኬንትሮስ፣ ከሀሳብ ከተዘጋጀው የተራራ ሰዓት ዞን (105° ዋ) ትንሽ በስተ ምዕራብ በኩል ትገኛለች፣ ነገር ግን በሳስካችዋን ያለው ጊዜ የማዕከላዊ መደበኛ ሰዓት (90° ዋ) ዓመቱን ሙሉ ነው። ስለዚህ Saskatoon ሁልጊዜ ከአማካይ የፀሀይ ሰዓት 67 ደቂቃ ያህል ይቀድማል። በተቃራኒው፣ ሰሜን ምስራቅ ህንድ እና ሌሎች ጥቂት አካባቢዎች የሰዓት ዞኖችን ወደ ምስራቅ ያዛባሉ፣ በዚህም አሉታዊውን DST ይመለከታሉ። ዩናይትድ ኪንግደም እና አየርላንድ ከ1968 እስከ1971 ድረስ ዓመቱን ሙሉ DST ሞክረው ነበር ነገርግን በተለይ በሰሜናዊ ክልሎች ተወዳጅነት ስለሌለው ትተውታል።,የማዕከላዊ መደበኛ ሰዓት
የፖላንድ መሬት ጀማሪዎችን ማን ሊጽፍ ይችላል?,የፖላንድ መሬት ያረፈ ዘውግ (ziemianie ወይም ziemiaństwo) መሬቶችን ከያዙ መኳንንት ያቀፈ መሆኑን ልብ ይበሉ፡ ስለዚህም በእርግጥ መኳንንት፣ መካከለኛው መኳንንት እና ቢያንስ የመንደሩ ክፍል የነበራቸው ባላባቶች። የጌትነት ሥልጣናት ለተወሰኑ ልዩ ልዩ የንጉሣዊ ከተሞች በርጌሶች የተከፈቱ እንደመሆናቸው መጠን፣ ሁሉም መሬት ላይ ያሉ ጀማሪዎች የመኳንንት በዘር የሚተላለፍ ማዕረግ አልነበራቸውም።,መሬቶችን ከያዙ መኳንንት ያቀፈ መሆኑን
የቀድሞ BYU ተመራቂ ሃርቪ ፍሌቸር ምን ፈለሰፈ?,BYU በአካዳሚ ውስጥ የቀድሞ ተማሪዎች የሃርቫርድ ቢዝነስ ት / ቤት ዲን ኪም ቢ. ክላርክን ፣ የሁለት ጊዜ የዓለም በጣም ተደማጭነት ያለው የንግድ አሳቢ ክሌይተን ኤም. ክሪስቴንሰን ፣ ሚካኤል ኬ ያንግ 73 ፣ የአሁን የዋሽንግተን ዩኒቨርሲቲ ፕሬዝዳንት ማቲው ኤስ. ሆላንድ ይገኙበታል። የዩታ ቫሊ ዩኒቨርሲቲ ፕሬዝዳንት፣ የወቅቱ የዩታ ስቴት ዩኒቨርሲቲ ፕሬዝዳንት ስታን ኤል አልብሬክት፣ የኦክስፎርድ ዩኒቨርሲቲ ፕሮፌሰር ቴፖ ፌሊን እና የቀድሞ የዲክሲ ስቴት ዩኒቨርሲቲ ፕሬዝዳንት ስቴፈን ዲ. ዩኒቨርሲቲው የኖቤል ተሸላሚውን ፖል ዲ ቦየርን እንዲሁም ፊሎ ፋርንስዎርዝ (የኤሌክትሮኒካዊ ቴሌቪዥን ፈጣሪ) እና ሃርቪ ፍሌቸር (የመስሚያ መርጃዎችን ፈጣሪ) አስመርቋል። ከBYU አስራ ሶስት ፕሬዝዳንቶች አራቱ የዩኒቨርሲቲው ተማሪዎች ነበሩ። በተጨማሪም የBYU የቀድሞ ተማሪዎች እንደ ቢዝነስ መሪ ሆነው ያገለገሉ Citigroup CFO Gary Crittenden '76፣ የዴል የቀድሞ ዋና ስራ አስፈፃሚ ኬቨን ሮሊንስ 84፣ ዴሴሬት ቡክ ዋና ስራ አስፈፃሚ Sheri L. Dew እና የህፃናት ልብስ ኩባንያ ጂምቦሬ ዋና ስራ አስፈፃሚ ማቲው ኬ.,(የመስሚያ መርጃዎችን
ለማያንማር የመርከብ ጉዞ መዳረሻዎች አሉ?,"ተጓዦች ወደ ሀገር ውስጥ የሚገቡበት በጣም የተለመደው መንገድ በአየር ይመስላል. ሎንሊ ፕላኔት የተሰኘው ድህረ ገጽ እንደገለጸው፣ ወደ ምያንማር መግባት ችግር አለበት፡- “ማንያንን ከሌላ አገር ጋር የሚያገናኘው የአውቶቡስ ወይም የባቡር አገልግሎት የለም፣ እንዲሁም በመኪና ወይም በሞተር ሳይክል ድንበሩን ማለፍ አትችልም - መሄድ አለብህ።” እና “ይህ የውጭ ዜጎች ወደ ምያንማር በባህር ወይም በወንዝ መሄድ አይችሉም። እንደ ሩሊ (ቻይና) ወደ ሙ-ሴ ድንበር ፣ በሄቲ ኪ (ሚያንማር) እና በባን ፉ ናም ሮን (ታይላንድ) መካከል ያለው ድንበር (በጣም ቀጥተኛ) ያሉ የግል ተሽከርካሪዎችን ለማለፍ የሚያስችሉ ጥቂት የድንበር ማቋረጫዎች አሉ። በዳዌ እና ካንቻናቡሪ መካከል ያለው ድንበር)፣ እና በሚያዋዲ (የምያንማር) እና በሜይ ሶት (ታይላንድ) መካከል ያለው ድንበር። ከ2013 ጀምሮ ቢያንስ አንድ የቱሪስት ኩባንያ የንግድ የመንገድ መስመሮችን በተሳካ ሁኔታ በእነዚህ ድንበሮች አከናውኗል። ""ከሜይ ሳይ (ታይላንድ) ወደ ታቺሌክ መሻገር ትችላላችሁ፣ ነገር ግን እስከኬንግቱንግ ድረስ ብቻ ነው መሄድ የሚችሉት። በታይላንድ በቪዛ ሩጫ ላይ ያሉ ወደ ካውታንግ መሻገር ይችላሉ። ግን ወደ ምያንማር ርቆ መሄድ አይቻልም።",የውጭ ዜጎች ወደ ምያንማር በባህር ወይም በወንዝ መሄድ አይችሉም።
በሃን ዘመን ሜካኒካል ምህንድስና ታዋቂ እንደነበር የሚያረጋግጡ ምን ዓይነት ምሁራን ናቸው?,የሃን ዘመን መካኒካል ምህንድስና ማስረጃዎች በአብዛኛው የሚመጡት አንዳንድ ጊዜ ፍላጎት ከሌላቸው የኮንፊሽያውያን ምሁራን ምርጫ የታዛቢ ጽሑፎች ነው። ፕሮፌሽናል የእጅ ባለሞያዎች (ጂያንግ 匠) ስለ ሥራቸው ዝርዝር መዝገቦችን አላስቀሩም። ብዙውን ጊዜ በሜካኒካል ምህንድስና ብዙም እውቀት ያልነበራቸው የሃን ምሁራን አንዳንድ ጊዜ በገለጿቸው የተለያዩ ቴክኖሎጂዎች ላይ በቂ መረጃ አይሰጡም። ቢሆንም፣ አንዳንድ የሃን ጽሑፋዊ ምንጮች ወሳኝ መረጃ ይሰጣሉ። ለምሳሌ፣ በ15 ዓክልበ. ፈላስፋ ያንግ ዢንግ ለቀዳማዊ ጨርቃጨርቅ ማምረቻ ትልቅ ጠቀሜታ የነበረውን የቀበቶ ድራይቭ ለክዊሊንግ ማሽን መፈጠሩን ገልጿል። የእጅ ጥበብ ባለሙያው ኢንጂነር ዲንግ ሁዋን (丁緩) ፈጠራዎች በምዕራባዊ ካፒታል ላይ በተለያዩ ማስታወሻዎች ውስጥ ተጠቅሰዋል። በ180 ዓ.ም አካባቢ ዲንግ በቤተ መንግስት ህንፃዎች ውስጥ ለአየር ማቀዝቀዣ የሚያገለግል በእጅ የሚሰራ ሮታሪ ፋን ፈጠረ። ዲንግ ለአንደኛው የእጣን ማቃጠያዎቹ ጂምባልልስን እንደ ዋነኛ ድጋፍ አድርጎ ይጠቀም ነበር እና በዓለም የመጀመሪያ ታዋቂ የሆነውን የዞትሮፕ መብራት ፈለሰፈ።,የኮንፊሽያውያን
ቾፒን ወደ በርሊን አብሮት የሄደው ሰው ለስራው ምን አደረገ?,በሴፕቴምበር 1828 ቾፒን ገና ተማሪ እያለ ከቤተሰብ ጓደኛው ፌሊክስ ጃሮኪ ጋር በመሆን በርሊንን ጎበኘ፣ በጋስፓሬ ስፖንቲኒ በተመራው ኦፔራ እየተዝናና እና በካርል ፍሬድሪክ ዜልተር፣ ፌሊክስ ሜንዴልስሶን እና ሌሎች ታዋቂ ሰዎች ኮንሰርቶች ላይ ተገኝቷል። እ.ኤ.አ. በ1829 ወደ በርሊን የመልስ ጉዞ ላይ፣ የፖዘን ግራንድ ዱቺ ገዥ የሆነውን ልዑል አንቶኒ ራድዚዊሽቭልል እንግዳ ነበር - እሱ ራሱ የተዋጣለት የሙዚቃ አቀናባሪ እና የታዋቂ ሴልስት። ለልዑሉ እና ለፒያኖ ሴት ልጁ ዋንዳ፣ የእሱን መግቢያ እና ፖሎናይዝ ብራይላንቴ በሲ ሜጀር ለሴሎ እና ፒያኖ፣ ኦፕ. 3.,ገና ተማሪ
ኢብኑ ሲና ያተኮረበት አንዱ ጉዳይ በምን ላይ ነው?,ኢብን ሲና ስለ መጀመሪያው ኢስላማዊ ፍልስፍና በተለይም ሎጂክ፣ ስነ-ምግባር እና ሜታፊዚክስ፣ ሎጂክ እና ሜታፊዚክስ የተሰየሙ ድርሰቶችን ጨምሮ በሰፊው ጽፏል። አብዛኛዎቹ ስራዎቹ የተፃፉት በአረብኛ - ከዚያም በመካከለኛው ምስራቅ የሳይንስ ቋንቋ - እና አንዳንዶቹ በፋርስኛ ነበር. የቋንቋ ጠቀሜታ እስከዛሬ ድረስ በንፁህ የፋርስ ቋንቋ (በተለይ በዴንማርክናማህ-ዪ 'አላ'፣ ፍልስፍና ለአላ' አድ-ዳውላ) የጻፏቸው ጥቂት መጽሃፎች አሉ። ኢብኑ ሲና ስለ አርስቶትል የሰጠው አስተያየት ብዙ ጊዜ ፈላስፋውን በመተቸት በኢጅቲሃድ መንፈስ ውስጥ ሕያው ክርክርን የሚያበረታታ ነበር።,ክርክርን
በከፍተኛ ጥራት አየር ላይ የዋለው የአሜሪካ አይዶል የመጀመሪያ ሙሉ ወቅት ምን ነበር?,"ሲዝን አራት በጥር 18 ቀን 2005 ታየ። ይህ ተከታታይ ሲዝን በከፍተኛ ጥራት የተለቀቀው የመጀመሪያው ሲዝን ነበር፣ ምንም እንኳን የውድድር ዘመን ሶስት ፍፃሜ በከፍተኛ ጥራት ታይቷል። የመጀመርያው የውድድር ዘመን ከነበረው 10,000 ጋር አሁን በምርመራው ላይ የተገኙት ሰዎች ቁጥር ከ100,000 በላይ ደርሷል። በዚህ የውድድር ዘመን የእድሜ ገደቡ ወደ 28 አድጓል፣ እና በዚህ አዲስ ህግ ተጠቃሚ ከሆኑት መካከል ሁለቱ የዝግጅቱ ሮክተሮች የሆኑት ቆስጠንጢኖስ ማሩሊስ እና ቦ ቢስ ይገኙበታል።",ሲዝን አራት
የBeiDou ስርዓት የተስተካከለ ትክክለኛነት ምንድነው?,እ.ኤ.አ. በ2007 ኦፊሴላዊው የሺንዋ የዜና ወኪል የቤይዱ ስርዓት መፍትሄ እስከ0.5 ሜትር ድረስ ዘግቧል ። አሁን ባሉት የተጠቃሚ ተርሚናሎች የተስተካከለ ትክክለኛነት 20ሜ (100ሜ፣ ያልተስተካከለ) ይመስላል።,20ሜ
የህንድ ሂንዱዎች ኡመያዎችን ያሸነፈው በምን ጦርነት ነው?,"እ.ኤ.አ. በ712 የኡመያ ጄኔራል መሐመድ ቢን ቃሲም ከፋርስ ባሕረ ሰላጤ በመርከብ በፓኪስታን ወደ ሲንድህ በመርከብ በሲንድ እና በፑንጃብ ያሉትን የኢንዱስ ወንዝ ዳርቻዎች ድል አደረገ። በዘመናዊቷ ፓኪስታን ውስጥ የሲንድ እና ፑንጃብ ድል ምንም እንኳን ውድ ቢሆንም ለኡመያ ኸሊፋ ትልቅ ጥቅም ነበር። ነገር ግን፣ በራጃስታን ጦርነት በህንድ ውስጥ ባሉ የሂንዱ መንግስታት ተጨማሪ ግኝቶች ቆመዋል። አረቦች ህንድን ለመውረር ሞክረው ነበር ነገር ግን በፕራቲሃራ ስርወ መንግስት ናጋባታታ በሰሜን ህንድ ንጉስ እና በደቡብ ህንድ ንጉሠ ነገሥት ቪክራማድቲያ II በቻሉክያ ሥርወ መንግሥት በ8 ኛው ክፍለ ዘመን መጀመሪያ ላይ ተሸነፉ ። ከዚህ በኋላ የአረብ ታሪክ ጸሐፊዎች ኸሊፋ ማህዲ ""የህንድን የትኛውንም ክፍል የመግዛት ፕሮጄክት ተወው"" ብለው አምነዋል።",በራጃስታን
ሁለቱ ምስራቃዊ ወንዞች የሚገናኙት በየትኛው የኒው ሄቨን ወደብ ነው?,ከተማዋ በሦስት ወንዞች ተጠርጓል; ከምዕራብ እስከምስራቅ በቅደም ተከተል የተሰየሙት ምዕራባዊ፣ ሚል እና ኩዊኒፒያክ። የምእራብ ወንዝ ወደ ዌስት ሄቨን ወደብ ይፈስሳል፣ ሚል እና ኩዊኒፒያክ ወንዞች ደግሞ ወደ ኒው ሄቨን ወደብ ይለቃሉ። ሁለቱም ወደቦች የሎንግ አይላንድ ሳውንድ ኢምባሲዎች ናቸው። በተጨማሪም፣ ዊንተርግሪን ብሩክን፣ የቢቨር ኩሬዎች መውጫን፣ ዊልሞት ብሩክን፣ ቤልደን ብሩክን፣ እና ፕሮስፔክሽን ክሪክን ጨምሮ በርካታ ትናንሽ ጅረቶች በከተማዋ ሰፈሮች ውስጥ ይፈስሳሉ። እነዚህ ሁሉ ትናንሽ ጅረቶች ዓመቱን ሙሉ የማያቋርጥ ፍሰት የላቸውም ማለት አይደለም።,ኒው ሄቨን ወደብ
መርከብ ወደ ጥቁር ባህር መላክ በየትኛው ስምምነት ወቅት የተደረጉትን ውሎች ጥሷል?,"ናፖሊዮን III የኃይል ትርኢት ምላሽ ሰጠ, የመስመር ሻርለማኝን መርከብ ወደ ጥቁር ባህር ላከ. ይህ ድርጊት የለንደን ስትሬት ኮንቬንሽን መጣስ ነበር።፡104፡19 ስለዚህ የፈረንሳይ ሃይል ትርኢት እውነተኛ ስጋት አቀረበእና ከአጥቂ ዲፕሎማሲ እና ገንዘብ ጋር ተዳምሮ የኦቶማን ሱልጣን አብዱልመሲድ 1ኛ ፈረንሳይን የሚያረጋግጥ አዲስ ስምምነት እንዲቀበል አደረገ። የሮማን ካቶሊክ ቤተ ክርስቲያን የበላይ የክርስቲያን ባለሥልጣን የሮማን ካቶሊክ ቅዱሳን ቦታዎችን በመቆጣጠር እና ቀደም ሲል በግሪክ ኦርቶዶክስ ቤተ ክርስቲያን የተያዘችውን የክርስቶስ ልደት ቤተክርስቲያን ቁልፍ ይዛለች።",የለንደን ስትሬት ኮንቬንሽን
በሶማሊያ የመጀመሪያው አይኤስፒ የተቋቋመው ስንት ዓመታት ነበር?,ሶማሊያ በ1999 የመጀመሪያውን አይኤስፒ አቋቋመች፣ ከአፍሪካ የመጨረሻዎቹ የበይነመረብ ግንኙነት ካላቸው ሀገራት አንዷ ነች። በቴሌኮሙኒኬሽን ግብአት ማመጣጠን ህግ መሰረት የኢንተርኔት ግንኙነት እድገት በከፍተኛ ሁኔታ አድጓል፣ እ.ኤ.አ. በ2009 ከጠቅላላው ህዝብ 53 በመቶው የተሸፈነ ነው። ሁለቱም የኢንተርኔት ንግድ እና ቴሌፎን በፍጥነት በማደግ ላይ ካሉ የሀገር ውስጥ ንግዶች መካከል ናቸው።,በ1999 የመጀመሪያውን አይኤስፒ
የቨርጂኒያ ግዛት ካፒቶል ከኮንፌዴሬሽን ሥራ አስፈፃሚ ምን ያህል ርቆ ነበር?,ከቨርጂኒያ እና ኮንፌዴሬሽን የመንግስት ቢሮዎች እና ሆስፒታሎች በተጨማሪ የባቡር ሀዲድ ማዕከል እና ከደቡብ ትልቁ የባሪያ ገበያዎች አንዱ ሪችመንድ በኮንፌዴሬሽኑ ውስጥ ትልቁ ፋብሪካ የነበረው ትሬዴጋር አይረን ስራዎች ሲሆን ይህም 723 ቶን ጨምሮ መድፍ እና ሌሎች ጥይቶችን አግኝቷል። በዓለም የመጀመሪያው በጦርነት ውስጥ ጥቅም ላይ የዋለውን በብረት የለበሰውን CSS ቨርጂኒያን እና እንዲሁም አብዛኛው የኮንፌዴሬሽን ከባድ መሳሪያ ማሽነሪዎችን የሚሸፍነው የጦር ትጥቅ ልኬት። የኮንፌዴሬሽን ኮንግረስ በቨርጂኒያ ግዛት ካፒቶል ከሚገኘው የቨርጂኒያ ጠቅላላ ጉባኤ ጋር፣ ከኮንፌዴሬሽኑ ስራ አስፈፃሚ ቤት፣ “የኮንፌዴሬሽን ዋይት ሀውስ” በሁለት ብሎኮች ርቀት ላይ ይገኛል። የሰባት ቀናት ጦርነቶች በሰኔ መጨረሻ እና በጁላይ 1862 መጀመሪያ ላይ ተከትለዋል፣ በዚህ ወቅት ዩኒየን ጄኔራል ማክሌላን ሪችመንድን ለመውሰድ ዛተ ነገር ግን በመጨረሻ አልተሳካም።,በሁለት ብሎኮች
ከ 1974 ጀምሮ ስቲቨን ስፒልበርግ ከየትኛው አቀናባሪ ጋር ተቆራኝቷል?,ስፒልበርግ ለሺንድለር ዝርዝር (1993) እና የግል ራያን ቁጠባ (1998) ምርጥ ዳይሬክተር አካዳሚ ሽልማት አሸንፏል። የሶስቱ የ Spielberg ፊልሞች—Jaws (1975)፣ ኢ.ቲ. ኤክስትራ-ቴሬስትሪያል (1982) እና ጁራሲክ ፓርክ (1993) -የተገኙ የቦክስ ኦፊስ ሪከርዶች፣ የብሎክበስተር ፊልሙን ለማሳየት መጡ። ያልተስተካከሉ የሁሉም ስፒልበርግ ዳይሬክቶሬት ፊልሞች በአለም ዙሪያ ከ9 ቢሊዮን ዶላር በላይ ብልጫ ያለው ሲሆን ይህም በታሪክ ከፍተኛ ገቢ ያስገኘ ዳይሬክተር አድርጎታል። የግል ሀብቱ ከ3 ቢሊዮን ዶላር በላይ እንደሚሆን ይገመታል። ከ1974 ጀምሮ ከአቀናባሪ ጆን ዊልያምስ ጋር ተቆራኝቷል፣ እሱም ሙዚቃን ያቀናበረው ለስፒልበርግ አምስት ገፅታ ፊልሞች።,ጆን ዊልያምስ
"አንድ ሰው በቼክ ""ሙዚቃ"" የሚለውን ቃል እንዴት ይላል?","ምንም እንኳን የቆዩ የጀርመን ብድሮች በቃል የሚነገሩ ቢሆኑም በቅርብ ጊዜ ከሌሎች ቋንቋዎች የተበደሩ ብድሮች ከከፍተኛ ባህል ጋር የተቆራኙ ናቸው። በአሥራ ዘጠነኛው ክፍለ ዘመን, የግሪክ እና የላቲን ሥሮች ጋር ቃላት አሮጌ የቼክ ቃላት እና የጋራ የስላቭ ሥሮች ላይ የተመሠረቱ ሰዎች ሞገስ ውድቅ ነበር; ""ሙዚቃ"" በፖላንድ ሙዚካ ሲሆን በሩሲያኛ ሙዚካ (ሙዚካ) ሲሆን በቼክ ግን ሁድባ ነው። አንዳንድ የቼክ ቃላቶች እንደ ብድር ቃላቶች ወደ እንግሊዘኛ እና ሌሎች ቋንቋዎች ተበድረዋል-ለምሳሌ ሮቦት (ከሮቦታ፣ ""ላቦር"") እና ፖልካ (ከፖልካ፣ ""ፖላንድኛ ሴት"" ወይም ""půlka"" ""ግማሽ"")።",ሁድባ
ከግሪክ ተወላጆች ውጭ የትኞቹ ቀለሞች ይቀመጣሉ?,"በ2012 የተደረገ ሌላ ጥናት ከአቴንስ ዩኒቨርሲቲ 150 የጥርስ ህክምና ትምህርት ቤት ተማሪዎችን ያካተተ ነው, ውጤቱ እንደሚያሳየው ቀላል የፀጉር ቀለም (ብሩን / ቀላል አመድ ቡኒ) በ10.7% ተማሪዎች ውስጥ. 36% የሚሆኑት መካከለኛ የፀጉር ቀለም (ቀላል ቡናማ/መካከለኛ ጥቁር ቡናማ) ነበራቸው። 32% በጣም ጥቁር ቡናማ እና 21% ጥቁር (15.3 ከጥቁር፣ 6% የእኩለ ሌሊት ጥቁር) ነበራቸው። በማጠቃለያው የወጣት ግሪኮች የፀጉር ቀለም ከብርሃን እስከጥቁር ቡናማ ድረስ በአብዛኛው ቡናማ ነው. ጥቁር እና ቢጫ ጸጉር ያላቸው ጉልህ አናሳዎች። ይኸው ጥናት እንዳመለከተው የተማሪዎቹ የአይን ቀለም 14.6% ሰማያዊ/አረንጓዴ፣ 28% መካከለኛ (ቀላል ቡናማ) እና 57.4% ጥቁር ቡናማ ነው።",ጥቁር እና ቢጫ ጸጉር ያላቸው ጉልህ አናሳዎች።
የአብስትራክት አልጀብራ ጽንሰ-ሀሳቦችን ለማቃለል ምን ሊተካ ይችላል?,"በአብስትራክት አልጀብራ፣ የበለጠ አጠቃላይ አወቃቀሮች የሚገለጹት ቡድንን የሚገልጹ አንዳንድ አክሲሞችን በማዝናናት ነው። ለምሳሌ, እያንዳንዱ ንጥረ ነገር ተገላቢጦሽ ያለው መስፈርት ከተወገደ, የተገኘው የአልጀብራ መዋቅር ሞኖይድ ይባላል. የተፈጥሮ ቁጥሮች N (0ን ጨምሮ) በመደመር አንድ ሞኖይድ ይመሰርታሉ፣ ልክ እንደ ዜሮ ያልሆኑ ኢንቲጀሮች በማባዛት (Z ∖ {0}፣ ·) ስር፣ ከላይ ይመልከቱ። (Q ∖ {0}, ·) ከ(Z ∖ {0}, ·) የተገኘ ሲሆን የግሮቴንዲክ ቡድን ተብሎ ከሚጠራው (Z ∖ {0}, ·) የተገኘ ተመሳሳይ በሆነ መንገድ ለማንኛውም (አቤሊያን) ሞኖይድ ላይ ተቃራኒዎችን በመደበኛነት ለመጨመር አጠቃላይ ዘዴ አለ። . ግሩፕዮይድስ ከቡድኖች ጋር ተመሳሳይነት አለው፣ ሀ እና b ለሁሉም ሀ እና ለ መገለጽ አያስፈልግም ካልሆነ በስተቀር። እነሱ ይበልጥ የተወሳሰቡ የሲሜትሪ ዓይነቶችን በማጥናት ላይ ይነሳሉ, ብዙውን ጊዜ በቶፖሎጂካል እና ትንተናዊ መዋቅሮች, እንደ መሰረታዊ ቡድንዮይድ ወይም ቁልል. በመጨረሻም፣ የሁለትዮሽ ክዋኔውን በዘፈቀደ n-ary one (ማለትም ኦፕሬሽን እየወሰደ n ነጋሪቶች) በመተካት ከእነዚህ ፅንሰ-ሀሳቦች ማናቸውንም ማጠቃለል ይቻላል። የቡድን axioms ትክክለኛ አጠቃላይነት ይህ የ n-ary ቡድን ይፈጥራል። ሠንጠረዡ ብዙ አወቃቀሮችን ዝርዝር ይሰጣል ቡድኖችን ጠቅለል ያለ።",የሁለትዮሽ ክዋኔውን
በጦጣዎች የእይታ ኮርቴክስ ውስጥ ያሉ ሴሎች ሹል ጠርዞች ሲንቀሳቀሱ ንቁ እንደሚሆኑ በተገኘ ግኝት የኖቤል ሽልማት ማን አሸነፈ?,"የመረጃ ማቀናበሪያ አቀራረብ ዋናው ነገር የአንጎል ተግባርን በመረጃ ፍሰት እና በአልጎሪዝም አተገባበር ለመረዳት መሞከር ነው. ቀደምት አስተዋፅዖ ካበረከቱት መካከል አንዱ በ1959 የወጣው የእንቁራሪት አይን ለእንቁራሪው አእምሮ የሚናገረው፡ ወረቀቱ በሬቲና እና የእንቁራሪት ኦፕቲክ ቴክተም የነርቭ ሴሎችን የእይታ ምላሾችን በመመርመር በቴክተም ውስጥ ያሉ አንዳንድ የነርቭ ሴሎች ወደሚል መደምደሚያ ላይ ደርሰዋል። እንቁራሪቱ የአንደኛ ደረጃ ምላሾችን እንደ ""ሳንካ አስተዋይ"" እንዲሰሩ በሚያደርጋቸው መንገድ በሽቦ ተያይዘዋል። ከጥቂት ዓመታት በኋላ ዴቪድ ሃብል እና ቶርስተን ዊሰል በጦጣዎች ዋና የእይታ ኮርቴክስ ውስጥ ሹል ጫፎች በእይታ መስክ ውስጥ ሲንቀሳቀሱ ንቁ የሚሆኑ ሴሎችን አግኝተዋል - ይህ ግኝት የኖቤል ሽልማት አሸናፊ ሆነዋል። በከፍተኛ ደረጃ የሚታዩ የእይታ ቦታዎች ላይ የተደረጉ ተከታታይ ጥናቶች የቢኖኩላር ልዩነትን፣ ቀለምን፣ እንቅስቃሴን እና የቅርጽ ገጽታዎችን የሚለዩ ህዋሶች ተገኝተዋል፣ ከዋናው የእይታ ኮርቴክስ ርቀቶች ላይ የሚገኙ አካባቢዎች ከጊዜ ወደ ጊዜ ውስብስብ ምላሾችን ያሳያሉ። ከዕይታ ጋር ያልተያያዙ ሌሎች የአንጎል አካባቢዎች ላይ የተደረጉ ምርመራዎች ብዙ አይነት ምላሽ ያላቸው ሴሎች፣ አንዳንዶቹ ከማስታወስ ጋር የተያያዙ፣ አንዳንዶቹ እንደ ጠፈር ካሉ ረቂቅ የእውቀት ዓይነቶች ጋር እንደሚዛመዱ አሳይተዋል።",ዴቪድ ሃብል እና ቶርስተን ዊሰል
የኢስቶኒያ ብሄረሰብ መጠን በ61 በመቶ የቀነሰው በምን ወቅት ነው?,እ.ኤ.አ. በ1945 እና 1989 መካከል የኢስቶኒያ ጎሳዎች ድርሻ በአሁኑ ጊዜ በተገለፀው የኢስቶኒያ ድንበሮች ውስጥ በሚኖረው ህዝብ ውስጥ ወደ 61% ዝቅ ብሏል ፣ ይህም በዋነኝነት የሶቪዬት መርሃ ግብር ከሩሲያ ፣ ዩክሬን እና ቤላሩስ የመጡ የከተማ ኢንዱስትሪ ሠራተኞችን የጅምላ ፍልሰትን በማስተዋወቅ እና እንዲሁም በጦርነቱ ወቅት በስደት እና በጆሴፍ ስታሊን የጅምላ ማፈናቀል እና ግድያ።[ማጣቀሻ] በ1989፣ ኢስቶኒያውያን ያልሆኑት ቁጥር በአምስት እጥፍ ገደማ አድጓል።,የኢስቶኒያ ድንበሮች ውስጥ በሚኖረው ህዝብ ውስጥ
ብዙ ኮሌጆችን ለማዋሃድ ከቀረበው ሀሳብ በስተጀርባ ያለው ምክንያት ምን ነበር?,እ.ኤ.አ. በ1907 አዲስ የተቋቋመው የትምህርት ቦርድ ለከፍተኛ ቴክኒካል ትምህርት ከፍተኛ አቅም እንደሚያስፈልግ እና የከተማ እና ጊልድስ ኮሌጅ ፣የማዕድን ሮያል ትምህርት ቤት እና የሮያል ሳይንስ ኮሌጅን ለማዋሃድ የቀረበው ሀሳብ ፀድቆ ፀድቋል ፣ይህም ኢምፔሪያል ኮሌጅ ፈጠረ። የሳይንስ እና ቴክኖሎጂ የለንደን ዩኒቨርሲቲ አካል ኮሌጅ። በኤድዋርድ VII የተሰጠ የኢምፔሪያል ሮያል ቻርተር በጁላይ 8 1907 በይፋ ተፈረመ። የኢምፔሪያል ኮሌጅ ዋናው ካምፓስ በደቡብ ኬንሲንግተን ከኢምፔሪያል ኢንስቲትዩት ህንፃዎች ጎን ተገንብቷል።,ለከፍተኛ ቴክኒካል ትምህርት ከፍተኛ አቅም እንደሚያስፈልግ እና
በሮማ ሪፐብሊክ የአልኮል ሱሰኝነት ምልክት ተደርጎ የሚወሰደው ምንድን ነው?,ወይን እንደ መሰረታዊ መጠጥ ተደርጎ ይወሰድ ነበር፣ በሁሉም ምግቦች እና አጋጣሚዎች በሁሉም ክፍሎች የሚበላ እና በጣም ርካሽ ነበር። ካቶ ሽማግሌው በአንድ ወቅት ለሠራተኛው ወይን ለመቆጠብ ምግቡን በግማሽ እንዲቆርጥ መክሯል። ወይን እና ማርን የሚያካትቱ ብዙ አይነት መጠጦች እንዲሁ ተበላ። በባዶ ሆድ መጠጣት በሮማውያን ዘንድ የሚታወቀው አካላዊ እና ሥነ ልቦናዊ ጉዳት ለአልኮል ሱሰኝነት ትክክለኛ ምልክት እንደሆነ ተደርጎ ይቆጠር ነበር። የአልኮል ሱሰኛ ስለመሆኑ ትክክለኛ ክስ የፖለቲካ ተቀናቃኞችን ለማጣጣል ውጤታማ መንገድ ነበር። ታዋቂ የሮማውያን የአልኮል ሱሰኞች ማርክ አንቶኒ እና የሲሴሮ ልጅ ማርከስ (ሲሴሮ ትንሹ) ይገኙበታል። ታናሹ ካቶ እንኳ በጣም ጠጪ እንደነበረ ይታወቅ ነበር።[ጥቅስ ያስፈልጋል],በባዶ ሆድ መጠጣት በሮማውያን
የብሪታንያ ጉዞ ወደ ቲቤት መቼ ነበር አገሪቱን የወረረው?,እ.ኤ.አ. በ1904 የብሪታንያ ጉዞ ወደ ቲቤት ፣ ሩሲያ የታላቁ ጨዋታ አካል በመሆን ስልጣኗን ወደ ቲቤት እያሰፋች ነው በሚል ፍራቻ በከፊል አነሳሳው ፣ ከ13 ኛው ዳላይ ላማ ጋር የሚደረገው ድርድር ከቻይና ተወካዮች የበለጠ ውጤታማ እንደሚሆን ተስፋ በማድረግ አገሪቱን ወረረች ። . በታኅሣሥ 12 ቀን 1903 በብሪቲሽ የሚመራው ወረራ ቲቤት ሲደርስ፣ ከቲቤት ጎሣዎች ጋር በትጥቅ ትግል የቹሚክ ሸንኮ እልቂት አስከትሏል፣ ይህም በቲቤት ኃይሎች መካከል 600 ሰዎች ሲሞቱ፣ በብሪታንያ በኩል 12 ብቻ ነበሩ። በ1904 ፍራንሲስ ያንግ ባል የላሳ ስምምነት ተብሎ የሚጠራውን ስምምነት ፈጠረ ፣ በኋላም ውድቅ የተደረገ እና በ1906 በብሪታንያ እና በቻይና መካከል በተፈረመው ስምምነት ተተካ ።,በ1904 ፍራንሲስ
የሚሊዮን ዶላር ደቂቃ እና የቤተሰብ ጠብ የት ነው የተመሰረተው?,የቴሌቭዥን ፕሮግራሞች የሚዘጋጁት በሜልበርን ነው፣ በተለይም ጎረቤቶች፣ ካት እና ኪም፣ አሸናፊዎች እና ተሸናፊዎች፣ ዘሮች፣ ከሆድ በታች፣ የቤት ባሎች፣ Wentworth እና Miss Fisher's Murder Mysteries፣ እንደ ፕሮጄክቱ፣ የውስጥ አዋቂ እና ኤቢሲ ዜና ቁርስ ካሉ ብሔራዊ ዜናዎች ጋር ተያይዘዋል። . ሜልቦርን የአውስትራሊያ የጨዋታ ማሳያ ዋና ከተማ በመባልም ይታወቃል። እንደ ሚሊዮን ዶላር ደቂቃ፣ ሚሊየነር ሙቅ መቀመጫ እና የቤተሰብ ግጭት ያሉ ምርቶች ሁሉም በሜልበርን ውስጥ የተመሰረቱ ናቸው። እንደ ከዋክብት ዳንስ፣ MasterChef፣ The Block እና The Real Housewives of Melbourne ያሉ የእውነታ የቴሌቭዥን ፕሮዳክሽኖች በሙሉ በሜልበርን እና አካባቢው ተቀርፀዋል።,ሜልቦርን
የቅዱስ አውግስጢኖስ ሥርዓት ምን ያምን ነበር?,"በጁላይ 1215 የቱሉዝ ጳጳስ ፎልከስ ተቀባይነት በማግኘቱ ዶሚኒክ ተከታዮቹን ወደ ተቋማዊ ህይወት አዘዘ። ዓላማው በካቶሊክ ቤተ ክርስቲያን እረኝነት አገልግሎት ውስጥ አብዮታዊ ነበር። እነዚህ ቀሳውስት የተደራጁ እና በሃይማኖታዊ ጥናቶች በደንብ የሰለጠኑ ነበሩ። ዶሚኒክ እነዚህን ክፍሎች ለማደራጀት ማዕቀፍ - ደንብ ያስፈልገዋል። የቅዱስ አውግስጢኖስ አገዛዝ ለዶሚኒካን ትእዛዝ ግልጽ ምርጫ ነበር፣ የዶሚኒክ ተከታይ፣ የሳክሶኒው ዮርዳኖስ፣ እራሱን ለ""በስብከት ነፍስ መዳን"" ስለሰጠ። በዚህ ምርጫ ግን የዶሚኒካን ወንድሞች ራሳቸውን መነኮሳት ሳይሆን ቀኖናዎችን መደበኛ አድርገው ሾሙ። በግለሰብ ድህነት ውስጥ እያሉ አገልግሎትን እና የጋራ ኑሮን ሊለማመዱ ይችላሉ።","ለ""በስብከት ነፍስ መዳን"""
CBC የዶክተር ማን አስተዋጾውን ያቆመው መቼ ነው?,እ.ኤ.አ. ከ2005 ጀምሮ፣ ሲቢሲ ለቢቢሲ ዌልስ የዶክተር ማን ሪቫይቫል የማምረቻ ፈንድ አበርክቷል፣ ለዚህም በእያንዳንዱ ክፍል መጨረሻ ልዩ ክሬዲት አግኝቷል። ይህ ዝግጅት በ2008 ስርጭቱ እስከአራተኛው የውድድር ዘመን መጨረሻ ድረስ ቀጠለ። ሲቢሲ በተመሳሳይ መልኩ ቶርችዉድ ለተባለው የማዞሪያ ተከታታይ የመጀመሪያ ወቅት አስተዋፅኦ አድርጓል። በቅርቡ፣ አውታረ መረቡ በተከታታይ የድራማ ተከታታዮች ጃኔት ኪንግ እና የፍቅር ቻይልድ እና ተከታታይ እባካችሁ ላይክ አድርጉኝን ጨምሮ የካናዳ መብቶችን ለአንዳንድ የአውስትራሊያ ተከታታዮች መውሰድ ጀምሯል።,የውድድር ዘመን መጨረሻ ድረስ ቀጠለ። ሲቢሲ
የጎርተን መንግሥት በቬትናም ውስጥ ወታደሮቹን መተካት ያቆመው በየትኛው ዓመት ነው?,"የጎርተን መንግሥት ለሥነ ጥበባት የሚሰጠውን ገንዘብ ጨምሯል፣ የአውስትራሊያን የሥነ ጥበብ ምክር ቤት፣ የአውስትራሊያ ፊልም ልማት ኮርፖሬሽን እና ብሔራዊ ፊልም እና ቴሌቪዥን ማሰልጠኛ ትምህርት ቤትን አቋቋመ። የጎርተን መንግስት ለወንዶች እና ለሴቶች እኩል ክፍያ እና የጡረታ አበል እና የትምህርት ስኮላርሺፕ መጨመር እንዲሁም ለ250,000 የሀገሪቱ ድሆች (ነገር ግን ሁለንተናዊ የጤና አገልግሎትን አይደለም) ነፃ የጤና አገልግሎትን የሚሰጥ ህግ አውጥቷል። የጎርተን መንግስት አውስትራሊያን በቬትናም ጦርነት ውስጥ አስቀምጦ ነበር ነገርግን በ1970 መጨረሻ ላይ ወታደሮቹን መተካት አቆመ።",በ1970 መጨረሻ
ከ szlachta የተወሰደው የትኛው የጀርመን ቃል ነው?,"የ 17 ኛው ክፍለ ዘመን ምሰሶዎች ""szlachta"" ከጀርመን ""schlachten"" (""ለማረድ"" ወይም ""ለስጋ"") እንደመጣ ገምተው ነበር; እንዲሁም ጀርመናዊው ""Schlacht"" (""ጦርነት"") ነው. ቀደምት የፖላንድ ታሪክ ጸሐፊዎች ይህ ቃል በፖላንድ እና በቼክ ጽሑፎች ውስጥ ከተጠቀሰው ከታዋቂው ፕሮቶ-ፖላንድ አለቃ ሌክ ስም የመጣ ሊሆን ይችላል ብለው አስበው ነበር።","""Schlacht"""
Immunoassays ምን ዓይነት ፕሮቲኖችን መለየት ይችላል?,"ውስብስብ ሴሮሎጂካል ቴክኒኮች Immunoassays በመባል የሚታወቁት ተዘጋጅተዋል። Immunoassays የኤሌክትሮ - መግነጢሳዊ ወይም ቅንጣቢ የጨረር ምልክትን ለማምረት እንደ መሠረት የሆነውን አንቲጂን-አንቲጅን ማሰሪያን ሊጠቀም ይችላል ፣ ይህም በአንዳንድ የመሳሪያ መሳሪያዎች ሊታወቅ ይችላል። የማናውቀው ምልክት የታለመውን አንቲጂን መጠን ለመለካት ከሚፈቅዱ ደረጃዎች ጋር ሊወዳደር ይችላል። የኢንፌክሽን በሽታዎችን ለይቶ ለማወቅ እንዲረዳ፣ የበሽታ መከላከያ ምርመራዎች አንቲጂኖችን ከተላላፊ ወኪሎች ወይም ለውጭ ወኪል ምላሽ ለመስጠት በበሽታው ከተያዙ ፕሮቲን የመነጩ አንቲጂኖችን መለየት ወይም መለካት ይችላሉ። ለምሳሌ, immunoassay A ከቫይረስ ቅንጣት የገጽታ ፕሮቲን መኖሩን ሊያውቅ ይችላል. Immunoassay B በበኩሉ በሰውነት በሽታ የመከላከል ስርዓት የሚመነጩ ፀረ እንግዳ አካላትን መለየት ወይም መለካት ቫይረሱን ለማጥፋት እና ለማጥፋት ያስችላል።",ለውጭ ወኪል ምላሽ ለመስጠት በበሽታው ከተያዙ ፕሮቲን የመነጩ
በኋለኞቹ ጨዋታዎች የሃርድዌር ማሻሻያው ምን ችግር አመጣ?,"ከውስጥ፣ በኮንሶል ውስጥ እና በእያንዳንዱ ካርቶን ውስጥ ያለው የክልል መቆለፊያ ቺፕ (ሲአይሲ) የPAL ክልል ጨዋታዎችን በጃፓን ወይም በሰሜን አሜሪካ መሥሪያ ቤቶች እና በተቃራኒው እንዳይጫወቱ ይከለክላል። የጃፓን እና የሰሜን አሜሪካ ማሽኖች ተመሳሳይ የክልል ቺፕ አላቸው. ይህ በተለምዶ አስማሚዎችን በመጠቀም ማሸነፍ ይቻላል፣ በተለይም ከውጪ የመጣውን ካርትሬጅ በአንድ ማስገቢያ እና ካርትሪጅ ከትክክለኛው የክልል ቺፕ ጋር በሁለተኛው ማስገቢያ ውስጥ በማስገባት። በአማራጭ የኮንሶል መቆለፊያ ቺፕ አንድ ፒን ማቋረጥ ኮንሶሉን ከመቆለፍ ይከላከላል; በኋለኞቹ ጨዋታዎች ውስጥ ያሉ ሃርድዌር ይህንን ሁኔታ ሊያውቅ ይችላል, ስለዚህ በኋላ እንደ አስፈላጊነቱ የመቆለፊያ ቺፑን እንደገና ለማገናኘት ማብሪያ / ማጥፊያ መጫን የተለመደ ሆነ.","ይከላከላል; በኋለኞቹ ጨዋታዎች ውስጥ ያሉ ሃርድዌር ይህንን ሁኔታ ሊያውቅ ይችላል, ስለዚህ በኋላ እንደ አስፈላጊነቱ የመቆለፊያ ቺፑን እንደገና ለማገናኘት ማብሪያ / ማጥፊያ መጫን የተለመደ"
የጌታዎች ኮሚሽነሮች ለእውቅና ሥነ ሥርዓት ምን ይለብሳሉ?,በኮሚሽን ፈቃድ ሲሰጥ፣ ሉዓላዊው ሶስት ወይም ከዚያ በላይ (በተለምዶ አምስት) ጌቶች የግል አማካሪዎች በስሙ ወይም በእሷ ስም ፍቃድ እንዲሰጡ ፈቀደ። የጌቶች ኮሚሽነሮች፣ የንጉሱ ተወካዮች እንደሚታወቁት፣ ቀይ የፓርላማ ልብስ ለብሰው በዙፋኑ እና በሱፍ ሳክ መካከል ባለው አግዳሚ ወንበር ላይ ተቀምጠዋል። የጌቶች ንባብ ፀሐፊ ኮሚሽኑን ጮክ ብሎ ያነባል; ከፍተኛ ኮሚሽነሩ በመቀጠል “ጌቶቼ፣ የግርማዊነቷን ትእዛዛት በማክበር እና አሁን በተነበበው ኮሚሽኑ አማካኝነት፣ በፓርላማ ውስጥ የተሰበሰቡትን መንፈሳዊ እና ጊዜያዊ እና የጋራ ምክር ቤቶች እናሳውቃችኋለን። ግርማ ሞገስ በኮሚሽኑ ውስጥ ለተጠቀሱት በርካታ ተግባራት ንጉሣዊ ፈቃድ ሰጥቷታል።,ቀይ የፓርላማ ልብስ
ቡድሂዝም የአስተምህሮ ጥናቶችን ያበረታታል ወይም ያበረታታል?,"የቡድሂስት ሊቃውንት በርካታ ምሁራዊ ንድፈ ሐሳቦችን፣ ፍልስፍናዎችን እና የዓለምን እይታ ፅንሰ-ሀሳቦችን አፍርተዋል (ለምሳሌ አቢሀድሃርማ፣ የቡድሂስት ፍልስፍና እና በቡዲዝም ውስጥ እውነታን ይመልከቱ)። አንዳንድ የቡድሂዝም ትምህርት ቤቶች የአስተምህሮ ጥናትን ያበረታታሉ, እና አንዳንዶች እንደ አስፈላጊ ልምምድ አድርገው ይመለከቱታል.","ይመልከቱ)። አንዳንድ የቡድሂዝም ትምህርት ቤቶች የአስተምህሮ ጥናትን ያበረታታሉ, እና አንዳንዶች እንደ አስፈላጊ ልምምድ አድርገው"
"በአቪሴና ክርክር ውስጥ, ነፍስ ያለ ምን ነው?",የአቪሴና ውርስ በክላሲካል ሳይኮሎጂ በዋነኛነት በኪታብ አል-ናፍስ ኪታብ አል-ሺፋ (የፈውስ መጽሐፍ) እና ኪታብ አል-ናጃት (የመዳን መጽሐፍ) ክፍሎች ውስጥ ተካትቷል። እነዚህም በላቲን ደ አኒማ በሚል ርዕስ ይታወቁ ነበር። ነፍስ ያለ መጠናዊ ማራዘሚያ ናት የሚል ክርክር፣ እሱም ከዴካርትስ ኮጊቶ ክርክር (ወይንም ፍኖሜኖሎጂ የ‹‹ኢፖቼ› ዓይነት አድርጎ የሚሰየመው) ጋር ግንኙነት አለው።,ማራዘሚያ ናት
በጳውሎስ 6ኛ የጵጵስና ዘመን በካቶሊኮች መካከል የተፈጠረው አለመግባባት በምን ምክንያት ሊገለጽ ይችላል?,ጳውሎስ ስድስተኛ ከእሱ በፊት ከነበሩት መሪዎች እና ተተኪዎች በተቃራኒ ተቃዋሚዎቹን ለማስወጣት ፈቃደኛ አልሆነም. ሌላ አመለካከት ያላቸውን ግን መክሯል ነገር ግን አልቀጣቸውም። እሱ ያሳደገው አዲሱ የስነ-መለኮት ነፃነቶች በአማኞች መካከል ብዙ አስተያየቶችን እና ጥርጣሬዎችን አስከትሏል። አዳዲስ ጥያቄዎች በጉባኤው ላይ የተከለከሉ ነበሩ፣ የተፋቱ ካቶሊኮች ወደ ነበሩበት መመለስ፣ የኑዛዜ ቁርባን ባህሪ እና የሴቶች ሚና በቤተክርስቲያኑ እና በአገልግሎቶቿ ውስጥ። ወግ አጥባቂዎች “ሴቶች ቄስ መሆን ይፈልጋሉ፣ ቄሶች ማግባት ይፈልጋሉ፣ ጳጳሳት የክልል ሊቃነ ጳጳሳት ሆኑ እና የሃይማኖት ሊቃውንት ፍፁም የማስተማር ባለስልጣን ሆኑ። ፕሮቴስታንቶች እኩልነትን ይጠይቃሉ፣ ግብረ ሰዶማውያን እና የተፋቱ ሰዎች ሙሉ በሙሉ ተቀባይነት እንዲኖራቸው ጠይቀዋል። እንደ የስርዓተ ቅዳሴ ለውጥ፣ የቅዳሴ ተራ ለውጥ፣ የሥርዓተ ቅዳሴ ካላንደር ለውጥ በmotu proprio Mysterii Paschalis እና የማደሪያው ድንኳን ወደ ሌላ ቦታ መቀየሩ በአንዳንድ ካቶሊኮች ዘንድ አከራካሪ ነበር።,የስነ-መለኮት ነፃነቶች
በናንጂንግ ውስጥ ያለው የእግር ኳስ ክለብ ስም ማን ይባላል?,እንደ ዋና የቻይና ከተማ ናንጂንግ የበርካታ ፕሮፌሽናል የስፖርት ቡድኖች መኖሪያ ነች። በአሁኑ ጊዜ በቻይና ሱፐር ሊግ የሚቆየው ጂያንግሱ ሴንትይ የናንጂንግ ኦሊምፒክ ስፖርት ማእከል የረጅም ጊዜ ተከራይ ነው። የጂያንግሱ ናንጋንግ የቅርጫት ኳስ ክለብ በቻይና ከፍተኛ ሊግ ሲቢኤ ውስጥ ለዋንጫ ከሚታገሉት ዋና ዋና ክለቦች መካከል አንዱ የሆነ ተፎካካሪ ቡድን ነው። የጂያንግሱ ቮሊቦል ወንዶች እና ሴቶች ቡድኖች በቻይና ቮሊቦል ሊግ እንደ ከፍተኛ ደረጃ ይቆጠራሉ።,የሚቆየው ጂያንግሱ ሴንትይ
በኮርክ ውስጥ የሙያ ስልጠና የሚሰጠው ማነው?,የአየርላንድ ናሽናል ማሪታይም ኮሌጅ ኮርክ ውስጥ የሚገኝ ሲሆን በአየርላንድ ውስጥ የባህር ጥናት እና የባህር ምህንድስና የሚካሄድበት ብቸኛው ኮሌጅ ነው። CIT እንዲሁም የኮርክ ሙዚቃ ትምህርት ቤት እና ክራውፎርድ የአርት እና ዲዛይን ኮሌጅ እንደ አካል ትምህርት ቤቶች ያካትታል። የኮርክ ንግድ ኮሌጅ በአየርላንድ ውስጥ ትልቁ የድህረ-መውጣት ሰርተፍኬት ኮሌጅ ሲሆን በሀገሪቱ ውስጥም ትልቁ የሙያ ዝግጅት እና ስልጠና ኮርሶች አቅራቢ ነው። ሌሎች ኮሌጆች.,የኮርክ ንግድ ኮሌጅ
አዲስ መለያ ያለው ተጠቃሚ ቪዲዮ ሲለጥፍ የሚፈቀደው ከፍተኛ ርዝመት ስንት ነው?,ሁሉም የዩቲዩብ ተጠቃሚዎች እያንዳንዳቸው እስከ15 ደቂቃ የሚደርስ ቪዲዮ መስቀል ይችላሉ። የገጹን የማህበረሰብ መመሪያዎች በማክበር ጥሩ ልምድ ያላቸው ተጠቃሚዎች እስከ12 ሰአታት የሚረዝሙ ቪዲዮዎችን የመስቀል ችሎታ ሊሰጣቸው ይችላል ይህም መለያውን በተለምዶ በሞባይል ስልክ ማረጋገጥ ያስፈልገዋል። ዩቲዩብ እ.ኤ.አ. በጁላይ 2010 የ10 ደቂቃ ገደቡ ወደ 15 ደቂቃ ጨምሯል። ወቅታዊ የአሳሽ ስሪት ጥቅም ላይ ከዋለ ከ20 ጂቢ በላይ የሆኑ ቪዲዮዎችን መጫን ይቻላል።,15 ደቂቃ
የሲንሲናቲ ቀይ ስቶኪንግስ ምን ቡድን ሆነ?,"ሜጀር ሊግ ቤዝቦል በተለይ በቀይ ቡድኖች የታወቀ ነው። የሲንሲናቲ ቀይ ስቶኪንግስ ከ1869 ጀምሮ የቆየው የፕሮፌሽናል ቤዝቦል ቡድን ነው። ፍራንቺስ ብዙም ሳይቆይ ወደ ቦስተን ተዛወረ እና አሁን የአትላንታ Braves ሆኗል፣ ነገር ግን ስሙ ለሁለቱም የሲንሲናቲ ሬድስ እና የቦስተን ሬድ ሶክስ መነሻ ሆኖ ተርፏል። እ.ኤ.አ. በ1950ዎቹ ቀይ ከኮሚኒዝም ጋር በጥብቅ የተቆራኘ ሲሆን የዘመናዊው የሲንሲናቲ ቡድን “ሬድሌግስ” በመባል ይታወቅ ነበር እና ቃሉ በቤዝቦል ካርዶች ላይ ጥቅም ላይ ውሏል። ቀይ ፍራቻው ከጠፋ በኋላ ቡድኑ እንደገና ""ቀይ"" በመባል ይታወቃል. የአናሄም የሎስ አንጀለስ መላእክትም በቀይ ቀለማቸው ይታወቃሉ፣ እንደ ሴንት ሉዊስ ካርዲናልስ፣ አሪዞና ዳይመንድባክ እና ፊላዴልፊያ ፊሊስ።",የአትላንታ Braves
የምዕራባውያን ምሁራን ማህበረሰቦችን በሚተነትኑበት ጊዜ ምን ዓይነት የእሴት ስርዓት ይጠቀማሉ?,በምዕራባውያን የተማሩ ሊቃውንት አዳኝ ሰብሳቢዎችን ማኅበራዊ እና ጾታዊ ዝግጅቶችን ከምዕራባውያን እሴቶች አንጻር በማየት ወጥመድ ውስጥ መውደቅ ቀላል ነው። ወንዶች በትልቅ ጨዋታ አደን ላይ ሲያተኩሩ። ይህ ዝግጅት ሴቶችን በቤት ውስጥ እንዲቆዩ በማድረግ እንደሚጨቁን መገመት ይቻላል. ይሁን እንጂ አንዳንድ ተመልካቾች እንደሚሉት አዳኝ ሴቶች ይህንን ትርጓሜ አይረዱም. የሕጻናት እንክብካቤ የጋራ ስለሆነ፣ እያንዳንዱ ህጻን ብዙ እናቶች እና ወንድ ተንከባካቢዎች ያሉት በመሆኑ፣ የቤት ውስጥ ሉል የተዘበራረቀ ወይም ወደ ግል የተዛወረ ሳይሆን ኃይል የሚሰጥበት ቦታ ነው። ወንዶች. ምሳሌያዊ ዘገባ የሜጋን ቢሴሌ የደቡባዊ አፍሪካ ጁ/'ሆአን 'ሴቶች እንደ ስጋ' ጥናት ነው። የቅርብ ጊዜ የአርኪዮሎጂ ጥናት እንደሚያመለክተው የጾታ የሥራ ክፍፍል ቅድመ አያቶቻችን ከአፍሪካ እንዲሰደዱ እና በዓለም ዙሪያ እንዲስፋፋ ለሆሞ ሳፒየንስ በኒያንደርታልስ ዳርቻ ላይ እንዲሰፍን ያስቻለው መሠረታዊ ድርጅታዊ ፈጠራ ነው።,ከምዕራባውያን እሴቶች
ከአዎንታዊነት እና ከተግባራዊነት ጋር፣ የርዕዮተ ዓለምን ሜታፊዚካል አመለካከቶች ውድቅ ያደረገው የትኛው ፍልስፍና ነው ፣ ግን በእሱ ላይ ተጽዕኖ ያሳደረው?,ከአማኑኤል ካንት ጀምሮ እንደ ጂ ደብሊው ኤፍ ሄግል፣ ጆሃን ጎትሊብ ፊችቴ፣ ፍሬድሪክ ዊልሄልም ጆሴፍ ሼሊንግ እና አርተር ሾፐንሃወር ያሉ ጀርመናዊ አስተሳሰብ አራማጆች የ19ኛው ክፍለ ዘመን ፍልስፍናን ተቆጣጠሩ። የሁሉንም ክስተቶች አእምሯዊ ወይም “ተስማሚ” ባህሪ የሚያጎላ ይህ ወግ ከብሪቲሽ ሃሳባዊነት እስከፍኖሜናሊዝም እስከነባራዊነት ድረስ ያሉ ሃሳባዊ እና ተገዥ ትምህርት ቤቶችን ወለደ። የዚህ የርዕዮተ ዓለም ቅርንጫፍ ታሪካዊ ተጽእኖ እንደ ማርክሲዝም፣ ፕራግማቲዝም እና አወንታዊ አስተሳሰብ ያሉትን ሜታፊዚካል ግምቶቹን ውድቅ ላደረጉ ትምህርት ቤቶችም ማዕከላዊ ሆኖ ይቆያል።,ማርክሲዝም፣
በከፍተኛ ውጤታቸው ምክንያት የ LED መብራቶች የት በጣም ጠቃሚ ናቸው?,ኤልኢዲዎች ረጅም ዕድሜ ስላላቸው፣ ፈጣን የመቀያየር ጊዜያቸው እና በጠራራ ፀሀይ የመታየት ችሎታቸው ከፍተኛ ውጤት እና ትኩረት ስለነበራቸው፣ ኤልኢዲዎች ለመኪኖች ከፍተኛ ብሬክ መብራቶች፣ ትራኮች እና አውቶቡሶች እና በፍሬን መብራቶች ውስጥ ጥቅም ላይ ውለዋል። የመታጠፊያ ምልክቶችን ለተወሰነ ጊዜ፣ ነገር ግን ብዙ ተሽከርካሪዎች አሁን ኤልኢዲዎችን ለኋላ የብርሃን ስብስቦች ይጠቀማሉ። ሙሉ በሙሉ ለማብራት በሚያስፈልገው ጊዜ በከፍተኛ መጠን በመቀነሱ ወይም በፍጥነት በሚነሳበት ጊዜ፣ ከብርሃን አምፑል እስከ0.5 ሰከንድ በፍጥነት [ጥቅስ ያስፈልጋል] በፍሬን ውስጥ መጠቀም ደህንነትን ያሻሽላል። ይህ ለአሽከርካሪዎች ምላሽ ለመስጠት ተጨማሪ ጊዜ ይሰጣል። ባለሁለት ኢንቴንሲቲቲ ሰርክዩር (የኋላ ማርከር እና ብሬክስ) ኤልኢዲዎች በበቂ ፍጥነት ድግግሞሹ ካልተመታ፣ ዓይኖቹ በፍጥነት ድርድር ላይ ከተቃኙ የ LED የሙት ምስሎች የሚታዩበት የፋንተም ድርድር መፍጠር ይችላሉ። ነጭ የ LED የፊት መብራቶች ጥቅም ላይ መዋል ጀምረዋል. ኤልኢዲዎችን መጠቀም የቅጥ አሰራር ጠቀሜታዎች አሉት ምክንያቱም ኤልኢዲዎች ከፓራቦሊክ አንጸባራቂዎች የበለጠ ቀጫጭን መብራቶችን መፍጠር ይችላሉ።,ብሬክ መብራቶች፣ ትራኮች
Wanamaker Mile ምን አመታዊ የስፖርት ውድድር ያሳያል?,"ዓመታዊው የዩናይትድ ስቴትስ ኦፕን ቴኒስ ሻምፒዮና ከዓለም አራት የግራንድ ስላም የቴኒስ ውድድሮች አንዱ ሲሆን በኩዊንስ ፍሉሺንግ ሜዳ-ኮሮና ፓርክ በብሔራዊ ቴኒስ ማእከል ይካሄዳል። የኒውዮርክ ማራቶን ከአለም ትልቁ ሲሆን እ.ኤ.አ. በ2004-2006 በማራቶን 37,866 አሸናፊዎችን ጨምሮ በማራቶን ቀዳሚ ሶስት ደረጃዎችን ይዟል። ክስተት Wanamaker ማይል ነው. ቦክስ እንዲሁ የከተማዋ የስፖርት ትዕይንት ዋነኛ አካል ነው፣ እንደ አማተር ቦክስ ወርቃማ ጓንቶች ያሉ ዝግጅቶች በማዲሰን ስኩዌር ጋርደን በየዓመቱ ይካሄዳሉ። ከተማዋ የቤልሞንት ስቴክስ አስተናጋጅ ተደርጋ ትቆጠራለች፣ የመጨረሻው፣ ረጅሙ እና አንጋፋው የፈረስ እሽቅድምድም የሶስትዮሽ ዘውድ ውድድር ከከተማዋ ድንበር በላይ በሰኔ የመጀመሪያ ወይም ሁለተኛ እሁድ በቤልሞንት ፓርክ ተካሂዷል። ከተማዋ የ1932ቱን የዩኤስ ክፍት የጎልፍ ውድድር እና የ1930 እና 1939 PGA ሻምፒዮናዎችን አስተናግዳለች፣ እና ለሁለቱም ዝግጅቶች ብዙ ጊዜ ከተማ ሆና ቆይታለች፣ በተለይም በአቅራቢያው ላሉ ዊንጅድ ፉት ጎልፍ ክለብ።",PGA ሻምፒዮናዎችን
ቻይና በአውሮፓ ጋሊሊዮ አቀማመጥ ስርዓት ፕሮጀክት ላይ ምን ያህል ኢንቨስት ልታደርግ ነበር?,"በሴፕቴምበር 2003 ቻይና የአውሮፓ ጋሊልዮ አቀማመጥ ስርዓት ፕሮጀክትን ለመቀላቀል አስቦ 230 ሚሊዮን ዩሮ (USD296 ሚሊዮን GBP160 ሚሊዮን) በጋሊልዮ በሚቀጥሉት ጥቂት ዓመታት ውስጥ ኢንቨስት ማድረግ ነበረባት። በዚያን ጊዜ የቻይና ""ቤይዱ"" የአሰሳ ስርዓት በዛን ጊዜ በጦር ኃይሎች ብቻ ጥቅም ላይ እንደሚውል ይታመን ነበር. እ.ኤ.አ. በጥቅምት 2004 ቻይና በጋሊሊዮ ፕሮግራም ትብብር ላይ ስምምነትን በ""ጋሊሊዮ የጋራ ስምምነት"" (ጂጁ) እና ""የቻይና ብሔራዊ የርቀት ዳሳሽ ማዕከል"" (NRSCC) መካከል በመፈረም የጋሊልዮ ፕሮጀክትን በይፋ ተቀላቀለች ። በጋሊልዮ ፕሮግራም ላይ በሲኖ-አውሮፓ የትብብር ስምምነት ላይ በመመስረት ቻይና በጋሊልዮ ፕሮግራሞች ውስጥ ዋና ሥራ ተቋራጭ የሆነው ቻይና ጋሊልዮ ኢንዱስትሪዎች (ሲጂአይ) በታህሳስ 2004 ተመሠረተ። በሚያዝያ 2006 በጋሊሊዮ ማዕቀፍ ውስጥ አሥራ አንድ የትብብር ፕሮጀክቶች ተፈራርመዋል። በቻይና እና በአውሮፓ ህብረት መካከል. ሆኖም በሆንግ ኮንግ የሚገኘው ደቡብ ቻይና ሞርኒንግ ፖስት በጃንዋሪ 2008 ቻይና በጋሊልዮ ፕሮጀክት ውስጥ ባላት ሚና እንዳልረካ እና ከጋሊልዮ ጋር በእስያ ገበያ ልትወዳደር እንደሆነ ዘግቧል።",ሚሊዮን ዩሮ (USD296 ሚሊዮን GBP160 ሚሊዮን) በጋሊልዮ በሚቀጥሉት
ካሽጋርን ለመቆጣጠር እንዲረዳ የተጠየቀው የትኛው ግዛት ነው?,ባን ቻኦ (እ.ኤ.አ. 102) ካሽጋርን እና አጋሯን ሶግዲያናን ለማሸነፍ የዘመናዊውን ህንድ፣ ፓኪስታን፣ አፍጋኒስታን እና ታጂኪስታንን በመያዝ የኩሻን ኢምፓየር እርዳታ ጠየቀ። በ90 ዓ.ም የኩሻን ገዥ ቪማ ካድፊሴስ (ከ90-100 ዓ.ም.) ከሀን ጋር ለመጋባት ያቀረበው ጥያቄ ውድቅ ሲደረግ፣ ባን ቻኦን ለማጥቃት ወታደሮቹን ወደ ዋካን (አፍጋኒስታን) ላከ። ግጭቱ የተጠናቀቀው ኩሻኖች በአቅርቦት እጥረት ምክንያት ለቀው ወጡ። እ.ኤ.አ. በ91 ዓ.ም የምዕራባውያን ክልሎች ጠባቂ ጄኔራል ቢሮ ለባን ቻኦ ሲሰጥ ወደነበረበት ተመልሷል።,የኩሻን
ከቀዝቃዛ የአየር ጠባይ ላሉ ውሾች የበለጠ የተለመደው ኮት ምንድነው?,የአገር ውስጥ ውሾች ቀሚስ ሁለት ዓይነት ነው፡- “ድርብ” ከቀዝቃዛ የአየር ጠባይ ከሚመነጩ ውሾች (እንዲሁም ተኩላዎች)፣ ከጠባብ ጥበቃ ፀጉር እና ለስላሳ ፀጉር፣ ወይም “ነጠላ”፣ ከላይ ኮት ብቻ .,ከጠባብ
ወደ ማርስያስ ወንዝ የተለወጠው ምንድን ነው?,እያንዳንዳቸው ካከናወኑ በኋላ፣ አፖሎ በአንድ ጊዜ እንዲጫወቱ እና እንዲዘፍኑ እስኪወስን ድረስ ሁለቱም እኩል ተደርገው ይወሰዳሉ። አፖሎ መዝሙሩን ሲጫወት ይህን ማድረግ ቀላል ነበር። ማርስያስ ዋሽንትን እንዴት እንደሚጠቀም ብቻ ስለሚያውቅ እና በተመሳሳይ ጊዜ መዘመር ስለማይችል ይህን ማድረግ አልቻለም. በዚህ ምክንያት አፖሎ አሸናፊ ተባለ። አፖሎ ማርስያስን አምላክ ለመገዳደር በፍርግያ በሴላናኤ አቅራቢያ በሚገኝ ዋሻ ​​ውስጥ በሕይወት ለብሶ ለብሷል። ከዚያም የማርሲያስን ሻጊ ቆዳ በአቅራቢያው በሚገኝ የጥድ ዛፍ ላይ ቸነከረ። የማርሲያስ ደም ወደ ማርስያስ ወንዝ ተለወጠ።,የማርሲያስ ደም
በክፍል ሙቀት ዕቃዎች ፣ በማይክሮሜትሮች ውስጥ የተለመደው የጨረር መጠን ምን ያህል ነው?,የኢንፍራሬድ ጨረሮች በሰፊው የሚታወቁት “የሙቀት ጨረር” [ጥቅስ] ነው፣ ነገር ግን የብርሃን እና የኤሌክትሮማግኔቲክ ሞገዶች የየትኛውም ድግግሞሹን ያሞቁታል። ከፀሐይ የሚመጣው የኢንፍራሬድ ብርሃን ከምድር ሙቀት 49 በመቶውን ይይዛል። የሚታየው ብርሃን ወይም አልትራቫዮሌት-አመንጪ ሌዘር ወረቀትን ማመንጨት እና ትኩስ ትኩስ ነገሮች የሚታይ ጨረር ሊያመነጩ ይችላሉ። በክፍል ሙቀት ውስጥ ያሉ ነገሮች በአብዛኛው ከ8 እስከ25 μm ባንድ ላይ ያተኮረ ጨረራ ያመነጫሉ፣ ነገር ግን ይህ በብርሃን በሚታዩ ነገሮች እና በአልትራቫዮሌት ከሚለቀቁት የብርሃን ልቀቶች የተለየ አይደለም (የጥቁር አካል እና የዊን መፈናቀል ህግን ይመልከቱ)።,ከ8 እስከ25
ቫለንሲያን የክልሉ ዋና ከተማ ያደረገው የትኛው ህግ ነው?,ኢኮኖሚው ማገገም የጀመረው በ1960ዎቹ መጀመሪያ ላይ ሲሆን ከተማዋ በዋና ዋና የከተማ ፕሮጀክቶች ትግበራ እና የመሰረተ ልማት ማሻሻያ ስራዎች በተፈጠሩት የኢሚግሬሽን የህዝብ ብዛት እድገት አስመዝግባለች። በስፔን ዲሞክራሲ በመጣበት ወቅት፣ ጥንታዊው የቫሌንሲያ መንግሥት እንደ አዲስ ራሱን የቻለ አካል፣ የቫሌንሺያ ማህበረሰብ፣ የ1982 የራስ ገዝ አስተዳደር ድንጋጌ ቫለንሲያን ዋና ከተማ አድርጎ ሰይሟል። እ.ኤ.አ. የካቲት 23 ቀን 1981 ምሽት ፣ አንቶኒዮ ቴጄሮ ኮንግረስን ከወረረ በኋላ ፣ የሶስተኛው ወታደራዊ ክልል ካፒቴን ጄኔራል ጄይሚ ሚላን ዴል ቦሽ በቫሌንሲያ ተነሳ ፣ ታንኮችን በጎዳና ላይ በማስቀመጥ ፣ የአስቸኳይ ጊዜ አዋጅ በማወጅ እና ለማሳመን ሞክሯል ። መፈንቅለ መንግስቱን የሚደግፉ ሌሎች ከፍተኛ የጦር ሃይሎች። የንጉሥ ጁዋን ካርሎስ ቀዳማዊ የቴሌቭዥን መልእክት ካስተላለፋቸው በኋላ በጦር ኃይሉ ውስጥ ያሉት ወታደሮች ለመንግሥት ታማኝ ሆነው ለመቀጠል ወሰኑ እና መፈንቅለ መንግሥቱ ከሽፏል። ይህ የድጋፍ እጦት ቢኖርም ሚላን ዴል ቦሽ በማግስቱ የካቲት 24 ቀን 5፡00 ላይ ብቻ እጅ ሰጠ።,የራስ ገዝ አስተዳደር
በ446 ዓ.ዓ. ምን የሮማውያን ጦርነት ተካሄደ?,የመጀመሪያዎቹ የሮማውያን ሪፐብሊካኖች ጦርነቶች የሁለቱም የመስፋፋት እና የመከላከያ ጦርነቶች ሲሆኑ ሮም እራሷን ከአጎራባች ከተሞችና ብሔራት ለመጠበቅ እና ግዛቷን በክልሉ ውስጥ ለማቋቋም የታለሙ ጦርነቶች ነበሩ። መጀመሪያ ላይ፣ የሮም የቅርብ ጎረቤቶች ወይ የላቲን ከተሞች እና መንደሮች፣ አለዚያም የጎሳ ሳቢኖች ከአፔኒን ኮረብቶች ማዶ ነበሩ። ሮም በኤትሩስካን ቁጥጥር ስር ያሉትንም ሆነ የኢትሩስካን ገዥዎቻቸውን የጣሉትን ጽኑዎቹን ሳቢኖች እና የአካባቢውን ከተሞች አንድ በአንድ አሸንፋለች። ሮም በ496 ዓክልበሬጊለስ ሃይቅ ጦርነት፣ የሞንስ አልጊደስ ጦርነት በ458 ዓክልበ፣ በ446 ዓክልበየኮርቢዮን ጦርነት፣ የአሪሺያ ጦርነት እና በተለይም የክሬሜራ ጦርነትን በ477 ዓክልበ. በጣም አስፈላጊው የኢትሩስካን ከተማ Veii.,አልጊደስ ጦርነት
የመጀመርያው ዘመናዊ ዘመን ማጠናቀቂያ ላይ በዩኒቨርሲቲዎች ውስጥ ያለው ለውጥ ምን አካል መመስረት ነው ተብሎ ይታሰባል?,"በዘመነ መጀመርያው ዘመን መገባደጃ ላይ፣ የከፍተኛ ትምህርት አወቃቀሩ እና አቅጣጫው ለዘመናዊው ዐውደ-ጽሑፍ በሚታወቁ መንገዶች ተለውጧል። አርስቶትል ከአሁን በኋላ ለዩኒቨርሲቲዎች የስነ-ትምህርታዊ እና ዘዴያዊ ትኩረት የሚሰጥ ሃይል አልነበረም እና የበለጠ መካኒካዊ አቅጣጫ እየታየ ነበር። የሥነ መለኮት ዕውቀት ተዋረዳዊ ቦታ በአብዛኛው ተፈናቅሏል እና ሰብአዊነት መጫዎቻ ሆኗል, እና ለዘመናዊው መንግስት ምስረታ አስፈላጊ የሆኑትን የእውቀት ግንባታ እና ማሰራጨት ላይ አዲስ ግልጽነት መያዝ ጀመረ.",መጀመርያው ዘመን
በመጨረሻ ክሱ ለምን ውድቅ ተደረገ?,"በሜይ 2015፣ ከ60 በላይ የእስያ-አሜሪካውያን ድርጅቶች ጥምረት በሃርቫርድ ዩኒቨርሲቲ ላይ የፌዴራል ቅሬታዎችን ለትምህርት እና ፍትህ ክፍሎች አቅርበዋል። ጥምረቱ እንደ ሃርቫርድ የእስያ-አሜሪካዊ አመልካቾችን አድሎአዊ የመግባት ልማዶች ላይ የገለጹትን የሲቪል መብቶች ምርመራ ጠይቋል። ቅሬታው በቅርብ ጊዜ የተደረጉ ጥናቶች እንደሚያመለክቱት ሃርቫርድ በእስያ አሜሪካውያን ላይ ስልታዊ እና ቀጣይነት ያለው መድልዎ በ""ሁለንተናዊ"" የመግባት ሂደት ውስጥ ተሰማርቷል። ወደ ፍፁም ቅርብ የፈተና ውጤቶች፣ ከፍተኛ አንድ በመቶ-በመቶ የነጥብ አማካኝ፣ የአካዳሚክ ሽልማቶች እና የአመራር ቦታዎች ያላቸው እስያ-አሜሪካዊ አመልካቾች ዩኒቨርሲቲው የዘር አመለካከቶችን፣ የዘር ልዩነት ደረጃዎችን እና የዘር ኮታዎችን ስለሚጠቀም በሃርቫርድ ውድቅ ተደርገዋል። ይህ የፌደራል ቅሬታ በጁላይ 2015ውድቅ ተደርጓል ምክንያቱም የተማሪዎች ለፍትሃዊ ተቀባይነት ክስ ተመሳሳይ ክሶችን ስላቀረቡ።",ምክንያቱም የተማሪዎች ለፍትሃዊ ተቀባይነት ክስ ተመሳሳይ ክሶችን
የሥራ አጥነት መጠን ወደ 5.6 በመቶ የወረደው መቼ ነው?,"ከቅርብ ዓመታት ወዲህ ኢኮኖሚው በፍጥነት እያደገ ነው። በሁለቱም እ.ኤ.አ. በ2010 እና 2011 የሜትሮ አካባቢ አጠቃላይ የሀገር ውስጥ ምርት (ጂዲፒ) በሀገሪቱ ውስጥ 27 ሌሎች የሜትሮፖሊታን አካባቢዎችን መርቷል ሲል የካናዳ የስብሰባ ቦርድ የ6.6 በመቶ እና የ5.8 በመቶ እድገት አስመዝግቧል። በ52,000 ዶላር የከተማው የነፍስ ወከፍ የሀገር ውስጥ ምርት ከዋና ዋና የካናዳ ከተሞች ሁለተኛው ከፍተኛ ነው። የኢኮኖሚ ትንበያዎች እንደሚያመለክቱት ከተማዋ በሚቀጥሉት አመታት ጠንካራ የኢኮኖሚ እድገትዋን እንደምትቀጥል ከላይ በተጠቀሱት ""ውቅያኖስ"" ኢንዱስትሪዎች ብቻ ሳይሆን በቱሪዝም እና በአዳዲስ የቤት ግንባታዎች የህዝብ ቁጥር እየጨመረ በመምጣቱ ነው. በግንቦት 2011፣ የከተማዋ የስራ አጥነት መጠን ወደ 5.6 በመቶ ዝቅ ብሏል፣ ይህም በካናዳ ውስጥ ለታላቋ ከተማ ሁለተኛዋ ዝቅተኛው የስራ አጥነት መጠን ነው።",በግንቦት 2011፣ የከተማዋ የስራ
የህንድ ታሪክ ለስርወ መንግስት እና ወረራ ደረጃ በጣም ያደረ ማን እንደሆነ ያስገነዘበ ማነው?,"ሮሚላ ታፓር በህንድ ታሪክ ውስጥ ወደ ሂንዱ-ሙስሊም-ብሪቲሽ ክፍለ-ጊዜዎች መከፋፈል ""ለገዥ ስርወ መንግስታት እና ለውጭ ወረራዎች"" ከመጠን በላይ ክብደት እንደሚሰጥ ተናግራለች ፣ ይህም ማህበራዊ-ኢኮኖሚያዊ ታሪክን ችላ በማለት ብዙ ጊዜ ጠንካራ ቀጣይነት አሳይቷል። የጥንታዊ-መካከለኛውቫል-ዘመናዊ ክፍለ-ጊዜዎች ክፍፍል የሙስሊም ወረራዎች ቀስ በቀስ የተከሰቱት በእነዚያ ጊዜያት ብዙ ነገሮች እየመጡ እና እየጠፉ መሆናቸውን እና ደቡብ ሙሉ በሙሉ አልተሸነፈም የሚለውን እውነታ ይመለከታል። እንደ ታፓር ገለጻ፣ ወቅታዊ መግለጫ ከገዥ ኃይሎች ለውጥ ጋር ጥብቅ ግንኙነት የሌላቸው ""በማህበራዊ እና ኢኮኖሚያዊ ለውጦች"" ላይ የተመሠረተ ሊሆን ይችላል።[ማስታወሻ 1]",ሮሚላ ታፓር
ዮሐንስ እርዳታ ለማግኘት ማንን ጠየቀ?,"ጆንም ሆኑ አማፂያኑ የሰላሙን ስምምነቱን ለመተግበር አልሞከሩም። የዓመፀኞቹ ባሮኖች የታቀደው የባሪያን ምክር ቤት በጆን ዘንድ ተቀባይነት እንደሌለው እና የቻርተሩን ህጋዊነት እንደሚቃወመው ጠረጠሩ; ባሮኒያል ካውንስልን በራሳቸው ጠንከር ያሉ ታጣቂዎች ጠቅልለው ጦራቸውን ለማፍረስ ወይም ለንደንን በተስማሙት መሰረት ለማስረከብ ፈቃደኛ አልሆኑም። ጆን በተቃራኒው ቃል የገባ ቢሆንም ቻርተሩ የዮሐንስ ፊውዳል ጌታ እንዲሆን በሾመው በ1213 በተደረገው ስምምነት መሠረት የጳጳሱን መብት የሚጋፋ መሆኑን በመመልከት እርዳታ ለማግኘት ኢንኖሰንት ጠየቀ። ንፁህ ግዴታ; ቻርተሩን ""አሳፋሪ እና አሳፋሪ ብቻ ሳይሆን ህገወጥ እና ኢፍትሃዊ"" በማወጅ አማፂያኑን ከቤተሰቦቻቸው አስወገደ። የስምምነቱ ውድቀት በፍጥነት ወደ መጀመሪያው ባሮን ጦርነት አመራ።",ንፁህ
ግብፅ የስዊዝ ካናልን ለእስራኤል የዘጋችው መቼ ነው?,እ.ኤ.አ. በ1950 ግብፅ የስዊዝ ካናልን ወደ እስራኤል መርከቦች ዘጋች እና በእስራኤል ድንበር ላይ የታጠቁ ግጭቶች ሲፈጠሩ ውጥረቱ በረታ። እ.ኤ.አ. በ1950ዎቹ እስራኤል በፍልስጤም ፌዳየን በተደጋጋሚ ጥቃት ይደርስባታል፣ ሁል ጊዜም በሰላማዊ ሰዎች ላይ፣ በተለይም በግብፅ ከተያዘው የጋዛ ሰርጥ፣ ይህም ወደ በርካታ የእስራኤል ፀረ-ወረራዎች አመራ። በ1956፣ ታላቋ ብሪታንያ እና ፈረንሳይ ግብፃውያን ብሔራዊ ያደረጓቸውን የስዊዝ ካናልን እንደገና ለመቆጣጠር አስበው ነበር (የስዊዝ ቀውስን ይመልከቱ)። የስዊዝ ቦይ እና የቲራን የባህር ዳርቻ ወደ እስራኤላውያን የመርከብ ጉዞዎች መዘጋቱ፣በእስራኤል ደቡባዊ ህዝብ ላይ እየደረሰ ያለው የፌዲየን ጥቃት እየጨመረ መሄዱ፣እና በቅርቡ የአረቦች መቃብር እና አስጊ መግለጫዎች፣እስራኤል ግብፅን እንድትወጋ አነሳስቷታል። እስራኤል ከታላቋ ብሪታንያ እና ከፈረንሳይ ጋር ምስጢራዊ ጥምረት ተቀላቀለች እና የሲናን ባሕረ ገብ መሬት ወረረች ነገር ግን የእስራኤልን የመርከብ መብት በቀይ ባህር በቲራን እና በካናል በኩል ዋስትና ለማግኘት በተባበሩት መንግስታት እንድትወጣ ግፊት ተደረገላት። ጦርነቱ የእስራኤል ድንበር ሰርጎ መግባት በእጅጉ እንዲቀንስ አድርጓል።,በ1950 ግብፅ
የሶማሌ ማህበረሰብ መሰረታዊ ማህበራዊ አሃድ ምንድን ነው?,የሶማሌ ህዝብ የጎሳ ቡድኖች ጠቃሚ ማህበራዊ አሃዶች ናቸው፣ እና የጎሳ አባልነት በሶማሌ ባህል እና ፖለቲካ ውስጥ ማዕከላዊ ሚና ይጫወታል። ጎሳዎች ፓትሪሊናል ናቸው እና ብዙ ጊዜ በንዑስ ጎሳዎች የተከፋፈሉ ናቸው፣ አንዳንዴም ብዙ ንዑስ ክፍሎች አሏቸው። የዳሮድ፣ የዲር እና የኢሳቅ ዋና ጎሳዎች መስራቾች መቃብሮች እንዲሁም የአብጌል ጎሳ የሃዊያ ጎሳ ሁሉም በሰሜን ሶማሊያ ይገኛሉ። ትውፊት ይህን አጠቃላይ አካባቢ የሶማሌ ህዝብ ቅድመ አያት አገር አድርጎ ይይዘዋል።,ጎሳ
ቪክቶሪያ ረሃብን ለመቋቋም ምን ያህል ለአየርላንድ ለገሰች?,"በ1845 አየርላንድ በድንች በሽታ ተመታ። በሚቀጥሉት አራት ዓመታት ውስጥ ታላቁ ረሃብ ተብሎ በሚጠራው አካባቢ ከአንድ ሚሊዮን በላይ የአየርላንድ ሰዎች ሞተዋል እና ሌሎች ሚሊዮን ደግሞ ተሰደዱ። በአየርላንድ ቪክቶሪያ ""የረሃብ ንግሥት"" የሚል ስያሜ ተሰጥቶታል። እሷ በግሏ 2,000 ፓውንድ ለረሃብ እርዳታ ሰጠች፣ ከማንኛውም ግለሰብ ለጋሽ በላይ፣ እና የፕሮቴስታንት ተቃውሞ ቢያጋጥማትም የሜይኖት ግራንት በአየርላንድ ለሚገኝ የሮማ ካቶሊክ ሴሚናሪ ደግፋለች። ለእርዳታ 5 ፓውንድ ብቻ ለአይሪሽ የሰጠች እና በተመሳሳይ ቀን ለባተርሴያ ውሻዎች ቤት የሰጠችው ታሪክ በ19ኛው ክፍለ ዘመን መገባደጃ ላይ የተፈጠረ አፈ ታሪክ ነበር።","2,000"
የቱክሰን የመጻሕፍት ፌስቲቫል መቼ ነው የሚካሄደው?,"ከ2009 ጀምሮ የቱክሰን የመጻሕፍት ፌስቲቫል በመጋቢት ወር በአሪዞና ዩኒቨርሲቲ ለሁለት ቀናት ጊዜ ውስጥ በየዓመቱ ተካሂዷል። እ.ኤ.አ. በ2010 በዩናይትድ ስቴትስ 450 ደራሲዎች እና 80,000 ተሳታፊዎች ያሉት አራተኛው ትልቁ የመጽሐፍ ፌስቲቫል ሆኗል። ከንባብ እና ንግግሮች በተጨማሪ፣ ከሀገር ውስጥ ቸርቻሪዎች እና አሳታሚዎች እስከክልላዊ እና ብሄራዊ ለትርፍ ያልተቋቋሙ ድርጅቶች ያሉ የሳይንስ ትርኢት፣ የተለያዩ መዝናኛዎች፣ ምግቦች እና ኤግዚቢሽኖች ያቀርባል። እ.ኤ.አ. በ2011 ፌስቲቫሉ የመስራች ሽልማት መስጠት ጀመረ; ተቀባዮች Elmore Leonard እና R.L. Stine ያካትታሉ።",ዩኒቨርሲቲ ለሁለት ቀናት ጊዜ ውስጥ
ቤርሙዳ በይፋ የተመደበው ምንድን ነው?,በቤርሙዳ ውስጥ ያለው አስፈፃሚ ሥልጣን ለንጉሣዊው ነው እና እሷን ወክሎ የሚተገበረው በገዥው ነው። ገዥው በእንግሊዝ መንግሥት ምክር በንግስት ተሾመ። የአሁኑ ገዥ ጆርጅ ፈርጉሰን; እ.ኤ.አ. መከላከያ እና የውጭ ጉዳይ በዩናይትድ ኪንግደም የሚከናወኑ ሲሆን ይህም መልካም አስተዳደርን የማረጋገጥ ሃላፊነትን ይጠብቃል. በቤርሙዳ ሕገ መንግሥት ላይ የተደረጉ ማናቸውንም ለውጦች ማጽደቅ አለበት። ቤርሙዳ እንደ ብሪቲሽ የባህር ማዶ ግዛት ተመድቧል፣ ግን ጥንታዊው የእንግሊዝ ቅኝ ግዛት ነው። እ.ኤ.አ. በ1620 የሮያል ስምምነት ለቤርሙዳ የተወሰነ ራስን በራስ ማስተዳደር ሰጠ። ፓርላማው ከዩናይትድ ኪንግደም ፓርላማ፣ ከቲን ደሴት ኦቭ ማን ደሴት፣ ከአይስላንድ አልቲንግ እና ከፖላንድ ሴጅም በስተጀርባ፣ በዓለም ላይ አምስተኛው ጥንታዊ ነው። ከእነዚህ ውስጥ ከ1620 ጀምሮ ያለማቋረጥ የኖሩት የቤርሙዳ እና የሰው ደሴት ቲንዋልድ ብቻ ናቸው።,ብሪቲሽ የባህር ማዶ ግዛት
በኖርዌይ ሕገ መንግሥት ውስጥ የትኞቹ አንቀጾች ንጉሠ ነገሥቱ በመደርደር የወጣውን ረቂቅ ውድቅ እንዲያደርጉ ያስችላቸዋል?,የኖርዌይ ሕገ መንግሥት አንቀጽ 77-79 በተለይ ለኖርዌይ ንጉሠ ነገሥት በስቶርቲንግ ከወጣ ከማንኛውም ሕግ የንጉሣዊ ፈቃድ የመከልከል መብት ይሰጣል። ሉዓላዊው ሉዓላዊው ይህን ልዩ መብት ለመጠቀም ከመረጠ፣ አንቀጽ 79 የመብት ጥያቄውን ከልክ በላይ መጨናነቅ የሚቻልበትን መንገድ ይደነግጋል፡- ‹‹ሕጉ በሁለት ተከታታይ ምርጫዎች ሳይለወጥ ከፀደቀ፣ ከሁለት ተከታታይ ምርጫዎች በኋላ የተቋቋመ እና ከእያንዳንዳቸው ተለይቶ ከወጣ። በመጀመርያው እና በመጨረሻው ጉዲፈቻ መካከል ባለው ጊዜ ውስጥ ልዩ ልዩ ረቂቅ ህግ ሳይወጣ ቢያንስ በሁለት ጣልቃ ገብ የስቶርቲንግ ክፍለ ጊዜዎች ለንጉሱ ቀርቧል እና ግርማዊ ፍቃዱ እምቢ እንዳይሉ አቤቱታ በማቅረብ ለንጉሱ ቀርቧል ። ስቶርቲንግ በጣም ብስለት ካደረገ በኋላ ጠቃሚ ነው ብሎ ለሚያስበው ረቂቅ ህግ ስቶርቲንግ ወደ እረፍት ከመግባቱ በፊት የሮያል ስምምነት ባይሰጥም እንኳ ህግ ይሆናል።,አንቀጽ 77-79
ጦርነቱ መቼ አበቃ?,ሄንሪ ዘ ያንግ ንጉስ በ1183 ከወንድሙ ከሪቻርድ ጋር በእንግሊዝ ፣ ኖርማንዲ እና አኲታይን ሁኔታ ላይ አጭር ጦርነት ተዋግቷል። ሄንሪ 2ኛ ሪቻርድን በመደገፍ ተንቀሳቅሷል፣ እና ሄንሪ ወጣቱ ንጉስ በዘመቻው መጨረሻ ላይ በተቅማጥ በሽታ ሞተ። ዋናው ወራሹ ሞቶ ሄንሪ የተተኪውን እቅድ አስተካክሏል፡ ሪቻርድ የእንግሊዝ ንጉስ እንዲሆን ነበር ምንም እንኳን አባቱ እስኪሞት ድረስ ምንም አይነት ስልጣን ባይኖረውም; ጄፍሪ ብሪትኒን ይይዛል; እና ጆን አሁን በሪቻርድ ምትክ የአኩታይን መስፍን ይሆናል። ሪቻርድ አኲቴይን ለመተው ፈቃደኛ አልሆነም; ሄንሪ 2ኛ ተናዶ ጆን ከጂኦፍሪ እርዳታ ወደ ደቡብ እንዲዘምት እና ዱቺን በኃይል እንዲወስድ አዘዘው። ሁለቱ የፖይቲየር ዋና ከተማን አጠቁ፣ እና ሪቻርድ ብሪትኒን በማጥቃት ምላሽ ሰጠ። ጦርነቱ በ1184 መጨረሻ ላይ በእንግሊዝ ውስጥ በውጥረት እና በውጥረት የተሞላ የቤተሰብ እርቅ ተጠናቀቀ።,በ1184
ቱቫሉ በማጓጓዣ ምን የገቢ ምንጭ ያገኛል?,"የመንግስት ገቢ በአብዛኛው የሚገኘው ከዓሣ ማጥመጃ ፈቃድ ሽያጭ፣ ከቱቫሉ ትረስት ፈንድ የሚገኘው ገቢ እና እጅግ በጣም ጥሩ ከሆነው የቲቪ ኢንተርኔት ከፍተኛ ደረጃ ጎራ (TLD) ኪራይ ነው። እ.ኤ.አ. በ1998 ቱቫሉ የአካባቢ ኮድን ለዋና የስልክ ቁጥሮች ጥቅም ላይ በማዋል እና በ"".ቲቪ"" የበይነመረብ ጎራ ስሟን በማስተዋወቅ እስከ2021 ድረስ በVerisign የሚተዳደረው ገቢ ማግኘት ጀመረ። ከሮያሊቲ በየዓመቱ ወደ 2.2 ሚሊዮን ዶላር የሚጠጋ ገቢ ያስገኛል፣ ይህም ከመንግስት አጠቃላይ ገቢ አስር በመቶው ነው። የጎራ ስም ገቢ በ2002 አጋማሽ ላይ የፉናፉቲ ጎዳናዎችን ለማንጠፍ እና የመንገድ ላይ መብራቶችን ለመትከል አብዛኛውን ወጪ ከፍሏል። በተጨማሪም ቱቫሉ በቱቫሉ ፊላቴሊክ ቢሮ ከቴምብሮች እና ከቱቫሉ የመርከብ መዝገብ ቤት ገቢ ያስገኛል።",ከቱቫሉ የመርከብ መዝገብ ቤት
በደቡብ ካሮላይና እንዲሰፍሩ ያልተፈቀደለት የትኛው የሃይማኖት ቡድን ነው?,የመጀመሪያዎቹ ሰፋሪዎች በዋነኝነት የመጡት ከእንግሊዝ፣ ከካሪቢያን ቅኝ ግዛት ባርባዶስ እና ከአትላንቲክ ቅኝ ግዛትዋ ቤርሙዳ ነው። ከነዚህም መካከል በምዕራብ ህንድ ውስጥ በአፍሪካውያን እና በእንግሊዛውያን መካከል በተፈጠረ ጥምረት እና ጋብቻ የተወለዱ ነፃ ቀለም ያላቸው ሰዎች ነበሩ ፣ የቀለም መስመሮች በቀደሙት የቅኝ ግዛት ዓመታት ውስጥ በሠራተኛ መደብ መካከል ላላ ነበሩ ፣ እና አንዳንድ ሀብታም ነጮች ጥቁር ሚስቶችን ወይም ቁባቶችን ይወስዱ ነበር። ቻርለስ ታውን የጎሳ እና የሃይማኖት ቡድኖች ድብልቅን ስቧል። ፈረንሣይ፣ ስኮትላንዳዊ፣ አይሪሽ እና ጀርመኖች በርካታ የፕሮቴስታንት ቤተ እምነቶችን ወክለው በማደግ ላይ ወዳለው የባህር ዳርቻ ከተማ ተሰደዱ። በእንግሊዝ “ንጉሣውያን” እና በሮማን ካቶሊክ ቤተ ክርስቲያን መካከል በተደረጉ ጦርነቶች ምክንያት፣ የካቶሊክ እምነት ተከታዮች ከአሜሪካ አብዮት በኋላ ድረስ በደቡብ ካሮላይና እንዲሰፍሩ አልተፈቀደላቸውም። አይሁዶች ተፈቅዶላቸዋል፣ እናም የሴፋርዲክ አይሁዶች በቁጥር ወደ ከተማዋ ተሰደዱ በ19ኛው መቶ ክፍለ ዘመን መጀመሪያ ላይ ከተማዋ በሰሜን አሜሪካ ትልቁ እና ሀብታም የአይሁድ ማህበረሰብ መኖሪያ ነበረች—ይህም እስከ1830 አካባቢ ይዛ ነበረች።,የካቶሊክ
ማደን ለመጥፋት መንስኤው ምን ሊሆን እንደሚችል መረጃዎች ያመለክታሉ?,በተጨማሪም አደን የሆሎሴን ሜጋፋውና እንዲጠፋ እና በትናንሽ ዕፅዋት እንዲተኩ ከሚያደርጉት በርካታ የአካባቢ ሁኔታዎች መካከል አንዱ ሊሆን እንደሚችል መረጃዎች አሉ። የሰሜን አሜሪካ ሜጋፋውና መጥፋት ከወጣት Dryas ተጽዕኖ ክስተት ጋር በአጋጣሚ ነበር፣ ምናልባትም አደን ቀደም ሲል ከታሰበው በላይ ለቅድመ-ታሪክ ዝርያ መጥፋት ወሳኝ ምክንያት ሊሆን ይችላል። ነገር ግን፣ እንደ አውስትራሊያ ባሉ ሌሎች አካባቢዎች፣ የሰው ልጅ ከመያዙ በፊት በሰፊው ይሰራ የነበረው የአውስትራሊያ ሜጋፋውና እንዲጠፋ የሰው ልጅ ትልቅ ሚና ተጫውቷል ተብሎ ይታሰባል።,ከወጣት Dryas ተጽዕኖ
ዲጂሞን እንደገና ሊወለድ የማይችልባቸው ሁኔታዎች አሉ?,የመጀመሪያው ዲጂሞን አኒም የዲጂሞንን የሕይወት ዑደት አስተዋውቋል፡ ከእውነተኛ ፍጥረታት ጋር ተመሳሳይ በሆነ መልኩ ያረጃሉ፣ ነገር ግን በተለመዱ ሁኔታዎች ውስጥ አይሞቱም ምክንያቱም እንደገና ሊዋቀር በሚችል መረጃ የተሠሩ ናቸው ፣ ይህም በፕሮግራሙ ውስጥ በሙሉ ሊታይ ይችላል። ማንኛውም Digimon ገዳይ የሆነ ቁስል የሚቀበል ወደ ማለቂያ ወደሌለው የመረጃ ቋቶች ይሟሟል። ከዚያም መረጃው እራሱን እንደ Digi-Egg ያዘጋጃል፣ እሱም በቀስታ ሲታሸት ይፈለፈላል፣ እና ዲጂሞን እንደገና የህይወት ዑደቱን ያልፋል። በዚህ መንገድ እንደገና የተወለዱ ዲጂሞን አንዳንድ ጊዜ የቀድሞ ህይወታቸውን አንዳንድ ወይም ሁሉንም ትዝታዎቻቸውን ይይዛሉ። ሆኖም የዲጂሞን መረጃ ሙሉ በሙሉ ከተደመሰሰ ይሞታሉ።,ሆኖም የዲጂሞን መረጃ ሙሉ በሙሉ ከተደመሰሰ
ጂኖም በቅደም ተከተል የተያዘለት ዓሳ ምንድን ነው?,"የአዳዲስ ቴክኖሎጂዎች እድገት ቅደም ተከተሎችን ለመሥራት በሚያስደንቅ ሁኔታ ቀላል እና ርካሽ አድርጎታል, እና የተሟሉ የጂኖም ቅደም ተከተሎች ቁጥር በፍጥነት እያደገ ነው. የዩኤስ ብሔራዊ የጤና ተቋም ከብዙ አጠቃላይ የጂኖም መረጃ ጎታዎች አንዱን ይይዛል። በሺዎች ከሚቆጠሩት የተጠናቀቁት የጂኖም ቅደም ተከተሎች ፕሮጀክቶች መካከል ሩዝ፣ አይጥ፣ ተክል አራቢዶፕሲስ ታሊያና፣ የፑፈር አሳ እና ባክቴሪያ ኢ.ኮሊ ይገኙበታል። እ.ኤ.አ. በታህሳስ 2013 ሳይንቲስቶች የጠፋውን የሰው ልጅ የኒያንደርታልን አጠቃላይ ጂኖም በቅደም ተከተል አስቀምጠዋል። ጂኖም የተገኘው የ130,000 አመት እድሜ ያለው ኒያንደርታል በሳይቤሪያ ዋሻ ውስጥ ካለው የእግር ጣት አጥንት ነው።",ቅደም ተከተሎች ፕሮጀክቶች
የማውሪያ እና የጉፕታ ግዛቶች መገኛ የት ነበር?,"የመጋድሃ ህዝቦች የመጀመሪያ ማጣቀሻ በአታርቫ-ቬዳ ውስጥ ከአንጋስ ፣ ጋንዳሪስ እና ሙጃቫቶች ጋር ተዘርዝረዋል ። ማጋዳ ለጃይኒዝም እና ቡድሂዝም እድገት ትልቅ ሚና የተጫወተ ሲሆን ሁለቱ የህንድ ታላላቅ ኢምፓየሮች ማለትም Maurya Empire እና Gupta Empire መነሻቸው ከማጋዳ ነው። እነዚህ ኢምፓየሮች በጥንታዊ የህንድ ሳይንስ፣ ሂሳብ፣ ስነ ፈለክ፣ ሀይማኖት እና ፍልስፍና እድገቶችን አይተው የህንድ ""ወርቃማው ዘመን"" ተደርገው ይቆጠሩ ነበር። የማጋዳ መንግሥት እንደ ራጃኩማራ ማህበረሰብ ያሉ ሪፐብሊካዊ ማህበረሰቦችን ያካትታል። መንደሮች ግራማካስ በሚባሉ በአካባቢያቸው አለቆች ስር የራሳቸው ጉባኤ ነበራቸው። አስተዳደራቸው በአስፈጻሚ፣ በዳኝነት እና በወታደራዊ ተግባራት ተከፋፍሏል።",ማጋዳ
ሰሜን ምዕራብ ለመጀመሪያው ሕንፃ ገንዘብ ለማሰባሰብ ምን ሸጠ?,"ኢቫንስተን የተሰየመለት ጆን ኢቫንስ በ1853 በሚቺጋን ሀይቅ 379 ኤከር (153 ሄክታር) መሬት ገዛ እና ፊሎ ጁድሰን የኢቫንስተን ኢሊኖይ ከተማ ስለሚሆን እቅድ አውጥቷል። የመጀመሪያው ህንጻ ኦልድ ኮሌጅ እ.ኤ.አ. ህዳር 5 ቀን 1855 ተከፈተ። ለግንባታው ገንዘብ ለማሰባሰብ፣ ሰሜን ምዕራብ 100 ዶላር ሸጠ “የዘለአለም ስኮላርሺፕ” ገዥውን እና ወራሾቹን የነጻ ትምህርት የማግኘት መብት ሰጠ። ሌላ ህንፃ ዩኒቨርሲቲ አዳራሽ በ1869 ከቺካጎ የውሃ ታወር ጋር ተመሳሳይ በሆነው የጆልት ድንጋይ የተሰራ ሲሆን በ1869 በቺካጎ እምብርት ከሚገኙት ጥቂት ሕንፃዎች አንዱ የሆነው በ1871 ከታላቁ የቺካጎ እሳት ለመትረፍ ነው። በ1873 የኢቫንስተን ኮሌጅ ለ Ladies ከሰሜን ምዕራብ ጋር ተዋህደዋል፣ እና ፍራንሲስ ዊላርድ፣ በኋላ በምርጫ ዝናን ያተረፈው እና የሴቶች የክርስቲያን ትዕግስት ህብረት (WCTU) መስራች በመሆን የትምህርት ቤቱ የመጀመሪያ የሴቶች ዲን ሆነ። ዊላርድ የመኖሪያ ኮሌጅ (1938) በእሷ ክብር ተሰይሟል። ሰሜን ምዕራብ በ1869 የመጀመሪያዎቹን ሴት ተማሪዎችን ተቀብላለች, እና የመጀመሪያዋ ሴት በ1874 ተመርቃለች.",ሸጠ “የዘለአለም ስኮላርሺፕ”
የእንግሊዝ ህዳሴ በምን አይነት ባህሪ ነው የሚሰራው?,"በ18 ኛው ክፍለ ዘመን የእኩልነት ባህሪ ቀስ በቀስ እንደ ዋነኛ የሙዚቃ ባህሪ ተቀባይነት ቢኖረውም, የተለያዩ ታሪካዊ ባህሪያት ብዙውን ጊዜ ቀደም ባሉት ጊዜያት ለሙዚቃዎች ያገለግላሉ. ለምሳሌ፣ የእንግሊዝ ህዳሴ ሙዚቃ ብዙውን ጊዜ የሚካሄደው በቁጣ ነው።",ክፍለ ዘመን የእኩልነት
በነሐስ ዘመን ለሰው ልጅ እድገት ጠቃሚ የሆኑ ክንውኖች ምንድን ናቸው?,የነሐስ ዘመን የመጣው ከክርስቶስ ልደት በፊት በ1500 አካባቢ ሲሆን በክልሉ ውስጥ ያሉ ሰዎች መዳብ ወደ ነሐስ ሲቀየሩ፣ ሩዝ ሲያበቅሉ እና የዶሮ እርባታ እና አሳማዎችን ሲያሳድጉ፣ በዓለም ላይ ይህን ካደረጉ የመጀመሪያዎቹ ሰዎች መካከል ነበሩ። በሞኒዋ አውራጃ በሳጋንግ ክፍል ውስጥ የሰው ቅሪት እና የዚህ ዘመን ቅርሶች ተገኝተዋል። የብረት ዘመን ከክርስቶስ ልደት በፊት በ500 አካባቢ የጀመረው ከዛሬ መንደሌይ በስተደቡብ ባለው አካባቢ ብረት የሚሰሩ ሰፈሮች በመፈጠሩ ነው። ከክርስቶስ ልደት በፊት በ500 እና 200 ዓ.ም መካከል እስከቻይና ድረስ የሚነግዱ ትላልቅ መንደሮች እና ትናንሽ ከተሞች ሩዝ የሚበቅሉ ሰፈሮች መኖራቸውን መረጃዎች ያሳያሉ። የብረት ዘመን የበርማ ባህሎች እንደ ሕንድ እና ታይላንድ ካሉ የውጭ ምንጮች ተጽእኖዎች ነበሯቸው። ይህ የሚያመለክተው በምያንማር ውስጥ ባሉ ቡድኖች እና በሌሎች ቦታዎች መካከል ያለውን ግንኙነት፣ ምናልባትም በንግድ ነው።,ውስጥ ያሉ ሰዎች መዳብ ወደ ነሐስ ሲቀየሩ፣ ሩዝ ሲያበቅሉ እና
እንደ ምስራቃዊ አርመንኛ ባለ ሶስት መንገድ የማቆሚያ ልዩነት ያለው የትኛው የግሪክ ዘዬ ነው?,ከኮይኔ ግሪክ ጊዜ በፊት አንዳንድ የግሪክ ዓይነቶች እንደ ምኞታቸው ማቆሚያዎች እንደገና ይገነባሉ። የጥንታዊ ግሪክ ክላሲካል አቲክ ቀበሌኛ እንደ ምስራቃዊ አርሜኒያ ባሉ ማቆሚያዎች ውስጥ ባለ ሶስት አቅጣጫዊ ልዩነት ነበረው፡ /t tʰ d/። እነዚህ ፌርማታዎች ψιλά፣ δασέα፣ μέσα “ቀጭን፣ ወፍራም፣ መካከለኛ” በኮኔ ግሪክ ሰዋሰው ይጠሩ ነበር።,ክላሲካል አቲክ
ለፀደይ ከመጠን በላይ መተኮስ ሌላ የትኛው ቦታ ታዋቂ ነው?,"የሚፈልሱ ወፎች መንገዳቸውን ሊያጡ እና ከመደበኛ ክልላቸው ውጪ ሊታዩ ይችላሉ። ይህ ሊሆን የቻለበት ምክንያት መዳረሻቸውን አልፈው በመብረር ምክንያት እንደ ""የፀደይ ግርዶሽ"" ወፎች ወደ መራቢያ ቦታቸው የሚመለሱበት እና ከታሰበው በላይ ወደ ሰሜን የሚደርሱበት ነው። አንዳንድ አካባቢዎች፣ በመገኛቸው ምክንያት፣ ለእንደዚህ አይነት ወፎች መጠበቂያ ሆነው ታዋቂ ሆነዋል። ምሳሌዎች በካናዳ የፖይንት ፔሊ ብሔራዊ ፓርክ እና ስፑርን በእንግሊዝ ናቸው።",ስፑርን በእንግሊዝ
የሴቶች የምዕራብ ፋሽን መስመር ስም ማን ነበር?,ኦክቶበር 1፣ 2011 ካንዬ ዌስት የሴቶች ፋሽን መለያ DW Kanye West በፓሪስ ፋሽን ሳምንት አሳይቷል። እሱ በሚያቀርበው ትርኢት ወቅት ከተገኙት DSquared2 duo Dean እና Dan Caten፣ Olivier Thyskens፣ Jeremy Scott፣ Azzedine Alaïa እና Olsen twins ድጋፍ አግኝቷል። የእሱ የመጀመሪያ የፋሽን ትርዒት ​​በStyl.com ከተጠበቁ ምልከታዎች እስከዘ ዎል ስትሪት ጆርናል፣ ዘ ኒው ዮርክ ታይምስ፣ ኢንተርናሽናል ሄራልድ ትሪቡን፣ ኤልሉክ.ኮም፣ ዘ ዴይሊ ቴሌግራፍ፣ ሃርፐር ባዛር እና አበረታች አስተያየት ድረስ የተለያዩ አስተያየቶችን ተቀብሏል። ሌሎች ብዙ። እ.ኤ.አ. በማርች 6፣ 2012 ምዕራብ በፓሪስ ፋሽን ሳምንት ሁለተኛ የፋሽን መስመርን አሳይቷል። የመስመሩ አቀባበል ከቀደምት አቀራረብ በእጅጉ ተሻሽሏል፣በርካታ ተቺዎች ዌስት ለሁለተኛ ደረጃ ባደረገው ጥረት “እጅግ የተሻሻለ” በማለት አበሰረ።,DW Kanye West
ለሊዮፖልድ ልደት ቪክቶሪያ የተሰጠው አዲስ ማደንዘዣ ስም ማን ነበር?,በ1853 ቪክቶሪያ ስምንተኛ ልጇን ሊዮፖልድ በአዲሱ ማደንዘዣ ክሎሮፎርም ወለደች። ቪክቶሪያ በወሊድ ህመም በሰጠችው እፎይታ በጣም ስለተደነቀች በ1857 ዘጠነኛ እና የመጨረሻ ልጇ ቢያትሪስ ስትወለድ የቀሳውስቱ አባላት ተቃውሞ ቢያጋጥማትም በ1857 እንደገና ተጠቀመችው ከመጽሐፍ ቅዱሳዊ ትምህርት ጋር ይቃረናሉ. አደገኛ እንደሆነ አድርገው ያስቡ የሕክምና ባለሙያዎች. ቪክቶሪያ ከብዙ እርግዝና በኋላ በድህረ-ወሊድ ዲፕሬሽን ተሠቃይታ ሊሆን ይችላል። ከአልበርት ወደ ቪክቶሪያ የተላኩ ደብዳቤዎች እራሷን መቆጣጠር ስለማጣት ያለማቋረጥ ቅሬታ ያሰማሉ። ለምሳሌ፣ ሊዮፖልድ ከተወለደ ከአንድ ወር ገደማ በኋላ አልበርት ለቪክቶሪያ በጻፈው ደብዳቤ ላይ ስለ “አሳዛኝ ትንሽ ነገር” ስለ “የጭንቀት መቀጠሏ” ቅሬታ አቅርቧል።,ክሎሮፎርም
በምን በኩል ነው የኢንተርኔት አገልግሎት የሚሰጠው?,"ሴንት ሄለና በSURE የቀረበበIntelsat 707 10/3.6 Mbit/s የበይነመረብ አገናኝ አላት። ከ4,000 በላይ ህዝብን በማገልገል ላይ ያለው ይህ ነጠላ የሳተላይት ትስስር በመተላለፊያ ይዘት ውስጥ በቂ አይደለም ተብሎ ይታሰባል.",ይህ ነጠላ የሳተላይት ትስስር
ዲጂታል ካሜራዎች ምን ISO አቻ ፍጥነት ማግኘት ይችላሉ?,"ዲጂታል ካሜራዎች ለብርሃን ስሜታዊነት ከፊልም እጅግ የላቀ ነው ፣ ISO ተመጣጣኝ ፍጥነት እስከ409,600 ፣ ይህ ቁጥር በተለመደው የፊልም ፎቶግራፍ ውስጥ ሊታወቅ የማይችል ነው። ፈጣን ፕሮሰሰሮች፣ እንዲሁም የሶፍትዌር የድምጽ ቅነሳ ቴክኒኮች መሻሻሎች ፎቶው በተቀረጸበት ቅጽበት የዚህ አይነት ሂደት እንዲተገበር ያስችለዋል፣ ይህም ፎቶግራፍ አንሺዎች ከፍተኛ የማጣራት ደረጃ ያላቸውን ምስሎች እንዲያከማቹ ያስችላቸዋል እና ከዚህ በፊት ለመስራት ጊዜ የሚወስድ ይከለክላል። የዲጂታል ካሜራ ሃርድዌር ትውልዶች.","እስከ409,600"
የትኛው ቡድን ማለቂያ የሌለው የመስክ ቅጥያዎችን በቶፖሎጂ ይጠቀማል?,"ለማንኛውም ቋሚ ሐ. በእነዚህ መስኮች ላይ ያሉ የማትሪክስ ቡድኖች በዚህ አገዛዝ ሥር ይወድቃሉ, እንደ አዴል ቀለበቶች እና አዴሊካዊ አልጀብራ ቡድኖች, ለቁጥር ጽንሰ-ሐሳብ መሠረታዊ ናቸው. እንደ ፍፁም የጋሎይስ ቡድን ያሉ ማለቂያ የለሽ የመስክ ማራዘሚያዎች የጋሎይስ ቡድኖች እንዲሁ ቶፖሎጂ ፣ ክሩል ቶፖሎጂ ተብሎ የሚጠራው ፣ ይህ በተራው ደግሞ ከላይ የተዘረዘሩትን የመስኮች እና ቡድኖችን ወሰን ከሌላቸው የመስክ ማራዘሚያዎች ጋር ለማጠቃለል ማዕከላዊ ነው። ከአልጀብራ ጂኦሜትሪ ፍላጎቶች ጋር የተጣጣመ የዚህ ሀሳብ የላቀ አጠቃላይነት የ étale መሠረታዊ ቡድን ነው።",ፍፁም የጋሎይስ ቡድን
ከፕሬዚዳንት ጆንሰን ፖሊሲዎች ጋር ባለው ግንኙነት በከተማው ፖለቲካ ላይ ያተኮረ በ1966 የታተመው መጽሐፍ ምን ይባላል?,ኒው ሄቨን ማን ያስተዳድራል? ዲሞክራሲ እና ፓወር በአን አሜሪካን ከተማ፣ በታዋቂው የዬል ፕሮፌሰር ሮበርት ኤ. ዳህል በፖለቲካ ሳይንስ ውስጥ በጣም ተደማጭነት ያለው መጽሐፍ፣ እሱም የከተማዋን ሰፊ ታሪክ እና በ1950ዎቹ ስለ ፖለቲካዋ የተሟላ መግለጫን ያካትታል። የኒው ሄቨን ቲኦክራሲያዊ ታሪክ በአሌክሲስ ዴ ቶክቪል በ19ኛው ክፍለ ዘመን የአሜሪካ የፖለቲካ ህይወት፣ ዲሞክራሲ በአሜሪካን በሚናገረው በሚታወቀው ጥራዝ ውስጥ ብዙ ጊዜ ተጠቅሷል። ኒው ሄቨን በ1951 የወግ አጥባቂ አሳቢ ዊልያም ኤፍ.ባክሌይ ጁኒየር መኖሪያ ነበር፣ በዬል ተጽኖ ፈጣሪውን አምላክ እና ሰው ሲጽፍ። የዊልያም ሊ ሚለር ዘ አስራ አምስተኛው ዋርድ እና ታላቁ ማህበረሰብ (1966) በተመሳሳይ መልኩ በሊንደን ጆንሰን ታላቁ ማህበረሰብ እና በከተማ መታደስ ላይ በማተኮር በኒው ሄቨን የአካባቢ ፖለቲካ እና የብሄራዊ የፖለቲካ እንቅስቃሴዎች መካከል ያለውን ግንኙነት ይዳስሳል።,ታላቁ ማህበረሰብ
ዲዩትሪየምን ለመጀመሪያ ጊዜ ያወቀው ማነው?,ሃይድሮጅን ለመጀመሪያ ጊዜ በጄምስ ደዋር በ1898 እንደገና የሚያድስ ማቀዝቀዣን እና የፈጠራውን የቫኩም ብልቃጥ በመጠቀም ፈሰሰ. በሚቀጥለው ዓመት ጠንካራ ሃይድሮጂን አምርቷል. ዲዩቴሪየም በታኅሣሥ 1931 በሃሮልድ ኡሬ የተገኘ ሲሆን ትሪቲየም ደግሞ በ1934 በኧርነስት ራዘርፎርድ፣ ማርክ ኦሊፋንት እና ፖል ሃርቴክ ተዘጋጅቷል። በ1932 በኡሬይ ቡድን የተገኘ ከባድ ውሃ፣ በ1806 በሃይድሮጂን እና በኦክሲጅን ድብልቅ የሚንቀሳቀስ የውስጥ ለቃጠሎ ሞተር የሆነውን ፍራንሷ አይዛክ ዴ ሪቫዝ ሰራ። ክላርክ በ1819 የሃይድሮጂን ጋዝ ንፋስ ፈጠረ። የዶቤሬይነር መብራት እና ብርሃን በ1823 ተፈለሰፈ።,በሃሮልድ ኡሬ
H+3 ምን አይነት cation በመባል ይታወቃል?,"ምንም እንኳን በምድር ላይ እንግዳ ቢሆንም በአጽናፈ ሰማይ ውስጥ በጣም ከተለመዱት ionዎች አንዱ H+ ነው።
3 ion፣ ፕሮቶነተድ ሞለኪውላር ሃይድሮጂን ወይም ትራይሃይድሮጂን cation በመባል ይታወቃል።",ትራይሃይድሮጂን cation
ከ osteomalacia በስተቀር በህመም እና በህመም መካከል ስላለው ግንኙነት ምን ማስረጃ የለም?,"ህመም ለሰዎች ተጨማሪ እና አማራጭ መድሃኒቶችን ለመጠቀም በጣም የተለመደው ምክንያት ነው. እ.ኤ.አ. በጥር 2009 የታተመው በአኩፓንቸር ላይ የተደረጉ የ 13 ከፍተኛ ጥራት ያላቸው የህመም ማስታገሻ ጥናቶች ትንታኔ በእውነተኛ ፣ ሻም እና ምንም አኩፓንቸር ውጤት ላይ ትንሽ ልዩነት አለ ። ሆኖም ሌሎች ግምገማዎች ጥቅም አግኝተዋል። በተጨማሪም ለጥቂት የእፅዋት መድኃኒቶች ግምታዊ ማስረጃዎች አሉ። በቫይታሚን ዲ እና በህመም መካከል ባለው ግንኙነት ላይ ፍላጎት አለ, ነገር ግን ከኦስቲኦማላሲያ በስተቀር ለእንደዚህ አይነት ግንኙነት ከተደረጉ ሙከራዎች እስካሁን ያለው ማስረጃ አሳማኝ አይደለም.",በቫይታሚን ዲ
የ 1922 የዋሽንግተን የባህር ኃይል ስምምነት ምን ገድቧል?,"የጠፍጣፋ መርከቦች እድገት የመጀመሪያዎቹን ትላልቅ መርከቦች አምርቷል. እ.ኤ.አ. በ1918 ኤች.ኤም.ኤስ አርገስ የባህር ኃይል አውሮፕላኖችን ማስጀመር እና ማስመለስ የሚችል የአለም የመጀመሪያው ተሸካሚ ሆነ ። እ.ኤ.አ. በ1922 በዋሽንግተን የባህር ኃይል ስምምነት ምክንያት አዳዲስ የከባድ ወለል መርከቦችን ግንባታ በመገደብ ፣ አብዛኛዎቹ ቀደምት አውሮፕላኖች ተሸካሚዎች እንደ ተለያዩ የመርከብ ዓይነቶች የተቀመጡ (ወይም ያገለገሉ) መርከቦችን መለወጥ ነበር-ጭነት መርከቦች ፣ መርከቦች ፣ የጦር መርከቦች , ወይም የጦር መርከቦች. እነዚህ ልወጣዎች የሌክሲንግተን-ክፍል አውሮፕላን ተሸካሚዎች (1927)፣ አካጊ እና ደፋር ክፍል ፈጠሩ። እ.ኤ.አ. በ1920ዎቹ አጋማሽ ላይ እንደ አውሮፕላን ተሸካሚ ሆነው እንዲሠሩ ሆን ተብሎ የተነደፉትን በርካታ የባህር ኃይል መርከቦች በማዘዝ እና በመገንባት የልዩ ባለሙያ ዝግመተ ለውጥ በጥሩ ሁኔታ ተካሂዶ ነበር፣ በዚህም ምክንያት እንደ ሆሾ (1922)፣ ኤችኤምኤስ ሄርሜስ (1924) እና ቤርን ያሉ መርከቦችን ወደ ሥራ አስገቡ። (1927) በሁለተኛው የዓለም ጦርነት ወቅት እነዚህ መርከቦች መርከቦች አጓጓዦች በመባል ይታወቃሉ።",ምክንያት አዳዲስ የከባድ ወለል መርከቦችን ግንባታ
በምርመራው የተገደለው የመጨረሻው ሰው ማን ነበር?,የፍፁም እምነት ተከታይ የነበረው ኤሊዮ በ1812 የሕገ መንግሥት ደጋፊዎችን በመጨቆኑ ረገድ ትልቅ ሚና ተጫውቷል።ለዚህም በ1820 ተይዞ በ1822 በጋሮት ተገደለ። በፍፁም አራማጆች እና በሊበራሊቶች መካከል ያለው ግጭት ቀጠለ እና ወግ አጥባቂ አገዛዝ በነበረበት ወቅት (1823-1833) የትሪኒዮ ሊበራልን ተከትሎ በመጣው የወግ አጥባቂ አገዛዝ ዘመን በመንግስት ኃይሎች እና በካቶሊክ ኢንኩዊዚሽን ርህራሄ የሌለው ጭቆና ነበር። የመጨረሻው የምርመራ ሰለባ የሆነው ጋይታ ሪፖሊ የተባለ መምህር ሲሆን በ1824 በቫሌንሲያ ውስጥ ተሰቅሎ የነበረው ሜሶን ነው.,ጋይታ ሪፖሊ
ከባለ ሁለት ካሜራል ወደ ዩኒካሜራል ስለተሸጋገረ ልዩ ጉዳይ የትኛው ፊደል ነው?,"አብዛኞቹ የምዕራባውያን ቋንቋዎች (በተለይ በላቲን፣ ሲሪሊክ፣ ግሪክ፣ ኮፕቲክ እና አርመናዊ ፊደላት ላይ የተመሠረቱ የአጻጻፍ ሥርዓቶች ያላቸው) የፊደል ጉዳዮችን በጽሑፍ መልክ ለግልጽነት ይጠቀማሉ። ሁለት የተለያዩ ጉዳዮችን የሚጠቀሙ ስክሪፕቶችም የሁለት ካሜራል ስክሪፕቶች ይባላሉ። ሌሎች ብዙ የአጻጻፍ ሥርዓቶች በmajuscules እና minuscules መካከል ምንም ልዩነት የላቸውም - ዩኒካሜራል ስክሪፕት ወይም ዩኒኬዝ የሚባል ሥርዓት። ይህ አብዛኛዎቹን የሲላቢክ እና ሌሎች ፊደላት ያልሆኑትን ያካትታል። የጆርጂያ ፊደላት ሁለት ካሜራል ስለነበሩ ልዩ ናቸው, ዛሬ ግን በአብዛኛው ጥቅም ላይ የሚውሉት በዩኒካሜራል መንገድ ነው.",የጆርጂያ
እ.ኤ.አ. በ 1863 በተካሄደው ረቂቅ ሕዝባዊ አመጽ ምን ያህል ሰዎች ሞቱ?,"የዲሞክራቲክ ፓርቲ እጩዎች በቋሚነት ለአካባቢያዊ ቢሮ ተመርጠዋል, ይህም ከተማዋ ከደቡብ እና ከአውራ ፓርቲዋ ጋር ያላትን ግንኙነት አሳድጓል. እ.ኤ.አ. በ1861 ከንቲባ ፈርናንዶ ዉድ ደቡቡ ከተገነጠለ በኋላ ከአልባኒ እና ከዩናይትድ ስቴትስ ነፃነታቸውን እንዲያውጁ ለአልደርመን ጥሪ አቅርበዋል ፣ነገር ግን ያቀረቡት ሀሳብ ተግባራዊ አልሆነም። በአሜሪካ የእርስ በርስ ጦርነት (1861-1865) በአዲስ የውትድርና ግዳጅ ህጎች ላይ ቁጣ 300 ዶላር (በ2016 ከ5,766 ዶላር ጋር የሚመጣጠን) ለመክፈል አቅም ያላቸውን ሀብታም ወንዶች ተተኪ ለመቅጠር፣ ወደ 1863 ረቂቅ ረብሻ አመራ። በጣም የሚታዩት ተሳታፊዎቹ የጎሳ አይሪሽ የስራ መደብ ነበሩ። ሁኔታው ተባብሶ በኒውዮርክ ልሂቃን ላይ ጥቃት ደረሰ፣ በመቀጠልም በጥቁር ኒውዮርክ ነዋሪዎች እና በአይሪሽ ስደተኞች እና በጥቁሮች መካከል ለስራ ጉዳይ በጥቁሮች መካከል ለአስር አመታት ከፍተኛ ፉክክር ከተደረገ በኋላ በጥቁር ኒውዮርክ ነዋሪዎች ላይ ጥቃት ደረሰ። ሁከት ፈጣሪዎች የቀለማት ኦርፋን ጥገኝነት መሬት ላይ ቢያቃጥሉም ከ200 በላይ ህጻናት ግን ከጉዳት ያመለጡ በዋነኛነት የአየርላንድ ስደተኞችን ያቀፈው የኒውዮርክ ከተማ ፖሊስ ዲፓርትመንት ባደረገው ጥረት ነው። እንደ ታሪክ ጸሐፊው ጄምስ ኤም ማክ ፐርሰን (2001) ቢያንስ 120 ሰዎች ተገድለዋል። በአጠቃላይ አስራ አንድ ጥቁሮች በአምስት ቀናት ውስጥ ተገድለዋል፣ እናም አመፁ በመቶዎች የሚቆጠሩ ጥቁሮች ከተማዋን ለቀው ወደ ዊልያምስበርግ፣ ብሩክሊን እና እንዲሁም ወደ ኒው ጀርሲ እንዲሸሹ አስገደዳቸው። በ1865 የጥቁር ህዝብ በማንሃታን ከ10,000 በታች ወድቋል፣ እሱም ለመጨረሻ ጊዜ በ1820 ነበር። የነጮች የስራ መደብ የበላይነቱን መሰረተ። በተለይ በባህር ዳርቻዎች ላይ በጥቁሮች ላይ የሚፈፀመው ጥቃት በመትከያ አካባቢ ከባድ ነበር። በአሜሪካ ታሪክ ውስጥ ከተከሰቱት ህዝባዊ ዓመፆች በጣም አስከፊ ክስተቶች አንዱ ነበር።",120
የትኛው ቡድን ከአውሮፓውያን ያነሰ ነው ተብሎ ተለይቷል?,"ከ17ኛው እስከ19ኛው መቶ ክፍለ ዘመን ባለው ጊዜ ውስጥ በቡድን ውስጥ ያሉ ልዩነቶችን በተመለከተ ህዝባዊ እምነቶች ሲዋሃዱ ስለ እነዚህ ልዩነቶች ሳይንሳዊ ማብራሪያዎች አንድ ምሁር “የዘር ርዕዮተ ዓለም” ብለው የሚጠሩትን ፈጥረዋል። በዚህ ርዕዮተ ዓለም መሠረት፣ ዘሮች ቀዳሚ፣ ተፈጥሯዊ፣ ዘላቂ እና የተለዩ ናቸው። በተጨማሪም አንዳንድ ቡድኖች ቀደም ሲል በተለያዩ ህዝቦች መካከል ያለው ድብልቅ ውጤት ሊሆኑ እንደሚችሉ ተከራክሯል, ነገር ግን ጥንቃቄ የተሞላበት ጥናት የተዋሃዱ ቡድኖችን ለመፍጠር የተዋሃዱ የቀድሞ አባቶችን ዘሮች መለየት ይችላል. በጆርጅ ቡፎን፣ በፔትረስ ካምፐር እና በክሪስቶፍ ሜይንርስ ተከታዩ ተደማጭነት ያላቸው ምደባዎች ሁሉም “ኔግሮስ” ከአውሮፓውያን ያነሱ ተብለው ተፈርጀዋል። በዩናይትድ ስቴትስ ውስጥ የቶማስ ጄፈርሰን የዘር ንድፈ ሃሳቦች ተፅዕኖ ፈጣሪዎች ነበሩ. አፍሪካውያንን በተለይ ከአዕምሮአቸው አንፃር ከነጮች ያነሱ፣ እና ከተፈጥሮ ውጪ በሆነ የወሲብ ፍላጎት የተጨማለቀ አድርገው ይመለከታቸው ነበር፣ ነገር ግን የአሜሪካ ተወላጆች ከነጮች ጋር እኩል መሆናቸውን ገልጿል።",በፔትረስ
ስትራስቦርግ በየትኛው ፓርላማ ውስጥ ኦፊሴላዊ መቀመጫ አለው?,"ስትራስቦርግ (/ ˈstræzbɜːrɡ/፣ የፈረንሳይኛ አጠራር: [stʁaz.buʁ, stʁas.buʁ]፤ አልሳቲያን: ስትሮስቡሪ፤ ጀርመንኛ: ስትራስበርግ፣ [ˈʃtʁaːsbʊɐrɐk]) የአልራዴ-ሎሳን ቻይንኛ ዋና ከተማ ነች። ክልል በምስራቅ ፈረንሳይ እና የአውሮፓ ፓርላማ ኦፊሴላዊ መቀመጫ ነው። ከጀርመን ጋር ድንበር አቅራቢያ የምትገኝ፣ የባስ-ሪን ዲፓርትመንት ዋና ከተማ ናት። ከተማዋ እና የአሌሴስ ክልል በታሪክ አብዛኛው የአለማኒክ ተናጋሪ ነበር፣ ስለዚህም የከተማዋ የጀርመን ስም። እ.ኤ.አ. በ2013 ከተማዋ 275,718 ነዋሪዎች ነበሯት ፣ ዩሮሜትሮፖል ደ ስትራስቦርግ (ታላቁ ስትራስቦርግ) 475,934 ነዋሪዎች ነበሩት እና የስትራስቡርግ አሮንድሴመንት 482,384 ነዋሪዎች ነበሩት። እ.ኤ.አ. በ2012 768,868 ህዝብ ያላት ፣ ስትራስቦርግ ሜትሮፖሊታን አካባቢ (በፈረንሳይ ግዛት ላይ ያለው የሜትሮፖሊታን አካባቢ አካል ብቻ) በፈረንሳይ ዘጠነኛ ትልቁ እና 13% የ ACAL ክልል ነዋሪዎች መኖሪያ ነው። ተሻጋሪው የዩሮ ወረዳ ስትራስቦርግ-ኦርቴናው በ2014 915,000 ነዋሪዎች ነበረው።",የአውሮፓ
ፈሳሽ H2 ምን ዓይነት ምርምር ይጠቀማል?,"እንደ ምላሽ ሰጪ ከመጠቀም በተጨማሪ ኤች
2 በፊዚክስ እና ምህንድስና ሰፊ አፕሊኬሽኖች አሉት። እንደ አቶሚክ ሃይድሮጂን ብየዳ ባሉ ዘዴዎች ውስጥ እንደ መከላከያ ጋዝ ጥቅም ላይ ይውላል. H2 በኤሌክትሪክ ማመንጫዎች ውስጥ በኤሌክትሪክ ኃይል ማመንጫዎች ውስጥ እንደ rotor coolant ጥቅም ላይ ይውላል, ምክንያቱም ከየትኛውም ጋዝ ከፍተኛው የሙቀት መቆጣጠሪያ አለው. ፈሳሽ ኤች 2 ሱፐርኮንዳክቲቭ ጥናቶችን ጨምሮ በcryogenic ምርምር ውስጥ ጥቅም ላይ ይውላል. ምክንያቱም ኤች
2 ከአየር የበለጠ ቀላል ነው፣ ከ1⁄14 የአየር ጥግግት ትንሽ በላይ ያለው፣ በአንድ ወቅት በፊኛ እና በአየር መርከብ ውስጥ እንደ ማንሳት ጋዝ በሰፊው ይሠራበት ነበር።",ሱፐርኮንዳክቲቭ
የትኛው ድረ-ገጽ የአፕልን የባትሪ ህይወት የይገባኛል ጥያቄን የተቸ?,በአብዛኛዎቹ ሞዴሎች ላይ ያለው የማስታወቂያ የባትሪ ዕድሜ ከእውነተኛው ዓለም ሊደረስበት ከሚችለው ሕይወት የተለየ ነው። ለምሳሌ፣ አምስተኛው ትውልድ 30 ጂቢ አይፖድ እስከ14 ሰአታት የሙዚቃ መልሶ ማጫወት ያለው ተብሎ ማስታወቂያ ተሰጥቷል። የMP3.com ዘገባ ይህ በእውነተኛ ህይወት አጠቃቀም ሁኔታዎች ውስጥ ሊሳካ የማይችል መሆኑን ገልጿል፣ የMP3.com ጸሃፊ በአማካይ ከ8 ሰአታት ያነሰ ከiPod አግኝቷል። እ.ኤ.አ. በ2003 የባትሪው ክፍያ ከተገለፀው በላይ ለአጭር ጊዜ እንደቆየ እና ባትሪው ከጊዜ ወደ ጊዜ እየቀነሰ መምጣቱን በመግለጽ በአፕል ላይ የክፍል ክስ ቀርቦ ነበር። ክሶቹ ለግለሰቦች የአሜሪካ ዶላር 50 የሱቅ ክሬዲት ወይም ነፃ የባትሪ ምትክ በማቅረብ እልባት አግኝተዋል።,የMP3.com
ብዙ ሰዎች በDST ደረጃውን የጠበቀ መርሃ ግብር በራሳችን ጠዋት ምን ለማድረግ ከመሞከር የበለጠ ተግባራዊ እንደሆነ ይስማማሉ?,"የእለቱን አቀማመጥ ወይም መርሃ ግብር በተመለከተ የጋራ ስምምነት ብዙ ጥቅሞችን ስለሚሰጥ መደበኛ የDST መርሐግብር ቀደም ብሎ ለመነሳት በሚደረገው ጊዜያዊ ጥረት ላይ በአጠቃላይ ተመርጧል። የማስተባበር ጥቅማጥቅሞች በጣም ትልቅ ከመሆናቸው የተነሳ ብዙ ሰዎች የቴሌቪዥን ስርጭቶችን ወይም የቀን ብርሃንን ለማስተባበር የየራሳቸውን የስራ መርሃ ግብሮች በመቀየር DST ተግባራዊ መሆን አለመሆናቸውን ችላ ይላሉ። DST በአብዛኛው በክረምት ወቅት አይታይም, ምክንያቱም ጥዋት ጠቆር ያለ ነው; ሠራተኞች በፀሐይ ብርሃን የዕረፍት ጊዜ ላይኖራቸው ይችላል፣ እና ልጆች በጨለማ ውስጥ ወደ ትምህርት ቤት መሄድ ያስፈልጋቸው ይሆናል። DST በብዙ የተለያዩ ማህበረሰቦች ላይ ስለሚተገበር ውጤቶቹ እንደ ባህላቸው፣ የብርሃን ደረጃቸው፣ ጂኦግራፊያዊው እና የአየር ሁኔታቸው ላይ በመመስረት በጣም የተለየ ሊሆን ይችላል። ለዚያም ነው ስለ ድርጊቱ ፍፁም ውጤት አጠቃላይ ድምዳሜ ላይ መድረስ ከባድ የሆነው። አንዳንድ አካባቢዎች ለማንኛውም ቀጥተኛ ጥቅማጥቅሞች ሳይሆን ከሌሎች ጋር በማስተባበር ብቻ DST ሊቀበሉ ይችላሉ።",ቀደም ብሎ ለመነሳት
አራቱ የቅድመ ወሊድ ደረጃዎች ምንድ ናቸው?,የማዳኑ ተግባር ቢበዛ በአራት ደረጃዎች ሊከፈል ይችላል፡ አደን መለየት፣ ማጥቃት፣ መያዝ እና በመጨረሻም ፍጆታ። በአዳኝ እና በአዳኝ መካከል ያለው ግንኙነት በተለምዶ ለአዳኙ የሚጠቅም እና የአዳኙን ዝርያ የሚጎዳ ነው። አንዳንድ ጊዜ ግን ቅድመ-ዝንባሌ ለአዳኙ ዝርያዎች ቀጥተኛ ያልሆነ ጥቅም አለው፣ ምንም እንኳን በራሳቸው የተያዙ ግለሰቦች ምንም ጥቅም የላቸውም። ይህ ማለት በእያንዳንዱ ደረጃ ላይ ያሉ አዳኞች እና አዳኝ ዝርያዎች ምግብ ለማግኘት ወይም እንዳይበሉ ያላቸውን ችሎታ ከፍ ለማድረግ በዝግመተ ለውጥ የጦር መሣሪያ ውድድር ውስጥ ይገኛሉ። ይህ መስተጋብር በሁለቱም ቡድኖች ውስጥ ሰፊ ማስተካከያዎችን አድርጓል።,አደን መለየት፣ ማጥቃት፣ መያዝ እና በመጨረሻም ፍጆታ።
በቀለማት ያሸበረቀ ዘረኝነት በምን ሀሳብ ላይ ያደገው?,"በዱከም ዩኒቨርሲቲ የሶሺዮሎጂ ፕሮፌሰር የሆኑት ኤድዋርዶ ቦኒላ-ሲልቫ “ዘረኝነት ከምንም ነገር በላይ የቡድን ሃይል ጉዳይ ነው ብዬ እሟገታለሁ፣ እሱ የበላይ የሆነ የዘር ቡድን (ነጮች) የስርዓት ጥቅሞቹን እና አናሳ ቡድኖችን በመታገል ላይ ነው። የዘር ሁኔታን ለመገልበጥ"" በዚህ አዲስ የቀለም ዕውር ዘረኝነት ውስጥ የሚፈጸሙት የአሠራር ዓይነቶች ረቂቅ፣ ተቋማዊ እና ዘር አይደሉም የሚባሉት ናቸው። ቀለም አይነ ስውር ዘረኝነት በአሜሪካ ውስጥ የዘር ጉዳይ አይደለም በሚለው ሃሳብ ላይ ጎልብቷል። በአብዛኛዎቹ ነጮች የቀለም ዓይነ ሥውርነት እና በቀለማት ያሸበረቀ የእኩልነት ሥርዓት ጸንቶ በመቆየቱ መካከል ተቃርኖዎች አሉ።",በአሜሪካ ውስጥ የዘር ጉዳይ አይደለም
ከተማዋ ለመጀመሪያ ጊዜ ሲቋቋም ስንት ወረዳዎችን ያቀፈች ነበር?,"የፌዴራል ዲስትሪክት በፌዴራል መንግሥት በተሾመ ገዥ አማካይነት ሲመራ፣ በውስጡ ያሉት ማዘጋጃ ቤቶች ራሳቸውን ችለው ራሳቸውን የቻሉ ሲሆኑ፣ ይህ የሥልጣን ጥምርነት በማዘጋጃ ቤቶችና በፌዴራል መንግሥት መካከል ከመቶ ለሚበልጥ ጊዜ ውጥረት ፈጠረ። እ.ኤ.አ. በ1903 ፖርፊዮ ዲያዝ በፌዴራል ዲስትሪክት ውስጥ ያሉትን የማዘጋጃ ቤቶች ስልጣን በእጅጉ ቀንሷል ። በመጨረሻም በታህሳስ 1928 የፌደራል መንግስት ሁሉንም የፌዴራል ዲስትሪክት ማዘጋጃ ቤቶችን ለማጥፋት ወሰነ. በማዘጋጃ ቤቶች ምትክ የፌደራል ዲስትሪክት ወደ አንድ ""ማዕከላዊ መምሪያ"" እና 13 ልዑካን (አውራጃዎች) በፌዴራል ዲስትሪክት መንግስት በቀጥታ የሚተዳደሩ ናቸው. ማዕከላዊ ዲፓርትመንት በሜክሲኮ ሲቲ፣ ታኩባ፣ ታኩባያ እና ሚክኮአክ የቀድሞ ማዘጋጃ ቤቶች የተዋሃደ ነበር።",13
ፓኪስታን ስንት አውራጃዎች አሏት?,"ፑንጃብ (ኡርዱ፣ ፑንጃቢ፡ پنجAB፣ panj-āb፣ “አምስት ውሃዎች”፡ ማዳመጥ (help·info))፣ እንዲሁም ፓንጃብ ተብሎ የተተረጎመ ሲሆን ከፓኪስታን አራቱ ግዛቶች በሕዝብ ብዛት ትልቁ ነው። በ2011 205,344 ስኩዌር ኪሎ ሜትር (79,284 ስኩዌር ማይል) እና 91.379.615 ህዝብ ያላት ሲሆን ይህም ከሀገሪቱ አጠቃላይ ህዝብ 56 በመቶው ይሆናል። የግዛቱ ዋና ከተማ እና ትልቁ ከተማዋ ላሆር ነው። ፑንጃብ በሰሜን ምስራቅ የህንድ ጃሙ እና ካሽሚር ግዛቶች እና በምስራቅ ፑንጃብ እና ራጃስታን ትዋሰናለች። በፓኪስታን በደቡብ ከሲንድ፣ በምዕራብ ከባሎቺስታን እና ከኸይበር ፓክቱንክዋ፣ በሰሜን ኢስላማባድ እና አዛድ ካሽሚር ይዋሰናል።",አራቱ
ለምን ያልተቀላቀለ ዚንክ በግንባታ አፕሊኬሽኖች ውስጥ ጥቅም ላይ አይውልም?,አነስተኛ መጠን ያለው እርሳስ በመጨመር ተመሳሳይ ቅይጥ ወደ ሉሆች በብርድ ይንከባለል። የ 96% ዚንክ እና 4% አልሙኒየም ቅይጥ ለዝቅተኛ የምርት አሂድ አፕሊኬሽኖች ማህተም ሟቾችን ለመስራት ያገለግላል ለዚህም የብረት ሞት በጣም ውድ ይሆናል ። የፊት ለፊት ገፅታዎችን ፣ ጣሪያዎችን ወይም ዚንክን እንደ ብረት ብረት የሚያገለግልባቸው ሌሎች አፕሊኬሽኖች እና እንደ ጥልቅ ስዕል ፣ ጥቅል ቅርፅ ወይም መታጠፍ ፣ የዚንክ alloys ከቲታኒየም እና ከመዳብ ጋር ጥቅም ላይ ይውላሉ ። ለእንደዚህ አይነት የማምረቻ ሂደቶች ያልተቀላቀለ ዚንክ በጣም ተሰባሪ ነው።,በጣም ተሰባሪ
የ PCB አካል የማይሸጥ ከሆነ በምትኩ ምን ጥቅም ላይ ሊውል ይችላል?,"መሸጥ የማይገባቸው ቦታዎች በሽያጭ መከላከያ (የሽያጭ ጭምብል) ሊሸፈኑ ይችላሉ. ዛሬ ጥቅም ላይ ከሚውሉት በጣም ከተለመዱት የሽያጭ መከላከያዎች አንዱ ""LPI"" (ፈሳሽ ፎቶግራፊ የሚሸጥ ጭንብል) ይባላል። ፎቶን የሚነካ ሽፋን በፒደብሊውቢው ገጽ ላይ ይተገበራል, ከዚያም በሽያጭ ጭምብል ምስል ፊልም በኩል ለብርሃን ይጋለጣል, እና በመጨረሻም ያልተጋለጡ ቦታዎች በሚታጠቡበት ቦታ ይዘጋጃሉ. የደረቅ ፊልም መሸጫ ጭንብል ፒደብሊውቢን ለመለጠፍ ወይም ለመቅረጽ ጥቅም ላይ ከሚውለው ደረቅ ፊልም ጋር ተመሳሳይ ነው። በፒደብሊውቢ ወለል ላይ ከተጣበቀ በኋላ ተመስሏል እና እንደ LPI ያድጋል። አንድ ጊዜ የተለመደ ነገር ግን በተለምዶ ጥቅም ላይ የማይውልበት ምክንያት በዝቅተኛ ትክክለኛነት እና ጥራት ያለው የኢፖክሲ ቀለም ማተም ነው። የሽያጭ መከላከያ እንዲሁ ከአካባቢ ጥበቃ ይሰጣል.",በሽያጭ ጭምብል ምስል
ለእስያ አህጉር ህዝቦች እና ለግሪኮች ህዝቦች የጉምሩክ እና የአኗኗር ዘይቤ ግብይቶችን ያፀደቀው ምንድን ነው?,የግሪክ ጥበብ ረጅምና የተለያየ ታሪክ አለው። ግሪኮች ለዕይታ፣ ለሥነ ጽሑፍ እና በትወና ጥበብ አስተዋፅዖ አድርገዋል። በምዕራቡ ዓለም፣ የጥንቷ ግሪክ ጥበብ የሮማውያንን እና በኋላም የዘመናዊውን ምዕራባዊ የጥበብ ቅርስ በመቅረጽ ረገድ ተጽዕኖ ነበረው። በአውሮፓ ህዳሴን ተከትሎ፣ የሰው ልጅ ውበት እና የግሪክ ጥበብ ከፍተኛ የቴክኒክ ደረጃዎች የአውሮፓ አርቲስቶችን ትውልድ አነሳስተዋል። እስከ19ኛው ክፍለ ዘመን ድረስ፣ ከግሪክ የተወሰደው የጥንታዊ ባህል በምዕራቡ ዓለም ጥበብ ውስጥ ትልቅ ሚና ተጫውቷል። በምስራቅ፣ የታላቁ እስክንድር ወረራዎች በግሪክ፣ በመካከለኛው እስያ እና በህንድ ባህሎች መካከል የብዙ መቶ ዓመታት ልውውጥን አስጀምረዋል፣ በዚህም የተነሳ የግሪኮ-ቡድሂስት ጥበብን አስከትሏል፣ ተፅእኖውም እስከጃፓን ደርሷል።,የታላቁ እስክንድር ወረራዎች በግሪክ፣ በመካከለኛው እስያ እና በህንድ ባህሎች መካከል የብዙ መቶ ዓመታት ልውውጥን አስጀምረዋል፣ በዚህም
ዝንቦች እና ሌሎች ምን ዓይነት ነፍሳት በሽታዎችን ያስተላልፋሉ?,ብዙ ነፍሳት በሰዎች እንደ ተባዮች ይቆጠራሉ። በተለምዶ እንደ ተባይ የሚባሉት ነፍሳት ጥገኛ የሆኑትን (ለምሳሌ ቅማል፣ ትኋን)፣ በሽታን የሚያስተላልፉ (ትንኞች፣ ዝንቦች)፣ መዋቅሮችን (ምስጦችን) የሚያበላሹ ወይም የእርሻ ምርቶችን (አንበጣ፣ አረም) የሚያወድሙ ያጠቃልላል። ብዙ ኢንቶሞሎጂስቶች ፀረ ተባይ መድኃኒቶችን ለማምረት ለኩባንያዎች በምርምር ውስጥ እንዳሉት በተለያዩ የተባይ መቆጣጠሪያ ዓይነቶች ውስጥ ይሳተፋሉ ፣ ግን ከጊዜ ወደ ጊዜ በባዮሎጂካል ተባዮች ቁጥጥር ወይም ባዮ መቆጣጠሪያ ዘዴዎች ላይ ጥገኛ ናቸው። ባዮ መቆጣጠሪያ የሌላ አካልን የህዝብ ብዛት ለመቀነስ አንድ አካል ይጠቀማል - ተባዩ - እና የተቀናጀ የተባይ መቆጣጠሪያ ቁልፍ አካል ተደርጎ ይቆጠራል።,(ትንኞች፣
የሜዳ አህያ በአዳኞች ላይ ምን መከላከያ አለው?,አዳኝ እንስሳት አዳኞችን ለማጥቃት ወይም በራሳቸው አዳኞች ላይ ከባድ ጉዳት ለማድረስ ብዙውን ጊዜ የተለመዱትን የማጥቃት ስልቶቻቸውን ይጠቀማሉ። የኤሌክትሪክ ኢል አዳኝን ለመግደል እና እራሱን ለመከላከል ከእንስሳት (አናኮንዳስ፣ ካይማንስ፣ ኢግሬትስ፣ ጃጓር፣ ተራራ አንበሳ፣ ግዙፍ ኦተርተር፣ ሰው፣ ውሾች እና ድመቶች) ለመከላከል ተመሳሳይ የኤሌክትሪክ ፍሰት ይጠቀማል ይህም ከኤሌክትሪክ ኢል ጋር በሚመሳሰሉ ዓሦች ላይ ይበዘብዛል። መጠን; ስለዚህ የኤሌክትሪክ ኢል አዳኞች በበለጸገ አካባቢ ውስጥ ከፍተኛ አዳኝ ሆኖ ይቆያል። ለሌሎች አዳኝ የሚሆን ትንሽ አዳኝ፣ የቤት ድመቷ አስፈሪ ጥርሶቿን እና ጥፍሮቿን በእንስሳት ላይ ትጠቀማለች፣ ይህም ድመትን ቀላል አደን እንድትይዝ ነው። ብዙ አዳኝ ያልሆኑ አዳኝ እንስሳት፣ ለምሳሌ የሜዳ አህያ፣ የሚያጎድል ወይም የሚገድል ጠንካራ ምት ሊሰጡ ይችላሉ፣ ሌሎች ደግሞ በጡንጥ ወይም ቀንድ ያስከፍላሉ።,የሚያጎድል ወይም የሚገድል ጠንካራ ምት ሊሰጡ
አቬኑ X የተቀናበረው በየትኛው ጊዜ ነው?,ኦፍ ብሮድዌይ (በኒው ዮርክ ሲቲ ውስጥ ከ99 እስከ500 መቀመጫ ያላቸው ቲያትሮች) ለነበሩት የሙዚቃ ቲያትር ኦሪጅናል ስራዎች ካፔላ እንደ ብቸኛ ኦርኬስትራ ጥቅም ላይ ውሏል። የመጀመሪያው በጥር 28 ቀን 1994 የተከፈተው አቬኑ ኤክስ ሲሆን ለ77 ትርኢቶች የሮጠ ነው። በፕሌይ ራይትስ አድማስ በጆን ጂለር መጽሐፍ፣ ሙዚቃ እና ግጥሞች በሬይ ሌስሊ ተዘጋጅቷል። ሴራው በ1960ዎቹ በዱ-ዎፕ ቡድን ዘፋኞች ዙሪያ ሲያጠነጥን የዝግጅቱ ውጤት ሙዚቃዊ ዘይቤ በዋናነት ዱ-ዎፕ ነበር።,ሴራው በ1960ዎቹ
የመጀመሪያው ማድራሳ የት ነበር የሚገኘው?,"የመጀመርያው የማድራሳ ትምህርት ተቋም ‹ሳፋ› ተብሎ በሚጠራው ኮረብታ አቅራቢያ በሚገኘው ሐዚድ ብን አርካም ግዛት ውስጥ ነበር ፣ በዚያም ሙሐመድ መምህር ሲሆኑ ተማሪዎቹም የተወሰኑ ተከታዮቹ ነበሩ። "" የተቋቋመው በመዲና ከአል-መስጂድ አን-ነባዊ መስጊድ በስተምስራቅ በኩል ነው። ዑባዳ ቢን ሳሚት በዚያ መምህርነት በሐዚ ሙሐመድ ተሾመ እና ከተማሪዎቹ መካከል።[መጥቀስ] በማድራሳ ሥርዓተ ትምህርት ውስጥ የቁርኣን፣የሐዲስ፣ የፋራዒዝ፣የተጅዊድ፣የዘር ሐረግ፣ድርሳናት ትምህርቶች ነበሩ። የመጀመሪያ እርዳታ ወዘተ... የፈረስ ግልቢያ፣ የጦርነት ጥበብ፣ የእጅ ጽሑፍ እና ካሊግራፊ፣ የአትሌቲክስ እና የማርሻል አርት ስልጠናዎችም ነበሩ። በማድራሳ ላይ የተመሰረተ ትምህርት የመጀመሪያው ክፍል ከ""ናቡዋት"" የመጀመሪያ ቀን ጀምሮ እስከ""ኡማያ"" ኸሊፋነት የመጀመሪያ ክፍል ድረስ ይገመታል.",በሚገኘው ሐዚድ ብን አርካም ግዛት
ከክርስቶስ ልደት በፊት በ775 የመጀመሪያዎቹ የኦሎምፒክ ጨዋታዎች የት ተካሂደዋል?,"ግሪክ የጥንት ኦሊምፒክ ጨዋታዎች የትውልድ ቦታ ናት ፣ በ776 ከክርስቶስ ልደት በፊት በኦሎምፒያ የተመዘገበ፣ እና ዘመናዊውን የኦሎምፒክ ጨዋታዎችን ሁለት ጊዜ ፣ ​​የ 1896 የበጋ ኦሎምፒክ እና የ 2004 የበጋ ኦሎምፒክን አስተናግዳለች። የብሔሮች ሰልፍ ወቅት ግሪክ ሁልጊዜ መጀመሪያ ተብሎ ይጠራል, የዘመናዊው ኦሎምፒክ የጥንት ቀዳሚ መስራች አገር እንደ. ሀገሪቱ በሁሉም የበጋ ኦሊምፒክ ጨዋታዎች ላይ ተሳትፋለች፣ ይህን ካደረጉ አራት ሀገራት አንዷ ናት። በድምሩ 110 ሜዳሊያዎችን (30 ወርቅ፣ 42 ብር እና 38 ነሐስ) በማሸነፍ ግሪክ በወርቅ ሜዳሊያ 32ኛ ደረጃ ላይ ተቀምጣለች። ግሪክ በ10 የወርቅ ሜዳሊያዎች በሜዳሊያ ሠንጠረዥ ሁለተኛ ሆና ያጠናቀቀችው በ1896 የበጋ ኦሊምፒክ ላይ የነበራቸው ምርጥ ብቃት ነው።",ኦሎምፒክ
የማስተላለፊያ መንገዱ ትንሽ ስንት ኪሎ ሜትር በላይ ነበር?,"ታይላንድ፡ ኤፕሪል 18 በባንኮክ የተደረገው ቅብብል የኦሎምፒክ ነበልባል ወደ ታይላንድ ያደረገው የመጀመሪያ ጉብኝት ነበር። ቅብብሎሹ ከ10 ኪ.ሜ በላይ ብቻ የተሸፈነ ሲሆን የባንኮክን ቻይናታውን ያካትታል። ችቦው የተሸከመው የዲሞክራሲ ሀውልት፣ ቺትራላዳ ቤተ መንግስት እና ሌሎች በርካታ የከተማዋ ምልክቶች አልፏል። የግሪን ዎርልድ ፋውንዴሽን (ጂደብሊውኤፍ) ሊቀ መንበር ኤምአር ናሪሳ ቻክራቦንግሴ በቲቤት የቻይናን ድርጊት በመቃወም ከችቦ መክፈቻ ሥነ ሥርዓቱ ራሳቸውን አገለሉ። ከኦሎምፒክ ደጋፊዎች ጋር በርካታ መቶ ተቃዋሚዎች ተገኝተዋል። የታይላንድ ባለስልጣናት የውጭ ተቃዋሚዎችን በቁጥጥር ስር አውለው ወደፊት ወደ ታይላንድ እንዳይገቡ እገዳ ጥለውባቸዋል። የታይላንድ የሰብአዊ መብት ተሟጋች ድርጅቶች ጥምረት በሬዲዮ ቅብብሎሹ ላይ ""ትንሽ ሰልፍ"" እንደሚያዘጋጅ አስታውቋል፣ እና በመቶዎች የሚቆጠሩ ሰዎች የቤጂንግ ደጋፊዎችን በመጋፈጥ በተቃውሞ ሰልፎች ላይ ተሳትፈዋል። የታሰበች ችቦ ተሸካሚ እናት ራጃዎንግሴ ናሪሳራ ቻክራቦንግሴ በቲቤት የቻይናን ድርጊት በመቃወም ቅብብሎሹን ከለከለች። በባንኮክ ተማሪዎች ለመገናኛ ብዙሃን እንደተናገሩት የቻይና ኤምባሲ የትራንስፖርት አገልግሎት እንደሰጣቸው እና እንዲለብሱት ካናቴራ ሰጥቷቸዋል።",ከ10
በደሴቲቱ ላይ ምን ዓይነት በለስ ይበቅላል?,"ሌሎች የማስታወሻ ዛፎች የንጉሣዊው የዘንባባ ዛፎች, የባህር ወይን ዛፎች በባህር ዳርቻዎች ላይ ባሉ ቁጥቋጦዎች መልክ እና ከ5 እስከ7 ሜትር በደሴቲቱ ውስጠኛ ክፍል ውስጥ ከ5 እስከ7 ሜትር ዛፎች, እሬት ወይም እሬት (ከሜዲትራኒያን የተወሰደ), የሌሊቱ የሚያብቡ ሴሬየስ ናቸው. ፣ማሚላሪያ ኒቮሳ ፣ቢጫ ፒር ወይም ባርባሪ በለስ በ1773 የእንግሊዝ ወራሪን ለመከላከል በሽቦ መከላከያ ሆኖ የተከለው ፣የሜክሲኮ ቁልቋል ፣ስታፔሊያ gigantea ፣የወርቅ መለከት ወይም ቢጫ ደወል ከደቡብ አሜሪካ የመጣ ፣ቡጋንቪላ እና ሌሎችም።",ባርባሪ
እንደ ፔው እ.ኤ.አ. በ2010 ከናይጄሪያ ህዝብ ውስጥ ስንት በመቶው ሙስሊም ነበር?,በ2001 ዘ ወርልድ ፋክት ቡክ በሲአይኤ ባወጣው ዘገባ መሰረት ከናይጄሪያ 50% ያህሉ ሙስሊም፣ 40% የሚሆኑት ክርስቲያኖች እና 10% የሚሆኑት የአካባቢ ሀይማኖቶች ናቸው። ነገር ግን በአንዳንድ የቅርብ ጊዜ ዘገባዎች፣ የክርስቲያኑ ሕዝብ አሁን በእይታ ከሙስሊሙ ሕዝብ ይበልጣል። እ.ኤ.አ. በታህሳስ 18 ቀን 2012 በፔው የምርምር ማእከል በሃይማኖት እና በሕዝብ ሕይወት ላይ ያወጣው ዘገባ በ2010 49.3 በመቶው የናይጄሪያ ሕዝብ ክርስቲያን፣ 48.8 በመቶው ሙስሊም፣ እና 1.9 በመቶው የአገሬው ተወላጅ እና የሌላ እምነት ተከታዮች ወይም ግንኙነት የሌላቸው ናቸው። በተጨማሪም የ2010ዎቹ የሃይማኖት መረጃ መዛግብት ማኅበር ቆጠራ እንዳመለከተው ከጠቅላላው ሕዝብ 46.5 በመቶው ክርስቲያን እንደሆነ፣ ከሙስሊሙ ሕዝብ 45.5 በመቶ በመጠኑ እንደሚበልጥ፣ እና 7.7 በመቶው የሌሎች ሃይማኖታዊ ቡድኖች አባላት ናቸው።,48.8 በመቶው
ናስር ምን አይነት አዝማሚያ ለመፍጠር እየሞከረ ነበር?,እ.ኤ.አ. ማርች 30፣ ናስር የሲቪል ነጻነቶችን ወደ ቀድሞ ሁኔታው ​​ለመመለስ፣ የፓርላማ አባላትን ከአስፈጻሚ አካላት የበለጠ ነፃነትን፣ በASU ላይ ዋና መዋቅራዊ ለውጦችን እና መንግስትን ከሙስና እና ብልሹ አካላት የማጽዳት ዘመቻን የሚገልጽ ማኒፌስቶ አወጀ። የህዝብ ህዝበውሳኔ በግንቦት ወር የታቀዱትን እርምጃዎች አጽድቋል፣ እና የ ASU ከፍተኛ ውሳኔ ሰጪ አካል ለሆነው የላዕላይ ስራ አስፈፃሚ ኮሚቴ ምርጫ አካሂዷል። መግለጫው ከፖለቲካ ጭቆና ወደ ሊበራላይዜሽን የተሸጋገረ ትልቅ ለውጥ እንደሚያሳይ ታዛቢዎች ጠቁመዋል።,የህዝብ ህዝበውሳኔ
አረቦች በዋናነት ማንን ያቀፉ ነበር?,"የክልሉ ሙስሊም ህዝብ በዋናነት የኢቤሪያ ተወላጆችን ወደ እስልምና የተቀበሉ (ሙዋላድ ወይም ሙላዲ የሚባሉት) እና በመጠኑም ቤርበሮች እና አረቦች ነበሩ። አረቦች በዋናነት የኦማን መኳንንት ነበሩ; እና በቁጥር ጥቂት ቢሆኑም የህዝቡ ልሂቃን ሆኑ። የበርበር ሰዎች በመጀመሪያ ከሰሜን አፍሪካ ከአትላስ ተራሮች እና ከሪፍ ተራሮች የመጡ እና በመሠረቱ ዘላኖች ነበሩ። በፖርቱጋል ውስጥ የሙስሊም ህዝብ (ወይም ""ሙሮች""), በአንጻራዊ ሁኔታ አነስተኛ ቁጥር ያላቸው, በአልጋርቬ ክልል እና ከታጉስ በስተደቡብ ቆዩ. ዛሬ በፖርቹጋል ቋንቋ የአረብኛ ምንጭ ወደ 800 የሚጠጉ ቃላት አሉ። ሙስሊሞች ከፖርቱጋል የተባረሩት ከጎረቤት ስፔን ከ300 ዓመታት በፊት ነበር ይህም በፖርቱጋል ባህልም ሆነ በቋንቋው የሚንፀባረቀው በአብዛኛው ሴልቲቤሪያ እና ቩልጋር ላቲን ነው።",በዋናነት የኦማን መኳንንት
በኒዮክላሲካል እና ከባሮክ ጋር የበለጠ ትኩረት የተደረገባቸው የትኞቹ ባሕርያት ናቸው?,ከፍተኛ ኒዮክላሲዝም ዓለም አቀፍ እንቅስቃሴ ነበር። ምንም እንኳን የኒዮክላሲካል አርክቴክቸር እንደ ኋለኛው ባሮክ አርክቴክቸር ተመሳሳይ የቃላት አገባብ ቢጠቀምም፣ ከቅርጻ ቅርጾች ይልቅ የእቅድ ባህሪያቱን አፅንዖት ሰጥቷል። ትንበያዎች እና ውድቀቶች እና የብርሃን እና ጥላ ውጤታቸው የበለጠ ጠፍጣፋ ነበር; የቅርጻ ቅርጽ ማስታገሻዎች ጠፍጣፋ እና በፍርግርግ፣ ታብሌቶች ወይም ፓነሎች ውስጥ የመታሰር አዝማሚያ ነበረባቸው። በግልጽ የተገለጹት ግለሰባዊ ባህሪያቶቹ እርስበርስ ከመጠላለፍ ይልቅ ተነጥለው ራሳቸውን የቻሉ እና በራሳቸው የተሟሉ ነበሩ።,ከቅርጻ ቅርጾች ይልቅ የእቅድ ባህሪያቱን አፅንዖት
"በ 1893 የአሜሪካን ድንበር ""ተዘጋ"" ብሎ ያወጀው ማን ነው?","ከ1920 ጀምሮ የገጠር ሜዳ ህዝባቸውን አንድ ሶስተኛውን አጥተዋል። በመቶ ሺህ ስኩዌር ማይል (በርካታ መቶ ሺህ ስኩዌር ኪሎ ሜትር) የታላቁ ሜዳማ ነዋሪዎች በአንድ ስኩዌር ማይል ከ6 ያነሱ ነዋሪዎች አሏቸው (በአንድ ካሬ ኪሎ ሜትር 2.3 ነዋሪዎች)—የ ጥግግት ደረጃ ፍሬድሪክ ጃክሰን ተርነር በ1893 የአሜሪካን ድንበር ""ተዘጋ"" ብሎ ያውጃል። ብዙዎች በካሬ ማይል ከ2 ያነሱ ነዋሪዎች አሏቸው (በስኩዌር ኪሎ ሜትር 0.77 ነዋሪዎች)። በካንሳስ ግዛት ውስጥ ብቻ ከ6,000 የሚበልጡ የሙት ከተማዎች አሉ እንደ ካንሳስ ታሪክ ምሁር ዳንኤል ፍዝጌራልድ። ይህ ችግር ብዙውን ጊዜ የእርሻ ቦታዎችን በማጠናከር እና ዘመናዊ ኢንዱስትሪዎችን ወደ ክልሉ ለመሳብ አስቸጋሪነት ነው. በተጨማሪም፣ እድሜው ለትምህርት ያልደረሰው ህዝብ የት/ቤት ዲስትሪክቶች እንዲዋሃዱ እና በአንዳንድ ማህበረሰቦች የሁለተኛ ደረጃ ትምህርት ቤቶች እንዲዘጉ አስገድዷቸዋል። ቀጣይነት ያለው የህዝብ ብክነት አንዳንዶች በአሁኑ ጊዜ የታላቁ ሜዳ ደርቆቹን አጠቃቀም ዘላቂነት እንደሌለው እንዲጠቁሙ አድርጓቸዋል ፣ እናም ከእነዚህ ውስጥ በግምት 139,000 ካሬ ማይል (360,000 ኪ.ሜ.) ለመመለስ ሀሳብ ቀርቧል - “ቡፋሎ የጋራ” ደረቅ ክፍሎች ወደ ተወላጅ መሬት።",ፍሬድሪክ ጃክሰን ተርነር
የቤት እንስሳ መኖራቸውን የሚያመለክት ህትመት በየትኛው አመት ወጣ ማለት በአረጋውያን ላይ የልብ በሽታ የመያዝ እድልን ይቀንሳል ማለት አይደለም?,"እ.ኤ.አ. በ2005 የወጣ አንድ ወረቀት “የቅርብ ጊዜ ጥናቶች የቤት እንስሳት ባለቤትነት የልብና የደም ቧንቧ በሽታ የመያዝ እድልን መቀነስ ፣ የአጠቃላይ ሀኪም አገልግሎቶች አጠቃቀም መቀነስ ፣ ወይም በማህበረሰብ ውስጥ ለሚኖሩ አረጋውያን በጤና ላይ ማንኛውንም የስነ-ልቦና ወይም የአካል ጥቅሞች ጋር የተቆራኘ መሆኑን ቀደም ሲል የተደረጉ ጥናቶችን መደገፍ አልቻለም። ነገር ግን ከቤት እንስሳት ጋር በሚኖሩ ህጻናት ላይ በሚከሰት ህመም ምክንያት ከትምህርት ቤት መቅረት በእጅጉ ያነሰ መሆኑን አመልክቷል."" በአንድ ጥናት ውስጥ፣ አዲስ አሳዳጊዎች የቤት እንስሳ ከገዙ በኋላ በመጀመሪያው ወር ውስጥ በጥቃቅን የጤና ችግሮች ላይ በከፍተኛ ሁኔታ መቀነሱን ዘግበዋል፣ እና ይህ ውጤት ውሾች ባላቸው ላይ እስከጥናቱ መጨረሻ ድረስ ቀጥሏል።",በ2005 የወጣ
ሩሲያ በሙሉ አመቱን DST ትታ ወደ መደበኛ ሰዓት የተመለሰችው በየትኛው አመት ነው?,እ.ኤ.አ. እቅዱ በክረምቱ ጥዋት ጨለማ ምክንያት ሰፊ ቅሬታዎችን አስነስቷል እናም በ2014 ተትቷል ። ሀገሪቱ ሰዓቷን ወደ ኦክቶበር 26 2014 ወደ መደበኛ ሰዓት ቀይራ - እና በቋሚነት እዚያ ለመቆየት አስባለች።,2014
አየን አሊ ካን እና ማናቭጂት ሲንግ ሳንዱ መቀላቀል እንደሌለበት ምን አሉ?,"በዴሊ ሪሌይ ላይ የወጡ ዘገባዎች በተመሳሳይ መልኩ የተለዩ ነበሩ። ምንም እንኳን የታሰቡት ችቦ ተሸካሚዎች ኪራን ቤዲ፣ሶሃ አሊ ካን፣ ሳቺን ቴንዱልካር እና ብሃይቹንግ ቡቲያ ከዝግጅቱ ራሳቸውን ቢያገለግሉም፣ የሪሌይ ኦፊሴላዊው የቻይና ድረ-ገጽ “የህንድ ችቦ ተሸካሚዎች ለኦሎምፒክ መንፈስ ለመወዳደር ቃል ገብተዋል” ሲል ዘግቧል። , አየን አሊ ካን እና ራጂንደር ሲንግ ራሄሉ ስፖርት እና ፖለቲካ መቀላቀል እንደሌለባቸው ሲገልጹ።",ስፖርት እና ፖለቲካ
የብሪቲሽ-አይሪሽ ካውንስል ምን ይወያያል?,ምክር ቤቱ የአስፈፃሚ ስልጣኖች የሉትም ነገር ግን በየሁለት አመቱ ይሰበሰባል የጋራ ጠቀሜታ ባላቸው ጉዳዮች ላይ ይወያያል። በተመሳሳይም የፓርላማው ምክር ቤት የአባላቱን የጋራ ጉዳዮች በሚመለከት ከሕዝብ የሚመረምር እና የምስክርነት ማስረጃዎችን ይሰበስባል እንጂ የሕግ አውጭነት ስልጣን የለውም። በግኝቶቹ ላይ ሪፖርቶች ለአየርላንድ እና ለእንግሊዝ መንግስታት ቀርበዋል. እ.ኤ.አ. በየካቲት 2008 የብሪቲሽ-አይሪሽ ካውንስል ስብሰባ ለምክር ቤቱ ቋሚ 'ሲቪል ሰርቪስ' የሚያገለግል ቋሚ ሴክሬታሪያት ለማቋቋም ተስማምቷል። በብሪቲሽ-አይሪሽ ካውንስል ውስጥ ካሉት እድገቶች በመነሳት የብሪቲሽ-አይሪሽ ኢንተር-ፓርላማ ምክር ቤት ሊቀመንበር ኒያል ብሌኒ አካሉ የብሪቲሽ-አይሪሽ ካውንስልን ስራ ጥላ እንዲጥል ሀሳብ አቅርበዋል።,የጋራ ጠቀሜታ ባላቸው
ሕያዋን ፍጥረታትን ሁሉ ነፃ ለማውጣት ባለው ተነሳሽነት ላይ እንደተገነባ የተገለጸው መንገድ የትኛው ነው?,የማሃያና ሱትራስ የቦዲሳትቫ መንገድን ለሚከተሉ ሰዎች የተከለለ የቡድሃን ጥልቅ እና የላቀ ትምህርት እንገልፃለን ይላሉ። ያ መንገድ ሁሉንም ህይወት ያላቸው ፍጥረታትን ከደስታ እጦት ነፃ ለማውጣት ባለው ተነሳሽነት ላይ እንደተገነባ ተብራርቷል። ስለዚህም ማህሃና (ሊት. ታላቁ ተሽከርካሪ) የሚለው ስም ነው።,የቦዲሳትቫ መንገድን ለሚከተሉ
የጉባኤው የመጨረሻ ድምጽ መቼ ነበር?,"ሮንካሊ ከምሽቱ 4፡00 ላይ ወደ ስብሰባው የመጨረሻ ድምጽ ተጠራ። ከቀኑ 4፡30 በድምሩ 38 ድምጽ በማግኘት ሊቀ ጳጳስ ሆነው ተመርጠዋል። ከጳጳስ ፒየስ 12ኛ የረዥም ጊዜ ሊቀ ጳጳስ በኋላ፣ ካርዲናሎቹ በእድሜው ምክንያት የሚገመተውን - የአጭር ጊዜ ወይም ""የማቆም ክፍተት"" ጳጳስ የሆነ ሰው መረጡ። በአዲሱ ርዕሰ ሊቃነ ጳጳሳት ብዙም የማይሠራውን እጩ ለመምረጥ ተመኙ። በተመረጡ ጊዜ ካርዲናል ዩጂን ቲሴራንት እንደሚቀበሉ እና እንደዚያ ከሆነ ለራሳቸው ምን ስም እንደሚወስዱ የአምልኮ ሥርዓቶችን ጠየቁት። ሮንካሊ ‹ጆን›ን እንደ ንግሥና ሥሙ ሲመርጥ ካደረጋቸው አስደናቂ ነገሮች የመጀመሪያውን ሰጠ። የሮንካሊ ትክክለኛ ቃላት “ዮሐንስ እባላለሁ” ነበሩ። ይህ ስም ሲመረጥ ይህ ከ500 ዓመታት ውስጥ ለመጀመሪያ ጊዜ ነበር; ቀደምት ሊቃነ ጳጳሳት ከበርካታ መቶ ዓመታት በፊት በምዕራባውያን Schism ጊዜ ከአንቲጳጳስ ዮሐንስ XXIII ጊዜ ጀምሮ ጥቅም ላይ መዋልን አስወግደዋል.",ከምሽቱ 4፡00 ላይ
በኤፕሪል 30 ቀን 2008 ስንት የፍልስጤም ሞት ነበሩ?,"ከንግግሮቹ ውድቀት እና አወዛጋቢ የሊኩድ መሪ ኤሪኤል ሻሮን ወደ መቅደሱ ተራራ ካደረጉት ጉብኝት በኋላ፣ ሁለተኛው ኢንቲፋዳ ተጀመረ። አንዳንድ አስተያየት ሰጪዎች ህዝባዊ አመፁ በያሲር አራፋት አስቀድሞ የታሰበው የሰላም ድርድር በመፍረሱ ነው ሲሉ ይከራከራሉ። ሳሮን በ2001 ልዩ ምርጫ ጠቅላይ ሚኒስትር ሆነች። በስልጣን ዘመናቸው ሳሮን ከጋዛ ሰርጥ በአንድ ወገን የመውጣት እቅዳቸውን ፈፅመዋል እና የእስራኤልን ዌስት ባንክ አጥር በመምራት ኢንቲፋዳ እንዲቆም አድርጓል። በዚህ ጊዜ 1,100 እስራኤላውያን ተገድለዋል፣ በአብዛኛው በአጥፍቶ ጠፊ ፍንዳታ። የፍልስጤም ሞት፣ በኤፕሪል 30፣ 2008፣ በእስራኤል የጸጥታ ሃይሎች የተገደሉት 4,745፣ በእስራኤል ሲቪሎች 44 እና 577 በፍልስጤማውያን ተገድለዋል።","4,745፣"
7 ሚሊዮን ዶላር ጥቅም ላይ የዋለው ለምን ነበር?,እ.ኤ.አ. በ1925 እና 1940 መካከል ፣ የበጎ አድራጎት ፋውንዴሽን በተለይም ከሮክፌለርስ ጋር የተገናኙት የዬል የሰዎች ግንኙነት ተቋም እና ተዛማጅ የየርክ ላብራቶሪዎች ኦፍ ፕራይም ባዮሎጂን ለመደገፍ ወደ 7 ሚሊዮን ዶላር አዋጥተዋል። ገንዘቡ መደበኛ ባልሆነ እና ልቅ በሆነ የሰው ልጅ ምህንድስና ጥረት ውስጥ “የሰውን ልጅ ለማሻሻል” ዓላማ ባደረጉ የፋውንዴሽን ኦፊሰሮች የሚደገፈውን የባህሪ ሳይንስ ምርምር ለማድረግ ነው። በዬል ያሉ የባህሪ ሳይንቲስቶች፣ በፕሬዚዳንት ጀምስ አር አንጄል እና በስነ ልቦና ባለሙያው ሮበርት ኤም.የርክስ የሚመሩት፣ የግብረ-ሥጋዊ እና ማህበራዊ ባህሪን ለመመርመር፣ ከዚያም የመቆጣጠርያ መንገዶችን ለመጠቆም የታቀዱ የምርምር ፕሮግራሞችን በመቅረጽ የመሠረት ትልቅ ቦታ ላይ ገብተዋል። ለምሳሌ፣የርክስ የቺምፓንዚ ወሲባዊ ባህሪን የተተነተነው የሰው ልጅ እድገትን የዝግመተ ለውጥ መሰረት ለማብራት እና የአካል ጉዳተኝነትን ሊያሻሽል የሚችል መረጃ ለመስጠት በማሰብ ነው። በመጨረሻ፣ የባህሪ-ሳይንስ ውጤቶች የሰው-ምህንድስና ገንዘባቸውን ወደ ባዮሎጂካል ሳይንሶች ያዞሩ የመሠረት መኮንኖች ተስፋ አስቆራጭ ናቸው።,የባህሪ ሳይንስ ምርምር
የእውነታው አመለካከት አንዳንዴ ምን ይባላል?,"በጊዜ ላይ ሁለት የተለያዩ አመለካከቶች ብዙ ታዋቂ ፈላስፎችን ይከፋፈላሉ. አንዱ እይታ ጊዜ የአጽናፈ ሰማይ መሠረታዊ መዋቅር አካል ነው, ይህም ክስተቶች በቅደም ተከተል የሚከሰቱበት ልኬት ነው. ሰር አይዛክ ኒውተን ለዚህ እውነተኛ እይታ ተመዝግቧል፣ እና ስለዚህ አንዳንዴ የኒውቶኒያን ጊዜ ተብሎ ይጠራል። ተቃራኒው አመለካከት ጊዜ ክስተቶች እና ነገሮች ""የሚንቀሳቀሱትን"" ወይም ""የሚፈሰውን አካልን"" ምንም አይነት ትክክለኛ ነባር ልኬቶችን አያመለክትም ይልቁንም አእምሮአዊ ፅንሰ-ሀሳብ ነው (ከቦታ እና ከቁጥር ጋር) ሰዎች ክስተቶችን በቅደም ተከተል እና እንዲያወዳድሩ ያስችላቸዋል። ይህ ሁለተኛው አመለካከት በጎትፍሪድ ሌብኒዝ እና አማኑኤል ካንት ወግ ውስጥ ቦታ እና ጊዜ ""በራሳቸው ውስጥ የሉም ነገር ግን ... ነገሮችን የምንወክልበት መንገድ ውጤት ነው"" ይላል, ምክንያቱም እቃዎችን ማወቅ የምንችለው እንደ ብቻ ነው. ይገለጡናል።",የኒውቶኒያን ጊዜ
እንደ ኪርኬጋርድ ገለጻ፣ ለምንድነው እውነታ ለሰው ልጅ ሥርዓት ሊሆን ያልቻለው?,"ኪይርክጋርድ የሄግልን ሃሳባዊ ፍልስፍና በተለያዩ ስራዎቹ በተለይም አጠቃላይ እውነታውን ሊያብራራ የሚችል አጠቃላይ ስርአት እንዳለው ነቅፏል። ሄግል የአለምን አመክንዮአዊ አወቃቀሮችን የመጨረሻ መረዳት የእግዚአብሔርን አእምሮ አመክንዮአዊ መዋቅር መረዳት ነው ብሎ ሲከራከር ኪየርጋርድ ለእግዚአብሔር እውነታው ስርአት ሊሆን ይችላል ነገርግን ለማንም ሰው እንዲህ ሊሆን አይችልም ምክንያቱም እውነታውም ሆነ ሰው ያልተሟሉ እና ሁሉም የፍልስፍና ስርዓቶች ሙሉነትን ያመለክታሉ. አመክንዮአዊ ስርአት ይቻላል ግን የህልውና ስርዓት ግን አይደለም። ""ምክንያታዊው ነገር ትክክለኛ ነው, እና ትክክለኛው ነገር ምክንያታዊ ነው."" የሄግል ፍፁም ሃሳባዊነት በህልውና እና በአስተሳሰብ መካከል ያለውን ልዩነት ያደበዝዛል፡ ሟች ተፈጥሮአችን ስለእውነታው ያለን ግንዛቤ ላይ ገደብ ያደርጋል።",ሰው ያልተሟሉ እና
የሚወርዱ ፊደሎች ከደብዳቤው አማካኝ ቁመት አንፃር የሚወድቅ ክፍል ይኖራቸዋል?,በሥነ-ሥርዓታዊ አነጋገር፣ በመሳፍንት እና በመናናስ መካከል ያለው መሠረታዊ ልዩነት ማጁስኩሎች ትልቅና ትንሽ ትንንሽ መሆናቸው ሳይሆን በአጠቃላይ ሹማምንቱ ቁመት አንድ ዓይነት መሆኑ ነው። አንዳንዶቹ ከአማካይ ከፍ ያለ ወይም ዝቅተኛ ክፍሎች ስላሏቸው የመቀነሱ ቁመት ይለያያል። በታይምስ ኒው ሮማን ለምሳሌ ለ፣ d፣ f፣ h፣ k፣ l፣ t ወደ ላይ የሚወጡ ፊደሎች ሲሆኑ g፣ j፣ p፣q፣ y ዘሮች ያላቸው ናቸው። ከዚህ በተጨማሪ፣ አሁንም በአንዳንድ ባህላዊ ወይም ክላሲካል ቅርጸ-ቁምፊዎች ጥቅም ላይ በሚውሉ የድሮ-ስታይል ቁጥሮች - ምንም እንኳን አብዛኛዎቹ ተለዋጭ የሊኒንግ ምስሎች ስብስብ ቢኖራቸውም - 6 እና 8 ወደ ላይ የሚወጣውን ስብስብ ይመሰርታሉ ፣ እና 3 ፣ 4 ፣ 5 ፣ 7 እና 9 የታችኛው ክፍል። አዘጋጅ.,ከአማካይ ከፍ
በትርጉም በኩል አዳዲስ ሀሳቦችን ማስተዋወቅን የሚገልጽ ኒዮሎጂዝም ምን ነበር?,"የእንግሊዘኛ እና የአውሮፓ ጽሑፎችን ለመተርጎም የተደረገው እንቅስቃሴ የአረብኛ እና የኦቶማን ቱርክ ቋንቋዎችን ቀይሯል, እና አዲስ ቃላት, ቀለል ያሉ አገባቦች እና ቀጥተኛነት ከቀደምት ውዝግቦች የበለጠ ዋጋ ይሰጡ ነበር. በአዲሶቹ ሙያዎች የተማሩ አረቦች እና ቱርኮች እና የዘመናዊው ሲቪል ሰርቪስ ጥርጣሬያቸውን ገልጸዋል ክሪስቶፈር ደ ቤሌይግ ""በዛሬው ጊዜ እምብዛም በማይታይ ነፃነት .... ከአሁን በኋላ በሃይማኖታዊ ትምህርት ቤቶች ውስጥ ባሉ ጽሑፎች ውስጥ ህጋዊ እውቀት አልተተረጎመም, ለ አብዛኛው ክፍል የሚያጠናክር ቃል በቃል ነው። በአለም ላይ በየትኛውም ቦታ ላይ ማንኛውንም የእውቀት ምርትን ያካትታል ማለት ይቻላል። በትርጉም በኩል አዳዲስ ሀሳቦችን መቀላቀልን ከሚያሳዩት ኒዮሎጂስቶች አንዱ “ዳርዊኒያ” ወይም “ዳርዊኒዝም” ነው።",“ዳርዊኒዝም”
የTCM Wineclub ምዝገባዎች ለምን ያህል ጊዜ ይቆያሉ?,"እ.ኤ.አ. በጥቅምት 2015 TCM የቲ.ሲ.ኤም ዊንክሊብ መጀመሩን አስታውቋል፣ በዚህ ውስጥ ከላይትዋይት ጋር በመተባበር የታዋቂ የወይን እርሻዎችን እንደ ታዋቂ ፀሀፊ-ዳይሬክተር-አዘጋጅ ፍራንሲስ ፎርድ ኮፖላ ወይን ፋብሪካ ያሉ የፖስታ ማዘዣ ወይን መስመር ለማቅረብ ችለዋል። ወይኖች በ3 ወር የደንበኝነት ምዝገባዎች ውስጥ ይገኛሉ፣ እና እንደ ቀይ፣ ነጭ ወይም የሁለቱም ድብልቅ ሊመረጡ ይችላሉ። ከተመረጡት ወይኖች፣ TCM ከእያንዳንዱ ጋር እንዲታዩ የሚመከሩ ፊልሞችንም ያካትታል፣ ለምሳሌ እንደ ""እውነተኛ ግሪት"" ወይን፣ ተመሳሳይ ስም ካለው የጆን ዌይን ፊልም ጋር እንዲጣመር።",በ3 ወር
በብርሃን ፍጥነት የሚጓዙ በጠፈር መርከብ ውስጥ ያሉ መርከበኞች በምን ላይ ያለውን ለውጥ አያስተውሉም?,"ጊዜ በታሪክ ከጠፈር ጋር በቅርበት የተሳሰረ ነው፣ ሁለቱ በአንድ ላይ በአንስታይን ልዩ አንፃራዊነት እና አጠቃላይ አንፃራዊነት ወደ ጠፈር ጊዜ ይዋሃዳሉ። በእነዚህ ንድፈ ሐሳቦች መሠረት የጊዜ ፅንሰ-ሀሳብ በተመልካቹ የቦታ ማመሳከሪያ ፍሬም ላይ የተመሰረተ ነው, እናም የሰዎች ግንዛቤ እና እንደ ሰዓቶች ባሉ መሳሪያዎች መለኪያ በአንፃራዊ እንቅስቃሴ ውስጥ ለተመልካቾች የተለየ ነው. ለምሳሌ፣ ሰዓትን የተሸከመ የጠፈር መርከብ በብርሃን ፍጥነት (በጣም ቅርብ በሆነ) በህዋ ላይ የሚበር ከሆነ መርከቧ በተመሳሳይ ፍጥነት የሚጓዙት ነገሮች በሙሉ በተመሳሳይ ፍጥነት ስለሚቀዘቅዙ ሰራተኞቹ በመርከባቸው ላይ ያለው የጊዜ ፍጥነት ለውጥ አያስተውሉም። ፍጥነት (ሰዓቱን, የሰራተኞቹን የአስተሳሰብ ሂደቶች እና የአካሎቻቸውን ተግባራት ጨምሮ). ነገር ግን፣ የጠፈር መንኮራኩሩ ሲበር ለሚመለከት ቋሚ ተመልካች፣ የጠፈር መንኮራኩሩ በሚጓዝበት አቅጣጫ ጠፍጣፋ መስሎ ይታያል እና የመርከቧ ላይ ያለው ሰዓት በጣም በዝግታ የሚንቀሳቀስ ይመስላል።",በመርከባቸው ላይ ያለው የጊዜ ፍጥነት
አናቶሚ፣ ስነ እንስሳት፣ ጂኦግራፊ እና እንደነሱ ያሉ ጥናቶች ምን እንደሆኑ ይቆጠራሉ?,የዚህ ጊዜ ጠቃሚ ትሩፋት በተጨባጭ እውቀቶች ላይ በተለይም በአናቶሚ፣ በሥነ እንስሳት፣ በእጽዋት፣ በማዕድን ጥናት፣ በጂኦግራፊ፣ በሒሳብ እና በሥነ ፈለክ ጥናት፣ የአንዳንድ ሳይንሳዊ ችግሮች አስፈላጊነት በተለይም ከለውጥ ችግር እና መንስኤዎቹ ጋር የተያያዙ ጉዳዮችን ማወቅ; እና ሒሳብን በተፈጥሮ ክስተቶች ላይ መተግበር እና ተጨባጭ ምርምርን የማካሄድ ዘዴያዊ ጠቀሜታ እውቅና መስጠት። በሄለናዊው ዘመን ሊቃውንት በቀደምት የግሪክ አስተሳሰብ የተገነቡትን መርሆች፡ የሂሳብ እና ሆን ተብሎ በተጨባጭ ምርምር፣ በሳይንሳዊ ምርምራቸው ውስጥ በተደጋጋሚ ተጠቅመዋል። ስለዚህም ግልጽ ያልተቋረጡ የተፅዕኖ መስመሮች ከጥንታዊ የግሪክ እና የሄለናዊ ፈላስፋዎች ፣ ወደ መካከለኛው ዘመን ሙስሊም ፈላስፎች እና ሳይንቲስቶች ፣ ወደ አውሮፓ ህዳሴ እና ብርሃን ፣ ወደ ዘመናዊው ዘመን ዓለማዊ ሳይንሶች ይመራሉ ። ምክንያቱም ሆነ ጥያቄ በጥንታዊ ግሪኮች አልተጀመረም፣ ነገር ግን የሶቅራቲክ ዘዴ፣ ከፎርሞች ሃሳብ ጋር፣ በጂኦሜትሪ፣ በሎጂክ እና በተፈጥሮ ሳይንስ ውስጥ ትልቅ እመርታዎችን አድርጓል። በስዋንሲ ዩኒቨርሲቲ የክላሲክስ ፕሮፌሰር የሆኑት ቤንጃሚን ፋርንግተን እንዳሉት፡-,ተጨባጭ ምርምርን
ውሃ የመብራት ጨለማን ለምን ይጨምራል?,"በብርሃን አምፑል ውስጥ ያለው በጣም ትንሽ የውሃ ትነት የመብራት ጨለማን በእጅጉ ይነካል። የውሃ ትነት በሞቃት ክር ውስጥ ወደ ሃይድሮጂን እና ኦክሲጅን ይከፋፈላል. ኦክስጅን የተንግስተን ብረትን ያጠቃል, እና የተንግስተን ኦክሳይድ ቅንጣቶች ወደ መብራቱ ቀዝቃዛ ክፍሎች ይጓዛሉ. የውሃ ትነት ሃይድሮጅን ኦክሳይድን ይቀንሳል, የውሃ ትነት ለውጥ እና ይህን የውሃ ዑደት ይቀጥላል. ከ500,000 መብራቶች በላይ የተከፋፈለው የውሃ ጠብታ እኩል ጨለማን በእጅጉ ይጨምራል። እንደ ዚርኮኒየም ያሉ አነስተኛ መጠን ያላቸው ንጥረ ነገሮች በሚሠራበት ጊዜ ከመብራት አካላት ሊጋግሩ ከሚችሉት ኦክስጅን ጋር ምላሽ ለመስጠት እንደ መብራቱ ውስጥ ይቀመጣሉ።","ኦክስጅን የተንግስተን ብረትን ያጠቃል, እና የተንግስተን ኦክሳይድ ቅንጣቶች ወደ መብራቱ ቀዝቃዛ ክፍሎች ይጓዛሉ."
ከስዊድን ሰፋሪዎች ጋር፣ መጀመሪያ በናሚቢያ ውስጥ የሰፈሩት ሌሎች አገር ሰፋሪዎች የትኞቹ ናቸው?,ከመርከብ ወርደው አካባቢውን ያስሱ የመጀመሪያዎቹ አውሮፓውያን በ1485 የፖርቹጋላዊው መርከበኞች ዲዮጎ ካኦ እና ባርቶሎሜው ዲያስ በ1486 ዓ.ም. አሁንም ክልሉ በፖርቹጋል ዘውድ አልጠየቀም። ነገር ግን፣ ልክ እንደ አብዛኞቹ ከሰሃራ በታች ያሉ አፍሪካ፣ ናሚቢያ በአውሮፓውያን በ19ኛው ክፍለ ዘመን፣ ነጋዴዎች እና ሰፋሪዎች እስከመጡበት ድረስ፣ በዋናነት ከጀርመን እና ከስዊድን ብዙ አልተመረመሩም። በ19 ኛው ክፍለ ዘመን መገባደጃ ላይ የዶርስላንድ ተጓዦች ከትራንስቫል ወደ አንጎላ ሲጓዙ አካባቢውን አቋርጠዋል. አንዳንዶቹ ጉዟቸውን ከመቀጠል ይልቅ ናሚቢያ ሰፍረዋል።,ከጀርመን
የግንኙነት የውሂብ ጎታ ስርዓትን የሚጠቀም የደህንነት መለኪያ ምንድን ነው?,ለሶፍትዌር ማረጋገጫ የማይለዋወጥ ትንተና ቴክኒኮች በጥያቄ ቋንቋዎች ሁኔታ ውስጥም ሊተገበሩ ይችላሉ። በተለይም የ*Abstract ትርጓሜ ማዕቀፍ ለግንኙነት ዳታቤዝ ወደ መጠይቅ ቋንቋዎች መስክ ተዘርግቷል የድምፅ ግምታዊ ቴክኒኮችን ለመደገፍ። የጥያቄ ቋንቋዎች ፍቺ በተጨባጭ በተጨባጭ የውሂብ ጎራ መሠረት ሊስተካከል ይችላል። የግንኙነት ዳታቤዝ ስርዓት ረቂቅ ብዙ አስደሳች አፕሊኬሽኖች አሉት ፣በተለይ ለደህንነት ዓላማዎች ፣እንደ ጥሩ የእህል መዳረሻ ቁጥጥር ፣ የውሃ ምልክት ፣ ወዘተ.,የውሃ ምልክት ፣
ካንት ጊዜን የየትኛው መሠረታዊ አካል አድርጎ አስቦ ነበር?,"አማኑኤል ካንት፣ በንፁህ ምክንያት ሂስ ውስጥ፣ ጊዜን እንደ ቅድሚያ ውስጠ-አእምሮ ገልፆ (ከሌላኛው ቅድሚያ ውስጠ-ህዋው ፣ ቦታ ጋር) የስሜት ልምድን እንድንረዳ ያስችለናል። ከካንት ጋር ፣ ቦታም ሆነ ጊዜ እንደ ንጥረ ነገር አይታሰብም ፣ ግን ይልቁንስ ሁለቱም የስልታዊ የአእምሮ ማዕቀፍ አካላት ናቸው ፣ እሱም የግድ የማንኛውንም ምክንያታዊ ወኪል ልምዶችን ወይም ተመልካቾችን ይመለከታል። ካንት ጊዜን እንደ ረቂቅ ፅንሰ-ሃሳባዊ ማዕቀፍ መሰረታዊ አካል አድርጎ ያስብ ነበር፣ ከቦታ እና ከቁጥር ጋር፣ በውስጥም ሁነቶችን በቅደም ተከተል የምናስቀምጥበት፣ የቆይታ ጊዜያቸውን የምንለካበት እና የነገሮችን እንቅስቃሴ የምናወዳድርበት ነው። በዚህ አተያይ፣ ጊዜ የሚያመለክተው የትኛውንም ዓይነት አካል “የሚፈሰውን፣ ዕቃውን የሚያልፍ” ወይም ለክስተቶች “መያዣ” ነው። የቦታ መለኪያዎች በእቃዎች መካከል ያለውን ስፋት እና ርቀት ለመለካት ጥቅም ላይ ይውላሉ, እና ጊዜያዊ ልኬቶች በክስተቶች መካከል ያለውን ቆይታ እና ቆይታ ለመለካት ጥቅም ላይ ይውላሉ. ጊዜ በካንት እንደ ንፁህ ጽንሰ-ሀሳብ ወይም ምድብ በጣም ንፁህ ንድፍ ሆኖ ተወስኗል።",ንፁህ ጽንሰ-ሀሳብ
ላክቶስ ምንድን ነው?,ላክቶስ ዲካካርዴድ ላክቶስን ወደ ክፍሎቹ ማለትም ግሉኮስ እና ጋላክቶስ የሚከፋፍል ኢንዛይም ነው። ግሉኮስ እና ጋላክቶስ በትናንሽ አንጀት ሊወሰዱ ይችላሉ። በግምት 65 በመቶ የሚሆነው የአዋቂ ህዝብ አነስተኛ መጠን ያለው ላክቶስ ብቻ የሚያመርት ሲሆን ያልተመረቱ ወተት-ተኮር ምግቦችን መመገብ አይችሉም። ይህ በተለምዶ የላክቶስ አለመስማማት በመባል ይታወቃል. የላክቶስ አለመስማማት በዘር ውርስ በስፋት ይለያያል; ከ90 በመቶ በላይ የሚሆኑት የምስራቅ እስያ ተወላጆች የላክቶስ አለመስማማት ናቸው፣ በተቃራኒው 5 በመቶው የሰሜን አውሮፓ ተወላጆች ናቸው።,ዲካካርዴድ ላክቶስን ወደ ክፍሎቹ ማለትም ግሉኮስ
ዛሬ ለብርሃን ኳንተም የተሰጠው ቀላል ስም ማን ነው?,እ.ኤ.አ. በ1900 በማክስ ፕላንክ ለመጀመሪያ ጊዜ የታወቁት ፣ እሱ በመጀመሪያ በትንሹ የኃይል ጭማሪ ፣ ኢ ፣ በጥቁር የሰውነት ጨረር በያዘው ክፍተት ውስጥ ባለው መላምታዊ በኤሌክትሪክ የተሞላ oscillator እና ድግግሞሽ ፣ f ፣ ከተዛመደ የኤሌክትሮማግኔቲክ ሞገድ መካከል ያለው ተመጣጣኝነት ነው። እ.ኤ.አ. በ1905 እሴቱ ኢ ፣ የመላምታዊ oscillator አነስተኛ የኃይል ጭማሪ ፣ በንድፈ-ሀሳብ አንስታይን ከኤሌክትሮማግኔቲክ ሞገድ ኃይል “ኳንተም” ወይም አነስተኛ ንጥረ ነገር ጋር ተቆራኝቷል። የብርሃን ኳንተም በአንዳንድ መልኩ ከኤሌክትሮማግኔቲክ ሞገድ በተቃራኒ እንደ ኤሌክትሪክ ገለልተኛ ቅንጣቢ ባህሪ አሳይቷል። በመጨረሻም ፎቶን ተብሎ ይጠራ ነበር.,ፎቶን
ክርስትና ከሽርክ ጋር ይመሳሰላል የሚለውን ለሙስሊሞች የሚያጠናክር የትኛው ሃይማኖታዊ ጽሑፍ ነው?,"አንድ አምላክ አንድ ብቻ ነው ብለው የሚያምኑ ሰዎች፣ እና አንድ አምላክ በተለያዩ ሃይማኖቶች በተለያዩ ስሞች እንደሚመለክ ሊናገሩ ይችላሉ። ሁሉም ሊቃውንት አውቀውም ይሁን ሳያውቁ በትክክል አንድ አምላክ ያመልኩታል የሚለው አመለካከት በተለይ በሂንዱይዝምና በሲክሂዝም አጽንዖት ተሰጥቶታል። በክርስትና የሥላሴ አስተምህሮ እግዚአብሔርን አንድ አምላክ አድርጎ በሶስት አካላት ይገልፃል። ሥላሴ እግዚአብሔር አብ፣ እግዚአብሔር ወልድ (ኢየሱስ) እና እግዚአብሔር መንፈስ ቅዱስን ያጠቃልላል። የእስልምና መሠረታዊ ጽንሰ ሐሳብ ተውሂድ ነው (“አንድነት” ወይም “ልዩነት” ማለት ነው)። እግዚአብሔር በቁርኣን ውስጥ እንዲህ ተብሎ ተገልጿል፡- ""እርሱ አላህ አንድ ብቻ ነው፤ አላህም ዘላለማዊ ፍፁም ነው፤ አልወለደም አልተወለደምም፤ የሚመስለውም የለም በል።"" ሙስሊሞች የኢየሱስን የሥላሴ እና የመለኮትነት ትምህርት ከሽርክ ጋር በማነፃፀር የክርስትናን አስተምህሮ ይቃወማሉ። በእስልምና እግዚአብሔር ከአስተሳሰብ በላይ ወይም እኩል ነው በምንም መልኩ ከፍጡራኑ አንዱንም አይመስልም። ስለዚህ ሙስሊሞች አዶዎች አይደሉም፣ እናም እግዚአብሔርን በዓይነ ሕሊና እንዲመለከቱት አይጠበቅባቸውም።",በቁርኣን
በብዙ አጋጣሚዎች ከጭፍን ጥላቻ እና ስደት ብቸኛው አማራጭ ምንድን ነው?,"ቶኒ ዴቪስ ሂውማኒዝም (1997) በተሰኘው መጽሐፋቸው እነዚህን ተቺዎች ""ሰብአዊ ፀረ-ሰብአዊነት አራማጆች"" ብሏቸዋል። ፀረ ሰብአዊነትን የሚተቹ፣ በተለይም ዩርገን ሀበርማስ፣ ፀረ-ሰብአዊነት አራማጆች የሰው ልጅ ነፃ አውጪ የሆነውን ሃሳብ አለመፈጸሙን ሊያጎላ ቢችልም የራሳቸው አማራጭ ነፃ አውጪ ፕሮጀክት አያቀርቡም። ሌሎች ልክ እንደ ጀርመናዊው ፈላስፋ ሃይደገር በጥንቶቹ ግሪኮች ሞዴል ራሳቸውን እንደ ሰብአዊነት ይቆጥሩ ነበር፣ነገር ግን ሰብአዊነት በጀርመን ""ዘር"" ላይ ብቻ እና በተለይም በናዚዎች ላይ ብቻ የሚተገበር መስሏቸው እና በዚህም በዴቪስ አነጋገር ፀረ-ሰብአዊ ሰብአዊነት አራማጆች ነበሩ። እንዲህ ዓይነቱ የሃይድገር ሐሳብ ማንበብ ራሱ በጣም አወዛጋቢ ነው; ሄይድገር ስለ ሰብአዊነት በደብዳቤ ላይ የራሱን አመለካከት እና ትችት ያካትታል። ዴቪስ በ20ኛው መቶ ክፍለ ዘመን ከተከሰቱት አሰቃቂ ጦርነቶች በኋላ “እንደ ‘የሰው ዕድል’ ወይም ‘የሰው አስተሳሰብ ድል’ ያሉ ሐረጎችን የሚጎትቱትን ስንፍና እና ጭካኔ በቅጽበት ሳያውቅ መቅረጽ መቻል እንደሌለበት አምኗል። ከኋላቸው"" ""በሰው ምክንያት ስም ያልተፈፀመ ወንጀል ማሰብ ፈጽሞ የማይቻል ነው""ና። ሆኖም ፣ እሱ በመቀጠል ፣ ""በታሪካዊ ሰብአዊነት የተያዘውን መሬት በቀላሉ መተው ብልህነት አይሆንም። አንደኛ ነገር ሰብአዊነት በብዙ አጋጣሚዎች ከትምክህተኝነት እና ከስደት ውጭ ብቸኛው አማራጭ ሆኖ ይቀራል። የመናገር እና የመፃፍ ፣ የመደራጀት እና የዘመቻ ነፃነት። የግለሰብ ወይም የጋራ ጥቅምን መከላከል፣ መቃወም እና አለመታዘዝ፡ እነዚህ ሁሉ ሊገለጹ የሚችሉት በሰብአዊነት አነጋገር ብቻ ነው።",ሰብአዊነት
በሰው ልጅ ዝግመተ ለውጥ ውስጥ ትልቅ ሚና የተጫወተው ኤርትራ ውስጥ የትኛው ቦታ ነው ተብሎ ይታመናል?,በኤርትራ ውስጥ በቡያ፣ በሆሞ ኢሬክተስ እና በጥንታዊው ሆሞ ሳፒየንስ መካከል ሊኖር የሚችለውን ግንኙነት ከሚወክሉ ጥንታዊ ሆሚኒዶች አንዱ በጣሊያን ሳይንቲስቶች ተገኝቷል። ከ1 ሚሊዮን አመት በላይ እድሜ ያለው ይህ በዓይነቱ እጅግ ጥንታዊው የአጥንት ግኝት ነው እና በሆሚኒድስ እና በቀደሙት አናቶሚካል ዘመናዊ ሰዎች መካከል ግንኙነትን ይሰጣል። በኤርትራ ውስጥ ያለው የደናኪል ዲፕሬሽን ክፍል በሰው ልጅ ዝግመተ ለውጥ ረገድም ትልቅ ሚና እንደነበረው ይታመናል፣ እና ከሆሞ ኢሬክተስ ሆሚኒድስ እስከአናቶሚካል ዘመናዊ የሰው ልጅ ሌሎች የዝግመተ ለውጥ አሻራዎችን ሊይዝ ይችላል።,የደናኪል ዲፕሬሽን ክፍል
ከጌለን ጽንሰ-ሀሳቦች ጋር ያልተስማማው የትኛው ታዋቂ አርቲስት ነው?,"በ1500ዎቹ ፓራሴልሰስ ጌለንን በይፋ በመተቸት የመጀመሪያው ሳይሆን አይቀርም። በተጨማሪም በ16 ኛው ክፍለ ዘመን ሳይንቲስት እና አርቲስት ሊዮናርዶ ዳ ቪንቺ ሜታቦሊዝምን ከሚቃጠል ሻማ ጋር አወዳድረው ነበር. ሊዮናርዶ በዚህ ርዕሰ ጉዳይ ላይ ስራዎቹን አላሳተመም, ነገር ግን ለራሱ ማሰብን አልፈራም እና በእርግጠኝነት ከጌለን ጋር አልተስማማም. በመጨረሻም፣ የ16ኛው ክፍለ ዘመን የአንድርያስ ቬሳሊየስ ስራዎች አንዳንድ ጊዜ የዘመናዊ ህክምና አባት ተብለው የሚጠሩት የጌለንን ሃሳቦች ገለበጡ። ከዘመኑ ሚስጢራዊነት እና ሀይማኖት ጋር የተዋሃደ የመበሳት ሀሳብ ተከትሎ አንዳንድ ጊዜ በኒውተን እና ጋሊልዮ መካኒኮች ተቀጣጠለ። እንደ ካርቦን ዳይኦክሳይድ ያሉ በርካታ ጋዞችን ያገኘው ጃን ባፕቲስት ቫን ሄልሞንት የመጀመሪያውን የቁጥር ሙከራ አድርጓል። ሮበርት ቦይል የላቀ ኬሚስትሪ. Sanctorius የሰውነትን ክብደት ለካ። ሐኪም ሄርማን ቦርሃቭ የምግብ መፍጫውን ሂደት ሞዴል አድርጓል. የፊዚዮሎጂ ባለሙያው አልብሬክት ቮን ሃለር በነርቭ እና በጡንቻዎች መካከል ያለውን ልዩነት ሠርተዋል.",ሊዮናርዶ ዳ ቪንቺ
ለ Dell ጨረታ ላለማቅረብ የወሰነው የመጀመሪያው የግል ፍትሃዊነት ድርጅት ምን ነበር?,በማርች 2013 የብላክስቶን ቡድን እና ካርል ኢካን ዴልን ለመግዛት ፍላጎት አሳይተዋል። በኤፕሪል 2013 ብላክስቶን የንግድ ሥራ እያሽቆለቆለ መምጣቱን በመጥቀስ አቅርቦታቸውን አነሱ። እንደ KKR & Co. እና TPG Capital ያሉ ሌሎች የግል ፍትሃዊ ድርጅቶች ለዴል አማራጭ ጨረታዎችን አላቀረቡም፣ ለግል ኮምፒዩተሮች ገበያ እርግጠኛ ያልሆነውን እና የውድድር ጫናዎችን በመጥቀስ “ሰፊው የጨረታ ጦርነት” በጭራሽ እውን ሊሆን አልቻለም። ተንታኞች እንዳሉት ሲልቨር ሌክ የሚያጋጥመው ትልቁ ፈተና ከኢንቨስትመንቱ ትርፍ ለማግኘት “የመውጣት ስትራቴጂ” መፈለግ ነው፣ ይህም ኩባንያው እንደገና ለህዝብ ይፋ ለመሆን አይፒኦ ሲይዝ ነው፣ እና አንዱ አስጠንቅቋል “ነገር ግን ምንም እንኳን ማግኘት ቢችሉም የ25 ቢሊዮን ዶላር የኢንተርፕራይዝ ዋጋ ለዴል፣ ለመውጣት ዓመታት ይወስዳል።,ነው፣ እና አንዱ
ይህንን የመማሪያ መንገድ በሚከተሉ ሰዎች መካከል መደበኛ ያልሆነ መደገፍ ምንን ያካትታል?,መደበኛ ያልሆነ ትምህርት በኢኮኖሚ ትብብር እና ልማት ድርጅት (OECD) ከተገለጹት ሶስት የትምህርት ዓይነቶች አንዱ ነው። መደበኛ ያልሆነ ትምህርት በተለያዩ ቦታዎች ማለትም በቤት፣በስራ እና በየእለቱ መስተጋብር እና በህብረተሰብ አባላት መካከል ባሉ የጋራ ግንኙነቶች ይከሰታል። ለብዙ ተማሪዎች ይህ ቋንቋ መማርን፣ ባህላዊ ደንቦችን እና ስነምግባርን ይጨምራል። ለወጣቶች መደበኛ ያልሆነ ትምህርት በተለያዩ ቦታዎች ለምሳሌ ከትምህርት ቤት ውጭ በወጣት ፕሮግራሞች በማህበረሰብ ማእከላት እና በመገናኛ ብዙሃን ቤተ ሙከራ ውስጥ የሚከሰት ቀጣይ ሂደት ነው።,ፕሮግራሞች በማህበረሰብ ማእከላት እና በመገናኛ ብዙሃን ቤተ
ከኦቶማን ኢምፓየር መጀመሪያ አንስቶ ሁሌም ጥያቄ ውስጥ የነበረው ምንድን ነው?,"የምዕራባውያን የታሪክ ተመራማሪዎች ስለ ኦቶማን ኢምፓየር ማሽቆልቆል መፃፋቸው አስደስቷቸዋል ፣ እናም በዚህ ስም የተረጋጋ እና ያልተከራከረ ፖለቲካ በአንድ ወቅት ይኖር ነበር። ድንበሮቹ እየተስፋፉ እና እየኮማተሩ ነበር ነገር ግን ሁልጊዜ ተለዋዋጭ እና ሁልጊዜም ከመጀመሪያው ጀምሮ በ""ጥያቄ"" ውስጥ ነበሩ። የኦቶማን ኢምፓየር የተፈጠረው ከቀድሞው የሮማ ግዛት ምስራቃዊ ግዛት በኋለኛው የኃይል ውድቀት ምክንያት ነው። በግንቦት 1453 የመጨረሻው የሮማ ንጉሠ ነገሥት በዋና ከተማው በቁስጥንጥንያ አውራ ጎዳናዎች ላይ በኦቶማን ጦር ተጨናንቆ በእጁ በመታገል ሞተ። አሸናፊዎቹ በባልካን አገሮች የቀረውን ግዛት ወረሱ።",ድንበሮቹ
The Sun የተቃወመው የትኛውን አዲስ የሰራተኛ ፖሊሲ ነው?,ጋዜጣው ብሌየርን እና አዲሱን ሌበርን እስከአንድ ወር ድረስ ጥቃት ቢያደርስም አዲሱ የሌበር መሪ ቶኒ ብሌየር በብዙ የፓርላማ አብላጫ ድምፅ ጠቅላይ ሚኒስትር የሆነበት አጠቃላይ ምርጫ ድል ከመደረጉ ስድስት ሳምንታት ቀደም ብሎ መጋቢት 18 ቀን 1997 ፀሀይ ለሌበር ፓርቲ ድጋፉን ቀይራለች። ቀደም ብሎ. የፊት ገፁ አርዕስተ ዜናው THE SUN BACKS BLAIR እና የፊት ገፁ ኤዲቶሪያል ግልፅ እንዳደረገው አሁንም አንዳንድ አዳዲስ የሰራተኛ ፖሊሲዎችን ለምሳሌ ዝቅተኛ ደሞዝ እና የስልጣን ክፍፍልን ቢቃወሙም ብሌየር ይህች ታላቅ ሀገር የምትፈልገው ንጹህ አየር ነው ብለው ያምን ነበር ። . የጆን ሜጀር ወግ አጥባቂዎች “ደክመዋል፣ተከፋፈሉ እና መመራት የለሽ” ነበሩ ተብሏል። ጋዜጣው በአንባቢዎቹ የፖለቲካ አስተሳሰብ ላይ የሚያሳድረውን ተጽእኖ በመገንዘብ የፓርቲያቸውን ገጽታ እና ፖሊሲ በእጅጉ የቀየረው ብሌየር፣ ለተወሰነ ጊዜ ልዩ ቃለ ምልልስ በመስጠት እና አምዶችን በመጻፍ ፍቅራቸውን (እና ሙርዶክን) አቅርበው ነበር።,ዝቅተኛ ደሞዝ እና የስልጣን ክፍፍልን
በቀጥታ የብረት ማስተር ዲስክ ላይ ምን ዓይነት ቁሳቁስ አለ?,"በቪኒየል መዝገቦች ላይ ያለው ""ብርቱካን ፔል"" ተጽእኖ የሚከሰተው በተለበሱ ሻጋታዎች ምክንያት ነው. ትክክለኛውን መስታወት መሰል አጨራረስ ከማድረግ ይልቅ የመዝገቡ ገጽ የብርቱካን ልጣጭ የሚመስል ሸካራነት ይኖረዋል። ይህ ጫጫታ ወደ መዝገብ ውስጥ ያስተዋውቃል, በተለይም በዝቅተኛ ድግግሞሽ ክልል ውስጥ. በቀጥተኛ ብረት ማስተር (ዲኤምኤም) ማስተር ዲስኩ በመዳብ በተሸፈነው ዲስክ ላይ ተቆርጧል, ይህ ደግሞ በዲስክ ላይ ትንሽ ""ብርቱካን ልጣጭ"" ተጽእኖ ይኖረዋል. ይህ “የብርቱካን ልጣጭ” የሚመነጨው በችግኝ ደረጃ ላይ ከመቅረብ ይልቅ ከመምህሩ ነው፣ የጉድጓድ አካላዊ መዛባት ስለሌለ ምንም አይነት መጥፎ ውጤት የለም።",ከመምህሩ
በብሪቲሽ ህንድ የሕግ ሥርዓቱን የሚቆጣጠር ዳኛ ከየት መምጣት ነበረበት?,ሄስቲንግስ የሰላምና የጦርነት ኃይል ተሰጥቶት ነበር። የእንግሊዝ ዳኞች እና ዳኞች የህግ ስርዓቱን ለማስተዳደር ወደ ህንድ ይላካሉ። ጠቅላይ ገዥው እና ምክር ቤቱ ሙሉ የህግ አውጭነት ስልጣን ይኖራቸዋል። ኩባንያው በየሁለት ዓመቱ በሚከፈለው የገንዘብ ልውውጥ በንግድ ላይ ያለውን ምናባዊ ሞኖፖል እንዲይዝ ተፈቅዶለታል እና አነስተኛ መጠን ያላቸውን እቃዎች ወደ ብሪታንያ የመላክ ግዴታ ነበረበት። የአስተዳደር ወጪዎች በኩባንያው መሟላት አለባቸው. ኩባንያው መጀመሪያ ላይ እነዚህን ድንጋጌዎች በደስታ ተቀብሏል፣ ነገር ግን የክፍያው አመታዊ ሸክም ለገንዘቡ ቋሚ ውድቀት አስተዋጽኦ አድርጓል።,ብሪታንያ
ወደ አንቴናዎቹ ዘንግ ቀጥ ብለው ሁለት ሎቦችን የሚያበራው ምንድን ነው?,በብዛት ጥቅም ላይ የዋለው የአንቴና ክፍል ፣ የዲፕሎል አንቴና እንደ ብረት ዘንጎች ወይም ሽቦዎች ያሉ ሁለት የተመጣጠነ ራዲያተሮችን ያቀፈ ነው ፣ ከእያንዳንዱ ማሰራጫ ወይም ተቀባይ ካለው ሚዛናዊ መጋቢ አንድ ጎን ጋር። አግድም ዳይፖል ወደ አንቴና ዘንግ ቀጥ ብሎ በሁለት ሎቦች ውስጥ ይፈስሳል። የግማሽ ሞገድ ዳይፖል በጣም የተለመደው ዓይነት ፣ እያንዳንዳቸው በሩብ የሞገድ ርዝመት ሁለት ኮላይኔር ንጥረ ነገሮች አሉት እና የ 2.15 ዲቢአይ ትርፍ። እንደ ዝቅተኛ ጥቅም አንቴናዎች በተናጥል ጥቅም ላይ የሚውሉ፣ ዲፕሎሎች በጣም በተወሳሰቡ ከፍተኛ የአንቴናዎች ዓይነቶች ውስጥ እንደ ተነዱ ንጥረ ነገሮችም ያገለግላሉ።,አግድም ዳይፖል
የማርሻል አይላንድ ነዋሪዎች በምን አይነት ተሽከርካሪዎች በውሃ ተጓዙ?,ማይክሮኔዥያውያን የማርሻል ደሴቶችን የሰፈሩት በ2ኛው ሺህ ዓመት ከክርስቶስ ልደት በፊት ነው፣ ነገር ግን የዚያን ጊዜ ታሪካዊም ሆነ የቃል ዘገባዎች የሉም። በጊዜ ሂደት፣ የማርሻል ደሴት ሰዎች በባህላዊ ዱላ ቻርቶች በመጠቀም በታንኳ ረጅም የውቅያኖስ ርቀቶችን መጓዝ ተምረዋል።,በታንኳ
ዶሚኒክን እንደ ደስተኛ ጓደኛ ማን ያስታውሰዋል?,"ዶሚኒክ ከእግዚአብሔር ጋር የጠበቀ ዝምድና ለመፈለግ ያደረገው ጥረት ቆራጥ እና የማያቋርጥ ነበር። እሱ እምብዛም አይናገርም, ስለዚህ ትንሽ ውስጣዊ ህይወቱ አይታወቅም. ስለ ጉዳዩ የሚታወቀው በቅርብ ሰዎች ከተጻፉት ዘገባዎች የመጣ ነው። ቅድስት ሴሲሊያ በደስታ፣ በጎ አድራጊ እና ያለማቋረጥ ብርታትን አስታወሰችው። ከበርካታ ሂሳቦች በመነሳት፣ ዘፈን ከዶሚኒክ ታላቅ ደስታዎች አንዱ ይመስላል። ዶሚኒክ እራሱን መገረፍ ይለማመዱ ነበር እና በሌሊት በጸሎት ቤት ውስጥ ብቻውን 'ለድሆች ኃጢአተኞች' ሲጸልይ ራሱን ያጠፋ ነበር። አንድ ነጠላ ልማድ ነበረው, ገንዘብ ለመሸከም ፈቃደኛ አልሆነም, እና ማንም እንዲያገለግለው አልፈቀደም.",ቅድስት ሴሲሊያ
የመጨረሻው መቼ ነው?,"ከኦገስት ጀምሮ፣ ውድድሩ በሜይ ወር አስራ ሁለት ዙር፣ ከፊል ፍፃሜ እና ከዚያም የፍጻሜ ውድድርን በማካተት እንደ የጥሎ ማለፍ ውድድር ይቀጥላል። ባይስ ስርዓት ከደረጃ 9 እና 10 በላይ የሆኑ ክለቦች በኋለኞቹ ደረጃዎች ወደ ውድድር መግባታቸውን ያረጋግጣል። ምንም አይነት ዘር የለም, በእያንዳንዱ ዙር ውስጥ ያሉት እቃዎች በዘፈቀደ ስዕል ይወሰናሉ. ከግማሽ ፍጻሜው በፊት፣ በአቻ ውጤት የሚጠናቀቁ ጨዋታዎች አንድ ጊዜ ብቻ ይደገማሉ። የመጀመሪያዎቹ ስድስት ዙሮች የማጣሪያ ጨዋታዎች ሲሆኑ ነጥቦቹ በክልል ደረጃ ተደራጅተዋል። የሚቀጥሉት ስድስት ዙሮች ሁሉም ክለቦች አንድ አቻ የሚወጡበት ""ትክክለኛ"" ዙሮች ናቸው።",መግባታቸውን
የሚቺጋን ዩኒቨርሲቲ የሰራተኞች ብዛት ስንት ነው?,"የሚቺጋን ዩኒቨርሲቲ የአን አርቦርን ኢኮኖሚ በእጅጉ ይቀርፃል። በህክምና ማእከል ውስጥ 12,000 የሚያህሉትን ጨምሮ ወደ 30,000 የሚጠጉ ሰራተኞችን ይቀጥራል። ሌሎች ቀጣሪዎች በዩኒቨርሲቲው የምርምር እና ልማት ገንዘብ እና በተመራቂዎቹ ወደ አካባቢው ይሳባሉ። ከፍተኛ የቴክኖሎጂ፣ የጤና አገልግሎት እና ባዮቴክኖሎጂ የከተማዋ ኢኮኖሚ ዋና ዋና ክፍሎች ናቸው። በርካታ የሕክምና ቢሮዎች፣ ላቦራቶሪዎች እና ተያያዥ ኩባንያዎች በከተማው ውስጥ ይገኛሉ። እንደ ጄኔራል ሞተርስ እና ቪስተን ያሉ የመኪና አምራቾችም ነዋሪዎችን ቀጥረዋል።","30,000"
ከየትኛው አመት ጀምሮ Late Cubism የተካሄደው?,"የታሪክ ተመራማሪዎች የኩቢዝምን ታሪክ በየደረጃው ከፍለውታል። በአንድ እቅድ ውስጥ፣ የኩቢዝም የመጀመሪያው ምዕራፍ፣ አናሊቲክ ኩቢዝም በመባል የሚታወቀው፣ በጁዋን ግሪስ a posteriori የተፈጠረ ሀረግ፣ ሁለቱም ጽንፈኛ እና ተጽዕኖ ፈጣሪ እንደ አጭር ግን ከፍተኛ ጉልህ የጥበብ እንቅስቃሴ በ1910 እና 1912 በፈረንሳይ። ሁለተኛው ምዕራፍ፣ ሰው ሰራሽ ኩቢዝም፣ የሱሪያሊዝም እንቅስቃሴ ተወዳጅነት እስካገኘበት እስከ1919 አካባቢ ድረስ አስፈላጊ ሆኖ ቆይቷል። እንግሊዛዊው የጥበብ ታሪክ ምሁር ዳግላስ ኩፐር “The Cubist Epoch” በተሰኘው መጽሐፋቸው የኩቢዝምን ሦስት ደረጃዎች ገልጸው ሌላ ዘዴ አቅርበዋል። በኩፐር መሠረት እንቅስቃሴው መጀመሪያ ላይ በፒካሶ እና ብራክ ስቱዲዮዎች ውስጥ በተሠራበት ጊዜ (ከ1906 እስከ1908) “የመጀመሪያ ኩቢዝም” ነበር ። ሁለተኛው ምዕራፍ “ከፍተኛ ኩቢዝም” እየተባለ (ከ1909 እስከ1914) በዚህ ጊዜ ሁዋን ግሪስ እንደ አስፈላጊ ገላጭ ሆኖ ብቅ አለ (ከ1911 በኋላ)። እና በመጨረሻም ኩፐር ""Late Cubism"" (ከ1914 እስከ1921) የኩቢዝም የመጨረሻ ምዕራፍ እንደ አክራሪ የአቫንት ጋርድ እንቅስቃሴ ጠቅሷል። ዳግላስ ኩፐር እነዚህን ቃላት በብሬክ፣ ፒካሶ፣ ግሪስ (ከ1911 ዓ.ም. ጀምሮ) እና ሌገር (በመጠነኛ ደረጃ) ስራዎችን ለመለየት የተጠቀመው ገደብ ሆን ተብሎ የተደረገ የእሴት ውሳኔን ያመለክታል።",(ከ1914 እስከ1921) የኩቢዝም
የግብፅ አርቲስቶች በመቃብር ግድግዳ ላይ ወይም በፓፒረስ ላይ ለመሳል ምን ፈጭተው ነበር?,በጥንቷ ግብፅ አረንጓዴ የመታደስ እና ዳግም መወለድ ምልክት እና በአባይ ወንዝ አመታዊ ጎርፍ ምክንያት የተፈጠሩት ሰብሎች ምልክት ነበር። በመቃብር ግድግዳ ላይ ወይም በፓፒረስ ላይ የግብፃውያን አርቲስቶች በምዕራብ ሲና እና በምሥራቃዊ በረሃ በተመረተው በጥሩ ሁኔታ የተፈጨ ማላቺት ይጠቀሙ ነበር - በንጉሥ ቱታንክማን መቃብር ውስጥ የማላቺት ቀለም ያለው የቀለም ሣጥን ተገኘ። እንዲሁም ብዙም ውድ ያልሆነ አረንጓዴ የምድር ቀለም ወይም ድብልቅ ቢጫ ኦቾር እና ሰማያዊ አዙሪት ይጠቀሙ ነበር። ጨርቆችን በአረንጓዴ ቀለም ለመቀባት በመጀመሪያ ከሳፍሮን በተሰራ ቀለም ቢጫ ቀለሟቸው እና ከዛም ከዋድ ተክል ስር በሰማያዊ ቀለም ቀባ።,ቱታንክማን
የቾፒን እህት ወደ ፓሪስ የሄደው ማን ነው?,"ጤንነቱ ይበልጥ እያሽቆለቆለ ሲሄድ ቾፒን ከእሱ ጋር የቤተሰብ አባል እንዲኖረው ፈለገ። ሰኔ 1849 እህቱ ሉድቪካ ከባለቤቷ እና ከሴት ልጇ ጋር ወደ ፓሪስ መጣች እና በሴፕቴምበር ላይ ከጄን ስተርሊንግ በተሰጠው ብድር ተደግፎ በቦታ ቬንዶም 12 አፓርታማ ወሰደ. ከጥቅምት 15 በኋላ, ሁኔታው ​​​​በከፋ ሁኔታ ተቀየረ. ምንም እንኳን ቪአርዶት ""ሁሉም የፓሪስ ሴቶች በክፍሉ ውስጥ መሳትን እንደ de rigueur አድርገው ይመለከቱት ነበር"" ሲል በስድብ ተናግሯል።",ከባለቤቷ እና ከሴት ልጇ
ኦቲዝም ምንድን ነው?,ኦቲዝም የአእምሮ እድገት ላይ የሚያጋጥም ውስንነት ነው። የዓለም ጤና ድርጅት ከሁለት ዓመት በፊት ባወጣው መረጃ ከ100 ሕጻናት አንዱ ለኦቲዝም የተጋለጠ ነው።የኦቲዝም መንስኤ አካባቢያዊ እና የዘር ችግርን ጨምሮ በርካታ ምክንያቶች እንዳሉት ሳይንሳዊ መረጃዎች ያሳያሉ።,ኦቲዝም የአእምሮ እድገት ላይ የሚያጋጥም ውስንነት ነው። የዓለም ጤና ድርጅት ከሁለት ዓመት በፊት ባወጣው መረጃ ከ100 ሕጻናት አንዱ ለኦቲዝም የተጋለጠ ነው።
የኦቲዝም መንስኤ ምንድን ነው?,ኦቲዝም የአእምሮ እድገት ላይ የሚያጋጥም ውስንነት ነው። የዓለም ጤና ድርጅት ከሁለት ዓመት በፊት ባወጣው መረጃ ከ100 ሕጻናት አንዱ ለኦቲዝም የተጋለጠ ነው።የኦቲዝም መንስኤ አካባቢያዊ እና የዘር ችግርን ጨምሮ በርካታ ምክንያቶች እንዳሉት ሳይንሳዊ መረጃዎች ያሳያሉ።,የኦቲዝም መንስኤ አካባቢያዊ እና የዘር ችግርን ጨምሮ በርካታ ምክንያቶች እንዳሉት ሳይንሳዊ መረጃዎች ያሳያሉ።
የዓለም ጤና ድርጅት ከሁለት ዓመት በፊት ባወጣው መረጃ መሰረት ከ100 ሕጻናት ምን ያክሉ ኦቲዝም አለበት?,ኦቲዝም የአእምሮ እድገት ላይ የሚያጋጥም ውስንነት ነው። የዓለም ጤና ድርጅት ከሁለት ዓመት በፊት ባወጣው መረጃ ከ100 ሕጻናት አንዱ ለኦቲዝም የተጋለጠ ነው።የኦቲዝም መንስኤ አካባቢያዊ እና የዘር ችግርን ጨምሮ በርካታ ምክንያቶች እንዳሉት ሳይንሳዊ መረጃዎች ያሳያሉ።,
ኦቲዝም ያለባቸው ልጆች ባህርይ ምን አይነት ነው?,የኦቲዝም ያለባቸው ልጆች ባህርይ የተለያየ ሲሆን፣ በጊዜ ሒደትም ባህርያቸው ሊቀየር ይችላል። እንዲህ ያለው ሁኔታ ላይ ያሉ ልጆች በተግባቦት እና በማኅበራዊ ግንኙነት መቸገር የሚስተዋልባቸው ሲሆን፣ ሌሎች ደግሞ የተለየ ባህርይ እና ድርጊት ይታይባቸዋል። ለምሳሌ ከአንድ ድርጊት ወደ ሌላው ድርጊት ለመሸጋገር መቸገርን፣ ትኩረት ማጣትን፣ ስሜታዊ መሆንን መጥቀስ ይቻላል።,የኦቲዝም ያለባቸው ልጆች ባህርይ የተለያየ ነው።
ኦቲዝም ያለባቸው ልጆች በተግባቦት እና በማኅበራዊ ግንኙነታቸው ምን ይመስላሉ?,የኦቲዝም ያለባቸው ልጆች ባህርይ የተለያየ ሲሆን፣ በጊዜ ሒደትም ባህርያቸው ሊቀየር ይችላል። እንዲህ ያለው ሁኔታ ላይ ያሉ ልጆች በተግባቦት እና በማኅበራዊ ግንኙነት መቸገር የሚስተዋልባቸው ሲሆን፣ ሌሎች ደግሞ የተለየ ባህርይ እና ድርጊት ይታይባቸዋል። ለምሳሌ ከአንድ ድርጊት ወደ ሌላው ድርጊት ለመሸጋገር መቸገርን፣ ትኩረት ማጣትን፣ ስሜታዊ መሆንን መጥቀስ ይቻላል።,የኦቲዝም ያለባቸው ልጆች ባህርይ የተለያየ ሲሆን፣ በጊዜ ሒደትም ባህርያቸው ሊቀየር ይችላል። እንዲህ ያለው ሁኔታ ላይ ያሉ ልጆች በተግባቦት እና በማኅበራዊ ግንኙነት መቸገር ይስተዋልባቸዋል።
ኦቲዝም ያለባቸው ሰዎች ራሳቸውን ችለው መኖር የሚችሉ ናቸውን?,አንዳንድ ኦቲዝም ያለባቸው ሰዎች ራሳቸውን ችለው መኖር የሚችሉ ሲሆን፣ ሌሎች ደግሞ የዕድሜ ልክ ድጋፍ እና እንክብካቤ ያስፈልጋቸዋል።,አው። አንዳንድ ኦቲዝም ያለባቸው ሰዎች ራሳቸውን ችለው መኖር የሚችሉ ሲሆን፣ ሌሎች ደግሞ የዕድሜ ልክ ድጋፍ እና እንክብካቤ ያስፈልጋቸዋል።
የኦቲዝም ተጠቂዎች አድልዎ እና መገለል ይደርስባቸዋል ወይ?,የኦቲዝም ተጠቂዎችን ጨምሮ ሁሉም ሰው አካላዊ እና አእምሯዊ ጤናው የመጠበቅ መብት ቢኖረውም፣ የኦቲዝም ተጠቂዎች ለአድልዎ እና መገለል እንደሚዳረጉ እና መሠረታዊ የሆኑ የጤና፣ የትምህርት እና በማኅበረሰብ ውስጥ የመሳተፍ ዕድሎችን እንደሚነፈጉ ዓለም አቀፉ ተቋም ጠቅሷል።,አው። የኦቲዝም ተጠቂዎችን ጨምሮ ሁሉም ሰው አካላዊ እና አእምሯዊ ጤናው የመጠበቅ መብት ቢኖረውም፣ የኦቲዝም ተጠቂዎች ለአድልዎ እና መገለል እንደሚዳረጉ እና መሠረታዊ የሆኑ የጤና፣ የትምህርት እና በማኅበረሰብ ውስጥ የመሳተፍ ዕድሎችን እንደሚነፈጉ ዓለም አቀፉ ተቋም ጠቅሷል።
 በአማራ ክልል ስንት የኦቲዝም ማዕከል አለ?,እንደ ኢማን ከሆነ በአማራ ክልል ሌላ የኦቲዝም ማዕከል የለም። በመሆኑም የእርሷ ትምህርት ቤት መከፈቱን የሰሙ ወላጆች ከሩቅ አካባቢ ሳይቀር ወደ ደሴ ልጆቻቸውን ይዘው መምጣት ጀምረዋል።,እንደ ኢማን ከሆነ በአማራ ክልል ሌላ የኦቲዝም ማዕከል የለም።
የአክታ ምርመራ ለምንድን ነው የሚያስፈልገው?,ዶክተርዎ ከሳንባዎችዎ የሚያስሉትን አክታ (“አክታ”) የተወሰነውን መውሰድ ይፈልጋል። ቤተ ሙከራው አክታውን ለሳንባ ነቀርሳ (TB) ተዋህሲያን ይመረምራል። የ TB በሽታ እንዳለብዎት ለማወቅ አክታዎን መመርመር ምርጡ መንገድ ነው። ለ TB አሁን ላይ መድሀኒት እየወሰዱ ከሆነ፣ መድሀኒቱ እየሰራ መሆኑን ለመናገር አክታዎን መመርመር ምርጡ መንገድ ነው። ምርመራው ትክክለኛ መሆኑን እርግጠኛ ለመሆን፣ አክታዎን ከውስጥ ከሳንባዎ በማሳል ማውጣት አለብዎት። ከሳንባዎ የሚወጣ አክታ ብዙ ጊዜ ወፍራም እና ዝልግልግ ነው። ምራቅ ከአፍዎ ሲወጣ ውሀ አዘል እና ቀጭን ነው። ምራቅ አይውሰዱ።,ለ TB አሁን ላይ መድሀኒት እየወሰዱ ከሆነ፣ መድሀኒቱ እየሰራ መሆኑን ለመናገር አክታዎን መመርመር ምርጡ መንገድ ነው።
 ከሳንባዎ የሚወጣ አክታ ምን አይነት ነው?,ዶክተርዎ ከሳንባዎችዎ የሚያስሉትን አክታ (“አክታ”) የተወሰነውን መውሰድ ይፈልጋል። ቤተ ሙከራው አክታውን ለሳንባ ነቀርሳ (TB) ተዋህሲያን ይመረምራል። የ TB በሽታ እንዳለብዎት ለማወቅ አክታዎን መመርመር ምርጡ መንገድ ነው። ለ TB አሁን ላይ መድሀኒት እየወሰዱ ከሆነ፣ መድሀኒቱ እየሰራ መሆኑን ለመናገር አክታዎን መመርመር ምርጡ መንገድ ነው። ምርመራው ትክክለኛ መሆኑን እርግጠኛ ለመሆን፣ አክታዎን ከውስጥ ከሳንባዎ በማሳል ማውጣት አለብዎት። ከሳንባዎ የሚወጣ አክታ ብዙ ጊዜ ወፍራም እና ዝልግልግ ነው። ምራቅ ከአፍዎ ሲወጣ ውሀ አዘል እና ቀጭን ነው። ምራቅ አይውሰዱ።,ከሳንባዎ የሚወጣ አክታ ብዙ ጊዜ ወፍራም እና ዝልግልግ ነው። 
አክታን በሳል ማውጣት ካልቻሉ እንዴት መውሰድ ይቻላል?,አክታን በሳል ማውጣት ካልቻሉ፣ ከሙቅ ሻወር ወይም ጀበና ላይ ካለ የሚፈላ ውሀ እንፋሎት ለመተንፈስ ይሞክሩ።,አክታን በሳል ማውጣት ካልቻሉ፣ ከሙቅ ሻወር ወይም ጀበና ላይ ካለ የሚፈላ ውሀ እንፋሎት ለመተንፈስ ይሞክሩ።
የአክታ ናሙና እንዴት ይሰበስባሉ,"ዶክተርዎ ወይም ነርስዎ አክታውን እንዲወስዱበት ልዩ የፕላስቲክ ሲኒ ይሰጡዎታል። የሚከተሉትን ደረጃዎች በጥንቃቄ ይከተሉ፦ሲኒው በጣም ንጹህ ነው። ለመጠቀም ዝግጁ እስካልሆኑ ድረስ አይክፈቱት።  በጠዋት ወዲያው እንደተነሱ (ምንም ነገር ከመብላትዎ ወይም ከመጠጣትዎ በፊት)፣ ጥርስዎን ይቦርሹ እና አፍዎን በውሃ 
ይጉመጥሞጡ። የአፍ መጉመጥመጫ አይጠቀሙ።",ዶክተርዎ ወይም ነርስዎ አክታውን እንዲወስዱበት ልዩ የፕላስቲክ ሲኒ ይሰጡዎታል። የሚከተሉትን ደረጃዎች በጥንቃቄ ይከተሉ፦ሲኒው በጣም ንጹህ ነው። ለመጠቀም ዝግጁ እስካልሆኑ ድረስ አይክፈቱት። 
ኮሮና ቫይረስ ምንድነው?,ኮሮናቫይረስ (ወይም ኮቪድ-19) ተብሎ የሚጠራው፣ በመተንፈሻ አካላት ላይ ጉዳት የሚያደርስ ተላላፊ በሽታ ነው። ይህ ቫይረስ በዋነኝነት በሳል፣ በአስነጠስ ወይም በንግግር ወቅት ከታመመ ሰው በሚወጡ ጥቃቅን የፈሳሽ ጠብታዎች አማካኝነት ከአንድ ሰው ወደ ሌላ ሰው ይተላለፋል። ዋና ዋና ምልክቶቹም ትኩሳት፣ ደረቅ ሳል፣ የትንፋሽ ማጠር እና የሰውነት ድካም ሲሆኑ፣ አንዳንዴም የመቅመስ ወይም የማሽተት ስሜት ማጣትን ሊያስከትል ይችላል። ራስን ከዚህ በሽታ ለመከላከል እጅን በሳሙናና በውሃ መታጠብ፣ ማህበራዊ ርቀትን መጠበቅ፣ በሰዎች መካከል በሚሆኑበት ጊዜ የአፍና አፍንጫ መሸፈኛ ጭምብል ማድረግ እና የመከላከያ ክትባቶችን መውሰድ እጅግ አስፈላጊ ነው።,ኮሮናቫይረስ በመተንፈሻ አካላት ላይ ተጽዕኖ የሚያሳድር ቫይረስ ነው።
ኮሮና ቫይረስ እንዴት ይተላለፋል?,ኮሮናቫይረስ (ወይም ኮቪድ-19) ተብሎ የሚጠራው፣ በመተንፈሻ አካላት ላይ ጉዳት የሚያደርስ ተላላፊ በሽታ ነው። ይህ ቫይረስ በዋነኝነት በሳል፣ በአስነጠስ ወይም በንግግር ወቅት ከታመመ ሰው በሚወጡ ጥቃቅን የፈሳሽ ጠብታዎች አማካኝነት ከአንድ ሰው ወደ ሌላ ሰው ይተላለፋል። ዋና ዋና ምልክቶቹም ትኩሳት፣ ደረቅ ሳል፣ የትንፋሽ ማጠር እና የሰውነት ድካም ሲሆኑ፣ አንዳንዴም የመቅመስ ወይም የማሽተት ስሜት ማጣትን ሊያስከትል ይችላል። ራስን ከዚህ በሽታ ለመከላከል እጅን በሳሙናና በውሃ መታጠብ፣ ማህበራዊ ርቀትን መጠበቅ፣ በሰዎች መካከል በሚሆኑበት ጊዜ የአፍና አፍንጫ መሸፈኛ ጭምብል ማድረግ እና የመከላከያ ክትባቶችን መውሰድ እጅግ አስፈላጊ ነው።,በዋነኝነት የሚተላለፈው በበሽታው የተያዘ ሰው ሲያስል ወይም ሲያስነጥስ በነጠብጣብ ነው።
ኮሮና ቫይረስ መከላከያ መንገዶች ምንድናቸው?,ኮሮናቫይረስ (ወይም ኮቪድ-19) ተብሎ የሚጠራው፣ በመተንፈሻ አካላት ላይ ጉዳት የሚያደርስ ተላላፊ በሽታ ነው። ይህ ቫይረስ በዋነኝነት በሳል፣ በአስነጠስ ወይም በንግግር ወቅት ከታመመ ሰው በሚወጡ ጥቃቅን የፈሳሽ ጠብታዎች አማካኝነት ከአንድ ሰው ወደ ሌላ ሰው ይተላለፋል። ዋና ዋና ምልክቶቹም ትኩሳት፣ ደረቅ ሳል፣ የትንፋሽ ማጠር እና የሰውነት ድካም ሲሆኑ፣ አንዳንዴም የመቅመስ ወይም የማሽተት ስሜት ማጣትን ሊያስከትል ይችላል። ራስን ከዚህ በሽታ ለመከላከል እጅን በሳሙናና በውሃ መታጠብ፣ ማህበራዊ ርቀትን መጠበቅ፣ በሰዎች መካከል በሚሆኑበት ጊዜ የአፍና አፍንጫ መሸፈኛ ጭምብል ማድረግ እና የመከላከያ ክትባቶችን መውሰድ እጅግ አስፈላጊ ነው።,እጅን አዘውትሮ መታጠብ፣ ጭምብል ማድረግ እና ማህበራዊ ርቀትን መጠበቅ።
በኮሮና ቫይረስ ምን ምልክቶች አሉ?,ኮሮናቫይረስ (ወይም ኮቪድ-19) ተብሎ የሚጠራው፣ በመተንፈሻ አካላት ላይ ጉዳት የሚያደርስ ተላላፊ በሽታ ነው። ይህ ቫይረስ በዋነኝነት በሳል፣ በአስነጠስ ወይም በንግግር ወቅት ከታመመ ሰው በሚወጡ ጥቃቅን የፈሳሽ ጠብታዎች አማካኝነት ከአንድ ሰው ወደ ሌላ ሰው ይተላለፋል። ዋና ዋና ምልክቶቹም ትኩሳት፣ ደረቅ ሳል፣ የትንፋሽ ማጠር እና የሰውነት ድካም ሲሆኑ፣ አንዳንዴም የመቅመስ ወይም የማሽተት ስሜት ማጣትን ሊያስከትል ይችላል። ራስን ከዚህ በሽታ ለመከላከል እጅን በሳሙናና በውሃ መታጠብ፣ ማህበራዊ ርቀትን መጠበቅ፣ በሰዎች መካከል በሚሆኑበት ጊዜ የአፍና አፍንጫ መሸፈኛ ጭምብል ማድረግ እና የመከላከያ ክትባቶችን መውሰድ እጅግ አስፈላጊ ነው።,"ትኩሳት, ሳል እና የመተንፈስ ችግር."
ኮሮና ቫይረስ ከሌሎች ቫይረሶች ምን ያህል ይለያል?,ኮሮናቫይረስ (ወይም ኮቪድ-19) ተብሎ የሚጠራው፣ በመተንፈሻ አካላት ላይ ጉዳት የሚያደርስ ተላላፊ በሽታ ነው። ይህ ቫይረስ በዋነኝነት በሳል፣ በአስነጠስ ወይም በንግግር ወቅት ከታመመ ሰው በሚወጡ ጥቃቅን የፈሳሽ ጠብታዎች አማካኝነት ከአንድ ሰው ወደ ሌላ ሰው ይተላለፋል። ዋና ዋና ምልክቶቹም ትኩሳት፣ ደረቅ ሳል፣ የትንፋሽ ማጠር እና የሰውነት ድካም ሲሆኑ፣ አንዳንዴም የመቅመስ ወይም የማሽተት ስሜት ማጣትን ሊያስከትል ይችላል። ራስን ከዚህ በሽታ ለመከላከል እጅን በሳሙናና በውሃ መታጠብ፣ ማህበራዊ ርቀትን መጠበቅ፣ በሰዎች መካከል በሚሆኑበት ጊዜ የአፍና አፍንጫ መሸፈኛ ጭምብል ማድረግ እና የመከላከያ ክትባቶችን መውሰድ እጅግ አስፈላጊ ነው።,ኮቪድ-19 በቀላሉ ይሰራጫል እና ከተለመደው ጉንፋን የበለጠ ከባድ ሊሆን ይችላል።
ኮሮና ቫይረስ በማን ላይ ይጥቃል?,ኮሮናቫይረስ (ወይም ኮቪድ-19) ተብሎ የሚጠራው፣ በመተንፈሻ አካላት ላይ ጉዳት የሚያደርስ ተላላፊ በሽታ ነው። ይህ ቫይረስ በዋነኝነት በሳል፣ በአስነጠስ ወይም በንግግር ወቅት ከታመመ ሰው በሚወጡ ጥቃቅን የፈሳሽ ጠብታዎች አማካኝነት ከአንድ ሰው ወደ ሌላ ሰው ይተላለፋል። ዋና ዋና ምልክቶቹም ትኩሳት፣ ደረቅ ሳል፣ የትንፋሽ ማጠር እና የሰውነት ድካም ሲሆኑ፣ አንዳንዴም የመቅመስ ወይም የማሽተት ስሜት ማጣትን ሊያስከትል ይችላል። ራስን ከዚህ በሽታ ለመከላከል እጅን በሳሙናና በውሃ መታጠብ፣ ማህበራዊ ርቀትን መጠበቅ፣ በሰዎች መካከል በሚሆኑበት ጊዜ የአፍና አፍንጫ መሸፈኛ ጭምብል ማድረግ እና የመከላከያ ክትባቶችን መውሰድ እጅግ አስፈላጊ ነው።,It mostly affects the elderly and those with underlying conditions.
ኮሮና ቫይረስ በመንገድ የሚተላለፍ ነው?,ኮሮናቫይረስ (ወይም ኮቪድ-19) ተብሎ የሚጠራው፣ በመተንፈሻ አካላት ላይ ጉዳት የሚያደርስ ተላላፊ በሽታ ነው። ይህ ቫይረስ በዋነኝነት በሳል፣ በአስነጠስ ወይም በንግግር ወቅት ከታመመ ሰው በሚወጡ ጥቃቅን የፈሳሽ ጠብታዎች አማካኝነት ከአንድ ሰው ወደ ሌላ ሰው ይተላለፋል። ዋና ዋና ምልክቶቹም ትኩሳት፣ ደረቅ ሳል፣ የትንፋሽ ማጠር እና የሰውነት ድካም ሲሆኑ፣ አንዳንዴም የመቅመስ ወይም የማሽተት ስሜት ማጣትን ሊያስከትል ይችላል። ራስን ከዚህ በሽታ ለመከላከል እጅን በሳሙናና በውሃ መታጠብ፣ ማህበራዊ ርቀትን መጠበቅ፣ በሰዎች መካከል በሚሆኑበት ጊዜ የአፍና አፍንጫ መሸፈኛ ጭምብል ማድረግ እና የመከላከያ ክትባቶችን መውሰድ እጅግ አስፈላጊ ነው።,አዎ፣ በተለይ በተጨናነቁ ቦታዎች እና በተዘጉ ቦታዎች።
ኮሮና ቫይረስ ለልጆች አደጋ ነው?,ኮሮናቫይረስ (ወይም ኮቪድ-19) ተብሎ የሚጠራው፣ በመተንፈሻ አካላት ላይ ጉዳት የሚያደርስ ተላላፊ በሽታ ነው። ይህ ቫይረስ በዋነኝነት በሳል፣ በአስነጠስ ወይም በንግግር ወቅት ከታመመ ሰው በሚወጡ ጥቃቅን የፈሳሽ ጠብታዎች አማካኝነት ከአንድ ሰው ወደ ሌላ ሰው ይተላለፋል። ዋና ዋና ምልክቶቹም ትኩሳት፣ ደረቅ ሳል፣ የትንፋሽ ማጠር እና የሰውነት ድካም ሲሆኑ፣ አንዳንዴም የመቅመስ ወይም የማሽተት ስሜት ማጣትን ሊያስከትል ይችላል። ራስን ከዚህ በሽታ ለመከላከል እጅን በሳሙናና በውሃ መታጠብ፣ ማህበራዊ ርቀትን መጠበቅ፣ በሰዎች መካከል በሚሆኑበት ጊዜ የአፍና አፍንጫ መሸፈኛ ጭምብል ማድረግ እና የመከላከያ ክትባቶችን መውሰድ እጅግ አስፈላጊ ነው።,"ልጆች ሊያዙ ይችላሉ, ነገር ግን ብዙውን ጊዜ ቀለል ያሉ ምልክቶች አሏቸው."
በኮሮና ቫይረስ የተያዘ ሰው ምን ያህል ቀን ሊያካትት ይችላል?,ኮሮናቫይረስ (ወይም ኮቪድ-19) ተብሎ የሚጠራው፣ በመተንፈሻ አካላት ላይ ጉዳት የሚያደርስ ተላላፊ በሽታ ነው። ይህ ቫይረስ በዋነኝነት በሳል፣ በአስነጠስ ወይም በንግግር ወቅት ከታመመ ሰው በሚወጡ ጥቃቅን የፈሳሽ ጠብታዎች አማካኝነት ከአንድ ሰው ወደ ሌላ ሰው ይተላለፋል። ዋና ዋና ምልክቶቹም ትኩሳት፣ ደረቅ ሳል፣ የትንፋሽ ማጠር እና የሰውነት ድካም ሲሆኑ፣ አንዳንዴም የመቅመስ ወይም የማሽተት ስሜት ማጣትን ሊያስከትል ይችላል። ራስን ከዚህ በሽታ ለመከላከል እጅን በሳሙናና በውሃ መታጠብ፣ ማህበራዊ ርቀትን መጠበቅ፣ በሰዎች መካከል በሚሆኑበት ጊዜ የአፍና አፍንጫ መሸፈኛ ጭምብል ማድረግ እና የመከላከያ ክትባቶችን መውሰድ እጅግ አስፈላጊ ነው።,"ወደ 14 ቀናት አካባቢ, ግን ይለያያል."
ኮሮና ቫይረስ መድኃኒት አለው?,ኮሮናቫይረስ (ወይም ኮቪድ-19) ተብሎ የሚጠራው፣ በመተንፈሻ አካላት ላይ ጉዳት የሚያደርስ ተላላፊ በሽታ ነው። ይህ ቫይረስ በዋነኝነት በሳል፣ በአስነጠስ ወይም በንግግር ወቅት ከታመመ ሰው በሚወጡ ጥቃቅን የፈሳሽ ጠብታዎች አማካኝነት ከአንድ ሰው ወደ ሌላ ሰው ይተላለፋል። ዋና ዋና ምልክቶቹም ትኩሳት፣ ደረቅ ሳል፣ የትንፋሽ ማጠር እና የሰውነት ድካም ሲሆኑ፣ አንዳንዴም የመቅመስ ወይም የማሽተት ስሜት ማጣትን ሊያስከትል ይችላል። ራስን ከዚህ በሽታ ለመከላከል እጅን በሳሙናና በውሃ መታጠብ፣ ማህበራዊ ርቀትን መጠበቅ፣ በሰዎች መካከል በሚሆኑበት ጊዜ የአፍና አፍንጫ መሸፈኛ ጭምብል ማድረግ እና የመከላከያ ክትባቶችን መውሰድ እጅግ አስፈላጊ ነው።,"ምንም የተለየ ፈውስ የለም, ነገር ግን ደጋፊ ህክምናዎች ለማገገም ይረዳሉ."
ኮሮና ቫይረስ እንዴት እንደምታወቀው እንደታመመ እንዴት እንደሚታወቅ?,ኮሮናቫይረስ (ወይም ኮቪድ-19) ተብሎ የሚጠራው፣ በመተንፈሻ አካላት ላይ ጉዳት የሚያደርስ ተላላፊ በሽታ ነው። ይህ ቫይረስ በዋነኝነት በሳል፣ በአስነጠስ ወይም በንግግር ወቅት ከታመመ ሰው በሚወጡ ጥቃቅን የፈሳሽ ጠብታዎች አማካኝነት ከአንድ ሰው ወደ ሌላ ሰው ይተላለፋል። ዋና ዋና ምልክቶቹም ትኩሳት፣ ደረቅ ሳል፣ የትንፋሽ ማጠር እና የሰውነት ድካም ሲሆኑ፣ አንዳንዴም የመቅመስ ወይም የማሽተት ስሜት ማጣትን ሊያስከትል ይችላል። ራስን ከዚህ በሽታ ለመከላከል እጅን በሳሙናና በውሃ መታጠብ፣ ማህበራዊ ርቀትን መጠበቅ፣ በሰዎች መካከል በሚሆኑበት ጊዜ የአፍና አፍንጫ መሸፈኛ ጭምብል ማድረግ እና የመከላከያ ክትባቶችን መውሰድ እጅግ አስፈላጊ ነው።,በአፍንጫ ወይም በጉሮሮ እጥበት PCR ምርመራ።
ኮሮና ቫይረስ ከተባለ ዓለም አቀፍ እቅፍ በኋላ ምን ተግባር ተደረገ?,ኮሮናቫይረስ (ወይም ኮቪድ-19) ተብሎ የሚጠራው፣ በመተንፈሻ አካላት ላይ ጉዳት የሚያደርስ ተላላፊ በሽታ ነው። ይህ ቫይረስ በዋነኝነት በሳል፣ በአስነጠስ ወይም በንግግር ወቅት ከታመመ ሰው በሚወጡ ጥቃቅን የፈሳሽ ጠብታዎች አማካኝነት ከአንድ ሰው ወደ ሌላ ሰው ይተላለፋል። ዋና ዋና ምልክቶቹም ትኩሳት፣ ደረቅ ሳል፣ የትንፋሽ ማጠር እና የሰውነት ድካም ሲሆኑ፣ አንዳንዴም የመቅመስ ወይም የማሽተት ስሜት ማጣትን ሊያስከትል ይችላል። ራስን ከዚህ በሽታ ለመከላከል እጅን በሳሙናና በውሃ መታጠብ፣ ማህበራዊ ርቀትን መጠበቅ፣ በሰዎች መካከል በሚሆኑበት ጊዜ የአፍና አፍንጫ መሸፈኛ ጭምብል ማድረግ እና የመከላከያ ክትባቶችን መውሰድ እጅግ አስፈላጊ ነው።,መቆለፊያዎች፣ የግንዛቤ ማስጨበጫ ዘመቻዎች እና የድንበር መዘጋት ተተግብረዋል።
በኮሮና ቫይረስ ዘመን የተጠቃሚ መንገዶች ምንድናቸው?,ኮሮናቫይረስ (ወይም ኮቪድ-19) ተብሎ የሚጠራው፣ በመተንፈሻ አካላት ላይ ጉዳት የሚያደርስ ተላላፊ በሽታ ነው። ይህ ቫይረስ በዋነኝነት በሳል፣ በአስነጠስ ወይም በንግግር ወቅት ከታመመ ሰው በሚወጡ ጥቃቅን የፈሳሽ ጠብታዎች አማካኝነት ከአንድ ሰው ወደ ሌላ ሰው ይተላለፋል። ዋና ዋና ምልክቶቹም ትኩሳት፣ ደረቅ ሳል፣ የትንፋሽ ማጠር እና የሰውነት ድካም ሲሆኑ፣ አንዳንዴም የመቅመስ ወይም የማሽተት ስሜት ማጣትን ሊያስከትል ይችላል። ራስን ከዚህ በሽታ ለመከላከል እጅን በሳሙናና በውሃ መታጠብ፣ ማህበራዊ ርቀትን መጠበቅ፣ በሰዎች መካከል በሚሆኑበት ጊዜ የአፍና አፍንጫ መሸፈኛ ጭምብል ማድረግ እና የመከላከያ ክትባቶችን መውሰድ እጅግ አስፈላጊ ነው።,ከቤት መስራት፣ የመስመር ላይ ትምህርት እና የቴሌሜዲኬን መስራት።
በኮሮና ቫይረስ ዘመን የሕክምና ተቋማት ምን አሠራር ቀየሩ?,ኮሮናቫይረስ (ወይም ኮቪድ-19) ተብሎ የሚጠራው፣ በመተንፈሻ አካላት ላይ ጉዳት የሚያደርስ ተላላፊ በሽታ ነው። ይህ ቫይረስ በዋነኝነት በሳል፣ በአስነጠስ ወይም በንግግር ወቅት ከታመመ ሰው በሚወጡ ጥቃቅን የፈሳሽ ጠብታዎች አማካኝነት ከአንድ ሰው ወደ ሌላ ሰው ይተላለፋል። ዋና ዋና ምልክቶቹም ትኩሳት፣ ደረቅ ሳል፣ የትንፋሽ ማጠር እና የሰውነት ድካም ሲሆኑ፣ አንዳንዴም የመቅመስ ወይም የማሽተት ስሜት ማጣትን ሊያስከትል ይችላል። ራስን ከዚህ በሽታ ለመከላከል እጅን በሳሙናና በውሃ መታጠብ፣ ማህበራዊ ርቀትን መጠበቅ፣ በሰዎች መካከል በሚሆኑበት ጊዜ የአፍና አፍንጫ መሸፈኛ ጭምብል ማድረግ እና የመከላከያ ክትባቶችን መውሰድ እጅግ አስፈላጊ ነው።,ሆስፒታሎች የአይሲዩ አልጋዎችን ጨምረዋል እና ብዙ ሰራተኞችን አሰልጥነዋል።
ኮሮና ቫይረስ እንደሚከሰት የተነሳ በህዝቡ ዘንድ የተፈጠረ ፍርሃት ምን ነበር?,ኮሮናቫይረስ (ወይም ኮቪድ-19) ተብሎ የሚጠራው፣ በመተንፈሻ አካላት ላይ ጉዳት የሚያደርስ ተላላፊ በሽታ ነው። ይህ ቫይረስ በዋነኝነት በሳል፣ በአስነጠስ ወይም በንግግር ወቅት ከታመመ ሰው በሚወጡ ጥቃቅን የፈሳሽ ጠብታዎች አማካኝነት ከአንድ ሰው ወደ ሌላ ሰው ይተላለፋል። ዋና ዋና ምልክቶቹም ትኩሳት፣ ደረቅ ሳል፣ የትንፋሽ ማጠር እና የሰውነት ድካም ሲሆኑ፣ አንዳንዴም የመቅመስ ወይም የማሽተት ስሜት ማጣትን ሊያስከትል ይችላል። ራስን ከዚህ በሽታ ለመከላከል እጅን በሳሙናና በውሃ መታጠብ፣ ማህበራዊ ርቀትን መጠበቅ፣ በሰዎች መካከል በሚሆኑበት ጊዜ የአፍና አፍንጫ መሸፈኛ ጭምብል ማድረግ እና የመከላከያ ክትባቶችን መውሰድ እጅግ አስፈላጊ ነው።,"ስለ ኢንፌክሽን, ስለ ሥራ ማጣት እና መገለል ጭንቀት."
በኮሮና ቫይረስ ዘመን የተጠቃሚ የገንዘብ አሰራር ምንድነው?,ኮሮናቫይረስ (ወይም ኮቪድ-19) ተብሎ የሚጠራው፣ በመተንፈሻ አካላት ላይ ጉዳት የሚያደርስ ተላላፊ በሽታ ነው። ይህ ቫይረስ በዋነኝነት በሳል፣ በአስነጠስ ወይም በንግግር ወቅት ከታመመ ሰው በሚወጡ ጥቃቅን የፈሳሽ ጠብታዎች አማካኝነት ከአንድ ሰው ወደ ሌላ ሰው ይተላለፋል። ዋና ዋና ምልክቶቹም ትኩሳት፣ ደረቅ ሳል፣ የትንፋሽ ማጠር እና የሰውነት ድካም ሲሆኑ፣ አንዳንዴም የመቅመስ ወይም የማሽተት ስሜት ማጣትን ሊያስከትል ይችላል። ራስን ከዚህ በሽታ ለመከላከል እጅን በሳሙናና በውሃ መታጠብ፣ ማህበራዊ ርቀትን መጠበቅ፣ በሰዎች መካከል በሚሆኑበት ጊዜ የአፍና አፍንጫ መሸፈኛ ጭምብል ማድረግ እና የመከላከያ ክትባቶችን መውሰድ እጅግ አስፈላጊ ነው።,የመስመር ላይ ግዢዎች፣ ዲጂታል ባንክ እና የመንግስት እርዳታ።
ኮሮና ቫይረስ ስለ ተባለ የዓለም አቀፍ አንቀሳቃሽ ምን ነው?,ኮሮናቫይረስ (ወይም ኮቪድ-19) ተብሎ የሚጠራው፣ በመተንፈሻ አካላት ላይ ጉዳት የሚያደርስ ተላላፊ በሽታ ነው። ይህ ቫይረስ በዋነኝነት በሳል፣ በአስነጠስ ወይም በንግግር ወቅት ከታመመ ሰው በሚወጡ ጥቃቅን የፈሳሽ ጠብታዎች አማካኝነት ከአንድ ሰው ወደ ሌላ ሰው ይተላለፋል። ዋና ዋና ምልክቶቹም ትኩሳት፣ ደረቅ ሳል፣ የትንፋሽ ማጠር እና የሰውነት ድካም ሲሆኑ፣ አንዳንዴም የመቅመስ ወይም የማሽተት ስሜት ማጣትን ሊያስከትል ይችላል። ራስን ከዚህ በሽታ ለመከላከል እጅን በሳሙናና በውሃ መታጠብ፣ ማህበራዊ ርቀትን መጠበቅ፣ በሰዎች መካከል በሚሆኑበት ጊዜ የአፍና አፍንጫ መሸፈኛ ጭምብል ማድረግ እና የመከላከያ ክትባቶችን መውሰድ እጅግ አስፈላጊ ነው።,ከፍተኛ የኢኮኖሚ ውድቀት እና ዓለም አቀፍ የጉዞ መስተጓጎል.
ኮሮና ቫይረስ ምን ነገር አሳየን?,ኮሮናቫይረስ (ወይም ኮቪድ-19) ተብሎ የሚጠራው፣ በመተንፈሻ አካላት ላይ ጉዳት የሚያደርስ ተላላፊ በሽታ ነው። ይህ ቫይረስ በዋነኝነት በሳል፣ በአስነጠስ ወይም በንግግር ወቅት ከታመመ ሰው በሚወጡ ጥቃቅን የፈሳሽ ጠብታዎች አማካኝነት ከአንድ ሰው ወደ ሌላ ሰው ይተላለፋል። ዋና ዋና ምልክቶቹም ትኩሳት፣ ደረቅ ሳል፣ የትንፋሽ ማጠር እና የሰውነት ድካም ሲሆኑ፣ አንዳንዴም የመቅመስ ወይም የማሽተት ስሜት ማጣትን ሊያስከትል ይችላል። ራስን ከዚህ በሽታ ለመከላከል እጅን በሳሙናና በውሃ መታጠብ፣ ማህበራዊ ርቀትን መጠበቅ፣ በሰዎች መካከል በሚሆኑበት ጊዜ የአፍና አፍንጫ መሸፈኛ ጭምብል ማድረግ እና የመከላከያ ክትባቶችን መውሰድ እጅግ አስፈላጊ ነው።,የህዝብ ጤና ኢንቨስትመንት እና ዝግጁነት አስፈላጊነት።
ኮሮና ቫይረስ በትምህርት ተቋማት ምን ተፅእኖ አሳየ?,ኮሮናቫይረስ (ወይም ኮቪድ-19) ተብሎ የሚጠራው፣ በመተንፈሻ አካላት ላይ ጉዳት የሚያደርስ ተላላፊ በሽታ ነው። ይህ ቫይረስ በዋነኝነት በሳል፣ በአስነጠስ ወይም በንግግር ወቅት ከታመመ ሰው በሚወጡ ጥቃቅን የፈሳሽ ጠብታዎች አማካኝነት ከአንድ ሰው ወደ ሌላ ሰው ይተላለፋል። ዋና ዋና ምልክቶቹም ትኩሳት፣ ደረቅ ሳል፣ የትንፋሽ ማጠር እና የሰውነት ድካም ሲሆኑ፣ አንዳንዴም የመቅመስ ወይም የማሽተት ስሜት ማጣትን ሊያስከትል ይችላል። ራስን ከዚህ በሽታ ለመከላከል እጅን በሳሙናና በውሃ መታጠብ፣ ማህበራዊ ርቀትን መጠበቅ፣ በሰዎች መካከል በሚሆኑበት ጊዜ የአፍና አፍንጫ መሸፈኛ ጭምብል ማድረግ እና የመከላከያ ክትባቶችን መውሰድ እጅግ አስፈላጊ ነው።,ወደ የመስመር ላይ ትምህርት እና ረዘም ላለ ጊዜ መዘጋት ይቀይሩ።
የኮሮና ቫይረስ እንዴት ነው የሚከለከል?,ኮሮናቫይረስ (ወይም ኮቪድ-19) ተብሎ የሚጠራው፣ በመተንፈሻ አካላት ላይ ጉዳት የሚያደርስ ተላላፊ በሽታ ነው። ይህ ቫይረስ በዋነኝነት በሳል፣ በአስነጠስ ወይም በንግግር ወቅት ከታመመ ሰው በሚወጡ ጥቃቅን የፈሳሽ ጠብታዎች አማካኝነት ከአንድ ሰው ወደ ሌላ ሰው ይተላለፋል። ዋና ዋና ምልክቶቹም ትኩሳት፣ ደረቅ ሳል፣ የትንፋሽ ማጠር እና የሰውነት ድካም ሲሆኑ፣ አንዳንዴም የመቅመስ ወይም የማሽተት ስሜት ማጣትን ሊያስከትል ይችላል። ራስን ከዚህ በሽታ ለመከላከል እጅን በሳሙናና በውሃ መታጠብ፣ ማህበራዊ ርቀትን መጠበቅ፣ በሰዎች መካከል በሚሆኑበት ጊዜ የአፍና አፍንጫ መሸፈኛ ጭምብል ማድረግ እና የመከላከያ ክትባቶችን መውሰድ እጅግ አስፈላጊ ነው።,ክትባት፣ ጭምብል መጠቀም እና ትላልቅ ስብሰባዎችን ማስወገድ።
ኮሮና ቫይረስ በኢትዮጵያ ምን ተጽእኖ አሳየ?,ኮሮናቫይረስ (ወይም ኮቪድ-19) ተብሎ የሚጠራው፣ በመተንፈሻ አካላት ላይ ጉዳት የሚያደርስ ተላላፊ በሽታ ነው። ይህ ቫይረስ በዋነኝነት በሳል፣ በአስነጠስ ወይም በንግግር ወቅት ከታመመ ሰው በሚወጡ ጥቃቅን የፈሳሽ ጠብታዎች አማካኝነት ከአንድ ሰው ወደ ሌላ ሰው ይተላለፋል። ዋና ዋና ምልክቶቹም ትኩሳት፣ ደረቅ ሳል፣ የትንፋሽ ማጠር እና የሰውነት ድካም ሲሆኑ፣ አንዳንዴም የመቅመስ ወይም የማሽተት ስሜት ማጣትን ሊያስከትል ይችላል። ራስን ከዚህ በሽታ ለመከላከል እጅን በሳሙናና በውሃ መታጠብ፣ ማህበራዊ ርቀትን መጠበቅ፣ በሰዎች መካከል በሚሆኑበት ጊዜ የአፍና አፍንጫ መሸፈኛ ጭምብል ማድረግ እና የመከላከያ ክትባቶችን መውሰድ እጅግ አስፈላጊ ነው።,የጤና አጠባበቅ ውጥረት፣ የኢኮኖሚ መቀዛቀዝ እና የትምህርት ቤት መዘጋት።
በኮሮና ቫይረስ ላይ ትኩረት በሚሰጥበት ጊዜ ማን አበረታች?,ኮሮናቫይረስ (ወይም ኮቪድ-19) ተብሎ የሚጠራው፣ በመተንፈሻ አካላት ላይ ጉዳት የሚያደርስ ተላላፊ በሽታ ነው። ይህ ቫይረስ በዋነኝነት በሳል፣ በአስነጠስ ወይም በንግግር ወቅት ከታመመ ሰው በሚወጡ ጥቃቅን የፈሳሽ ጠብታዎች አማካኝነት ከአንድ ሰው ወደ ሌላ ሰው ይተላለፋል። ዋና ዋና ምልክቶቹም ትኩሳት፣ ደረቅ ሳል፣ የትንፋሽ ማጠር እና የሰውነት ድካም ሲሆኑ፣ አንዳንዴም የመቅመስ ወይም የማሽተት ስሜት ማጣትን ሊያስከትል ይችላል። ራስን ከዚህ በሽታ ለመከላከል እጅን በሳሙናና በውሃ መታጠብ፣ ማህበራዊ ርቀትን መጠበቅ፣ በሰዎች መካከል በሚሆኑበት ጊዜ የአፍና አፍንጫ መሸፈኛ ጭምብል ማድረግ እና የመከላከያ ክትባቶችን መውሰድ እጅግ አስፈላጊ ነው።,የጤና ባለሙያዎች እና የፊት መስመር ሰራተኞች ቁልፍ ሚና ተጫውተዋል።
ኮሮና ቫይረስ በሚኖረው አካባቢ ምን ማድረግ ይገባናል?,ኮሮናቫይረስ (ወይም ኮቪድ-19) ተብሎ የሚጠራው፣ በመተንፈሻ አካላት ላይ ጉዳት የሚያደርስ ተላላፊ በሽታ ነው። ይህ ቫይረስ በዋነኝነት በሳል፣ በአስነጠስ ወይም በንግግር ወቅት ከታመመ ሰው በሚወጡ ጥቃቅን የፈሳሽ ጠብታዎች አማካኝነት ከአንድ ሰው ወደ ሌላ ሰው ይተላለፋል። ዋና ዋና ምልክቶቹም ትኩሳት፣ ደረቅ ሳል፣ የትንፋሽ ማጠር እና የሰውነት ድካም ሲሆኑ፣ አንዳንዴም የመቅመስ ወይም የማሽተት ስሜት ማጣትን ሊያስከትል ይችላል። ራስን ከዚህ በሽታ ለመከላከል እጅን በሳሙናና በውሃ መታጠብ፣ ማህበራዊ ርቀትን መጠበቅ፣ በሰዎች መካከል በሚሆኑበት ጊዜ የአፍና አፍንጫ መሸፈኛ ጭምብል ማድረግ እና የመከላከያ ክትባቶችን መውሰድ እጅግ አስፈላጊ ነው።,መመሪያዎችን ይከተሉ፣ ጎረቤቶችን ይረዱ እና ትክክለኛ መረጃ ያካፍሉ።
ኮሮና ቫይረስ ምን ያህል ቀን እንደሚኖረው ይታመናል?,ኮሮናቫይረስ (ወይም ኮቪድ-19) ተብሎ የሚጠራው፣ በመተንፈሻ አካላት ላይ ጉዳት የሚያደርስ ተላላፊ በሽታ ነው። ይህ ቫይረስ በዋነኝነት በሳል፣ በአስነጠስ ወይም በንግግር ወቅት ከታመመ ሰው በሚወጡ ጥቃቅን የፈሳሽ ጠብታዎች አማካኝነት ከአንድ ሰው ወደ ሌላ ሰው ይተላለፋል። ዋና ዋና ምልክቶቹም ትኩሳት፣ ደረቅ ሳል፣ የትንፋሽ ማጠር እና የሰውነት ድካም ሲሆኑ፣ አንዳንዴም የመቅመስ ወይም የማሽተት ስሜት ማጣትን ሊያስከትል ይችላል። ራስን ከዚህ በሽታ ለመከላከል እጅን በሳሙናና በውሃ መታጠብ፣ ማህበራዊ ርቀትን መጠበቅ፣ በሰዎች መካከል በሚሆኑበት ጊዜ የአፍና አፍንጫ መሸፈኛ ጭምብል ማድረግ እና የመከላከያ ክትባቶችን መውሰድ እጅግ አስፈላጊ ነው።,አብዛኛዎቹ እንደ ክብደቱ ከ2-3 ሳምንታት ውስጥ ይድናሉ.
ኮሮና ቫይረስ በኢትዮጵያ መመሪያ ምንድነው?,ኮሮናቫይረስ (ወይም ኮቪድ-19) ተብሎ የሚጠራው፣ በመተንፈሻ አካላት ላይ ጉዳት የሚያደርስ ተላላፊ በሽታ ነው። ይህ ቫይረስ በዋነኝነት በሳል፣ በአስነጠስ ወይም በንግግር ወቅት ከታመመ ሰው በሚወጡ ጥቃቅን የፈሳሽ ጠብታዎች አማካኝነት ከአንድ ሰው ወደ ሌላ ሰው ይተላለፋል። ዋና ዋና ምልክቶቹም ትኩሳት፣ ደረቅ ሳል፣ የትንፋሽ ማጠር እና የሰውነት ድካም ሲሆኑ፣ አንዳንዴም የመቅመስ ወይም የማሽተት ስሜት ማጣትን ሊያስከትል ይችላል። ራስን ከዚህ በሽታ ለመከላከል እጅን በሳሙናና በውሃ መታጠብ፣ ማህበራዊ ርቀትን መጠበቅ፣ በሰዎች መካከል በሚሆኑበት ጊዜ የአፍና አፍንጫ መሸፈኛ ጭምብል ማድረግ እና የመከላከያ ክትባቶችን መውሰድ እጅግ አስፈላጊ ነው።,ብሔራዊ የአስቸኳይ ጊዜ አዋጅ ታወጀ; ማህበራዊ ርቀትን ማስከበር ተፈጽሟል።
የደም ምርመራ ውስጥ ESR ምንድን ነው?,"ደም ታጥቦ ሁሉም የአካል እና ስርዓቶች, መጀመሪያውኑ እንዲሁ አካል ውስጥ የሚፈጠረውን anomalies ያንጸባርቃል. ሙሉ ደም ቆጠራ ተገኝቷል ቁጥር ለመቁጠር ነው ሕዋሳት (erythrocytes, leukocytes, reticulocytes, አርጊ), ጭማሪ ወይም የተወሰኑ የፓቶሎጂ ያመለክታል ይህም ቁጥር ይቀንሱ.","ደም ታጥቦ ሁሉም የአካል እና ስርዓቶች, መጀመሪያውኑ እንዲሁ አካል ውስጥ የሚፈጠረውን anomalies ያንጸባርቃል. ሙሉ ደም ቆጠራ ተገኝቷል ቁጥር ለመቁጠር ነው ሕዋሳት (erythrocytes, leukocytes, reticulocytes, አርጊ), ጭማሪ ወይም የተወሰኑ የፓቶሎጂ ያመለክታል ይህም ቁጥር ይቀንሱ."
የማህበረሰብ አቀፍ የጤና መድህን ለምን አስፈለገ?,ዜጎች ለጤና አገልግሎት በሚያወጡት ከፍተኛ ወጪ ምክንያት ለከፋ ድህነት እየተዳረጉ ከመሆኑም በላይ አብዛኞቹ የሚከፍሉት ገንዘብ በማጣት ሊድን በሚችል ህመም እየተሰቃዩ ላልተፈለገ ኢኮኖሚያዊ እና ማህበራዊ ቀውስ እየተጋለጡ በመሆኑና ህክምና እንዲያደርጉ ለማድረግ?,ዜጎች ለጤና አገልግሎት በሚያወጡት ከፍተኛ ወጪ ምክንያት ለከፋ ድህነት እየተዳረጉ ከመሆኑም በላይ አብዛኞቹ የሚከፍሉት ገንዘብ በማጣት ሊድን በሚችል ህመም እየተሰቃዩ ላልተፈለገ ኢኮኖሚያዊ እና ማህበራዊ ቀውስ እየተጋለጡ በመሆኑ።
የማህበረሰብ አቀፍ የጤና መድህን ሥርዓትን መዘርጋት ለምን አስፈለገ?,የማህበረሰብ አቀፍ የጤና መድህን ሥርዓትን በመዘርጋት በህብረተሰቡ መካከል ያለውን የእርስ በእርስ የመደጋገፍ ባህል በማጠናከር ፍትሐዊ፣ ጥራት እና ቀጣይነት ያለው ሁሉን አቀፍ የጤና አገልግሎት ሽፋን ለዜጎች ተደራሽ በማድረግ ጤንነቱ የተጠበቀ አምራች ኃይል ማፍራት የሀገሪቱ የጤና ፖሊሲ አካል በመሆኑ።,የማህበረሰብ አቀፍ የጤና መድህን ሥርዓትን በመዘርጋት በህብረተሰቡ መካከል ያለውን የእርስ በእርስ የመደጋገፍ ባህል በማጠናከር ፍትሐዊ፣ ጥራት እና ቀጣይነት ያለው ሁሉን አቀፍ የጤና አገልግሎት ሽፋን ለዜጎች ተደራሽ በማድረግ ጤንነቱ የተጠበቀ አምራች ኃይል ማፍራት የሀገሪቱ የጤና ፖሊሲ አካል በመሆኑ።
የማህበረሰብ  አቀፍ  የጤና  መድህን  ሥርዓት በሙከራ ትግበራ ወቅት ምን ያክል አበረታች ነው?,የማህበረሰብ  አቀፍ  የጤና  መድህን  ሥርዓት በሙከራ ትግበራ ወቅት አበረታች ውጤት በማሳየቱ ቀጣይነቱን ይበልጥ ለማረጋገጥ በተበታተነ መልኩ ሲተገበር የቆየውን አሰራር ይበልጥ በተቀናጀ ሁኔታ የፌደራል እና የክልል አስፈጻሚ አካላትን አስተሳስሮ ለመምራት የሕግ ማዕቀፍ ማውጣት በማስፈለጉ።,የማህበረሰብ  አቀፍ  የጤና  መድህን  ሥርዓት በሙከራ ትግበራ ወቅት አበረታች ውጤት አሳይቷል። ቀጣይነቱን ይበልጥ ለማረጋገጥ በተበታተነ መልኩ ሲተገበር የቆየውን አሰራር ይበልጥ በተቀናጀ ሁኔታ የፌደራል እና የክልል አስፈጻሚ አካላትን አስተሳስሮ ለመምራት የሕግ ማዕቀፍ ማውጣት በማስፈለጉ።
የማህበረሰብ  አቀፍ  የጤና  መድህን  ሥርዓት በማንና በማን ቅንጅት በአንድ ላይ እየተሰራ ነውን?,የማህበረሰብ  አቀፍ  የጤና  መድህን  ሥርዓት በሙከራ ትግበራ ወቅት አበረታች ውጤት አሳይቷል። ቀጣይነቱን ይበልጥ ለማረጋገጥ በተበታተነ መልኩ ሲተገበር የቆየውን አሰራር ይበልጥ በተቀናጀ ሁኔታ የፌደራል እና የክልል አስፈጻሚ አካላትን አስተሳስሮ ለመምራት የሕግ ማዕቀፍ በማውጣት እየተተገበረ ነው።,የማህበረሰብ  አቀፍ  የጤና  መድህን  ሥርዓት በሙከራ ትግበራ ወቅት አበረታች ውጤት አሳይቷል። ቀጣይነቱን ይበልጥ ለማረጋገጥ በተበታተነ መልኩ ሲተገበር የቆየውን አሰራር ይበልጥ በተቀናጀ ሁኔታ የፌደራል እና የክልል አስፈጻሚ አካላትን አስተሳስሮ ለመምራት የሕግ ማዕቀፍ በማውጣት እየተተገበረ ነው።
የማህበረሰብ  አቀፍ  የጤና  መድህን  ሥርዓት አዋጅ በየትኛው ህገመንግስት ተገልጿል? ,የማህበረሰብ አቀፍ የጤና መድህን አዋጅ በኢትዮጵያ ፌደራላዊ ዲሞክራሲያዊ ሪፐብሊክ ሕገ መንግሥት አንቀጽ ፶፭ ንዑስ-አንቀጽ (፮) መሠረት የሚከተለው ታውጇል።,በኢትዮጵያ ፌደራላዊ ዲሞክራሲያዊ ሪፐብሊክ ሕገ መንግሥት
የማህበረሰብ  አቀፍ  የጤና  መድህን  ሥርዓት አዋጅ በየትኛው የህገመንግስቱ አንቀጽ ተገልጿል? ,የማህበረሰብ አቀፍ የጤና መድህን አዋጅ በኢትዮጵያ ፌደራላዊ ዲሞክራሲያዊ ሪፐብሊክ ሕገ መንግሥት አንቀጽ ፶፭ ንዑስ-አንቀጽ (፮) መሠረት የሚከተለው ታውጇል።, አንቀጽ ፶፭
የማህበረሰብ  አቀፍ  የጤና  መድህን  ሥርዓት አዋጅ በየትኛው የህገመንግስቱ ንዑስ አንቀጽ ተገልጿል? ,የማህበረሰብ አቀፍ የጤና መድህን አዋጅ በኢትዮጵያ ፌደራላዊ ዲሞክራሲያዊ ሪፐብሊክ ሕገ መንግሥት አንቀጽ ፶፭ ንዑስ-አንቀጽ (፮) መሠረት የሚከተለው ታውጇል።,ንዑስ-አንቀጽ (፮) 
በማህበረሰብ አቀፍ የጤና መድህን ሥርዓት አዋጅ ውስጥ ‘‘ቋት” ማለት ምን ማለት ነው?,በማህበረሰብ አቀፍ የጤና መድህን ሥርዓት አዋጅ ውስጥ ‘‘ቋት” ማለት በማህበረሰብ አቀፍ የጤና መድህን ሥርዓት ውስጥ ከከፋይ አባላት መዋጮ፣ ከተናጠል ድጎማ፣ ከአጠቃላይ ድጎማ እና ከሌሎች ምንጮች የሚገኘውን ገንዘብ በአንድ ላይ በማሰባሰብ ለተጠቃሚዎች የጤና አገልግሎት ለመግዛት የሚውል ሀብት ነው፤,‘‘ቋት” ማለት በማህበረሰብ አቀፍ የጤና መድህን ሥርዓት ውስጥ ከከፋይ አባላት መዋጮ፣ ከተናጠል ድጎማ፣ ከአጠቃላይ ድጎማ እና ከሌሎች ምንጮች የሚገኘውን ገንዘብ በአንድ ላይ በማሰባሰብ ለተጠቃሚዎች የጤና አገልግሎት ለመግዛት የሚውል ሀብት ነው፤
በማህበረሰብ አቀፍ የጤና መድህን ሥርዓት አዋጅ ውስጥ ‘‘‘አባል” ማለት ምን ማለት ነው?,በማህበረሰብ አቀፍ የጤና መድህን ሥርዓት አዋጅ ውስጥ ‘‘አባል” ማለት ቤተሰቡን የሚያስተዳድር ባል ወይም ሚስት ወይም በሕግ የማስተዳደር ኃላፊነት የተሰጠው ሰው ሆኖ ራሱን እና ቤተሰቡን በጤና መድህኑ ያስመዘገበ እንዲሁም ራሱን ችሎ ዓመታዊ መዋጮ የከፈለ ወይም በሌላ ወገን የተከፈለለት ሰው ነው,‘‘አባል” ማለት ቤተሰቡን የሚያስተዳድር ባል ወይም ሚስት ወይም በሕግ የማስተዳደር ኃላፊነት የተሰጠው ሰው ሆኖ ራሱን እና ቤተሰቡን በጤና መድህኑ ያስመዘገበ እንዲሁም ራሱን ችሎ ዓመታዊ መዋጮ የከፈለ ወይም በሌላ ወገን የተከፈለለት ሰው ነው።
በማህበረሰብ አቀፍ የጤና መድህን ሥርዓት አዋጅ ውስጥ ‘‘‘ቤተሰብ” ማለት ምን ማለት ነው?,በማህበረሰብ አቀፍ የጤና መድህን ሥርዓት አዋጅ ውስጥ ‘‘ቤተሰብ” ማለት መሠረታዊ እና ተጨማሪ የቤተሰብ አባላትን የሚያጠቃልል ነው፤,‘‘ቤተሰብ” ማለት መሠረታዊ እና ተጨማሪ የቤተሰብ አባላትን የሚያጠቃልል ነው፤
በማህበረሰብ አቀፍ የጤና መድህን ሥርዓት አዋጅ ውስጥ ‘‘‘መሠረታዊ የቤተሰብ አባል” ማለት ምን ማለት ነው?,በማህበረሰብ አቀፍ የጤና መድህን ሥርዓት አዋጅ ውስጥ ‘‘መሠረታዊ የቤተሰብ አባል” ማለት የአባልን የትዳር አጋርና ልጅን ይጨምራል።,‘‘መሠረታዊ የቤተሰብ አባል” ማለት የአባልን የትዳር አጋርና ልጅን ይጨምራል፤
በማህበረሰብ አቀፍ የጤና መድህን ሥርዓት አዋጅ ውስጥ ‘‘የትዳር አጋር” ማለት ምን ማለት ነው?,በማህበረሰብ አቀፍ የጤና መድህን ሥርዓት አዋጅ ውስጥ ‘‘የትዳር አጋር” ማለት ከአባል ጋር በሕጋዊ ጋብቻ የተሳሰረ ሰው ሲሆን በቤተሰብ ሕጉ እንደባልና ሚስት የሚኖሩትንም ይጨምራል፤,‘‘የትዳር አጋር” ማለት ከአባል ጋር በሕጋዊ ጋብቻ የተሳሰረ ሰው ሲሆን በቤተሰብ ሕጉ እንደባልና ሚስት የሚኖሩትንም ይጨምራል፤
በማህበረሰብ አቀፍ የጤና መድህን ሥርዓት አዋጅ ውስጥ ‘‘ልጅ” ማለት ምን ማለት ነው?,በማህበረሰብ አቀፍ የጤና መድህን ሥርዓት አዋጅ ውስጥ ‘‘ልጅ” ማለት እድሜው ከ፲፰ ዓመት በታች የሆነ የአባል ልጅ ወይም የጉዲፈቻ ልጅ ሲሆን አባሉ በሕግ መሠረት የአሳዳጊነት ኃላፊነት የተጣለበትን ማንኛውንም ልጅ የሚያጠቃልል ሆኖ ዕድሜያቸው ከ፲፰ ዓመት በላይ ቢሆንም ራሳቸውን ለማስተዳደር የማይችሉ የአዕምሮ ህሙማንን ወይም የአካል ጉዳተኛ የሆኑ ልጆችን ይጨምራል፤,‘‘ልጅ” ማለት እድሜው ከ፲፰ ዓመት በታች የሆነ የአባል ልጅ ወይም የጉዲፈቻ ልጅ ሲሆን አባሉ በሕግ መሠረት የአሳዳጊነት ኃላፊነት የተጣለበትን ማንኛውንም ልጅ የሚያጠቃልል ሆኖ ዕድሜያቸው ከ፲፰ ዓመት በላይ ቢሆንም ራሳቸውን ለማስተዳደር የማይችሉ የአዕምሮ ህሙማንን ወይም የአካል ጉዳተኛ የሆኑ ልጆችን ይጨምራል፤
በማህበረሰብ አቀፍ የጤና መድህን ሥርዓት አዋጅ ውስጥ ‘‘መክፈል የማይችል” ማለት ምን ማለት ነው?,በማህበረሰብ አቀፍ የጤና መድህን ሥርዓት አዋጅ ውስጥ ‘‘መክፈል የማይችል” ማለት በገቢ መጠን ልየታ መሥፈርት መሠረት ዓመታዊ የማህበረሰብ አቀፍ የጤና መድህን መዋጮ የመክፈል አቅም የሌለው ተብሎ በወረዳ አስተዳደር የተለየ አባወራ ወይም እማወራ ወይም ግለሰብ ነው፤,‘‘መክፈል የማይችል” ማለት በገቢ መጠን ልየታ መሥፈርት መሠረት ዓመታዊ የማህበረሰብ አቀፍ የጤና መድህን መዋጮ የመክፈል አቅም የሌለው ተብሎ በወረዳ አስተዳደር የተለየ አባወራ ወይም እማወራ ወይም ግለሰብ ነው፤
"በማህበረሰብ አቀፍ የጤና መድህን ሥርዓት አዋጅ ውስጥ ""የቅብብሎሽ ስርዓት"" ማለት ምን ማለት ነው?",በማህበረሰብ አቀፍ የጤና መድህን ሥርዓት አዋጅ ውስጥ “የቅብብሎሽ ስርዓት” ማለት በህክምና ባለሙያ ትዕዛዝ መሰረት ታካሚዎች ከአንድ ጤና ተቋም ወደ ሌላ የጤና ተቋም የሚላኩበት የህሙማን አላላክ ስርዓት ነው፤,“የቅብብሎሽ ስርዓት” ማለት በህክምና ባለሙያ ትዕዛዝ መሰረት ታካሚዎች ከአንድ ጤና ተቋም ወደ ሌላ የጤና ተቋም የሚላኩበት የህሙማን አላላክ ስርዓት ነው፤
"በማህበረሰብ አቀፍ የጤና መድህን ሥርዓት አዋጅ ውስጥ ""የጤና አገልግሎት ተቋም"" ማለት ምን ማለት ነው?",በማህበረሰብ አቀፍ የጤና መድህን ሥርዓት አዋጅ ውስጥ ‘‘የጤና አገልግሎት ተቋም” ማለት የብቃት ማረጋገጫ የምስክር ወረቀት ኖሮት የጤና አገልግሎት ለመስጠት በአስፈጻሚው አካል በሚወጣ መስፈርት ተመርጦ ውል የገባ የመንግስት ወይም የግል የጤና አገልግሎት ተቋም ነው፤,‘‘የጤና አገልግሎት ተቋም” ማለት የብቃት ማረጋገጫ የምስክር ወረቀት ኖሮት የጤና አገልግሎት ለመስጠት በአስፈጻሚው አካል በሚወጣ መስፈርት ተመርጦ ውል የገባ የመንግስት ወይም የግል የጤና አገልግሎት ተቋም ነው፤
"በማህበረሰብ አቀፍ የጤና መድህን ሥርዓት አዋጅ ውስጥ ""የግል የጤና አገልግሎት ተቋም"" ማለት ምን ማለት ነው?",በማህበረሰብ አቀፍ የጤና መድህን ሥርዓት አዋጅ ውስጥ “የግል የጤና አገልግሎት ተቋም” ማለት በመንግስት የልማት ድርጅት፣ በበጎ አድራጎት፣ መንግስታዊ ባልሆነ ድርጅት ወይም በግል ባለሃብት የሚተዳደር ሆኖ ለትርፍ የተቋቋመ ወይም ለትርፍ ያልተቋቋመ የጤና አገልግሎት ተቋም ነው፤,“የግል የጤና አገልግሎት ተቋም” ማለት በመንግስት የልማት ድርጅት፣ በበጎ አድራጎት፣ መንግስታዊ ባልሆነ ድርጅት ወይም በግል ባለሃብት የሚተዳደር ሆኖ ለትርፍ የተቋቋመ ወይም ለትርፍ ያልተቋቋመ የጤና አገልግሎት ተቋም ነው፤
"በማህበረሰብ አቀፍ የጤና መድህን ሥርዓት አዋጅ ውስጥ ""የጥቅም ማዕቀፍ"" ማለት ምን ማለት ነው?",በማህበረሰብ አቀፍ የጤና መድህን ሥርዓት አዋጅ ውስጥ “የጥቅም ማዕቀፍ” ማለት በማህበረሰብ አቀፍ የጤና መድህን ሥርዓቱ እንዲሸፈኑ የተለዩ የጤና አገልግሎቶች ናቸው፤,“የጥቅም ማዕቀፍ” ማለት በማህበረሰብ አቀፍ የጤና መድህን ሥርዓቱ እንዲሸፈኑ የተለዩ የጤና አገልግሎቶች ናቸው፤
"በማህበረሰብ አቀፍ የጤና መድህን ሥርዓት አዋጅ ውስጥ ""‘ተጠቃሚ"" ማለት ምን ማለት ነው?",በማህበረሰብ አቀፍ የጤና መድህን ሥርዓት አዋጅ ውስጥ ‘‘ተጠቃሚ” ማለት የጥቅም ማዕቀፉን መጠቀም የሚችሉ አባል እና የአባልን ቤተሰብ ያካትታል፤,‘‘ተጠቃሚ” ማለት የጥቅም ማዕቀፉን መጠቀም የሚችሉ አባል እና የአባልን ቤተሰብ ያካትታል፤
በማህበረሰብ አቀፍ የጤና መድህን ሥርዓት አዋጅ ውስጥ ‘‘የቀጥታ  ክፍያ”  ማለት ምን ማለት ነው?,በማህበረሰብ አቀፍ የጤና መድህን ሥርዓት አዋጅ ውስጥ ‘‘የቀጥታ  ክፍያ”  ማለት  ተጠቃሚው  የጤና አገልግሎት በሚያገኝበት ወቅት በቁርጥ ወይም ከጠቅላላ የህክምና ወጪው ላይ በመቶኛ ተሰልቶ የሚከፍለው ክፍያ ነው።,‘‘የቀጥታ  ክፍያ”  ማለት  ተጠቃሚው  የጤና አገልግሎት በሚያገኝበት ወቅት በቁርጥ ወይም ከጠቅላላ የህክምና ወጪው ላይ በመቶኛ ተሰልቶ የሚከፍለው ክፍያ ነው።
በማህበረሰብ አቀፍ የጤና መድህን ሥርዓት አዋጅ ውስጥ ‘‘የተናጠል ድጎማ”  ማለት ምን ማለት ነው?,በማህበረሰብ አቀፍ የጤና መድህን ሥርዓት አዋጅ ውስጥ ‘‘የተናጠል ድጎማ” ማለት ከክልል መንግሥት ወይም ከወረዳ አስተዳደር ወይም በሁለቱም መክፈል ለማይችሉ የሚደረግ ዓመታዊ መዋጮ ነው፤,‘‘የተናጠል ድጎማ” ማለት ከክልል መንግሥት ወይም ከወረዳ አስተዳደር ወይም በሁለቱም መክፈል ለማይችሉ የሚደረግ ዓመታዊ መዋጮ ነው፤
በማህበረሰብ አቀፍ የጤና መድህን ሥርዓት አዋጅ ውስጥ  ‘‘አጠቃላይ ድጎማ” ማለት ምን ማለት ነው?,በማህበረሰብ አቀፍ የጤና መድህን ሥርዓት አዋጅ ውስጥ ‘‘አጠቃላይ ድጎማ” ማለት ከፌደራል መንግሥት በየዓመቱ የማህበረሰብ አቀፍ የጤና መድህን አባልነት መዋጮ ለመደጎም የሚመደብ ገንዘብ ነው።,‘‘አጠቃላይ ድጎማ” ማለት ከፌደራል መንግሥት በየዓመቱ የማህበረሰብ አቀፍ የጤና መድህን አባልነት መዋጮ ለመደጎም የሚመደብ ገንዘብ ነው።
በማህበረሰብ አቀፍ የጤና መድህን ሥርዓት አዋጅ ውስጥ  ‘የስጋት ተጋላጭነት አስተዳደር” ማለት ምን ማለት ነው?,በማህበረሰብ አቀፍ የጤና መድህን ሥርዓት አዋጅ ውስጥ ‘‘የስጋት ተጋላጭነት አስተዳደር” ማለት የጤና መድህን ሥርዓቱን የፋይናንስ ቀጣይነት አደጋ ላይ ሊጥሉ የሚችሉ ሁኔታዎችን ለመከላከል እና ለመቀነስ የሚወሰድ እርምጃ ነው፤,‘የስጋት ተጋላጭነት አስተዳደር” ማለት የጤና መድህን ሥርዓቱን የፋይናንስ ቀጣይነት አደጋ ላይ ሊጥሉ የሚችሉ ሁኔታዎችን ለመከላከል እና ለመቀነስ የሚወሰድ እርምጃ ነው፤
በማህበረሰብ አቀፍ የጤና መድህን ሥርዓት አዋጅ ውስጥ  ‘‘ክልል” ማለት ምን ማለት ነው?,በማህበረሰብ አቀፍ የጤና መድህን ሥርዓት አዋጅ ውስጥ ‘‘ክልል” ማለት በኢትዮጵያ ፌደራላዊ ዲሞክራሲያዊ ሪፐብሊክ ሕገ-መንግሥት አንቀጽ ፵፯ መሰረት የተቋቋመ ክልል ሲሆን የአዲስ አበባና የድሬዳዋ ከተማ አስተዳደሮችን ይጨምራል፤,‘‘ክልል” ማለት በኢትዮጵያ ፌደራላዊ ዲሞክራሲያዊ ሪፐብሊክ ሕገ-መንግሥት አንቀጽ ፵፯ መሰረት የተቋቋመ ክልል ሲሆን የአዲስ አበባና የድሬዳዋ ከተማ አስተዳደሮችን ይጨምራል፤
የማህበረሰብ አቀፍ የጤና መድህን ሥርዓት አዋጅ የተፈጻሚነት ወሰን ምን ያክል ነው?,የማህበረሰብ አቀፍ የጤና መድህን ሥርዓት አዋጅ የተፈጻሚነት ወሰን በመላ ሀገሪቱ በሚገኙ መደበኛ ባልሆነ ዘርፍ የተሰማሩ የህብረተሰብ ክፍሎች እና በማህበረሰብ አቀፍ የጤና መድህን ስርዓት ውስጥ በሚሳተፉ ተቋማት እና አስፈጻሚ አካላት ላይ ተፈጻሚ ይሆናል።,ይህ አዋጅ በመላ ሀገሪቱ በሚገኙ መደበኛ ባልሆነ ዘርፍ የተሰማሩ የህብረተሰብ ክፍሎች እና በማህበረሰብ አቀፍ የጤና መድህን ስርዓት ውስጥ በሚሳተፉ ተቋማት እና አስፈጻሚ አካላት ላይ ተፈጻሚ ይሆናል።
የማህበረሰብ አቀፍ የጤና መድህን ቋት እንዴት ይመሰረታል?,የማህበረሰብ አቀፍ የጤና መድህን ቋት በክልል እና በፌደራል ደረጃ ይመሠረታል፡፡,የማህበረሰብ አቀፍ የጤና መድህን ቋት በክልል እና በፌደራል ደረጃ ይመሠረታል፡፡
የክልል እና የፌደራል የማህበረሰብ አቀፍ የጤና መድህን ቋት ድርሻ ምን ያክል ነው?, የማህበረሰብ አቀፍ የጤና መድህን ቋት ላይ የክልል እና የፌደራል ድርሻ ከሚሰበሰበው አጠቃላይ መዋጮ በመቶኛ የተከፋፈለ ይሆናል፡፡,የክልል እና የፌደራል ቋት ድርሻ ከሚሰበሰበው አጠቃላይ መዋጮ በመቶኛ የተከፋፈለ ይሆናል፡፡
 የማህበረሰብ አቀፍ የጤና መድህን ቋት በክልል ላይ እንዴት ይቋቋማል?,በክልል የሚቋቋመው ቋት እንደ ክልሉ ተጨባጭ ሁኔታ በክልል ወይም ከክልል በታች ባለ የአስተዳደር እርከን የሚመሠረት ሲሆን የክፍፍል ድርሻው በክልል ሕግ ይወሰናል፡፡,በክልል የሚቋቋመው ቋት እንደ ክልሉ ተጨባጭ ሁኔታ በክልል ወይም ከክልል በታች ባለ የአስተዳደር እርከን የሚመሠረት ሲሆን የክፍፍል ድርሻው በክልል ሕግ ይወሰናል፡፡
የማህበረሰብ አቀፍ የጤና መድህን ሥርዓት የመጠባበቂያ ፈንድ የት ይቀመጣል? ,የማህበረሰብ አቀፍ የጤና መድህን ሥርዓት የመጠባበቂያ ፈንድ በፌደራል እና በክልል አስተዳደር ደረጃ ይቀመጣል፡፡,በፌደራል እና በክልል አስተዳደር ደረጃ ይቀመጣል፡፡
የማህበረሰብ አቀፍ የጤና መድህን ሥርዓት የመጠባበቂያ ፈንድ ምን ያህል ፐርሰንት ይቀመጣል?,በዚህ አንቀጽ ንዑስ-አንቀጽ (፩) መሠረት የሚቀመጠው የመጠባበቂያ ፈንድ ከተሰበሰበው አጠቃላይ ዓመታዊ የአባላት መዋጮ አምስት (፭) በመቶ ይሆናል፡፡, አምስት (፭) በመቶ
የማህበረሰብ አቀፍ የጤና መድህን ሥርዓትን የሚመራው፣የሚያስተባብረው እና የሚያስፈጽመው ,የማህበረሰብ አቀፍ የጤና መድህን ሥርዓትን የሚመራው፣የሚያስተባብረው እና የሚያስፈጽመው የኢትዮጵያ የጤና መድህን አገልግሎት ነው።,የኢትዮጵያ የጤና መድህን አገልግሎት ነው።
በማህበረሰብ አቀፍ የጤና መድህን ሥርዓት የፌደራል አስፈጻሚ አካል ምን አይነት ሥልጣንና ተግባር  አለው?,"በማህበረሰብ አቀፍ የጤና መድህን ሥርዓት የፌደራል አስፈጻሚ አካል ምን አይነት ሥልጣንና ተግባር  ፥የፖሊሲ ሃሳብ ያመነጫል፣ ስትራቴጂዎችን ይነድፋል፣ የሕግ ማዕቀፍ ያዘጋጃል፤በሀገሪቱ ለሚመሰረቱ ቋቶች የአመሠራረት ሥርዓትና እና መለኪያ ያወጣል፤የፌደራል ቋቱን ያስተዳድራል፤ በሶስተኛ ደረጃ ሆስፒታሎች የጤና አገልግሎት ግዢ ይፈጽማል፤ለጤና መድህን ሥርዓቱ የሚውል አማራጭ የገንዘብ ምንጭ ያፈላልጋል፣ ሥርዓት ይዘረጋል፤ለክልል አስፈጻሚ አካላት የአቅም ግንባታ ድጋፍ ያደርጋል፤የሚያስፈልገውን ዓመታዊ አጠቃላይ ድጎማ ለሚመለከተው የመንግሥት አካል አቅርቦ ያስመድባል፤የማህበረሰብ አቀፍ የጤና መድህን ሥርዓት የስጋት ተጋላጭነት መቀነሻ ስልት ይቀይሳል፣ እንዲተገበር ያደርጋል፤የማህበረሰብ አቀፍ የጤና መድህን
ሥርዓትን ለማዘመን አዳዲስ አሠራሮችና ቴክኖሎጂዎችን ይዘረጋል፤የማህበረሰብ አቀፍ የጤና መድህን ሥርዓት አላማን ለማሳካት ሥራዎችን እንደአስፈላጊነቱ በሦስተኛ ወገን ሊያሰራ ይችላል፤የሥራ አፈጻጸሙን በተመለከተ ለሚቋቋመው ብሔራዊ ምክር ቤትና ለሌሎች አግባብነት ላላቸው አካላት ወቅታዊ ሪፖርት ያቀርባል፤የማህበረሰብ አቀፍ የጤና መድህን ሥርዓትን ለማስፈጸም የሚያስችሉ ሌሎች ተግባራትን ያከናውናል፡፡
","የፖሊሲ ሃሳብ ያመነጫል፣ ስትራቴጂዎችን ይነድፋል፣ የሕግ ማዕቀፍ ያዘጋጃል፤በሀገሪቱ ለሚመሰረቱ ቋቶች የአመሠራረት ሥርዓትና እና መለኪያ ያወጣል፤የፌደራል ቋቱን ያስተዳድራል፤ በሶስተኛ ደረጃ ሆስፒታሎች የጤና አገልግሎት ግዢ ይፈጽማል፤ለጤና መድህን ሥርዓቱ የሚውል አማራጭ የገንዘብ ምንጭ ያፈላልጋል፣ ሥርዓት ይዘረጋል፤ለክልል አስፈጻሚ አካላት የአቅም ግንባታ ድጋፍ ያደርጋል፤የሚያስፈልገውን ዓመታዊ አጠቃላይ ድጎማ ለሚመለከተው የመንግሥት አካል አቅርቦ ያስመድባል፤የማህበረሰብ አቀፍ የጤና መድህን ሥርዓት የስጋት ተጋላጭነት መቀነሻ ስልት ይቀይሳል፣ እንዲተገበር ያደርጋል፤የማህበረሰብ አቀፍ የጤና መድህን
ሥርዓትን ለማዘመን አዳዲስ አሠራሮችና ቴክኖሎጂዎችን ይዘረጋል፤የማህበረሰብ አቀፍ የጤና መድህን ሥርዓት አላማን ለማሳካት ሥራዎችን እንደአስፈላጊነቱ በሦስተኛ ወገን ሊያሰራ ይችላል፤የሥራ አፈጻጸሙን በተመለከተ ለሚቋቋመው ብሔራዊ ምክር ቤትና ለሌሎች አግባብነት ላላቸው አካላት ወቅታዊ ሪፖርት ያቀርባል፤የማህበረሰብ አቀፍ የጤና መድህን ሥርዓትን ለማስፈጸም የሚያስችሉ ሌሎች ተግባራትን ያከናውናል፡፡
"
በማህበረሰብ አቀፍ የጤና መድህን ሥርዓት የክልል አስፈጻሚ አካል ምን አይነት ሥልጣንና ተግባር  አለው?,"በማህበረሰብ አቀፍ የጤና መድህን ሥርዓት የክልል አስፈጻሚ አካል ሥልጣንና ተግባር፥ በክልል የተለያየ የአስተዳደር እርከን የሚመሰረተውን ቋት ያስተዳድራል፤ በመጀመሪያ እና ሁለተኛ ደረጃ የጤና አገልግሎት   ተቋማት   የሚሰጥ   የጤና አገልግሎት ግዢ ይፈጽማል፤በክልል  ደረጃ  የሚቀመጠውን  የመጠባበቂያ
ፈንድ ያስተዳድራል፤በማህበረሰብ አቀፍ የጤና መድህን ዙሪያ የህብረተሰቡን ግንዛቤ የማሳደግ ተግባራትን ያከናውናል፤የቅስቀሳ ሥራን በመስራት የአባላት ምዝገባ ያከናውናል፤ መዋጮ ይሰበስባል፤ የአባልነት መታወቂያ በማዘጋጀት ያሰራጫል፤በመቶኛ ክፍፍሉ ልክ በየደረጃው የተፈጠረውን ቋት እና የመጠባበቂያ ፈንድ ድርሻ ያስተላልፋል ወይም መተላለፉን ያረጋግጣል፤
የተናጠል ድጎማ በጀት እንዲመደብ ክትትል ያደርጋል፤የማህበረሰብ አቀፍ የጤና መድህን ሥርዓት አተገባበርን ከሚመለከታቸው አካላት ጋር በመሆን ይከታተላል፣ ይገመግማል፤እንደየክልሉ ተጨባጭ ሁኔታ የተመሰረተው ዝቅተኛ ቋት ባለበት የአስተዳደር እርከን ላይ የሥራ አመራር ቦርድ እና ጠቅላላ ጉባኤ መመረጡን እና በአግባቡ እየሰራ መሆኑን ይቆጣጠራል፤የሥራ አፈጻጸሙን በተመለከተ ለክልል እና ለማህበረሰብ አቀፍ የጤና መድህን ብሔራዊ ምክር ቤት፣ ለፌደራል አስፈጻሚ አካል እና ለሌሎች አግባብነት አካላት ወቅታዊ ሪፖርት ያቀርባል፤በክልሉ ያለውን የማህበረሰብ አቀፍ የጤና መድህን ሥርዓት አላማን ለማሳካት ሥራዎችን እንደአስፈላጊነቱ በሦስተኛ ወገን ሊያሰራ ይችላል፤ይህን አዋጅ ተከትለው በሚወጡ ደንብ
እና መመሪያዎች የተመለከቱትን ተግባራት ያከናውናል፡፡
","በክልል የተለያየ የአስተዳደር እርከን የሚመሰረተውን ቋት ያስተዳድራል፤ በመጀመሪያ እና ሁለተኛ ደረጃ የጤና አገልግሎት   ተቋማት   የሚሰጥ   የጤና አገልግሎት ግዢ ይፈጽማል፤በክልል  ደረጃ  የሚቀመጠውን  የመጠባበቂያ
ፈንድ ያስተዳድራል፤በማህበረሰብ አቀፍ የጤና መድህን ዙሪያ የህብረተሰቡን ግንዛቤ የማሳደግ ተግባራትን ያከናውናል፤የቅስቀሳ ሥራን በመስራት የአባላት ምዝገባ ያከናውናል፤ መዋጮ ይሰበስባል፤ የአባልነት መታወቂያ በማዘጋጀት ያሰራጫል፤በመቶኛ ክፍፍሉ ልክ በየደረጃው የተፈጠረውን ቋት እና የመጠባበቂያ ፈንድ ድርሻ ያስተላልፋል ወይም መተላለፉን ያረጋግጣል፤
የተናጠል ድጎማ በጀት እንዲመደብ ክትትል ያደርጋል፤የማህበረሰብ አቀፍ የጤና መድህን ሥርዓት አተገባበርን ከሚመለከታቸው አካላት ጋር በመሆን ይከታተላል፣ ይገመግማል፤እንደየክልሉ ተጨባጭ ሁኔታ የተመሰረተው ዝቅተኛ ቋት ባለበት የአስተዳደር እርከን ላይ የሥራ አመራር ቦርድ እና ጠቅላላ ጉባኤ መመረጡን እና በአግባቡ እየሰራ መሆኑን ይቆጣጠራል፤የሥራ አፈጻጸሙን በተመለከተ ለክልል እና ለማህበረሰብ አቀፍ የጤና መድህን ብሔራዊ ምክር ቤት፣ ለፌደራል አስፈጻሚ አካል እና ለሌሎች አግባብነት አካላት ወቅታዊ ሪፖርት ያቀርባል፤በክልሉ ያለውን የማህበረሰብ አቀፍ የጤና መድህን ሥርዓት አላማን ለማሳካት ሥራዎችን እንደአስፈላጊነቱ በሦስተኛ ወገን ሊያሰራ ይችላል፤ይህን አዋጅ ተከትለው በሚወጡ ደንብ
እና መመሪያዎች የተመለከቱትን ተግባራት ያከናውናል፡፡
"
የማህበረስብ አቀፍ ጤና መድህን ብሔራዊ ምክር ቤት ማን ይወስናል?,በክልሉ ርዕሰ መስተዳድር ሰብሳቢነት የሚመራ የክልል የማህበረሰብ አቀፍ የጤና መድህን ምክር ቤት ይቋቋማል፡፡ የአባላት ስብጥሩ፣ ኃላፊነቱ እና ዝርዝር አሠራሩ በክልሉ ህግ ይወሰናል፡,በክልሉ ርዕሰ መስተዳድር ሰብሳቢነት የሚመራ የክልል የማህበረሰብ አቀፍ የጤና መድህን ምክር ቤት ይቋቋማል፡፡ የአባላት ስብጥሩ፣ ኃላፊነቱ እና ዝርዝር አሠራሩ በክልሉ ህግ ይወሰናል፡
የማህበረስብ አቀፍ ጤና መድህን ብሔራዊ ምክር ቤት አባላት ማን ይወስናል?,የምክር ቤቱ አባላት ሁሉም የክልል ርዕሳነ መስተዳድር፣ የአዲስ አበባ እና ድሬደዋ ከተማ አስተዳደር ከንቲባዎች እንዲሁም አግባብነት ካላቸው አካላት የተውጣጡ ሆኖ በምክትል ጠቅላይ ሚኒስትሩ ይሰየማሉ፡፡,የምክር ቤቱ አባላት ሁሉም የክልል ርዕሳነ መስተዳድር፣ የአዲስ አበባ እና ድሬደዋ ከተማ አስተዳደር ከንቲባዎች እንዲሁም አግባብነት ካላቸው አካላት የተውጣጡ ሆኖ በምክትል ጠቅላይ ሚኒስትሩ ይሰየማሉ፡፡
የማህበረስብ አቀፍ ጤና መድህን ብሔራዊ ምክር ቤት ሰብሳቢ ማን ነው?,የኢትዮጵያ ምክትል ጠቅላይ ሚኒስትሩ የማህበረስብ አቀፍ ጤና መድህን ብሔራዊ ምክር ቤት ሰብሳቢ ይሆናል፡፡,የኢትዮጵያ ምክትል ጠቅላይ ሚኒስትሩ የምክር ቤቱ ሰብሳቢ ይሆናል፡፡
የማህበረስብ አቀፍ ጤና መድህን ብሔራዊ ምክር ቤት ጸሐፊ ማን ነው?,የማህበረሰብ አቀፍ የጤና መድህን ሥርዓት የኢትዮጵያ ጤና መድህን አገልግሎት ዋና ዳይሬክተር የማህበረስብ አቀፍ ጤና መድህን ብሔራዊ ምክር ቤት ጸሐፊ ይሆናል፡፡,የኢትዮጵያ ጤና መድህን አገልግሎት ዋና ዳይሬክተር የምክር ቤቱ ጸሐፊ ይሆናል፡፡
የማህበረስብ አቀፍ ጤና መድህን ብሔራዊ ምክር ቤት ምን አይነት ተግባርና ሃላፊነት አለው?,"ለማህበረሰብ አቀፍ የጤና መድህን ሥርዓት ትግበራ የሚረዱ የፖሊሲ አቅጣጫዎችን ይሰጣል፤ዓመታዊ የአባልነት የመዋጮ መጠን፣ የቀጥታ
ክፍያ መጠን፣ የጥቅም ማዕቀፍን እና የመድሀኒት ዝርዝር ይወስናል፤የክልል እና የፌደራል ቋት ክፍፍል መቶኛ ይወስናል፤በክልል እና በፌደራል ደረጃ የሚቀመጠውን የመጠባበቂያ ፈንድ ክፍፍል መቶኛ ይወስናል፤ ማሻሻያ ሊያደርግ ይችላል፤በኢትዮጵያ የጤና መድህን አገልግሎት የሚቀርበውን የክንውን ሪፖርት ይገመግማል፤ የማሻሻያ ሃሳቦችን ይሰጣል፤
","ለማህበረሰብ አቀፍ የጤና መድህን ሥርዓት ትግበራ የሚረዱ የፖሊሲ አቅጣጫዎችን ይሰጣል፤ዓመታዊ የአባልነት የመዋጮ መጠን፣ የቀጥታ
ክፍያ መጠን፣ የጥቅም ማዕቀፍን እና የመድሀኒት ዝርዝር ይወስናል፤የክልል እና የፌደራል ቋት ክፍፍል መቶኛ ይወስናል፤በክልል እና በፌደራል ደረጃ የሚቀመጠውን የመጠባበቂያ ፈንድ ክፍፍል መቶኛ ይወስናል፤ ማሻሻያ ሊያደርግ ይችላል፤በኢትዮጵያ የጤና መድህን አገልግሎት የሚቀርበውን የክንውን ሪፖርት ይገመግማል፤ የማሻሻያ ሃሳቦችን ይሰጣል፤
"
የማህበረስብ አቀፍ ጤና መድህን ብሔራዊ ምክር ቤት በአመት ስንት ጊዜ ይደረጋል?,የማህበረሰብ አቀፍ የጤና መድህን ሥርዓት ምክር ቤቱ በዓመት ሁለት ጊዜ ይሰበሰባል፤ ሆኖም አስፈላጊ ሆኖ ሲገኝ በማናቸውም ጊዜ ሊሰበሰብ ይችላል፡፡,ምክር ቤቱ በዓመት ሁለት ጊዜ ይሰበሰባል፤ ሆኖም አስፈላጊ ሆኖ ሲገኝ በማናቸውም ጊዜ ሊሰበሰብ ይችላል፡፡
የማህበረስብ አቀፍ ጤና መድህን ብሔራዊ ምክር ቤት ውሳኔዎች በምን ያልፋሉ?,የማህበረሰብ አቀፍ የጤና መድህን ሥርዓት የምክር  ቤቱ  ውሳኔዎች  በድምጽ  ብልጫ ያልፋሉ፤ ሆኖም ድምጽ እኩል ለእኩል የተከፈለ እንደሆነ ሰብሳቢው ያለበት ወገን ወሳኝ ይሆናል።ምክር ቤቱም የራሱን የስብሰባ ሥነ-ሥርዓት እና አሠራር መመሪያ ሊያወጣ ይችላል፡፡,የምክር  ቤቱ  ውሳኔዎች  በድምጽ  ብልጫ ያልፋሉ፤ ሆኖም ድምጽ እኩል ለእኩል የተከፈለ እንደሆነ ሰብሳቢው ያለበት ወገን ወሳኝ ይሆናል።
የማህበረስብ አቀፍ ጤና መድህን አባል ማን ነው?,የማህበረሰብ አቀፍ የጤና መድህን ሥርዓት መደበኛ ባልሆነው ዘርፍ የተሰማራ ማንኛውም ሰው የማህበረሰብ አቀፍ የጤና መድህን አባል ይሆናል።,መደበኛ ባልሆነው ዘርፍ የተሰማራ ማንኛውም ሰው የማህበረሰብ አቀፍ የጤና መድህን አባል ይሆናል።
የማህበረስብ አቀፍ ጤና መድህን የአባልነት ምዝገባ እንዴት ይከናወናል?,የማህበረሰብ አቀፍ የጤና መድህን ሥርዓት አባልነት በቤተሰብ ደረጃ ሆኖ ምዝገባው በአባወራ ወይም በእማወራ ይከናወናል፡፡አባልነት በግለሰብ ደረጃ ሊሆን ይችላል፡፡,አባልነት በቤተሰብ ደረጃ ሆኖ ምዝገባው በአባወራ ወይም በእማወራ ይከናወናል፡፡
የማህበረስብ አቀፍ ጤና መድህን የአባልነት ምዝገባ ለምን ያክል ጊዜ ይቆያል?,የማህበረሰብ አቀፍ የጤና መድህን ሥርዓት የአባልነት ምዝገባ ለአንድ ዓመት የፀና ሆኖ በየዓመቱ መታደስ ይኖርበታል።የአባልነት ምዝገባ እና እድሳት በዓመት አንድ ጊዜ ሆኖ ለተከታታይ ሁለት ወራት ብቻ የሚከናወን ይሆናል።,የአባልነት ምዝገባ ለአንድ ዓመት የፀና ሆኖ በየዓመቱ መታደስ ይኖርበታል።
የማህበረስብ አቀፍ ጤና መድህን የአባልነት ምዝገባ እና እድሳት ማን ሊወስን ይችላል?,የማህበረሰብ አቀፍ የጤና መድህን ሥርዓት የክልል አስፈጻሚ አካል የምዝገባ እና የእድሳት ጊዜ የአካባቢውን ሁኔታ መሠረት በማድረግ ሊወስን ይችላል።,የክልል አስፈጻሚ አካል የምዝገባ እና የእድሳት ጊዜ የአካባቢውን ሁኔታ መሠረት በማድረግ ሊወስን ይችላል።
የማህበረስብ አቀፍ ጤና መድህን የቤተሰብ የአባልነት ምዝገባ ተጨማሪ ክፍያ ሊጠይቅ ይችላልን?,የማህበረሰብ አቀፍ የጤና መድህን ሥርዓት ለመሠረታዊ  የቤተሰብ  አባላት  የሚከፈለው የመዋጮ እንደተጠበቀ ሆኖ ለተጨማሪ የቤተሰብ አባላት ተጨማሪ ክፍያ የሚከፈል ይሆናል።,አው፡ለመሠረታዊ  የቤተሰብ  አባላት  የሚከፈለው የመዋጮ እንደተጠበቀ ሆኖ ለተጨማሪ የቤተሰብ አባላት ተጨማሪ ክፍያ የሚከፈል ይሆናል።
የማህበረሰብ አቀፍ የጤና መድህን የፋይናንስ ምንጮች ምን ምን ናቸው?,የማህበረሰብ አቀፍ የጤና መድህን ሥርዓት የማህበረሰብ አቀፍ የጤና መድህን የፋይናንስ ምንጮች የሚከተሉት ናቸው፡-ከከፋይ አባላት የመመዝገቢያ ክፍያ እና የአባልነት መዋጮ፣ከተናጠል ድጎማ፣ከአጠቃላይ ድጎማ፣ከልማት አጋሮች፣ ከግለሰቦች ወይም ከተቋማት የገንዘብ ድጋፍ፣ሌሎች ምንጮች፡፡,የማህበረሰብ አቀፍ የጤና መድህን የፋይናንስ ምንጮች የሚከተሉት ናቸው፡-ከከፋይ አባላት የመመዝገቢያ ክፍያ እና የአባልነት መዋጮ፣ከተናጠል ድጎማ፣ከአጠቃላይ ድጎማ፣ከልማት አጋሮች፣ ከግለሰቦች ወይም ከተቋማት የገንዘብ ድጋፍ፣ሌሎች ምንጮች፡፡
በማህበረስብ አቀፍ ጤና መድህን የፋይናንስ አስተዳደር እና ቁጥጥር ምን ይመስላል?,"የማህበረሰብ አቀፍ የጤና መድህን ሥርዓት በየደረጃው ያሉ የማህበረሰብ አቀፍ የጤና መድህን አስፈጻሚ አካላት የተሟላ እና ትክክለኛ የሆነ የሂሳብ መዛግብት ይይዛሉ።የማህበረሰብ አቀፍ የጤና መድህን የፋይናንስ
አጠቃቀምና አስተዳደር ሥርዓት አግባብነት ባለው የመንግሥት ፋይናንስ አስተዳደር ሕግ ይመራል፣ ኦዲት ይደረጋል፤ ለሚመለከታቸው አካላት ሪፖርት ይቀርባል፡፡
", አስፈጻሚ አካላት የተሟላ እና ትክክለኛ የሆነ የሂሳብ መዛግብት ይይዛሉ።
በማህበረስብ አቀፍ ጤና መድህን የፋይናንስ ጉድለት አሸፋፈን እንዴት ይወሰናል?,የማህበረሰብ አቀፍ የጤና መድህን ሥርዓት የፋይናንስ ጉድለት በሚያጋጥመው ጊዜ ጉድለቱ ከመጠባበቂያ ፈንድ ይሸፈናል፡፡ በክልል ደረጃ ያጋጠመው የፋይናንስ ጉድለት በክልሉ ከተቀመጠው የመጠባበቂያ ፈንድ በላይ ሲሆን ቋቱ የተመሰረተበት የአስተዳደር እርከን ጉድለቱን የሚሸፍን ይሆናል።የፌደራል ቋቱ ያጋጠመው የፋይናንስ ጉድለት በፌደራል ደረጃ ከተቀመጠው የመጠባበቂያ ፈንድ በላይ ሲሆን ጉድለቱን የፌደራል መንግሥት ይሸፍናል፡፡,የማህበረሰብ አቀፍ የጤና መድህን ሥርዓት የፋይናንስ ጉድለት በሚያጋጥመው ጊዜ ጉድለቱ ከመጠባበቂያ ፈንድ ይሸፈናል፡፡
በማህበረስብ አቀፍ ጤና መድህን በክልል አቀፍ የፋይናንስ ጉድለት አሸፋፈን እንዴት ይወሰናል?,የማህበረሰብ አቀፍ የጤና መድህን ሥርዓት የፋይናንስ ጉድለት በሚያጋጥመው ጊዜ ጉድለቱ ከመጠባበቂያ ፈንድ ይሸፈናል፡፡ በክልል ደረጃ ያጋጠመው የፋይናንስ ጉድለት በክልሉ ከተቀመጠው የመጠባበቂያ ፈንድ በላይ ሲሆን ቋቱ የተመሰረተበት የአስተዳደር እርከን ጉድለቱን የሚሸፍን ይሆናል።የፌደራል ቋቱ ያጋጠመው የፋይናንስ ጉድለት በፌደራል ደረጃ ከተቀመጠው የመጠባበቂያ ፈንድ በላይ ሲሆን ጉድለቱን የፌደራል መንግሥት ይሸፍናል፡፡,በክልል ደረጃ ያጋጠመው የፋይናንስ ጉድለት በክልሉ ከተቀመጠው የመጠባበቂያ ፈንድ በላይ ሲሆን ቋቱ የተመሰረተበት የአስተዳደር እርከን ጉድለቱን የሚሸፍን ይሆናል።
በማህበረስብ አቀፍ ጤና መድህን በፌደራል ደረጃ የሚከሰት የፋይናንስ ጉድለት አሸፋፈን እንዴት ይወሰናል?,የማህበረሰብ አቀፍ የጤና መድህን ሥርዓት የፋይናንስ ጉድለት በሚያጋጥመው ጊዜ ጉድለቱ ከመጠባበቂያ ፈንድ ይሸፈናል፡፡ በክልል ደረጃ ያጋጠመው የፋይናንስ ጉድለት በክልሉ ከተቀመጠው የመጠባበቂያ ፈንድ በላይ ሲሆን ቋቱ የተመሰረተበት የአስተዳደር እርከን ጉድለቱን የሚሸፍን ይሆናል።የፌደራል ቋቱ ያጋጠመው የፋይናንስ ጉድለት በፌደራል ደረጃ ከተቀመጠው የመጠባበቂያ ፈንድ በላይ ሲሆን ጉድለቱን የፌደራል መንግሥት ይሸፍናል፡፡,የፌደራል ቋቱ ያጋጠመው የፋይናንስ ጉድለት በፌደራል ደረጃ ከተቀመጠው የመጠባበቂያ ፈንድ በላይ ሲሆን ጉድለቱን የፌደራል መንግሥት ይሸፍናል፡፡
በማህበረስብ አቀፍ ጤና መድህን የክፍያ እና የህክምና አገልግሎት ኦዲት በምን ይወሰናል?,በማህበረስብ አቀፍ ጤና መድህን አግባብነት ያለው የፌደራል ወይም የክልል አስፈጻሚ አካል ከጤና አገልግሎት ተቋማት በቀረበው የክፍያ ጥያቄ ላይ የክፍያ እና የህክምና አገልግሎት ኦዲት ያከናውናል፣ክፍያም ይፈጽማል፡፡ ዝርዝር አፈጻጸሙ በኢትዮጲያ ጤና መድህን አገልግሎት መመሪያ ይወሰናል፡፡,የፌደራል ወይም የክልል አስፈጻሚ አካል ከጤና አገልግሎት ተቋማት በቀረበው የክፍያ ጥያቄ ላይ የክፍያ እና የህክምና አገልግሎት ኦዲት ያከናውናል፣ክፍያም ይፈጽማል፡፡ 
በማህበረስብ አቀፍ ጤና መድህን የጤና አገልግሎት ተቋም ግዴታ ምንድን ነው?,"በማህበረስብ አቀፍ ጤና መድህን የሚሰጠው የጤና አገልግሎት አግባብ ያለው አካል ያወጣውን ብሔራዊ የጤና ክብካቤ ደረጃ የማሟላት፡ለተጠቃሚው የሚሰጠው የጤና ምርመራ ወይም ህክምና በወጣው ስታንዳርድ የህክምና ጋይድላይን መሠረት መሆኑን የማረጋገጥ፡የፌደራል ወይም የክልል አስፈጻሚው አካል በሚያከናውናቸው የህክምና አገልግሎት ኦዲት እና ተመሳሳይ ሥራዎች ዙሪያ የመተባበርና መረጃ የመስጠት
ግዴታ አለበት፡፡
","የሚሰጠው የጤና አገልግሎት አግባብ ያለው አካል ያወጣውን ብሔራዊ የጤና ክብካቤ ደረጃ የማሟላት፡ለተጠቃሚው የሚሰጠው የጤና ምርመራ ወይም ህክምና በወጣው ስታንዳርድ የህክምና ጋይድላይን መሠረት መሆኑን የማረጋገጥ፡የፌደራል ወይም የክልል አስፈጻሚው አካል በሚያከናውናቸው የህክምና አገልግሎት ኦዲት እና ተመሳሳይ ሥራዎች ዙሪያ የመተባበርና መረጃ የመስጠት
ግዴታ አለበት፡፡
"
በማህበረስብ አቀፍ ጤና መድህን የአባል ግዴታ ምንድን ነው?,"በማህበረስብ አቀፍ ጤና መድህን አንድ አባል፡-የእርሱንና የቤተሰቡን ትክክለኛ መረጃ የመስጠት እና የማስመዝገብ፤ የተሰጠውን  የአባልነት  የመታወቂያ  ካርድ
በጥንቃቄ የመያዝ፣ ለተፈቀደለት የቤተሰብ አባላት ብቻ እንዲጠቀም የማድረግ እና ለሌላ ወገን አሳልፎ ያለመስጠት፤የምዝገባ እና የአባልነት ክፍያ የመክፈል፤ በውልደት እና በጉዲፈቻ የተጨመሩ፣ ለአካለ መጠን የደረሱ ወይም በሞት የተለዩ የቤተሰብ አባላትን በወቅቱ የማሳወቅ
ግዴታ አለበት።

","አንድ አባል፡-የእርሱንና የቤተሰቡን ትክክለኛ መረጃ የመስጠት እና የማስመዝገብ፤ የተሰጠውን  የአባልነት  የመታወቂያ  ካርድ
በጥንቃቄ የመያዝ፣ ለተፈቀደለት የቤተሰብ አባላት ብቻ እንዲጠቀም የማድረግ እና ለሌላ ወገን አሳልፎ ያለመስጠት፤የምዝገባ እና የአባልነት ክፍያ የመክፈል፤ በውልደት እና በጉዲፈቻ የተጨመሩ፣ ለአካለ መጠን የደረሱ ወይም በሞት የተለዩ የቤተሰብ አባላትን በወቅቱ የማሳወቅ
ግዴታ አለበት።"
በማህበረስብ አቀፍ ጤና መድህን አስተዳደራዊ እርምጃ ምን ይመስላል?,በማህበረሰብ አቀፍ የጤና መድህን ሥርዓት ውስጥ የሚሳተፍ ማንኛውም ሰው ይህንን አዋጅ ወይም ይህንን አዋጅ ለማስፈጸም የሚወጡ ሕጎችን ጥሶ ከተገኘ አስተዳደራዊ እርምጃ ይወሰድበታል።ማንኛውም  የጤና  ባለሙያ  ይህንን  አዋጅ ወይም አዋጁን ለማስፈጸም የሚወጡ ሕጎችን መተላለፉ ሲታወቅ አግባብ ላለው የጤና ባለሙያዎች ተቆጣጣሪ አካል በማሳወቅ ተገቢው እርምጃ እንዲወሰድበት ይደረጋል።,"በማህበረሰብ አቀፍ የጤና መድህን ሥርዓት ውስጥ የሚሳተፍ ማንኛውም ሰው ይህንን አዋጅ ወይም ይህንን አዋጅ ለማስፈጸም የሚወጡ ሕጎችን ጥሶ ከተገኘ አስተዳደራዊ እርምጃ ይወሰድበታል።ማንኛውም  የጤና  ባለሙያ  ይህንን  አዋጅ
ወይም አዋጁን ለማስፈጸም የሚወጡ ሕጎችን መተላለፉ ሲታወቅ አግባብ ላለው የጤና ባለሙያዎች ተቆጣጣሪ አካል በማሳወቅ ተገቢው እርምጃ እንዲወሰድበት ይደረጋል።
"
በማህበረስብ አቀፍ ጤና መድህን የቅሬታ አቀራረብ እና አፈታት ምን ይመስላል?,በማህበረስብ አቀፍ ጤና መድህን ቅሬታዎችን የሚቀበል እና ውሳኔ የሚሰጥ አካል በፌዴራል እና በክልል አስፈጻሚ ደረጃ ይደራጃል፡፡ ዝርዝር አደረጃጀት እና አሠራር ሥርዓቱ እንደአግባብነቱ በፌደራል ወይም በክልል አስፈጻሚው አካል በሚወጣ መመሪያ ይወሰናል፡በቅሬታ ሰሚ አካል በሚሰጥ ውሳኔ ያልረካ ቅሬታ አቅራቢ በፌደራል ደረጃ ለፌደራል የመጀመሪያ ደረጃ ፍርድ ቤት፣ በአዲስ አበባ እና ድሬደዋ ከተማ አስተዳደር ለከተማ ነክ ጉዳዮች ፍርድ ቤት እንዲሁም በሌሎች ክልሎች ለወረዳው ፍርድ ቤት ይግባኝ ሊያቀርብ ይችላል።,ቅሬታዎችን የሚቀበል እና ውሳኔ የሚሰጥ አካል በፌዴራል እና በክልል አስፈጻሚ ደረጃ ይደራጃል፡፡ ዝርዝር አደረጃጀት እና አሠራር ሥርዓቱ እንደአግባብነቱ በፌደራል ወይም በክልል አስፈጻሚው አካል በሚወጣ መመሪያ ይወሰናል፡በቅሬታ ሰሚ አካል በሚሰጥ ውሳኔ ያልረካ ቅሬታ አቅራቢ በፌደራል ደረጃ ለፌደራል የመጀመሪያ ደረጃ ፍርድ ቤት፣ በአዲስ አበባ እና ድሬደዋ ከተማ አስተዳደር ለከተማ ነክ ጉዳዮች ፍርድ ቤት እንዲሁም በሌሎች ክልሎች ለወረዳው ፍርድ ቤት ይግባኝ ሊያቀርብ ይችላል።
በማህበረስብ አቀፍ ጤና መድህን  ደንብ እና መመሪያ የማውጣት ሥልጣን የማን ነው?,በኢትዮጵያ የምግብ እና የመድኃኒት አስተዳደር አዋጅ ላይ  የሚኒስትሮች ምክር ቤት ይህን አዋጅ ለማስፈጸም የሚያስፈልግ ደንብ ሊያወጣ ይችላል፡,የሚኒስትሮች ምክር ቤት ይህን አዋጅ ለማስፈጸም የሚያስፈልግ ደንብ ሊያወጣ ይችላል፡
የምግብ እና መድኃኒት አስተዳደር የወጣ አዋጅ አስፈላጊነቱ ምን ይመስላል?,በኢትዮጵያ የምግብ እና የመድኃኒት አስተዳደር አዋጅ ላይ  ደህንነቱ ባልተጠበቀ ምግብ ምክንያት በኅብረተሰቡ ላይ ሊደርስ የሚችለውን የጤና ጉዳት መከላከል እና መቆጣጣር አስፈላጊ በመሆኑ፤ደህንነቱ፣ ፈዋሽነቱና ጥራቱ ባልተረጋገጠ መድኃኒት እንዲሁም ደህንነቱ እና ውጤታማነቱ ባልተረጋገጠ የህክምና መሣሪያ ምክንያት በሰው ላይ የሚደርስን የጤና ችግር መከላከል እና መቆጣጣር አስፈላጊ ሆኖ በመገኘቱ፤በትምባሆ ምርት  ምክንያት በኅብረተሰብ ላይ እየደረሰ ያለውን የጤና፣ ማኅበራዊ እና ኢኮኖሚያዊ ችግሮችን መከላከል እና መቆጣጠር አስፈላጊ በመሆኑ፤,ደህንነቱ ባልተጠበቀ ምግብ ምክንያት በኅብረተሰቡ ላይ ሊደርስ የሚችለውን የጤና ጉዳት መከላከል እና መቆጣጣር አስፈላጊ በመሆኑ፤ደህንነቱ፣ ፈዋሽነቱና ጥራቱ ባልተረጋገጠ መድኃኒት እንዲሁም ደህንነቱ እና ውጤታማነቱ ባልተረጋገጠ የህክምና መሣሪያ ምክንያት በሰው ላይ የሚደርስን የጤና ችግር መከላከል እና መቆጣጣር አስፈላጊ ሆኖ በመገኘቱ፤
በትምባሆ ምርት  ምክንያት በኅብረተሰብ ላይ ምን አይነት ችግሮች ይታያሉ?,በኢትዮጵያ የምግብ እና የመድኃኒት አስተዳደር አዋጅ ላይ  በትምባሆ ምርት  ምክንያት በኅብረተሰብ ላይ እየደረሰ ያለውን የጤና፣ ማኅበራዊ እና ኢኮኖሚያዊ ችግሮች ጎልተው ይታያሉ?,በትምባሆ ምርት  ምክንያት በኅብረተሰብ ላይ እየደረሰ ያለውን የጤና፣ ማኅበራዊ እና ኢኮኖሚያዊ ችግሮች ጎልተው ይታያሉ?
በኢትዮጵያ የምግብ እና የመድኃኒት አስተዳደር አዋጅ በኢትዮጵያ ህገመንግስት ምን አንቀጽ ላይ ይገኛል?,በኢትዮጵያ የምግብ እና የመድኃኒት አስተዳደር አዋጅ ላይ  የምግብ እና የመድኃኒት አስተዳደር አዋጅ በኢትዮጵያ ፌደራላዊ ዲሞክራሲያዊ ሪፐብሊክ ሕገ- መንግሥት አንቀጽ ፶፭(፩) መሠረት የሚከተለው ታውጇል:-,የምግብ እና የመድኃኒት አስተዳደር አዋጅ በኢትዮጵያ ፌደራላዊ ዲሞክራሲያዊ ሪፐብሊክ ሕገ- መንግሥት አንቀጽ ፶፭(፩) መሠረት የሚከተለው ታውጇል:-
በኢትዮጵያ የምግብ እና የመድኃኒት አስተዳደር አዋጅ ላይ የተገለጸው ምግብ እንዴት ይተረጎማል?,በኢትዮጵያ የምግብ እና የመድኃኒት አስተዳደር አዋጅ ላይ  ምግብ ማለት በከፊል ወይም ሙሉ በሙሉ ተዘጋጅቶ ለሰው ምግብነት የሚውል ነገር ሲሆን ገበያ ላይ የዋለ ወይም ለኅብረተሰብ አገልግሎት የቀረበ ዕጽዋት፣ የዕጽዋት ውጤት እና የእንስሳ ተዋጽኦ፤ የምግብ ጨው፣ ውኃ፣ አልኮል ወይም ሌላ መጠጥ እና ምግብ ለማምረት ወይም ለማከም የሚውል ማንኛውንም ንጥረ-ነገር የሚያካትት ሆኖ መድኃኒትን፣ የውበት መጠበቂያን እና ትምባሆን አያካትትም,ምግብ ማለት በከፊል ወይም ሙሉ በሙሉ ተዘጋጅቶ ለሰው ምግብነት የሚውል ነገር ሲሆን ገበያ ላይ የዋለ ወይም ለኅብረተሰብ አገልግሎት የቀረበ ዕጽዋት፣ የዕጽዋት ውጤት እና የእንስሳ ተዋጽኦ፤ የምግብ ጨው፣ ውኃ፣ አልኮል ወይም ሌላ መጠጥ እና ምግብ ለማምረት ወይም ለማከም የሚውል ማንኛውንም ንጥረ-ነገር የሚያካትት ሆኖ መድኃኒትን፣ የውበት መጠበቂያን እና ትምባሆን አያካትትም
በኢትዮጵያ የምግብ እና የመድኃኒት አስተዳደር አዋጅ ላይ  የምግብ ተቋም ሲል ማን ማለት ነው?,በኢትዮጵያ የምግብ እና የመድኃኒት አስተዳደር አዋጅ ላይ  የምግብ ተቋም ማለት የምግብ ንግድ ተቋምና ሌላ ከንግድ ዓላማ ውጭ ምግብን በተለያየ መንገድ በእርዳታ ወይም በአገልግሎት መስጫ ድርጅት በቋሚነት ለኅብረተሰቡ የሚቀርብ ተቋም ነው፤,የምግብ ተቋም ማለት የምግብ ንግድ ተቋምና ሌላ ከንግድ ዓላማ ውጭ ምግብን በተለያየ መንገድ በእርዳታ ወይም በአገልግሎት መስጫ ድርጅት በቋሚነት ለኅብረተሰቡ የሚቀርብ ተቋም ነው
በኢትዮጵያ  የምግብ እና የመድኃኒት አስተዳደር አዋጅ ላይ የምግብ  ደህንነት ሲል ምን ማለት ነው?,በኢትዮጵያ የምግብ እና የመድኃኒት አስተዳደር አዋጅ ላይ  የምግብ እና የመድኃኒት አስተዳደር አዋጅ ላይ የምግብ  ደህንነት  ማለት  ምግብን  በተገቢው መንገድ በማምረት፣ በመያዝ፣ በማከማቸት፣ በማጓጓዝ ወይም ለተጠቃሚ በማቅረብ ሂደት ምግቡ ለጤና ተስማሚ እንደሆነ የሚረጋገጥበት አሰራር ነው፤,የምግብ  ደህንነት  ማለት  ምግብን  በተገቢው መንገድ በማምረት፣ በመያዝ፣ በማከማቸት፣ በማጓጓዝ ወይም ለተጠቃሚ በማቅረብ ሂደት ምግቡ ለጤና ተስማሚ እንደሆነ የሚረጋገጥበት አሰራር ነው፤
በኢትዮጵያ የምግብ እና የመድኃኒት አስተዳደር አዋጅ ላይ የምግብ ማጭረር ማለት ምን ማለት ነው?,በኢትዮጵያ የምግብ እና የመድኃኒት አስተዳደር አዋጅ ላይ የምግብ እና የመድኃኒት አስተዳደር አዋጅ ላይ  “ምግብ ማጭረር” ማለት ምግብን ለተወሰነ ዓይነት አዮን ፈጣሪ ለሆነ ጨረራ ማጋለጥ ነው፤,
በኢትዮጵያ የምግብ እና የመድኃኒት አስተዳደር አዋጅ ላይ የጨቅላ ህጻን ምግብ ማለት ምን ማለት ነው?,በኢትዮጵያ የምግብ እና የመድኃኒት አስተዳደር አዋጅ ላይ የጨቅላ ህጻን ምግብ ማለት እስከ ስድስት ወር እድሜ ላሉ ጨቅላ ህጻናት መደበኛ የምግብ ፍላጎታቸውን ለማሟላት አግባብ ባለው ደረጃ መሠረት በፋብሪካ የሚዘጋጅ  ምግብ ነው፤,“የጨቅላ ህጻን ምግብ” ማለት እስከ ስድስት ወር እድሜ ላሉ ጨቅላ ህጻናት መደበኛ የምግብ ፍላጎታቸውን ለማሟላት አግባብ ባለው ደረጃ መሠረት በፋብሪካ የሚዘጋጅ  ምግብ ነው፤
በኢትዮጵያ የምግብ እና የመድኃኒት አስተዳደር አዋጅ ላይ “የህጻን ምግብ”  ማለት ምን ማለት ነው?,በኢትዮጵያ የምግብ እና የመድኃኒት አስተዳደር አዋጅ ላይ “የህጻን ምግብ” ማለት አግባብ ባለው ደረጃ መሠረት ከእንስሳት ወይም ዕጽዋት ተዋጽኦ በፋብሪካ የሚመረት ምግብ ሆኖ እድሜያቸው ከ፮ ወር እስከ ፫ ዓመት ለሆኑ ህጻናት ምግብነት በፋብሪካ ደረጃ የሚዘጋጅ ነው፤,“የህጻን ምግብ” ማለት አግባብ ባለው ደረጃ መሠረት ከእንስሳት ወይም ዕጽዋት ተዋጽኦ በፋብሪካ የሚመረት ምግብ ሆኖ እድሜያቸው ከ፮ ወር እስከ ፫ ዓመት ለሆኑ ህጻናት ምግብነት በፋብሪካ ደረጃ የሚዘጋጅ ነው፤
በኢትዮጵያ የምግብ እና የመድኃኒት አስተዳደር አዋጅ ላይ “ማሟያ ምግብ”  ሲል ምን ማለት ነው?,በኢትዮጵያ የምግብ እና የመድኃኒት አስተዳደር አዋጅ ላይ “ማሟያ ምግብ” ማለት ማንኛውም የመደበኛ አመጋገብ የንጥረ ምግብ ፍላጎት ለማሟላት ሲባል የሚዘጋጅ የንጥረ ምግብ ወይም በሰውነት ተፈጥሮአዊ አሰራር ላይ ውጤት ያላቸው የቫይታሚን፣ ማዕድን ወይም ሌሎች ንጥረ ነገሮች በነጠላ ወይም በጣምራ የሚገኙበትና በተወሰነ መጠን እንዲወሰድ ታስቦ በካፕሱል፣ በእንክብል፣ በዱቄት፣ በፈሳሽ፣ በጠብታ ወይም በሌላ ተመሳሳይ ሁኔታ የሚዘጋጅ ምግብ ነው፤,“ማሟያ ምግብ” ማለት ማንኛውም የመደበኛ አመጋገብ የንጥረ ምግብ ፍላጎት ለማሟላት ሲባል የሚዘጋጅ የንጥረ ምግብ ወይም በሰውነት ተፈጥሮአዊ አሰራር ላይ ውጤት ያላቸው የቫይታሚን፣ ማዕድን ወይም ሌሎች ንጥረ ነገሮች በነጠላ ወይም በጣምራ የሚገኙበትና በተወሰነ መጠን እንዲወሰድ ታስቦ በካፕሱል፣ በእንክብል፣ በዱቄት፣ በፈሳሽ፣ በጠብታ ወይም በሌላ ተመሳሳይ ሁኔታ የሚዘጋጅ ምግብ ነው፤
በኢትዮጵያ የምግብ እና የመድኃኒት አስተዳደር አዋጅ ላይ “መድኃኒት”  ሲል ምን ማለት ነው?,በኢትዮጵያ የምግብ እና የመድኃኒት አስተዳደር አዋጅ ላይ “መድኃኒት” ማለት የሰውን በሽታ፣ የተዛባ ወይም ጤነኛ ያልሆነ አካላዊ ወይም አዕምሮአዊ ሁኔታ ወይም ተያያዥ ምልክቶችን ለመመርመር፣ ለማከም፣ ለማስታገስ ወይም ለመከላከል፤ የሰውን አካላዊ ወይም አዕምሮአዊ አሰራር በጠቃሚ መልኩ ለማስተካከል፣ ወደ ነበረበት ለመመለስ ወይም ለማሻሻል፤ ወይም ከምግብ በስተቀር የሰውነትን መዋቅር ወይም ማንኛውንም የሰውነትን ተፈጥሮአዊ ተግባር በጠቃሚ መልኩ ለመለወጥ የሚውል ማንኛውም ንጥረ-ነገር ወይም የንጥረ-ነገሮች ውህድ ሆኖ ለነዚህ ምርቶች ጥሬ ዕቃነት የሚውል ማንኛውንም ንጥረ-ነገር ያጠቃልላል፤,“መድኃኒት” ማለት የሰውን በሽታ፣ የተዛባ ወይም ጤነኛ ያልሆነ አካላዊ ወይም አዕምሮአዊ ሁኔታ ወይም ተያያዥ ምልክቶችን ለመመርመር፣ ለማከም፣ ለማስታገስ ወይም ለመከላከል፤ የሰውን አካላዊ ወይም አዕምሮአዊ አሰራር በጠቃሚ መልኩ ለማስተካከል፣ ወደ ነበረበት ለመመለስ ወይም ለማሻሻል፤ ወይም ከምግብ በስተቀር የሰውነትን መዋቅር ወይም ማንኛውንም የሰውነትን ተፈጥሮአዊ ተግባር በጠቃሚ መልኩ ለመለወጥ የሚውል ማንኛውም ንጥረ-ነገር ወይም የንጥረ-ነገሮች ውህድ ሆኖ ለነዚህ ምርቶች ጥሬ ዕቃነት የሚውል ማንኛውንም ንጥረ-ነገር ያጠቃልላል፤
በኢትዮጵያ የምግብ እና የመድኃኒት አስተዳደር አዋጅ ላይ “የመድኃኒት ባለሙያ” ማለት ምን ማለት ነው?,በኢትዮጵያ የምግብ እና የመድኃኒት አስተዳደር አዋጅ ላይ “የመድኃኒት ባለሙያ” ማለት አግባብ ባለው የጤና ባለሙያ ተቆጣጣሪ አካል የሙያ ፈቃድ የተሰጠው ፋርማሲስት፣ ድራጊስት ወይም ፋርማሲ ቴክኒሻን ነው፤,“የመድኃኒት ባለሙያ” ማለት አግባብ ባለው የጤና ባለሙያ ተቆጣጣሪ አካል የሙያ ፈቃድ የተሰጠው ፋርማሲስት፣ ድራጊስት ወይም ፋርማሲ ቴክኒሻን ነው፤
በኢትዮጵያ የምግብ እና የመድኃኒት አስተዳደር አዋጅ ላይ “ናርኮቲክ  መድኃኒት”  ማለት ምን ማለት ነው?,በኢትዮጵያ የምግብ እና የመድኃኒት አስተዳደር አዋጅ ላይ “ናርኮቲክ  መድኃኒት”  ማለት በተባበሩት መንግሥታት በወጣው እና ኢትዮጵያ ባፀደቀችው የናርኮቲክ መድኃኒቶች ስምምነት መሠረት ቁጥጥር የሚደረግበት መድኃኒት ሆኖ በአስፈጻሚ አካሉ እንደ ናርኮቲክ መድኃኒትነት የተመደበ መድኃኒትን ያጠቃልላል፤,“ናርኮቲክ  መድኃኒት”  ማለት በተባበሩት መንግሥታት በወጣው እና ኢትዮጵያ ባፀደቀችው የናርኮቲክ መድኃኒቶች ስምምነት መሠረት ቁጥጥር የሚደረግበት መድኃኒት ሆኖ በአስፈጻሚ አካሉ እንደ ናርኮቲክ መድኃኒትነት የተመደበ መድኃኒትን ያጠቃልላል፤
በኢትዮጵያ የምግብ እና የመድኃኒት አስተዳደር አዋጅ ላይ “ሳይኮትሮፒክ መድኃኒት” ማለት ምን ማለት ነው?,በኢትዮጵያ የምግብ እና የመድኃኒት አስተዳደር አዋጅ ላይ “ሳይኮትሮፒክ መድኃኒት” ማለት በተባበሩት መንግሥታት በወጣው እና ኢትዮጵያ ባፀደቀችው የሳይኮትሮፒክ ንጥረ-ነገሮች ስምምነት መሠረት ቁጥጥር የሚደረግበት ንጥረ-ነገር ሆኖ በአስፈጻሚ አካሉ እንደሳይኮትሮፒክ ንጥረ-ነገር የተመደበን መድኃኒት ያጠቃልላል፤,“ሳይኮትሮፒክ መድኃኒት” ማለት በተባበሩት መንግሥታት በወጣው እና ኢትዮጵያ ባፀደቀችው የሳይኮትሮፒክ ንጥረ-ነገሮች ስምምነት መሠረት ቁጥጥር የሚደረግበት ንጥረ-ነገር ሆኖ በአስፈጻሚ አካሉ እንደሳይኮትሮፒክ ንጥረ-ነገር የተመደበን መድኃኒት ያጠቃልላል፤
በኢትዮጵያ የምግብ እና የመድኃኒት አስተዳደር አዋጅ ላይ “ጨረራ አመንጪ መድኃኒት”  ማለት ምን ማለት ነው?,በኢትዮጵያ የምግብ እና የመድኃኒት አስተዳደር አዋጅ ላይ “ጨረራ አመንጪ መድኃኒት” ማለት የሰውን በሽታ ለመመርመር ወይም ለማከም የሚውል አንድ ወይም ከዚያ በላይ የሆነ ራዲዮኒውክላይድ ያለው መድኃኒት ሆኖ መድኃኒት ለመስራት የሚያገለግል ጨረራ አመንጪ ያልሆነ ውህድ መገልገያ እና ራድዮኒኩላይድ አመንጪን ያጠቃልላል፤,“ጨረራ አመንጪ መድኃኒት” ማለት የሰውን በሽታ ለመመርመር ወይም ለማከም የሚውል አንድ ወይም ከዚያ በላይ የሆነ ራዲዮኒውክላይድ ያለው መድኃኒት ሆኖ መድኃኒት ለመስራት የሚያገለግል ጨረራ አመንጪ ያልሆነ ውህድ መገልገያ እና ራድዮኒኩላይድ አመንጪን ያጠቃልላል፤
በኢትዮጵያ የምግብ እና የመድኃኒት አስተዳደር አዋጅ ላይ “ፕሪከርሰር ኬሚካል” ማለት ምን ማለት ነው?,በኢትዮጵያ የምግብ እና የመድኃኒት አስተዳደር አዋጅ ላይ  “ፕሪከርሰር ኬሚካል” ማለት በተባበሩት መንግሥታት በወጣው እና ኢትዮጵያ ባፀደቀችው የናርኮቲክ እና የሳይኮትሮፒክ መድኃኒቶች ህገ-ወጥ ንግድ ቁጥጥር ስምምነት መሠረት ቁጥጥር የሚደረግበት ንጥረ-ነገር ወይም የንጥረ-ነገሮች ውህድ ሲሆን በአስፈጻሚ አካሉ እንደ ፕሪከርሰር ኬሚካል የተመደበን ኬሚካል ይጨምራል፤,“ፕሪከርሰር ኬሚካል” ማለት በተባበሩት መንግሥታት በወጣው እና ኢትዮጵያ ባፀደቀችው የናርኮቲክ እና የሳይኮትሮፒክ መድኃኒቶች ህገ-ወጥ ንግድ ቁጥጥር ስምምነት መሠረት ቁጥጥር የሚደረግበት ንጥረ-ነገር ወይም የንጥረ-ነገሮች ውህድ ሲሆን በአስፈጻሚ አካሉ እንደ ፕሪከርሰር ኬሚካል የተመደበን ኬሚካል ይጨምራል፤
በኢትዮጵያ የምግብ እና የመድኃኒት አስተዳደር አዋጅ ላይ “የመድኃኒት ማዘዣ” ማለት ምን ማለት ነው?,በኢትዮጵያ የምግብ እና የመድኃኒት አስተዳደር አዋጅ ላይ “የመድኃኒት ማዘዣ” ማለት የሙያ ፈቃድ ባለው የህክምና ባለሙያ ተጽፎ እና ተፈርሞ አስፈጻሚ አካሉ ባወጣው መስፈርት መሠረት ተቀባይነት ባለው ወረቀት ወይም የኤሌክትሮኒክ ማዘዣ መሣሪያ አማካኝነት የሚሰጥ ትእዛዝ ነው፤,“የመድኃኒት ማዘዣ” ማለት የሙያ ፈቃድ ባለው የህክምና ባለሙያ ተጽፎ እና ተፈርሞ አስፈጻሚ አካሉ ባወጣው መስፈርት መሠረት ተቀባይነት ባለው ወረቀት ወይም የኤሌክትሮኒክ ማዘዣ መሣሪያ አማካኝነት የሚሰጥ ትእዛዝ ነው፤
በኢትዮጵያ የምግብ እና የመድኃኒት አስተዳደር አዋጅ ላይ “ጥሬ ዕቃ”  ማለት ምን ማለት ነው?,በኢትዮጵያ የምግብ እና የመድኃኒት አስተዳደር አዋጅ ላይ “ጥሬ ዕቃ”  ማለት ቁጥጥር የሚደረግበትን ምርት ለማምረት የሚያገለግል ግብኣት ነው፤,“ጥሬ ዕቃ”  ማለት ቁጥጥር የሚደረግበትን ምርት ለማምረት የሚያገለግል ግብኣት ነው፤
በኢትዮጵያ የምግብ እና የመድኃኒት አስተዳደር አዋጅ ላይ “የደም ተዋጽኦ” ማለት ምን ማለት ነው?,በኢትዮጵያ የምግብ እና የመድኃኒት አስተዳደር አዋጅ ላይ “የደም ተዋጽኦ” ማለት ለተለያዩ ህክምና አገልግሎት የሚውል ከሰው ደም ወይም የደም ውሀ የሚዘጋጅ ምርት ነው፤,“የደም ተዋጽኦ” ማለት ለተለያዩ ህክምና አገልግሎት የሚውል ከሰው ደም ወይም የደም ውሀ የሚዘጋጅ ምርት ነው፤
በኢትዮጵያ የምግብ እና የመድኃኒት አስተዳደር አዋጅ ላይ “ደም” ማለት ምን ማለት ነው?,በኢትዮጵያ የምግብ እና የመድኃኒት አስተዳደር አዋጅ ላይ “ደም” ማለት ከሰው የሚሰበሰብ ውህድ ሆኖ ለሌላ ሰው ለመለገስ ወይም ለሌላ የደም ተዋጾኦ ለማምረት የተለያየ ሂደቶችን ያለፈ ሙሉ የደም ይዘት ያለው ውህድ ነው፤,“ደም” ማለት ከሰው የሚሰበሰብ ውህድ ሆኖ ለሌላ ሰው ለመለገስ ወይም ለሌላ የደም ተዋጾኦ ለማምረት የተለያየ ሂደቶችን ያለፈ ሙሉ የደም ይዘት ያለው ውህድ ነው፤
በኢትዮጵያ የምግብ እና የመድኃኒት አስተዳደር አዋጅ ላይ “አስመስሎ ማቅረብ”  ማለት ምን ማለት ነው?,በኢትዮጵያ የምግብ እና የመድኃኒት አስተዳደር አዋጅ ላይ “አስመስሎ ማቅረብ” ማለት ማሸጊያን፣ መለያን፣ የንግድ ምልክትን፣ የንግድ ስምን ወይም ማንኛውንም ዓይነት መለያ ምልክትን ጨምሮ የአንድን ምርት ምንነት እና ምንጭ ሆን ብሎ አሳሳች በሆነ መንገድ ማሸግ ወይም ገላጭ ጽሁፍ በመለጠፍ እና ይህንኑ በሀሰተኛ መንገድ የታሸገን ወይም ገላጭ ጽሁፍ የተደረገበትን ምርት በትክክለኛ አምራቹ እንደተመረተ በማስመሰል ማቅረብ ነው፤,“አስመስሎ ማቅረብ” ማለት ማሸጊያን፣ መለያን፣ የንግድ ምልክትን፣ የንግድ ስምን ወይም ማንኛውንም ዓይነት መለያ ምልክትን ጨምሮ የአንድን ምርት ምንነት እና ምንጭ ሆን ብሎ አሳሳች በሆነ መንገድ ማሸግ ወይም ገላጭ ጽሁፍ በመለጠፍ እና ይህንኑ በሀሰተኛ መንገድ የታሸገን ወይም ገላጭ ጽሁፍ የተደረገበትን ምርት በትክክለኛ አምራቹ እንደተመረተ በማስመሰል ማቅረብ ነው፤
በኢትዮጵያ የምግብ እና የመድኃኒት አስተዳደር አዋጅ ላይ “መከለስ”  ማለት ምን ማለት ነው?,በኢትዮጵያ የምግብ እና የመድኃኒት አስተዳደር አዋጅ ላይ “መከለስ” ማለት የአንድን ምርት ግዝፈት ወይም ክብደት ለመጨመር፣ ጥራቱን ወይም ጥንካሬውን ለመቀነስ ወይም ለመጨመር፣ እይታው የተሻለ ወይም የበለጠ እንዲሆን በማስመሰል ወይም ለሌላ ተመሳሳይ ዓላማ ሲባል ባዕድ ነገር ወይም ይዘት መጨመር ወይም የምርቱን ይዘት በሌላ ንጥረ-ነገር መተካት ነው፤,“መከለስ” ማለት የአንድን ምርት ግዝፈት ወይም ክብደት ለመጨመር፣ ጥራቱን ወይም ጥንካሬውን ለመቀነስ ወይም ለመጨመር፣ እይታው የተሻለ ወይም የበለጠ እንዲሆን በማስመሰል ወይም ለሌላ ተመሳሳይ ዓላማ ሲባል ባዕድ ነገር ወይም ይዘት መጨመር ወይም የምርቱን ይዘት በሌላ ንጥረ-ነገር መተካት ነው፤
በኢትዮጵያ የምግብ እና የመድኃኒት አስተዳደር አዋጅ ላይ “መፅሐፈ-መድኃኒት” ማለት ምን ማለት ነው?,በኢትዮጵያ የምግብ እና የመድኃኒት አስተዳደር አዋጅ ላይ “መፅሐፈ-መድኃኒት” ማለት ስለመድኃኒት ዝግጅት፣ የመድኃኒትነት ይዘት ያለው እና የሌለው ንጥረ-ነገር ፊዚካላዊ ባህሪይ፣ የዝግጅት ምንነት፣ ይዘት፣ ጥራት፣ ጥንካሬ እና እነዚህን ባህሪያት በተመለከተ ማሟላት ያለባቸውን መመዘኛዎች ወይም ደረጃዎች ያካተተ እና በሀገሪቱ ተቀባይነት ያለው ሰነድ ነው፤,“መፅሐፈ-መድኃኒት” ማለት ስለመድኃኒት ዝግጅት፣ የመድኃኒትነት ይዘት ያለው እና የሌለው ንጥረ-ነገር ፊዚካላዊ ባህሪይ፣ የዝግጅት ምንነት፣ ይዘት፣ ጥራት፣ ጥንካሬ እና እነዚህን ባህሪያት በተመለከተ ማሟላት ያለባቸውን መመዘኛዎች ወይም ደረጃዎች ያካተተ እና በሀገሪቱ ተቀባይነት ያለው ሰነድ ነው፤
በኢትዮጵያ የምግብ እና የመድኃኒት አስተዳደር አዋጅ ላይ “የህክምና መሣሪያ” ማለት ምን ማለት ነው?,በኢትዮጵያ የምግብ እና የመድኃኒት አስተዳደር አዋጅ ላይ “የህክምና መሣሪያ” ማለት የሚፈለገውን ተግባር ፋርማኮሎጂካል፣ ኢሚውኖሎጂካል ወይም ሜታቦሊክ ዘዴ በመጠቀም በቀጥታ የማያከናውን ማንኛውንም መገልገያ፣ ቅንብረ- መሣሪያ፣ መተግበሪያ፣ ማሽን፣ አፕሊያንስ፣ ሰውነት ውስጥ የሚቀመጥ ነገር፣ ናሙናን ከሰውነት ውጭ ለመመርመር የሚረዳ ውህድ ወይም የልኬት ማረጋገጫ፣ ሶፍትዌር፣ ዕቃ ወይም ሌላ ተመሳሳይ ቁስ ሆኖ በአምራቹ ድርጅት ለብቻው ወይም በመቀላቀል ለሰው ህክምና ጥቅም ላይ እንዲውል የተዘጋጀ መሣሪያ ሲሆን ተያያዥ የህክምና አገልግሎት ለመስጠት ወይም እርግዝናን ለመከላከል የሚረዳ መሣሪያን ያጠቃልላል፤,“የህክምና መሣሪያ” ማለት የሚፈለገውን ተግባር ፋርማኮሎጂካል፣ ኢሚውኖሎጂካል ወይም ሜታቦሊክ ዘዴ በመጠቀም በቀጥታ የማያከናውን ማንኛውንም መገልገያ፣ ቅንብረ- መሣሪያ፣ መተግበሪያ፣ ማሽን፣ አፕሊያንስ፣ ሰውነት ውስጥ የሚቀመጥ ነገር፣ ናሙናን ከሰውነት ውጭ ለመመርመር የሚረዳ ውህድ ወይም የልኬት ማረጋገጫ፣ ሶፍትዌር፣ ዕቃ ወይም ሌላ ተመሳሳይ ቁስ ሆኖ በአምራቹ ድርጅት ለብቻው ወይም በመቀላቀል ለሰው ህክምና ጥቅም ላይ እንዲውል የተዘጋጀ መሣሪያ ሲሆን ተያያዥ የህክምና አገልግሎት ለመስጠት ወይም እርግዝናን ለመከላከል የሚረዳ መሣሪያን ያጠቃልላል፤
በኢትዮጵያ የምግብ እና የመድኃኒት አስተዳደር አዋጅ ላይ “ከሰውነት ውጭ ናሙናን መመርመሪያ የህክምና መሣሪያ” ማለት ምን ማለት ነው?,በኢትዮጵያ የምግብ እና የመድኃኒት አስተዳደር አዋጅ ላይ “ከሰውነት ውጭ ናሙናን መመርመሪያ የህክምና መሣሪያ” ማለት ብቻውን ወይም በማዋሃድ ወይም በመቀላቀል በአምራች ድርጅቱ መሠረት ናሙናን ከሰውነት በመውሰድ ከሰውነት ውጭ በኢንቪትሮ መንገድ መረጃ በመስጠት ለመመርመር፣ ለመከታተል ወይም ለተስማሚነት ዓላማ የሚጠቅም ሆኖ ውህድ፣ የልኬት ማረጋገጫዎች፣ መቆጣጠሪያ ቁሶች፣ ናሙና መያዣ ወይም ሶፍትዌርን የሚያጠቃልል የሕክምና መሣሪያ ነው፤,“ከሰውነት ውጭ ናሙናን መመርመሪያ የህክምና መሣሪያ” ማለት ብቻውን ወይም በማዋሃድ ወይም በመቀላቀል በአምራች ድርጅቱ መሠረት ናሙናን ከሰውነት በመውሰድ ከሰውነት ውጭ በኢንቪትሮ መንገድ መረጃ በመስጠት ለመመርመር፣ ለመከታተል ወይም ለተስማሚነት ዓላማ የሚጠቅም ሆኖ ውህድ፣ የልኬት ማረጋገጫዎች፣ መቆጣጠሪያ ቁሶች፣ ናሙና መያዣ ወይም ሶፍትዌርን የሚያጠቃልል የሕክምና መሣሪያ ነው፤
በኢትዮጵያ የምግብ እና የመድኃኒት አስተዳደር አዋጅ ላይ “ታድሶ ጥቅም ላይ የሚውል የህክምና መሣሪያ” ማለት ምን ማለት ነው?,በኢትዮጵያ የምግብ እና የመድኃኒት አስተዳደር አዋጅ ላይ ታድሶ ጥቅም ላይ የሚውል የህክምና መሣሪያ ማለት ሙሉ በሙሉ የአገልግሎት ዘመናቸውን የጨረሱ ወይም የተወሰነ የአገልግሎት ዘመን የቀራቸው ሲሆን የእድሳት ሥራ የተሰራለት እና ውጤታማነቱ የተረጋገጠ ለህክምና አገልግሎት በድጋሚ የሚውል የህክምና መሣሪያ ነው፤,
በኢትዮጵያ የምግብ እና የመድኃኒት አስተዳደር አዋጅ ላይ “እንደገና ተመርቶ ጥቅም ላይ የሚውል የህክምና መሣሪያ” ማለት ምን ማለት ነው?,በኢትዮጵያ የምግብ እና የመድኃኒት አስተዳደር አዋጅ ላይ “እንደገና ተመርቶ ጥቅም ላይ የሚውል የህክምና መሣሪያ” ማለት አምራች ድርጅቱ ከሚያገለግልበት ተቋም ወስዶ መልሶ እንደአዲስ ተገንብቶ ውጤታማነቱ እና ደህንነቱ ከአዲስ ምርት ጋር መወዳደሩ ተረጋግጦ እንደገና ገበያ ላይ የሚውል የህክምና መሣሪያ ነው።,“እንደገና ተመርቶ ጥቅም ላይ የሚውል የህክምና መሣሪያ” ማለት አምራች ድርጅቱ ከሚያገለግልበት ተቋም ወስዶ መልሶ እንደአዲስ ተገንብቶ ውጤታማነቱ እና ደህንነቱ ከአዲስ ምርት ጋር መወዳደሩ ተረጋግጦ እንደገና ገበያ ላይ የሚውል የህክምና መሣሪያ ነው፤
በኢትዮጵያ የምግብ እና የመድኃኒት አስተዳደር አዋጅ ላይ “የህክምና  ሙከራ” ማለት ምን ማለት ነው?,በኢትዮጵያ የምግብ እና የመድኃኒት አስተዳደር አዋጅ ላይ  “የህክምና  ሙከራ”  ማለት  ደህንነት  እና ፈዋሽነትን ለማረጋገጥ ሲባል ሙከራ ላይ ያለን መድኃኒት ወይም የህክምና መሣሪያ ሊያስከትል የሚችለውን ያልተጠበቀ ጎጂ ባህሪ ለማወቅ፤ ምርቱ በሰውነት ውስጥ የመመጠጥ፣ የመሰራጨት፣ ሜታቦላይዝ የመደረግ እና የመወገድ ባህሪውን ለማወቅ ፈቃደኛ በሆኑ ታካሚዎች ወይም በሌሎች የጥናት ተሳታፊ ሰዎች ላይ የብቃት ማረጋገጫ ምስክር ወረቀት ባገኘ አካል የሚደረግ ሳይንሳዊ ጥናት ነው፤,“የህክምና  ሙከራ”  ማለት  ደህንነት  እና ፈዋሽነትን ለማረጋገጥ ሲባል ሙከራ ላይ ያለን መድኃኒት ወይም የህክምና መሣሪያ ሊያስከትል የሚችለውን ያልተጠበቀ ጎጂ ባህሪ ለማወቅ፤ ምርቱ በሰውነት ውስጥ የመመጠጥ፣ የመሰራጨት፣ ሜታቦላይዝ የመደረግ እና የመወገድ ባህሪውን ለማወቅ ፈቃደኛ በሆኑ ታካሚዎች ወይም በሌሎች የጥናት ተሳታፊ ሰዎች ላይ የብቃት ማረጋገጫ ምስክር ወረቀት ባገኘ አካል የሚደረግ ሳይንሳዊ ጥናት ነው፤
በኢትዮጵያ የምግብ እና የመድኃኒት አስተዳደር አዋጅ ላይ “ባዮኢኩቫለንስ ማዕከል” ማለት ምን ማለት ነው?,በኢትዮጵያ የምግብ እና የመድኃኒት አስተዳደር አዋጅ ላይ  “ባዮኢኩቫለንስ ማዕከል” ማለት ሁለት ዓይነት የመድኃኒት ዝግጅቶች በፍቱንነታቸውና በደህንነታቸው የሚመሳሰሉ መሆናቸው በጥናት የሚረጋገጥበት ማዕከል ነው፤,“ባዮኢኩቫለንስ ማዕከል” ማለት ሁለት ዓይነት የመድኃኒት ዝግጅቶች በፍቱንነታቸውና በደህንነታቸው የሚመሳሰሉ መሆናቸው በጥናት የሚረጋገጥበት ማዕከል ነው፤
በኢትዮጵያ የምግብ እና የመድኃኒት አስተዳደር አዋጅ ላይ “ለኅብረተሰብ ጤና የሚውል ፀረ- ተባይ” ማለት ምን ማለት ነው?,በኢትዮጵያ የምግብ እና የመድኃኒት አስተዳደር አዋጅ ላይ “ለኅብረተሰብ ጤና የሚውል ፀረ- ተባይ” ማለት ለሰው  ጤና  አጠባበቅ ጥቅም  ላይ  የሚውል ፣ተባይን ለመከላከል፣ ለመቆጣጠር ወይም ለማጥፋት የሚያገለግል ሲሆን  ማንኛውም ንጥረ ነገር ወይም የንጥረ ነገር ውህድ ሆኖ በጸረ- ተባይ የተነከረ አጎበርን ወይም ሌላ መሰል ዝግጅትን ይጨምራል።,“ለኅብረተሰብ ጤና የሚውል ፀረ- ተባይ” ማለት ለሰው  ጤና  አጠባበቅ ጥቅም  ላይ  የሚውል ፣ተባይን ለመከላከል፣ ለመቆጣጠር ወይም ለማጥፋት የሚያገለግል ሲሆን  ማንኛውም ንጥረ ነገር ወይም የንጥረ ነገር ውህድ ሆኖ በጸረ- ተባይ የተነከረ አጎበርን ወይም ሌላ መሰል ዝግጅትን ይጨምራል።
በኢትዮጵያ የምግብ እና የመድኃኒት አስተዳደር አዋጅ ላይ “የውበት መጠበቂያ ምርት” ማለት ምን ማለት ነው?,በኢትዮጵያ የምግብ እና የመድኃኒት አስተዳደር አዋጅ ላይ “የውበት መጠበቂያ ምርት” ማለት በማሸት፣ በማፍሰስ፣ በሙቀት በማቅለጥ፣ በመንፋት፣ በመርጨት ወይም በተመሳሳይ መንገድ በገላ ወይም በሰውነት ክፍል ላይ የሚደረግ ሰውነትን ለማጽዳት፣ ለማስዋብ፣ ደምግባት ለመጨመር ወይም የአካልን ቅርጽና አሠራሩን ሳይቀይር ገጽታን ለመቀየር የሚውል ምርት እና የውበት መጠበቂያ ምርት ጥሬ ዕቃነት የሚውል ነገር ሲሆን፤ የላውንደሪ ሳሙናዎችን፣ በሽታን ለመከላከል፣ ለመመርመር፣ ለማከም ወይም ለመፈወስ ታስበው ጥቅም ላይ የሚውሉ ምርቶችን እና በማንኛውም ሰው የሰውነት የተፈጥሮ ቅርጽ ወይም የአሰራር ሂደት ላይ ተጽዕኖ የሚያሳድሩ ምርቶችን አያካትትም,“የውበት መጠበቂያ ምርት” ማለት በማሸት፣ በማፍሰስ፣ በሙቀት በማቅለጥ፣ በመንፋት፣ በመርጨት ወይም በተመሳሳይ መንገድ በገላ ወይም በሰውነት ክፍል ላይ የሚደረግ ሰውነትን ለማጽዳት፣ ለማስዋብ፣ ደምግባት ለመጨመር ወይም የአካልን ቅርጽና አሠራሩን ሳይቀይር ገጽታን ለመቀየር የሚውል ምርት እና የውበት መጠበቂያ ምርት ጥሬ ዕቃነት የሚውል ነገር ሲሆን፤ የላውንደሪ ሳሙናዎችን፣ በሽታን ለመከላከል፣ ለመመርመር፣ ለማከም ወይም ለመፈወስ ታስበው ጥቅም ላይ የሚውሉ ምርቶችን እና በማንኛውም ሰው የሰውነት የተፈጥሮ ቅርጽ ወይም የአሰራር ሂደት ላይ ተጽዕኖ የሚያሳድሩ ምርቶችን አያካትትም
በኢትዮጵያ የምግብ እና የመድኃኒት አስተዳደር አዋጅ ላይ ““የትምባሆ ምርት” ማለት ምን ማለት ነው?,በኢትዮጵያ የምግብ እና የመድኃኒት አስተዳደር አዋጅ ላይ “የውበት መጠበቂያ ምርት” ማለት በማሸት፣ በማፍሰስ፣ በሙቀት በማቅለጥ፣ በመንፋት፣ በመርጨት ወይም በተመሳሳይ መንገድ በገላ ወይም በሰውነት ክፍል ላይ የሚደረግ ሰውነትን ለማጽዳት፣ ለማስዋብ፣ ደምግባት ለመጨመር ወይም የአካልን ቅርጽና አሠራሩን ሳይቀይር ገጽታን ለመቀየር የሚውል ምርት እና የውበት መጠበቂያ ምርት ጥሬ ዕቃነት የሚውል ነገር ሲሆን፤ የላውንደሪ ሳሙናዎችን፣ በሽታን ለመከላከል፣ ለመመርመር፣ ለማከም ወይም ለመፈወስ ታስበው ጥቅም ላይ የሚውሉ ምርቶችን እና በማንኛውም ሰው የሰውነት የተፈጥሮ ቅርጽ ወይም የአሰራር ሂደት ላይ ተጽዕኖ የሚያሳድሩ ምርቶችን አያካትትም,“የትምባሆ ምርት” ማለት በከፊል ወይም ሙሉ በሙሉ ከትምባሆ ቅጠል ተዘጋጅቶ በማጨስ፣ በመሳብ፣ በማኘክ፣ በማሽተት ወይም በሌላ መንገድ የሚወሰድ ማንኛውም ንጥረ ነገር ነው፤
በኢትዮጵያ የምግብ እና የመድኃኒት አስተዳደር አዋጅ ላይ “የትምባሆ ኢንደስትሪ” ማለት ምን ማለት ነው?,በኢትዮጵያ የምግብ እና የመድኃኒት አስተዳደር አዋጅ ላይ “የትምባሆ ኢንደስትሪ” ማለት የትምባሆ ምርት አምራች፣ ጅምላ አከፋፋይ ወይም አስመጪ ነው፤,“የትምባሆ ኢንደስትሪ” ማለት የትምባሆ ምርት አምራች፣ ጅምላ አከፋፋይ ወይም አስመጪ ነው፤
በኢትዮጵያ የምግብ እና የመድኃኒት አስተዳደር አዋጅ ላይ ““የትምባሆ ምርት ልዩ የቁጥጥር ፈቃድ” ማለት ምን ማለት ነው?,በኢትዮጵያ የምግብ እና የመድኃኒት አስተዳደር አዋጅ ላይ “የትምባሆ ምርት ልዩ የቁጥጥር ፈቃድ” ማለት የትምባሆ ምርትን ለማምረት፣ ለማስመጣት፣ ለማከፋፈል ወይም ለመሸጥ ከአስፈጻሚ አካሉ ወይም ከክልል ጤና ተቆጣጣሪው የሚሰጥ ፈቃድ ሆኖ የንግድ ፈቃድን አያካትትም፤,“የትምባሆ ምርት ልዩ የቁጥጥር ፈቃድ” ማለት የትምባሆ ምርትን ለማምረት፣ ለማስመጣት፣ ለማከፋፈል ወይም ለመሸጥ ከአስፈጻሚ አካሉ ወይም ከክልል ጤና ተቆጣጣሪው የሚሰጥ ፈቃድ ሆኖ የንግድ ፈቃድን አያካትትም፤
በኢትዮጵያ የምግብ እና የመድኃኒት አስተዳደር አዋጅ ላይ “የኤሌክትሮኒክ ኒኮቲን መስጫ መሣሪያ” ማለት ምን ማለት ነው?,በኢትዮጵያ የምግብ እና የመድኃኒት አስተዳደር አዋጅ ላይ “የኤሌክትሮኒክ ኒኮቲን መስጫ መሣሪያ” ማለት በዋናነት እንደ ፕሮፕላይን ግላይኮል ወይም ግላይሰሮል እና ተጨማሪ ጣዕም የያዘ ሙሙትን በኤሌክትሮኒክ መሣሪያ አማካኝነት በማሞቅ ለተጠቃሚው በብናኝ መልኩ ለመስጠት የሚያግዝ መሣሪያ ሆኖ ከምርቱ ጋር ጥቅም ላይ የሚውል ካርትሪጅ እና ጋንን ያጠቃልላል፤,“የኤሌክትሮኒክ ኒኮቲን መስጫ መሣሪያ” ማለት በዋናነት እንደ ፕሮፕላይን ግላይኮል ወይም ግላይሰሮል እና ተጨማሪ ጣዕም የያዘ ሙሙትን በኤሌክትሮኒክ መሣሪያ አማካኝነት በማሞቅ ለተጠቃሚው በብናኝ መልኩ ለመስጠት የሚያግዝ መሣሪያ ሆኖ ከምርቱ ጋር ጥቅም ላይ የሚውል ካርትሪጅ እና ጋንን ያጠቃልላል፤
በኢትዮጵያ የምግብ እና የመድኃኒት አስተዳደር አዋጅ ላይ “የትምባሆ ምርት ማስተዋወቅ እና ፕሮሞት ማድረግ” ማለት ምን ማለት ነው?,በኢትዮጵያ የምግብ እና የመድኃኒት አስተዳደር አዋጅ ላይ “የትምባሆ ምርት ማስተዋወቅ እና ፕሮሞት ማድረግ” ማለት በቀጥታም ይሁን በተዘዋዋሪ የትምባሆ ምርትን ወይም ተጠቃሚነትን ዓላማ ወይም ውጤት ያደረገ የማስተዋወቅ ወይም ፕሮሞት የማድረግ ማንኛውም የንግድ ግንኙነት፣ አስተያየት ወይም ድርጊት ነው፤,“የትምባሆ ምርት ማስተዋወቅ እና ፕሮሞት ማድረግ” ማለት በቀጥታም ይሁን በተዘዋዋሪ የትምባሆ ምርትን ወይም ተጠቃሚነትን ዓላማ ወይም ውጤት ያደረገ የማስተዋወቅ ወይም ፕሮሞት የማድረግ ማንኛውም የንግድ ግንኙነት፣ አስተያየት ወይም ድርጊት ነው፤
በኢትዮጵያ የምግብ እና የመድኃኒት አስተዳደር አዋጅ ላይ “ትምባሆ ስፖንሰር ማድረግ”  ማለት ምን ማለት ነው?,በኢትዮጵያ የምግብ እና የመድኃኒት አስተዳደር አዋጅ ላይ “ትምባሆ ስፖንሰር ማድረግ” ማለት የትምባሆ ምርትን ወይም ትምባሆ መጠቀምን የሚያበረታታ ሁነት፣ ድርጊት ወይም ግለሰብን በቀጥታም ይሁን በተዘዋዋሪ ለዚህ ዓላማ መደገፍ ነው፤,“ትምባሆ ስፖንሰር ማድረግ” ማለት የትምባሆ ምርትን ወይም ትምባሆ መጠቀምን የሚያበረታታ ሁነት፣ ድርጊት ወይም ግለሰብን በቀጥታም ይሁን በተዘዋዋሪ ለዚህ ዓላማ መደገፍ ነው፤
በኢትዮጵያ የምግብ እና የመድኃኒት አስተዳደር አዋጅ ላይ “የውበት መጠበቂያ ምርት” ማለት ምን ማለት ነው?,በኢትዮጵያ የምግብ እና የመድኃኒት አስተዳደር አዋጅ ላይ “ከሲጋራ  ጋር  ተመሳሳይ  የሆነ  የቴክኖሎጂ ምርት” ማለት ማቀጣጠል ሳያስፈልግ ምርቱን በማሞቅ በብናኝ ወይም በተን መልኩ እንዲወሰድ የተዘጋጀ ትምባሆን እና ምርቱን በዚህ መንገድ ለመጠቀም የሚያግዝ ማንኛውንም መሣሪያ እና ተያያዥ የመሣሪያ ክፍልን ያጠቃልላል፤,“ከሲጋራ  ጋር  ተመሳሳይ  የሆነ  የቴክኖሎጂ ምርት” ማለት ማቀጣጠል ሳያስፈልግ ምርቱን በማሞቅ በብናኝ ወይም በተን መልኩ እንዲወሰድ የተዘጋጀ ትምባሆን እና ምርቱን በዚህ መንገድ ለመጠቀም የሚያግዝ ማንኛውንም መሣሪያ እና ተያያዥ የመሣሪያ ክፍልን ያጠቃልላል፤
በኢትዮጵያ የምግብ እና የመድኃኒት አስተዳደር አዋጅ ላይ “ልዩ ጣዕም ያለው የትምባሆ ምርት” ማለት ምን ማለት ነው?,በኢትዮጵያ የምግብ እና የመድኃኒት አስተዳደር አዋጅ ላይ “ልዩ ጣዕም ያለው የትምባሆ ምርት” ማለት ለብቻው ወይም ከሌላ የትምባሆ ይዘት ጋር ሆኖ ትምባሆው ሳይቀጣጠል ወይም ትምባሆው በሚቀጣጠልበት ጊዜ ከትምባሆ ጣዕም ወይም ቃና ውጭ ያሉ እንደ ፍራፍሬ፣ ቸኮሌት፣ ቫኒላ፣ ማር፣ ከረሜላ፣ ካካዎ፣ ሜንቶል፣ የአልኮል መጠጥ፣ ዕጽዋት ወይም ቅመም የመሳሰሉ የሚለይ ጣዕም ወይም ቃና የሚሰጥ ይዘት ያለው ማንኛውም የትምባሆ ምርት ነው፤,“ልዩ ጣዕም ያለው የትምባሆ ምርት” ማለት ለብቻው ወይም ከሌላ የትምባሆ ይዘት ጋር ሆኖ ትምባሆው ሳይቀጣጠል ወይም ትምባሆው በሚቀጣጠልበት ጊዜ ከትምባሆ ጣዕም ወይም ቃና ውጭ ያሉ እንደ ፍራፍሬ፣ ቸኮሌት፣ ቫኒላ፣ ማር፣ ከረሜላ፣ ካካዎ፣ ሜንቶል፣ የአልኮል መጠጥ፣ ዕጽዋት ወይም ቅመም የመሳሰሉ የሚለይ ጣዕም ወይም ቃና የሚሰጥ ይዘት ያለው ማንኛውም የትምባሆ ምርት ነው፤
በኢትዮጵያ የምግብ እና የመድኃኒት አስተዳደር አዋጅ ላይ “ሺሻ”  ማለት ምን ማለት ነው?,በኢትዮጵያ የምግብ እና የመድኃኒት አስተዳደር አዋጅ ላይ “ሺሻ” ማለት አንድ ወይም ከአንድ በላይ የሆነ የማስተላለፊያ ቱቦ የተተከለበት እና ውሃ ወይም ሌላ ፈሳሽ የያዘ መሣሪያን በመጠቀም የሚጨስ ተጨማሪ ጣዕም ያለው ወይም የሌለው የትምባሆ ምርት ሲሆን ይህ የትምባሆ ውጤት ሞላሰስ፣ ማር፣ የአትክልት ግላይሰሮል ወይም የተለያየ የፍራፍሬ ጣዕምን ጨምሮ ሌላ ይዘት ያለውን ምርት ይጨምራል፤,“ሺሻ” ማለት አንድ ወይም ከአንድ በላይ የሆነ የማስተላለፊያ ቱቦ የተተከለበት እና ውሃ ወይም ሌላ ፈሳሽ የያዘ መሣሪያን በመጠቀም የሚጨስ ተጨማሪ ጣዕም ያለው ወይም የሌለው የትምባሆ ምርት ሲሆን ይህ የትምባሆ ውጤት ሞላሰስ፣ ማር፣ የአትክልት ግላይሰሮል ወይም የተለያየ የፍራፍሬ ጣዕምን ጨምሮ ሌላ ይዘት ያለውን ምርት ይጨምራል፤
በኢትዮጵያ የምግብ እና የመድኃኒት አስተዳደር አዋጅ ላይ “ተቀዳሚ ማሸጊያ” ማለት ምን ማለት ነው?,በኢትዮጵያ የምግብ እና የመድኃኒት አስተዳደር አዋጅ ላይ “ተቀዳሚ ማሸጊያ” ማለት ለተጠቃሚ የሚደርስን ምርትን በቀጥታ የሚነካው እና ምርቱን ለመጠቅለል ወይም ለማሸግ የሚውል ነገር ነው፡፡,“ተቀዳሚ ማሸጊያ” ማለት ለተጠቃሚ የሚደርስን ምርትን በቀጥታ የሚነካው እና ምርቱን ለመጠቅለል ወይም ለማሸግ የሚውል ነገር ነው፡፡
በኢትዮጵያ የምግብ እና የመድኃኒት አስተዳደር አዋጅ ላይ “የመለያ ምልክት” ማለት ምን ማለት ነው?,በኢትዮጵያ የምግብ እና የመድኃኒት አስተዳደር አዋጅ ላይ “የመለያ ምልክት” ማለት ለክትትል ሲባል በምርት ላይ የሚጻፍ ተከታታይ ሰረዞች እና ቁጥር ያለበት ስለ ምርቱ መረጃ የሚገልጽ እንደመለያ የሚያገለግል የሚስጥር ምልክት ነው።,“የመለያ ምልክት” ማለት ለክትትል ሲባል በምርት ላይ የሚጻፍ ተከታታይ ሰረዞች እና ቁጥር ያለበት ስለ ምርቱ መረጃ የሚገልጽ እንደመለያ የሚያገለግል የሚስጥር ምልክት ነው፤
በኢትዮጵያ የምግብ እና የመድኃኒት አስተዳደር አዋጅ ላይ “አልኮል” ማለት ምን ማለት ነው?,በኢትዮጵያ የምግብ እና የመድኃኒት አስተዳደር አዋጅ ላይ  ከዜሮ ነጥብ አምስት በመቶ በላይ የሆነ የመጠጥ ዓይነት ነው፤“አልኮል“  ማለት  ማንኛውም  የአልኮል  ይዘቱ, ከዜሮ ነጥብ አምስት በመቶ በላይ የሆነ የመጠጥ ዓይነት ነው፤“አልኮል“  ማለት  ማንኛውም  የአልኮል  ይዘቱ
በኢትዮጵያ የምግብ እና የመድኃኒት አስተዳደር አዋጅ ላይ “የመድኃኒቱ ፅንሰ ስም” ማለት ምን ማለት ነው?,በኢትዮጵያ የምግብ እና የመድኃኒት አስተዳደር አዋጅ ላይ “የመድኃኒቱ ፅንሰ ስም” ማለት የአንድ መድኃኒትን ኬሚካላዊ ይዘት መሠረት በማድረግ የሚሰጥ መጠሪያ ሲሆን የምርቱን የንግድ ስም አያመለክትም፤,“የመድኃኒቱ ፅንሰ ስም” ማለት የአንድ መድኃኒትን ኬሚካላዊ ይዘት መሠረት በማድረግ የሚሰጥ መጠሪያ ሲሆን የምርቱን የንግድ ስም አያመለክትም፤
በኢትዮጵያ የምግብ እና የመድኃኒት አስተዳደር አዋጅ ላይ “የማስታወቂያ ማሰራጫ መንገድ” ማለት ምን ማለት ነው?,በኢትዮጵያ የምግብ እና የመድኃኒት አስተዳደር አዋጅ ላይ “የማስታወቂያ ማሰራጫ መንገድ” ማለት መገናኛ ብዙኃንን፣ የውጭ ማስታወቂያን፣ የቴሌኮምን፣ የፖስታን፣ የኢንተርኔትን ድረ ገፅ እና የፋክስ አገልግሎትን፣ ሲኒማን፣ ፊልምን፣ ቪዲዮን ወይም መሰል የማስታወቂያ ማሰራጫ መንገድ ነው፤,“የማስታወቂያ ማሰራጫ መንገድ” ማለት መገናኛ ብዙኃንን፣ የውጭ ማስታወቂያን፣ የቴሌኮምን፣ የፖስታን፣ የኢንተርኔትን ድረ ገፅ እና የፋክስ አገልግሎትን፣ ሲኒማን፣ ፊልምን፣ ቪዲዮን ወይም መሰል የማስታወቂያ ማሰራጫ መንገድ ነው፤
በኢትዮጵያ የምግብ እና የመድኃኒት አስተዳደር አዋጅ ላይ “ቁጥጥር የሚደረግበት ምርት” ማለት ምን ማለት ነው?,በኢትዮጵያ የምግብ እና የመድኃኒት አስተዳደር አዋጅ ላይ “ቁጥጥር የሚደረግበት ምርት” ማለት ምግብ፣ መድኃኒት፣ የህክምና መሣሪያ፣ የውበት መጠበቂያ፣ ትምባሆ እና በዚህ አዋጅ መሠረት ቁጥጥር የሚደረግበትን ሌላ ምርትን ያጠቃልላል፤,“ቁጥጥር የሚደረግበት ምርት” ማለት ምግብ፣ መድኃኒት፣ የህክምና መሣሪያ፣ የውበት መጠበቂያ፣ ትምባሆ እና በዚህ አዋጅ መሠረት ቁጥጥር የሚደረግበትን ሌላ ምርትን ያጠቃልላል፤
በኢትዮጵያ የምግብ እና የመድኃኒት አስተዳደር አዋጅ ላይ “ቁጥጥር የሚደረግበት ምርት” ማለት ምን ማለት ነው?,በኢትዮጵያ የምግብ እና የመድኃኒት አስተዳደር አዋጅ ላይ “የህክምና ባለሙያ” ማለት ታካሚን በመመርመር የበሽታን ዓይነት የሚለይና በመድኃኒት፣ አካልን በመቅደድ ወይም በሌላ ተያያዥ የህክምና መንገድ የሚያክም ለሰው የህክምና አገልግሎት የሚሰጥ ሐኪም ወይም እነዚህኑ ተግባራት እንዲያከናውን አግባብ ባለው አካል የብቃት ማረጋገጫ ምስክር ወረቀት የተሰጠው ሌላ የጤና ባለሙያ ነው፤,“የህክምና ባለሙያ” ማለት ታካሚን በመመርመር የበሽታን ዓይነት የሚለይና በመድኃኒት፣ አካልን በመቅደድ ወይም በሌላ ተያያዥ የህክምና መንገድ የሚያክም ለሰው የህክምና አገልግሎት የሚሰጥ ሐኪም ወይም እነዚህኑ ተግባራት እንዲያከናውን አግባብ ባለው አካል የብቃት ማረጋገጫ ምስክር ወረቀት የተሰጠው ሌላ የጤና ባለሙያ ነው፤
በኢትዮጵያ የምግብ እና የመድኃኒት አስተዳደር አዋጅ ላይ “ማሸጊያ” ማለት ምን ማለት ነው?,በኢትዮጵያ የምግብ እና የመድኃኒት አስተዳደር አዋጅ ላይ “ማሸጊያ” ማለት ቁጥጥር የሚደረግበት ምርትን ለመሙላት፣ ለማስገባት ወይም ለመጠቅለል ወይም ለማሸግ የሚውል ነገር ሆኖ የአንድ ምርት ተቀዳሚ መያዣ እና ሌሎች የማሸጊያ ቁሳቁሶችን ያካትታል፤,“ማሸጊያ” ማለት ቁጥጥር የሚደረግበት ምርትን ለመሙላት፣ ለማስገባት ወይም ለመጠቅለል ወይም ለማሸግ የሚውል ነገር ሆኖ የአንድ ምርት ተቀዳሚ መያዣ እና ሌሎች የማሸጊያ ቁሳቁሶችን ያካትታል፤
በኢትዮጵያ የምግብ እና የመድኃኒት አስተዳደር አዋጅ ላይ “ገላጭ ጽሁፍ” ማለት ምን ማለት ነው?,በኢትዮጵያ የምግብ እና የመድኃኒት አስተዳደር አዋጅ ላይ “ገላጭ ጽሁፍ” ማለት ቁጥጥር በሚደረግበት ምርት፣ ተቀዳሚ መያዣ ወይም መጠቅለያ ላይ የሚጻፍ፣ የሚታተም ወይም የሚለጠፍ ሥዕል፣ ጽሁፍ ወይም ምልክት ሆኖ በማሸጊያው ውስጥ በአባሪነት የሚከተት ጽሁፍን ይጨምራል፤,“ገላጭ ጽሁፍ” ማለት ቁጥጥር በሚደረግበት ምርት፣ ተቀዳሚ መያዣ ወይም መጠቅለያ ላይ የሚጻፍ፣ የሚታተም ወይም የሚለጠፍ ሥዕል፣ ጽሁፍ ወይም ምልክት ሆኖ በማሸጊያው ውስጥ በአባሪነት የሚከተት ጽሁፍን ይጨምራል፤
በኢትዮጵያ የምግብ እና የመድኃኒት አስተዳደር አዋጅ ላይ ““እንደገና  ማሸግ” ” ማለት ምን ማለት ነው?,በኢትዮጵያ የምግብ እና የመድኃኒት አስተዳደር አዋጅ ላይ “እንደገና  ማሸግ”  ማለት  የምርት  ሂደቱ  ሙሉ በሙሉ ወይም በከፊል የተጠናቀቀን እና በብዛት የተመረተን ቁጥጥር የሚደረግበት ምርት በሌላ አምራች በማንኛውም መንገድ መልሶ የማሸግ ሥራ ነው፤,“እንደገና  ማሸግ”  ማለት  የምርት  ሂደቱ  ሙሉ በሙሉ ወይም በከፊል የተጠናቀቀን እና በብዛት የተመረተን ቁጥጥር የሚደረግበት ምርት በሌላ አምራች በማንኛውም መንገድ መልሶ የማሸግ ሥራ ነው፤
በኢትዮጵያ የምግብ እና የመድኃኒት አስተዳደር አዋጅ ላይ “የተቋም ምዝገባ” ማለት ምን ማለት ነው?,“የተቋም ምዝገባ” ማለት ተፈጻሚነት ባለው መስፈርት መሠረት ቁጥጥር ለሚካሄድበት ተቋም የሚሰጥ እውቅና ነው፤,“የተቋም ምዝገባ” ማለት ተፈጻሚነት ባለው መስፈርት መሠረት ቁጥጥር ለሚካሄድበት ተቋም የሚሰጥ እውቅና ነው፤
በኢትዮጵያ የምግብ እና የመድኃኒት አስተዳደር አዋጅ ላይ “ኢንስፔክተር” ማለት ምን ማለት ነው?,“ኢንስፔክተር” ማለት አስፈጻሚ አካሉ ወይም የክልል ጤና ተቆጣጣሪው በዚህ አዋጅ መሠረት የተሠጠውን ስልጣን እና ተግባር ለመፈፀም የሚመድበው ባለሙያ ነው፤,“ኢንስፔክተር” ማለት አስፈጻሚ አካሉ ወይም የክልል ጤና ተቆጣጣሪው በዚህ አዋጅ መሠረት የተሠጠውን ስልጣን እና ተግባር ለመፈፀም የሚመድበው ባለሙያ ነው፤
በኢትዮጵያ የምግብ እና የመድኃኒት አስተዳደር አዋጅ ላይ “የምርት ምዝገባ” ማለት ምን ማለት ነው?,በኢትዮጵያ የምግብ እና የመድኃኒት አስተዳደር አዋጅ ላይ “የምርት ምዝገባ” ማለት ተፈጻሚነት ባለው መስፈርት መሠረት ቁጥጥር ለሚካሄድበት ምርት የሚሰጥ እውቅና ነው፤,“የምርት ምዝገባ” ማለት ተፈጻሚነት ባለው መስፈርት መሠረት ቁጥጥር ለሚካሄድበት ምርት የሚሰጥ እውቅና ነው፤
በኢትዮጵያ የምግብ እና የመድኃኒት አስተዳደር አዋጅ ላይ “የጥራት ማረጋገጥ ሥርዓት” ማለት ምን ማለት ነው?, በኢትዮጵያ የምግብ እና የመድኃኒት አስተዳደር አዋጅ ላይ “የጥራት ማረጋገጥ ሥርዓት” ማለት ቁጥጥር የሚካሄድበትን ምርት ጥራትና ደህንነት ለማረጋገጥ የሚዘረጋ የአሰራር ሥርዓት ነው።,“የጥራት ማረጋገጥ ሥርዓት” ማለት ቁጥጥር የሚካሄድበትን ምርት ጥራትና ደህንነት ለማረጋገጥ የሚዘረጋ የአሰራር ሥርዓት ነው፤
በኢትዮጵያ የምግብ እና የመድኃኒት አስተዳደር አዋጅ ላይ “ተቋም” ማለት ምን ማለት ነው?,በኢትዮጵያ የምግብ እና የመድኃኒት አስተዳደር አዋጅ ላይ “ተቋም” ማለት ቁጥጥር የሚካሄድበት ምርት ማምረት፣ መላክ፣ ማስመጣት፣ ማከፋፈል፣ በችርቻሮ መሸጥ፣ መልሶ ማሸግ ላይ የተሰማራ ድርጅት ነው፤,“ተቋም” ማለት ቁጥጥር የሚካሄድበት ምርት ማምረት፣ መላክ፣ ማስመጣት፣ ማከፋፈል፣ በችርቻሮ መሸጥ፣ መልሶ ማሸግ ላይ የተሰማራ ድርጅት ነው፤
በኢትዮጵያ የምግብ እና የመድኃኒት አስተዳደር አዋጅ ላይ “ማምረት” ማለት ምን ማለት ነው?,በኢትዮጵያ የምግብ እና የመድኃኒት አስተዳደር አዋጅ ላይ “ማምረት” ማለት ጥሬ ዕቃን በዚህ አዋጅ መሠረት ቁጥጥር ወደ ሚደረግበት ምርት የመቀየር ሂደት ሆኖ ምርቱን ማዘጋጀት፣ ማቀናበር፣ ማዋሀድ፣ መቀመር፣ መሙላት፤ ማሸግ ወይም በድጋሚ ማሸግንም ይጨምራል፤,“ማምረት” ማለት ጥሬ ዕቃን በዚህ አዋጅ መሠረት ቁጥጥር ወደ ሚደረግበት ምርት የመቀየር ሂደት ሆኖ ምርቱን ማዘጋጀት፣ ማቀናበር፣ ማዋሀድ፣ መቀመር፣ መሙላት፤ ማሸግ ወይም በድጋሚ ማሸግንም ይጨምራል፤
በኢትዮጵያ የምግብ እና የመድኃኒት አስተዳደር አዋጅ ላይ “ቁጥጥር የሚደረግበት ምርት” ማለት ምን ማለት ነው?,በኢትዮጵያ የምግብ እና የመድኃኒት አስተዳደር አዋጅ ላይ “የምግብ ጭማሪ” ማለት አግባብ ባለው የደህንነት መስፈርት መሠረት ተዘጋጅቶ ምግብን ለማጣፈጥ፣ ለማቅለም፣ ሳይበላሽ ለማቆየት፣ ለማሳመር ወይም ለተመሳሳይ ሌላ ዓላማ በምግብ ላይ የሚጨመር ንጥረ-ነገር ነው፤,“የምግብ ጭማሪ” ማለት አግባብ ባለው የደህንነት መስፈርት መሠረት ተዘጋጅቶ ምግብን ለማጣፈጥ፣ ለማቅለም፣ ሳይበላሽ ለማቆየት፣ ለማሳመር ወይም ለተመሳሳይ ሌላ ዓላማ በምግብ ላይ የሚጨመር ንጥረ-ነገር ነው፤
በኢትዮጵያ የምግብ እና የመድኃኒት አስተዳደር አዋጅ ላይ “የብቃት  ማረጋገጫ  ምስክር  ወረቀት” ማለት ምን ማለት ነው?,በኢትዮጵያ የምግብ እና የመድኃኒት አስተዳደር አዋጅ ላይ “የብቃት  ማረጋገጫ  ምስክር  ወረቀት”  ማለት ቁጥጥር የሚደረግበትን ምርት ለማምረት፣ ለማስመጣት፣ ለማከፋፈል፣ ጅምላ ለመሸጥ፣ ለመቸርቸር፣ የጥራት ቁጥጥር አገልግሎት ለሚሰጥ ማንኛውም ሰው፣ የባዩኢኩቫለንስ ማዕከል ወይም ሌላ በዚህ አዋጅ መሠረት ቁጥጥር ለሚደረግበት ተግባር የሚሰጥ እውቅና ነው፤,“የብቃት  ማረጋገጫ  ምስክር  ወረቀት”  ማለት ቁጥጥር የሚደረግበትን ምርት ለማምረት፣ ለማስመጣት፣ ለማከፋፈል፣ ጅምላ ለመሸጥ፣ ለመቸርቸር፣ የጥራት ቁጥጥር አገልግሎት ለሚሰጥ ማንኛውም ሰው፣ የባዩኢኩቫለንስ ማዕከል ወይም ሌላ በዚህ አዋጅ መሠረት ቁጥጥር ለሚደረግበት ተግባር የሚሰጥ እውቅና ነው፤
በኢትዮጵያ የምግብ እና የመድኃኒት አስተዳደር አዋጅ ላይ “አስፈጻሚ አካል” ማለት ምን ማለት ነው?,በኢትዮጵያ የምግብ እና የመድኃኒት አስተዳደር አዋጅ ላይ “አስፈጻሚ አካል” ማለት ይህን አዋጅ እና ይህንን አዋጅ ለማስፈፀም የሚወጡ ህጎችን በፌደራል ደረጃ ለማስተዳደር በህግ ሥልጣን የተሰጠው የፌደራል መንግሥት አካል  ነው፤,“አስፈጻሚ አካል” ማለት ይህን አዋጅ እና ይህንን አዋጅ ለማስፈፀም የሚወጡ ህጎችን በፌደራል ደረጃ ለማስተዳደር በህግ ሥልጣን የተሰጠው የፌደራል መንግሥት አካል  ነው፤
በኢትዮጵያ የምግብ እና የመድኃኒት አስተዳደር አዋጅ ላይ “ክልል”  ማለት ምን ማለት ነው?,በኢትዮጵያ የምግብ እና የመድኃኒት አስተዳደር አዋጅ ላይ “ክልል” ማለት በኢትዮጵያ ፌደራላዊ ዴሞክራሲያዊ ሪፐብሊክ ህገ መንግሥት አንቀጽ ፵፯ የተመለከተው ማንኛውም ክልል ሲሆን የአዲስ አበባ እና የድሬዳዋ ከተማ አስተዳደሮችን ይጨምራል፤,“ክልል” ማለት በኢትዮጵያ ፌደራላዊ ዴሞክራሲያዊ ሪፐብሊክ ህገ መንግሥት አንቀጽ ፵፯ የተመለከተው ማንኛውም ክልል ሲሆን የአዲስ አበባ እና የድሬዳዋ ከተማ አስተዳደሮችን ይጨምራል፤
በኢትዮጵያ የምግብ እና የመድኃኒት አስተዳደር አዋጅ ላይ “የክልል ጤና ተቆጣጣሪ” ማለት ምን ማለት ነው?,በኢትዮጵያ የምግብ እና የመድኃኒት አስተዳደር አዋጅ ላይ “የክልል ጤና ተቆጣጣሪ” ማለት ይህን አዋጅ እና ይህንን አዋጅ ለማስፈፀም የሚወጡ ህጎችን በክልል ደረጃ ለማስተዳደር ሥልጣን የተሰጠው የክልል መንግሥት አካል ነው፤,“የክልል ጤና ተቆጣጣሪ” ማለት ይህን አዋጅ እና ይህንን አዋጅ ለማስፈፀም የሚወጡ ህጎችን በክልል ደረጃ ለማስተዳደር ሥልጣን የተሰጠው የክልል መንግሥት አካል ነው፤
በኢትዮጵያ የምግብ እና የመድኃኒት አስተዳደር አዋጅ ላይ “አግባብ ያለው አካል” ማለት ምን ማለት ነው?,በኢትዮጵያ የምግብ እና የመድኃኒት አስተዳደር አዋጅ ላይ “አግባብ ያለው አካል” ማለት እንደ አግባቡ በዚህ አዋጅ ላይ የተጠቀሱ ተግባራት በሚከናወንበት ጊዜ ድርሻ ያላቸውና በህግ ስልጣን የተሰጣቸው ሌሎች አካላት ናቸው፤,“አግባብ ያለው አካል” ማለት እንደ አግባቡ በዚህ አዋጅ ላይ የተጠቀሱ ተግባራት በሚከናወንበት ጊዜ ድርሻ ያላቸውና በህግ ስልጣን የተሰጣቸው ሌሎች አካላት ናቸው፤
በኢትዮጵያ የምግብ እና የመድኃኒት አስተዳደር አዋጅ ላይ “ሚኒስቴር” ወይም “ሚኒስትር” ማለት ምን ማለት ነው?,በኢትዮጵያ የምግብ እና የመድኃኒት አስተዳደር አዋጅ ላይ “ሚኒስቴር” ወይም “ሚኒስትር” ማለት እንደቅደም ተከተሉ የጤና ሚኒስቴር ወይም ሚኒስትር ነው፤,“ሚኒስቴር” ወይም “ሚኒስትር” ማለት እንደቅደም ተከተሉ የጤና ሚኒስቴር ወይም ሚኒስትር ነው፤
በኢትዮጵያ የምግብ እና የመድኃኒት አስተዳደር አዋጅ ላይ “ሰው” ማለት ምን ማለት ነው?,በኢትዮጵያ የምግብ እና የመድኃኒት አስተዳደር አዋጅ ላይ “ሰው” ማለት የተፈጥሮ ሰው ወይም በህግ የሰውነት መብት የተሰጠው አካል ነው።ማንኛውም በወንድ ጾታ የተገለጸው የሴትንም ጾታ ይጨምራል፡፡,“ሰው” ማለት የተፈጥሮ ሰው ወይም በህግ የሰውነት መብት የተሰጠው አካል ነው፤ማንኛውም በወንድ ጾታ የተገለጸው የሴትንም ጾታ ይጨምራል፡፡
የኢትዮጵያ የምግብ እና የመድኃኒት አስተዳደር አዋጅ የተፈጻሚነቱ ወሰን ምን ያክል ነው?,በኢትዮጵያ የምግብ እና የመድኃኒት አስተዳደር አዋጅ ለንግድ ወይም በማንኛውም ሌላ መንገድ ለኅብረተሰብ በሚቀርብ ምግብ፣ መድኃኒት፣ የውበት መጠበቂያ ምርት፣ የህክምና መሣሪያ፣ የትምባሆ እና በዚህ አዋጅ መሠረት ቁጥጥር የሚደረግበት ምርት እና ጥሬ ዕቃ ላይ በመላው አገሪቱ በሚካሄዱ የቁጥጥር ተግባር ላይ ተፈጻሚ ይሆናል፡፡,ይህ አዋጅ ለንግድ ወይም በማንኛውም ሌላ መንገድ ለኅብረተሰብ በሚቀርብ ምግብ፣ መድኃኒት፣ የውበት መጠበቂያ ምርት፣ የህክምና መሣሪያ፣ የትምባሆ እና በዚህ አዋጅ መሠረት ቁጥጥር የሚደረግበት ምርት እና ጥሬ ዕቃ ላይ በመላው አገሪቱ በሚካሄዱ የቁጥጥር ተግባር ላይ ተፈጻሚ ይሆናል፡፡
በኢትዮጵያ የምግብ እና የመድኃኒት አስተዳደር አዋጅ አስፈጻሚ አካላት  ስልጣን እና ተግባራት ምን ምን ናቸው?,በኢትዮጵያ የምግብ እና የመድኃኒት አስተዳደር አዋጅ ላይ አስፈጻሚ አካሉ የሚከተሉት ስልጣን እና ተግባራት ይኖረዋል:-የምግብ ደህንነትን፤ የመድኃኒት ደህንነትን፣ ጥራትን፣ ፈዋሽነትን እንዲሁም አግባባዊ አጠቃቀምን፤ የህክምና መሣሪያ ደህንነትን፣ ጥራትን እና ውጤታማነትን እና በዚህ አዋጅ መሠረት ቁጥጥር የሚደረግበትን ሌላ ምርት ደረጃ እንዲወጣለት ሀሳብ ያመነጫል፤ ደረጃዎቹ ተዘጋጅተው ሲፀድቁ ያስፈጽማል፤ አግባብነት ያለውን የሌላ ሀገር መፅሀፈ መድኃኒት ወይም የአምራች የምርመራ ዘዴ ይቀበላል፤ቁጥጥር ለሚደረግበት ምርት አስመጪ፣ ላኪ፣ የጥራት ቁጥጥር አገልግሎት ሰጪ፣ ባዩኢኩቫለንስ ማዕከል እና ምርትን ከአንድ ክልል በላይ ለሚያቀርብ አምራች እና ጅምላ ሻጭ የብቃት ማረጋገጫ ምስክር ወረቀት ይሰጣል፣ ያድሳል፣ ያግዳል፣ ይሰርዛል ወይም ሌላ አግባብ ያለውን አስተዳደራዊ እርምጃ ይወስዳል፤የመድኃኒት፣ የህክምና መሣሪያ፣ ምግብ እና ሌላ በዚህ አዋጅ ወይም ይህን አዋጅ ለማስፈጸም በሚወጣ ደንብ እና መመሪያ መሠረት ሊመዘገብ የሚገባ ምርትን በሚመለከት ተፈጻሚ መስፈርቶችን መሠረት በማድረግ ገምግሞ ይመዘግባል፤ የገበያ ፈቃድ ይሰጣል፣ ያድሳል፣ ያግዳል፣ ይሰርዛል ወይም ሌላ ህጋዊ እርምጃ ይወስዳል፤በዚህ አዋጅ ቁጥጥር የሚደረግበት ምርት ይህንን አዋጅ ወይም በሌሎች ህጎች መሠረት ሊሟሉ የሚገባቸውን ሳያሟላ ሲቀር እንደአግባቡ ምርቱን ሊይዝ፣ እንዲወገድ ሊያደርግ፣ ከገበያ እንዲሰበሰብ ሊያዝ፣ በህግ አግባብ ሊወርስ ወይም ሌላ አግባብ ያለው ህጋዊ እርምጃ ሊወስድ ይችላል፤,አስፈጻሚ አካሉ የሚከተሉት ስልጣን እና ተግባራት ይኖረዋል:-የምግብ ደህንነትን፤ የመድኃኒት ደህንነትን፣ ጥራትን፣ ፈዋሽነትን እንዲሁም አግባባዊ አጠቃቀምን፤ የህክምና መሣሪያ ደህንነትን፣ ጥራትን እና ውጤታማነትን እና በዚህ አዋጅ መሠረት ቁጥጥር የሚደረግበትን ሌላ ምርት ደረጃ እንዲወጣለት ሀሳብ ያመነጫል፤ ደረጃዎቹ ተዘጋጅተው ሲፀድቁ ያስፈጽማል፤ አግባብነት ያለውን የሌላ ሀገር መፅሀፈ መድኃኒት ወይም የአምራች የምርመራ ዘዴ ይቀበላል፤ቁጥጥር ለሚደረግበት ምርት አስመጪ፣ ላኪ፣ የጥራት ቁጥጥር አገልግሎት ሰጪ፣ ባዩኢኩቫለንስ ማዕከል እና ምርትን ከአንድ ክልል በላይ ለሚያቀርብ አምራች እና ጅምላ ሻጭ የብቃት ማረጋገጫ ምስክር ወረቀት ይሰጣል፣ ያድሳል፣ ያግዳል፣ ይሰርዛል ወይም ሌላ አግባብ ያለውን አስተዳደራዊ እርምጃ ይወስዳል፤የመድኃኒት፣ የህክምና መሣሪያ፣ ምግብ እና ሌላ በዚህ አዋጅ ወይም ይህን አዋጅ ለማስፈጸም በሚወጣ ደንብ እና መመሪያ መሠረት ሊመዘገብ የሚገባ ምርትን በሚመለከት ተፈጻሚ መስፈርቶችን መሠረት በማድረግ ገምግሞ ይመዘግባል፤ የገበያ ፈቃድ ይሰጣል፣ ያድሳል፣ ያግዳል፣ ይሰርዛል ወይም ሌላ ህጋዊ እርምጃ ይወስዳል፤በዚህ አዋጅ ቁጥጥር የሚደረግበት ምርት ይህንን አዋጅ ወይም በሌሎች ህጎች መሠረት ሊሟሉ የሚገባቸውን ሳያሟላ ሲቀር እንደአግባቡ ምርቱን ሊይዝ፣ እንዲወገድ ሊያደርግ፣ ከገበያ እንዲሰበሰብ ሊያዝ፣ በህግ አግባብ ሊወርስ ወይም ሌላ አግባብ ያለው ህጋዊ እርምጃ ሊወስድ ይችላል፤
በኢትዮጵያ የምግብ እና የመድኃኒት አስተዳደር አዋጅ የአስፈጻሚ አካል ምን ምን ተግባር አለው?,የህክምና ሙከራ ጥያቄዎችን እየመረመረ ይፈቅዳል፣ ሙከራው በመልካም የህክምና ሥርዓት መሠረት መካሄዱን ይከታተላል፣ ይቆጣጠራል፤ውጤቱን በመገምገም ለኅብረተሰቡ ጥቅም በሚኖረው መልኩ ሥራ ላይ እንዲውል ይፈቅዳል፣ አስፈላጊ ሲሆን የህክምና ሙከራው እንዲታገድ ወይም እንዲቆም ትእዛዝ ሊሰጥ ይችላል፤የመድኃኒትን እና የህክምና መሣሪያን አግባባዊ አጠቃቀም ይቆጣጠራል፤የናርኮቲክ መድኃኒትን፣ የሳይኮትሮፒክ መድኃኒትን እና የፕሪከርሰር ኬሚካልን አመራረት፣ ወደ ሀገር ውስጥ ማስገባት፣ ወደ ውጭ አገር መላክ፣ ማከፋፈል፣ አስተዛዘዝ፣ እደላ፣ ስርጭት፣ አጠቃቀም፣ መረጃ አያያዝ፣ ሪፖርት አደራረግ እና አወጋገድ ላይ ቁጥጥር ያደርጋል፤ አለአግባብ ሥራ ላይ እንዳይውሉ ይከላከላል፤,የህክምና ሙከራ ጥያቄዎችን እየመረመረ ይፈቅዳል፣ ሙከራው በመልካም የህክምና ሥርዓት መሠረት መካሄዱን ይከታተላል፣ ይቆጣጠራል፤ውጤቱን በመገምገም ለኅብረተሰቡ ጥቅም በሚኖረው መልኩ ሥራ ላይ እንዲውል ይፈቅዳል፣ አስፈላጊ ሲሆን የህክምና ሙከራው እንዲታገድ ወይም እንዲቆም ትእዛዝ ሊሰጥ ይችላል፤የመድኃኒትን እና የህክምና መሣሪያን አግባባዊ አጠቃቀም ይቆጣጠራል፤የናርኮቲክ መድኃኒትን፣ የሳይኮትሮፒክ መድኃኒትን እና የፕሪከርሰር ኬሚካልን አመራረት፣ ወደ ሀገር ውስጥ ማስገባት፣ ወደ ውጭ አገር መላክ፣ ማከፋፈል፣ አስተዛዘዝ፣ እደላ፣ ስርጭት፣ አጠቃቀም፣ መረጃ አያያዝ፣ ሪፖርት አደራረግ እና አወጋገድ ላይ ቁጥጥር ያደርጋል፤ አለአግባብ ሥራ ላይ እንዳይውሉ ይከላከላል፤
በኢትዮጵያ የምግብ እና የመድኃኒት አስተዳደር አዋጅ ላይ አስፈጻሚው አካል  ክልል ተሻጋሪ በሆነ የማስታወቂያ መንገድ የሚተላለፍ ምርት ላይ ያደርጋል?,አስፈጻሚው አካል ክልል ተሻጋሪ በሆነ የማስታወቂያ መንገድ የሚተላለፍ ቁጥጥር የሚደረግበት ምርትን የሚመለከት ማስታወቂያን አግባብ ካለው የመንግሥት አካል ጋር በመሆን ይቆጣጠራል፤,ክልል ተሻጋሪ በሆነ የማስታወቂያ መንገድ የሚተላለፍ ቁጥጥር የሚደረግበት ምርትን የሚመለከት ማስታወቂያን አግባብ ካለው የመንግሥት አካል ጋር በመሆን ይቆጣጠራል፤
በኢትዮጵያ የምግብ እና የመድኃኒት አስተዳደር አዋጅ  አስፈጻሚው አካል በትምባሆ ቁጥጥር ምን ያደርጋል?,በኢትዮጵያ የምግብ እና የመድኃኒት አስተዳደር አዋጅ  አስፈጻሚው አካል በትምባሆ ቁጥጥር ላይ የወጣውን የዓለም የጤና ድርጅት የትምባሆ ቁጥጥር ማዕቀፍ ኮንቬንሽን እና የኮንቬንሽኑን ማስፈጸሚያ ጋይድላይን አፈጻጸም ያስተባብራል፤ በኮንቬንሽኑ መሠረት የትምባሆ ቁጥጥርን ውጤታማነት የሚከታተል ብሄራዊ አስተባባሪ አካል እንዲመሠረት ያደርጋል፤ በትምባሆ ቁጥጥር ላይ ከሚመለከታቸው አካላት ጋር ተባብሮ ይሰራል፤,በትምባሆ ቁጥጥር ላይ የወጣውን የዓለም የጤና ድርጅት የትምባሆ ቁጥጥር ማዕቀፍ ኮንቬንሽን እና የኮንቬንሽኑን ማስፈጸሚያ ጋይድላይን አፈጻጸም ያስተባብራል፤ በኮንቬንሽኑ መሠረት የትምባሆ ቁጥጥርን ውጤታማነት የሚከታተል ብሄራዊ አስተባባሪ አካል እንዲመሠረት ያደርጋል፤ በትምባሆ ቁጥጥር ላይ ከሚመለከታቸው አካላት ጋር ተባብሮ ይሰራል፤
በኢትዮጵያ የምግብ እና የመድኃኒት አስተዳደር አዋጅ  አስፈጻሚ አካል ለአገልግሎት ጊዜው ያለፈበትን ምርት ምን ያደርጋል?,በኢትዮጵያ የምግብ እና የመድኃኒት አስተዳደር አዋጅ  አስፈጻሚ አካል የአገልግሎት ጊዜው ያለፈበትን እና ሌላ በዚህ አዋጅ ቁጥጥር የሚደረግበት ህገ-ወጥ ወይም ጥቅም ላይ የማይውል ምርትን አግባብ ካላቸው አካላት ጋር በመሆን እንዲወገድ ያደርጋል፤ በአግባቡ መወገዱንም ይቆጣጠራል፤,የአገልግሎት ጊዜው ያለፈበትን እና ሌላ በዚህ አዋጅ ቁጥጥር የሚደረግበት ህገ-ወጥ ወይም ጥቅም ላይ የማይውል ምርትን አግባብ ካላቸው አካላት ጋር በመሆን እንዲወገድ ያደርጋል፤ በአግባቡ መወገዱንም ይቆጣጠራል፤
በኢትዮጵያ የምግብ እና የመድኃኒት አስተዳደር አዋጅ መሰረት በሚያመርተው ምግብ ዓይነት፣ ይዘትና የአመራረት ሂደት ላይ ለውጥ ያደረገ እንደሆነ ምን ማድረግ አለበት?,በኢትዮጵያ የምግብ እና የመድኃኒት አስተዳደር አዋጅ መሰረት በሚያመርተው ምግብ ዓይነት፣ ይዘትና የአመራረት ሂደት ላይ ለውጥ ያደረገ እንደሆነ ለአስፈጻሚው አካል ማሳወቅ አለበት፡፡,በሚያመርተው ምግብ ዓይነት፣ ይዘትና የአመራረት ሂደት ላይ ለውጥ ያደረገ እንደሆነ ለአስፈጻሚው አካል ማሳወቅ አለበት፡፡
በኢትዮጵያ የምግብ እና የመድኃኒት አስተዳደር አዋጅ መሰረት ምግብ እንዴት ማጭረር ይቻላል?,በኢትዮጵያ የምግብ እና የመድኃኒት አስተዳደር አዋጅ መሰረት ምግብ የሚጨረረው የምግብን ደህንነት መስፈርት ባሟላ ሁኔታ እና አግባብ ባለው የጨረራ ዓይነት እና መጠን መሆን አለበት፡፡,ምግብ የሚጨረረው የምግብን ደህንነት መስፈርት ባሟላ ሁኔታ እና አግባብ ባለው የጨረራ ዓይነት እና መጠን መሆን አለበት፡፡
በኢትዮጵያ የምግብ እና የመድኃኒት አስተዳደር አዋጅ መሰረት የመጠጥ ውሃ ደህንነት ምን ማሟላት አለበት?,ማንኛውም የቧንቧ፣ የታሸገ ወይም ሌላ ለመጠጥ የሚውል ውሃ አቅራቢ ወይም አምራች ውሃው በኢትዮጵያ ደረጃ የተቀመጠውን የደህንነት ደረጃ ያሟላ መሆኑን ማረጋገጥ አለበት።ውሃ የሚታከምበት ኬሚካል ወይም የውሃ ማጣሪያ መሣሪያ አግባብ ያለው አካል በሚያወጣው መስፈርት መሠረት ውጤታማ ነትና ደህንነት በአስፈጻሚው አካል ቁጥጥር የሚደረግበት ይሆናል፡፡,ማንኛውም የቧንቧ፣ የታሸገ ወይም ሌላ ለመጠጥ የሚውል ውሃ አቅራቢ ወይም አምራች ውሃው በኢትዮጵያ ደረጃ የተቀመጠውን የደህንነት ደረጃ ያሟላ መሆኑን ማረጋገጥ አለበት።ውሃ የሚታከምበት ኬሚካል ወይም የውሃ ማጣሪያ መሣሪያ አግባብ ያለው አካል በሚያወጣው መስፈርት መሠረት ውጤታማ ነትና ደህንነት በአስፈጻሚው አካል ቁጥጥር የሚደረግበት ይሆናል፡፡
ገበያ ላይ ስለዋለ የምግብ ደህንነት ክትትል አስፈጻሚው አካል ምን ማድረግ አለበት?,ማንኛውም የምግብ አምራች ወይም አስመጪ ድርጅት ስለሚያመርተው ወይም ስለሚያሰራጨው ምግብ ደህንነት ቀጣይነት ባለው መልኩ ክትትል ለማድረግ የሚያስችል የአሰራር ሥርዓት ሊኖረው ይገባል፡፡,ማንኛውም የምግብ አምራች ወይም አስመጪ ድርጅት ስለሚያመርተው ወይም ስለሚያሰራጨው ምግብ ደህንነት ቀጣይነት ባለው መልኩ ክትትል ለማድረግ የሚያስችል የአሰራር ሥርዓት ሊኖረው ይገባል፡፡
ገበያ ላይ ባለ የምግብ ምርት ላይ የደህንነት ጉድለት መኖሩን ሲረጋገጥ የክልል ጤና ተቆጣጣሪው ምን ያደርጋል?,ምግብ በአግባቡ ባለመመረቱ፣ ባለመከማቸቱ፣ ባለመጓጓዙ ወይም ባለመያዙ ምክንያት የደህንነት ጉድለት መኖሩን ሲረጋገጥ እንደአግባቡ አስፈጻሚ አካሉ ወይም የክልል ጤና ተቆጣጣሪው ኅብረተሰቡ ምግቡን ከመጠቀም እንዲቆጠብ ምርቱ በተሰራጨበት ሁሉም ቦታ ተደራሽነት ባለው የብዙኃን መገናኛ ሊያሳውቅ እና ከገበያ እንዲሰበሰብ ሊያዝ ይችላል፡፡,ምግብ በአግባቡ ባለመመረቱ፣ ባለመከማቸቱ፣ ባለመጓጓዙ ወይም ባለመያዙ ምክንያት የደህንነት ጉድለት መኖሩን ሲረጋገጥ እንደአግባቡ አስፈጻሚ አካሉ ወይም የክልል ጤና ተቆጣጣሪው ኅብረተሰቡ ምግቡን ከመጠቀም እንዲቆጠብ ምርቱ በተሰራጨበት ሁሉም ቦታ ተደራሽነት ባለው የብዙኃን መገናኛ ሊያሳውቅ እና ከገበያ እንዲሰበሰብ ሊያዝ ይችላል፡፡
አስፈጻሚ አካሉ በገበያ ላይ የዋለ ምግብን ደህንነት ለማረጋገጥ,በኢትዮጵያ የምግብ እና የመድኃኒት አስተዳደር አዋጅ መሰረት አስፈጻሚ አካሉ በገበያ ላይ የዋለ ምግብን ደህንነት ለማረጋገጥ በየጊዜው የድህረ ገበያ ጥናት ያካሂዳል፤ ወጪውንም እንደአግባቡ አምራቹ  ወይም  አስመጪው  እንዲሸፍን ሊያደርግ ይችላል፡፡,አስፈጻሚ አካሉ በገበያ ላይ የዋለ ምግብን ደህንነት ለማረጋገጥ በየጊዜው የድህረ ገበያ ጥናት ያካሂዳል፤ ወጪውንም እንደአግባቡ አምራቹ  ወይም  አስመጪው  እንዲሸፍን ሊያደርግ ይችላል፡፡
አስፈጻሚ አካሉ ስለ አልኮል መጠጥ ሽያጭ ምን ማድረግ አለበት?,በኢትዮጵያ የምግብ እና የመድኃኒት አስተዳደር አዋጅ መሰረት ማንኛውም በፋብሪካ ደረጃ የሚዘጋጅ የአልኮል መጠጥ ወደ ገበያ ከመቅረቡ በፊት የአልኮል ይዘት መጠኑ የኢትዮጵያ ደረጃን ወይም ሀገሪቱ የተቀበለችውን ሌላ ዓለም አቀፍ ደረጃ የሚያሟላ መሆን አለበት፡፡,ማንኛውም በፋብሪካ ደረጃ የሚዘጋጅ የአልኮል መጠጥ ወደ ገበያ ከመቅረቡ በፊት የአልኮል ይዘት መጠኑ የኢትዮጵያ ደረጃን ወይም ሀገሪቱ የተቀበለችውን ሌላ ዓለም አቀፍ ደረጃ የሚያሟላ መሆን አለበት፡፡
የአልኮል መጠጥ በየትኛው የእድሜ ክልል እድሜ የተፈቀደ ነው?,በኢትዮጵያ የምግብ እና የመድኃኒት አስተዳደር አዋጅ መሰረት ማንኛውም የአልኮል መጠጥ ከ፳፩ ዓመት በታች ለሆኑ ሰዎች መሸጥ የተከለከለ ነው፡፡,ማንኛውም የአልኮል መጠጥ ከ፳፩ ዓመት በታች ለሆኑ ሰዎች መሸጥ የተከለከለ ነው፡፡
ከአልኮል ሽያጭ ነጻ የሆኑ ቦታዎች ምን ምን ናቸው?,በኢትዮጵያ የምግብ እና የመድኃኒት አስተዳደር አዋጅ መሰረት የአልኮል መጠጥን በጤና ተቋም፣ በትምህርት ቤት፣ በመዋለ ህጻናት፣ በዩንቨርሲቲ እና በኮሌጅ፣ በመንግሥት ተቋማት፣ በአምልኮ ቦታ፣ በስፖርት ማዘውተሪያ ቦታዎች፣ በሲኒማ ቤቶች እና ይህንን አዋጅ ለማስፈጸም በሚወጣ ደንብ መሠረት ከአልኮል ሽያጭ ነጻ እንዲሆኑ በሚወሰኑ ቦታዎች መሸጥ የተከለከለ ነው፡፡,የአልኮል መጠጥን በጤና ተቋም፣ በትምህርት ቤት፣ በመዋለ ህጻናት፣ በዩንቨርሲቲ እና በኮሌጅ፣ በመንግሥት ተቋማት፣ በአምልኮ ቦታ፣ በስፖርት ማዘውተሪያ ቦታዎች፣ በሲኒማ ቤቶች እና ይህንን አዋጅ ለማስፈጸም በሚወጣ ደንብ መሠረት ከአልኮል ሽያጭ ነጻ እንዲሆኑ በሚወሰኑ ቦታዎች መሸጥ የተከለከለ ነው፡፡
የመድኃኒት ወይም የህክምና መሣሪያ ቁጥጥር ምን መምሰል አለበት?,በኢትዮጵያ የምግብ እና የመድኃኒት አስተዳደር አዋጅ መሰረት የመድኃኒት ወይም የህክምና መሣሪያ ቁጥጥር የምርቱን ዓይነት፣ ባህሪ እና በሰው ጤና ላይ ሊያደርስ የሚችለውን ስጋት መሠረት ያደረገ መሆን አለበት፡፡,የመድኃኒት ወይም የህክምና መሣሪያ ቁጥጥር የምርቱን ዓይነት፣ ባህሪ እና በሰው ጤና ላይ ሊያደርስ የሚችለውን ስጋት መሠረት ያደረገ መሆን አለበት፡፡
ማንኛውም መድኃኒት ወይም የህክምና መሣሪያ በአስፈጻሚ አካሉ እንዴት ወደ ገበያ ማስገባት ይቻላል?,በኢትዮጵያ የምግብ እና የመድኃኒት አስተዳደር አዋጅ መሰረት ማንኛውም መድኃኒት ወይም የህክምና መሣሪያ በአስፈጻሚ አካሉ ሳይመዘገብ እና የገበያ ፈቃድ ሳያገኝ ወደ ሀገር ውስጥ ማስገባት፣ በሀገር ውስጥ ማምረት፣ ማከማቸት፣ ማከፋፈል፣ ማጓጓዝ፣ መሸጥ፣ መያዝ፣ ጥቅም ላይ እንዲውል ማድረግ፣ ማዘዋወር፣ ወይም ለሌላ ሰው ማስተላለፍ የተከለከለ ነው፡፡,ማንኛውም መድኃኒት ወይም የህክምና መሣሪያ በአስፈጻሚ አካሉ ሳይመዘገብ እና የገበያ ፈቃድ ሳያገኝ ወደ ሀገር ውስጥ ማስገባት፣ በሀገር ውስጥ ማምረት፣ ማከማቸት፣ ማከፋፈል፣ ማጓጓዝ፣ መሸጥ፣ መያዝ፣ ጥቅም ላይ እንዲውል ማድረግ፣ ማዘዋወር፣ ወይም ለሌላ ሰው ማስተላለፍ የተከለከለ ነው፡፡
በአስገዳጅ ሁኔታዎች ያልተመዘገበ መድኃኒት ወይም የህክምና መሣሪያ ወደ ሀገር ውስጥ ለማስገባት አስፈጻሚው አካል ምን ማድረግ አለበት?,በኢትዮጵያ የምግብ እና የመድኃኒት አስተዳደር አዋጅ መሰረት አስፈጻሚ አካሉ በአስገዳጅ ሁኔታዎች ያልተመዘገበ መድኃኒት ወይም የህክምና መሣሪያ ወደ ሀገር ውስጥ እንዲገባ፣ በሀገር ውስጥ እንዲመረት እና አገልግሎት ላይ እንዲውል ሊፈቅድ ይችላል፡፡,አስፈጻሚ አካሉ በአስገዳጅ ሁኔታዎች ያልተመዘገበ መድኃኒት ወይም የህክምና መሣሪያ ወደ ሀገር ውስጥ እንዲገባ፣ በሀገር ውስጥ እንዲመረት እና አገልግሎት ላይ እንዲውል ሊፈቅድ ይችላል፡፡
ማንኛውም የጤና ተቋም የሚይዘው የመድኃኒት ዓይነት በደረጃው የተፈቀደ መሆኑን የማረጋጥ የማን ኃላፊነት ነው?,በኢትዮጵያ የምግብ እና የመድኃኒት አስተዳደር አዋጅ መሰረት ማንኛውም የጤና ተቋም የሚይዘው የመድኃኒት ዓይነት በደረጃው የተፈቀደ መሆኑን እንዲሁም መድኃኒቱ የተያዘው በተፈቀደለት የመድኃኒት ባለሙያ መሆኑን የማረጋጥ ኃላፊነት የተቋሙ ነው፡፡,ማንኛውም የጤና ተቋም የሚይዘው የመድኃኒት ዓይነት በደረጃው የተፈቀደ መሆኑን እንዲሁም መድኃኒቱ የተያዘው በተፈቀደለት የመድኃኒት ባለሙያ መሆኑን የማረጋጥ ኃላፊነት የተቋሙ ነው፡፡
አስፈጻሚ አካሉ የህክምና ሙከራ በሰዎች ላይ እንዲካሄድ ሊፈቅድ የሚችለው መቼ ነው?,በኢትዮጵያ የምግብ እና የመድኃኒት አስተዳደር አዋጅ መሰረት አስፈጻሚ አካሉ የህክምና ሙከራ በሰዎች ላይ እንዲካሄድ ሊፈቅድ የሚችለው የምርምር ፕሮቶኮሉ ከሳይንሳዊ፣ ህጋዊና የህክምና ስነ- ምግባር መርሆዎች አንፃር ተገምግሞ ተቀባይነት ካገኘ በኋላ ብቻ ነው፡፡,አስፈጻሚ አካሉ የህክምና ሙከራ በሰዎች ላይ እንዲካሄድ ሊፈቅድ የሚችለው የምርምር ፕሮቶኮሉ ከሳይንሳዊ፣ ህጋዊና የህክምና ስነ- ምግባር መርሆዎች አንፃር ተገምግሞ ተቀባይነት ካገኘ በኋላ ብቻ ነው፡፡
የህክምና ሙከራ ጥናትን ማን ሊያይና ሊከታተል ይችላል?,በኢትዮጵያ የምግብ እና የመድኃኒት አስተዳደር አዋጅ መሰረት አስፈጻሚ አካሉ በፈቀደው የህክምና ሙከራ ጥናትን አግባብ ያለው ብሔራዊ፣ ክልላዊ ወይም ተቋማዊ የግምገማ አካል ሙከራውን እንዲያይ እና እንዲከታተል ሊያደርግ ይችላል፡፡,አስፈጻሚ አካሉ በፈቀደው የህክምና ሙከራ ጥናትን አግባብ ያለው ብሔራዊ፣ ክልላዊ ወይም ተቋማዊ የግምገማ አካል ሙከራውን እንዲያይ እና እንዲከታተል ሊያደርግ ይችላል፡፡
በሰው ላይ የሚደረግ ማንኛውም የሕክምና ሙከራ ከየትኛው የእድሜ ክልል ነው?,በኢትዮጵያ የምግብ እና የመድኃኒት አስተዳደር አዋጅ መሰረት በሰው ላይ የሚደረግ ማንኛውም የሕክምና ሙከራ የሚከናወነው ግለሰቡ ከ፲፰ ዓመት በላይ የሆነ፣ በሀገሪቱ የፍትሀ ብሄር ህግ መሠረት የህግ ችሎታ ያለው እና ግለሰቡ ሙከራው እንዲካሄድ በጽሁፍ ከተስማማ ነው፡፡,በሰው ላይ የሚደረግ ማንኛውም የሕክምና ሙከራ የሚከናወነው ግለሰቡ ከ፲፰ ዓመት በላይ የሆነ፣ በሀገሪቱ የፍትሀ ብሄር ህግ መሠረት የህግ ችሎታ ያለው እና ግለሰቡ ሙከራው እንዲካሄድ በጽሁፍ ከተስማማ ነው፡፡
በአጥቢ እናት ወይም በእርጉዝ ሴት ላይ የሕክምና ሙከራ ማድረግ ይችላልን?,በኢትዮጵያ የምግብ እና የመድኃኒት አስተዳደር አዋጅ መሰረት አስፈላጊ የህክምና ምክንያት ኖሮ ይህን አዋጅ ለማስፈጸም በሚወጣ ደንብ መሠረት በአስፈጻሚ አካሉ ካልተፈቀደ በስተቀር በአጥቢ እናት ወይም በእርጉዝ ሴት፣ የህግ ታራሚ፣ ዕድሜው ከ፲፰ ዓመት በታች በሆነ ግለሰብ፣ በአዕምሮ ህመምተኛ፣ በሌሎች የህግ ችሎታ በሌላቸው ሰዎች ወይም የህክምና ሙከራውን በሚያካሂደው ባለሙያ ወይም ተቋም ጥገኛ በሆነ ግለሰብ ላይ የህክምና ሙከራ ማካሄድ የተከለከለ ነው፡፡,አስፈላጊ የህክምና ምክንያት ኖሮ ይህን አዋጅ ለማስፈጸም በሚወጣ ደንብ መሠረት በአስፈጻሚ አካሉ ካልተፈቀደ በስተቀር በአጥቢ እናት ወይም በእርጉዝ ሴት፣ የህግ ታራሚ፣ ዕድሜው ከ፲፰ ዓመት በታች በሆነ ግለሰብ፣ በአዕምሮ ህመምተኛ፣ በሌሎች የህግ ችሎታ በሌላቸው ሰዎች ወይም የህክምና ሙከራውን በሚያካሂደው ባለሙያ ወይም ተቋም ጥገኛ በሆነ ግለሰብ ላይ የህክምና ሙከራ ማካሄድ የተከለከለ ነው፡፡
ተመራማሪዎች እና ስፖንሰር አድራጊዎች የምርምር ተሳታፊው የህክምና ሙከራ ውስጥ ለመሳተፍ ከመወሰኑ በፊትምን ማድረግ አለባቸው?,በኢትዮጵያ የምግብ እና የመድኃኒት አስተዳደር አዋጅ መሰረት ማንኛውም የህክምና ሙከራው ተቀዳሚ ተመራማሪዎች እና ስፖንሰር አድራጊዎች የምርምር ተሳታፊው የህክምና ሙከራ ውስጥ ለመሳተፍ ከመወሰኑ በፊት ያሉትን ስጋቶች፣ ሊያገኘው የሚችለው የህክምና ጥቅም እና የህክምና አማራጮች በበቂ ሁኔታ መረጃ ማግኘቱን የማረጋገጥ እና ደህንነቱን የመጠበቅ ሀላፊነት አለባቸው፡፡,ማንኛውም የህክምና ሙከራው ተቀዳሚ ተመራማሪዎች እና ስፖንሰር አድራጊዎች የምርምር ተሳታፊው የህክምና ሙከራ ውስጥ ለመሳተፍ ከመወሰኑ በፊት ያሉትን ስጋቶች፣ ሊያገኘው የሚችለው የህክምና ጥቅም እና የህክምና አማራጮች በበቂ ሁኔታ መረጃ ማግኘቱን የማረጋገጥ እና ደህንነቱን የመጠበቅ ሀላፊነት አለባቸው፡፡
ማንኛውም የህክምና ሙከራው ተቀዳሚ ተመራማሪዎች እና ስፖንሰር አድራጊዎች ምን አይነት ግዴታ አለባቸው?,በኢትዮጵያ የምግብ እና የመድኃኒት አስተዳደር አዋጅ መሰረት  ማንኛውም የህክምና ሙከራው ተቀዳሚ ተመራማሪዎች እና ስፖንሰር አድራጊዎች ተቀባይነት ያለው ሳይንሳዊ ሂደት የመከተል፣ የመረጃ አያያዝ፣ ማንኛውንም ጎጂ ክስተትን ሪፖርት የማድረግ፣ተፈፃሚነት ያላቸውን ፕሮቶኮሎች፣ ተሞክሮዎች እና ህጎች የማክበር እና ለአስፈጻሚ አካሉ ተፈላጊውን ሪፖርት የማቅረብ ግዴታ አለበት፡፡,ማንኛውም የህክምና ሙከራው ተቀዳሚ ተመራማሪዎች እና ስፖንሰር አድራጊዎች ተቀባይነት ያለው ሳይንሳዊ ሂደት የመከተል፣ የመረጃ አያያዝ፣ ማንኛውንም ጎጂ ክስተትን ሪፖርት የማድረግ፣ተፈፃሚነት ያላቸውን ፕሮቶኮሎች፣ ተሞክሮዎች እና ህጎች የማክበር እና ለአስፈጻሚ አካሉ ተፈላጊውን ሪፖርት የማቅረብ ግዴታ አለበት፡፡
አስፈጻሚ አካሉ ለምርምር የሚውልን አዲስ መድኃኒት እና የህክምና መሣሪያ ላይሊያደርግ ይገባዋል?,በኢትዮጵያ የምግብ እና የመድኃኒት አስተዳደር አዋጅ መሰረት አስፈጻሚ አካሉ ለምርምር የሚውልን አዲስ መድኃኒት እና የህክምና መሣሪያ በሰው ላይ ለምርምር እንዲውል የላቦራቶሪ እና በእንሰሳት ላይ የተደረገ ሙከራ ውጤትን እንዲቀርብ ሊጠይቅ ይችላል፡፡,አስፈጻሚ አካሉ ለምርምር የሚውልን አዲስ መድኃኒት እና የህክምና መሣሪያ በሰው ላይ ለምርምር እንዲውል የላቦራቶሪ እና በእንሰሳት ላይ የተደረገ ሙከራ ውጤትን እንዲቀርብ ሊጠይቅ ይችላል፡፡
የገበያ ፈቃድ የሌለውን መድኃኒት ወይም የህክምና መሣሪያ ለህክምና አገልግሎት ለመጠቀም ምን ማድረግ አስፈላጊ ነው?,በኢትዮጵያ የምግብ እና የመድኃኒት አስተዳደር አዋጅ መሰረት ለህክምና ሙከራ ምርምር ላይ ያለ እና የገበያ ፈቃድ የሌለውን መድኃኒት ወይም የህክምና መሣሪያ ለህክምና አገልግሎት ለመጠቀም ከአስፈጻሚ አካሉ የህክምና ሙከራ ፈቃድ መገኘት አለበት፡፡,ለህክምና ሙከራ ምርምር ላይ ያለ እና የገበያ ፈቃድ የሌለውን መድኃኒት ወይም የህክምና መሣሪያ ለህክምና አገልግሎት ለመጠቀም ከአስፈጻሚ አካሉ የህክምና ሙከራ ፈቃድ መገኘት አለበት፡፡
ማንኛውም በሰው ሰውነት እና ህይወት-አልባ በሆኑ ነገሮች ላይ ያለን ፀረ-ተህዋስ ለመከላከል የሚውል መድኃኒት ምን መስፈርት ማሟላት አለበት?,በኢትዮጵያ የምግብ እና የመድኃኒት አስተዳደር አዋጅ መሰረት ማንኛውም በሰው ሰውነት እና ህይወት-አልባ በሆኑ ነገሮች ላይ ያለን ፀረ-ተህዋስ ለመከላከል የሚውል መድኃኒት ተፈጻሚነት ያለውን መስፈርት ማሟላት አለበት,ማንኛውም በሰው ሰውነት እና ህይወት-አልባ በሆኑ ነገሮች ላይ ያለን ፀረ-ተህዋስ ለመከላከል የሚውል መድኃኒት ተፈጻሚነት ያለውን መስፈርት ማሟላት አለበት
በሰው ሰውነት እና ህይወት-አልባ በሆኑ ነገሮች ላይ ያለን ፀረ-ተህዋስ ለመከላከል የሚውል መድኃኒት ምዝገባ እና ተያያዥ ቁጥጥር በምን መለኩ መሆን አለበት?,በኢትዮጵያ የምግብ እና የመድኃኒት አስተዳደር አዋጅ መሰረት በሰው ሰውነት እና ህይወት-አልባ በሆኑ ነገሮች ላይ ያለን ፀረ-ተህዋስ ለመከላከል የሚውል መድኃኒት ምዝገባ እና ተያያዥ ቁጥጥር ምርቶቹ በሰው ጤና ላይ ሊያደርሱ ከሚችሉት ስጋት አንጻር ከግምት ባስገባ መልኩ መሆን ይኖርበታል፡፡,በሰው ሰውነት እና ህይወት-አልባ በሆኑ ነገሮች ላይ ያለን ፀረ-ተህዋስ ለመከላከል የሚውል መድኃኒት ምዝገባ እና ተያያዥ ቁጥጥር ምርቶቹ በሰው ጤና ላይ ሊያደርሱ ከሚችሉት ስጋት አንጻር ከግምት ባስገባ መልኩ መሆን ይኖርበታል፡፡
የጨረራ አመንጪ መድኃኒት ወይም የህክምና መሣሪያ ቁጥጥር ውጤታማ እንዲሆን አስፈጻሚ ምን ማድረግ አለበት?,በኢትዮጵያ የምግብ እና የመድኃኒት አስተዳደር አዋጅ መሰረት የጨረራ አመንጪ መድኃኒት ወይም የህክምና መሣሪያ ቁጥጥር ውጤታማ እንዲሆን አስፈጻሚ አካሉ  አግባብ ካለው አካል ጋር በጋራ ይሰራል፡፡,የጨረራ አመንጪ መድኃኒት ወይም የህክምና መሣሪያ ቁጥጥር ውጤታማ እንዲሆን አስፈጻሚ አካሉ  አግባብ ካለው አካል ጋር በጋራ ይሰራል፡፡
በችርቻሮ ሱቆች ውስጥ ትምባሆ መቀመጥ ወይም መደርደር ያለበት እንዴት ነው?,በኢትዮጵያ የምግብ እና የመድኃኒት አስተዳደር አዋጅ መሰረት በችርቻሮ ሱቆች ውስጥ ትምባሆ መቀመጥ ወይም መደርደር ያለበት ሸማቹ በቀጥታ በእጁ ሊያነሳው ወይም በዓይኑ ሊመለከተው በማይችልበት ሁኔታ መሆን አለበት።,በችርቻሮ ሱቆች ውስጥ ትምባሆ መቀመጥ ወይም መደርደር ያለበት ሸማቹ በቀጥታ በእጁ ሊያነሳው ወይም በዓይኑ ሊመለከተው በማይችልበት ሁኔታ መሆን አለበት።
የናርኮቲክና የሳይኮትሮፒክ መድኃኒት አስተዛዘዝ ሥርዓት ምን ይመስላል?,ማንኛውም የህክምና ባለሙያ የናርኮቲክና የሳይኮትሮፒክ መድኃኒቶችን ማዘዝ የሚችለው እንዲሰራ በተፈቀደለት ጤና ተቋም ብቻ ነው፡፡ማንኛውም የሕክምና ባለሙያ የናርኮቲክና የሳይኮትሮፒክ መድኃኒቶችን ለራሱ ማዘዝ አይችልም፡፡,ማንኛውም የህክምና ባለሙያ የናርኮቲክና የሳይኮትሮፒክ መድኃኒቶችን ማዘዝ የሚችለው እንዲሰራ በተፈቀደለት ጤና ተቋም ብቻ ነው፡፡
የናርኮቲክ መድኃኒት ወይም የሳይኮትሮፒክ መድኃኒት የሚታዘዘው እንዴት ነው?,የናርኮቲክ መድኃኒት ወይም የሳይኮትሮፒክ መድኃኒት የሚታዘዘው እንደቅደም ተከተሉ በናርኮቲክ መድኃኒት ማዘዣ ወረቀት ወይም ሳይኮትሮፒክ መድኃኒት ማዘዣ ወረቀት ብቻ ነው፡፡,የናርኮቲክ መድኃኒት ወይም የሳይኮትሮፒክ መድኃኒት የሚታዘዘው እንደቅደም ተከተሉ በናርኮቲክ መድኃኒት ማዘዣ ወረቀት ወይም ሳይኮትሮፒክ መድኃኒት ማዘዣ ወረቀት ብቻ ነው፡፡
የናርኮቲክ እና የሳይኮትሮፒክ መድኃኒትቶች በማዘዣ ወረቀቱ ላይ የህክምና ባለሙያው ሲጽፍ ቢሳሳት የተበላሸውን ወረቀት ምን ማድረግ አለበት?,,የናርኮቲክ እና የሳይኮትሮፒክ መድኃኒትቶች በማዘዣ ወረቀቱ ላይ የህክምና ባለሙያው ሲጽፍ ቢሳሳት ወይም ሀሳቡን ቢቀይር የተበላሸውን ማዘዣ ወረቀት አንድ ጊዜ በማጠፍ ከጥራዙ ሳይገነጠል መቀመጥ አለበት፡፡
ከአንድ በላይ የናርኮቲክ መድኃኒትና የሳይኮትሮፒክ መድኃኒት በአንድ ማዘዣ ወረቀት ማዘዝ ይቻላልን?,ከአንድ በላይ የናርኮቲክ መድኃኒትና የሳይኮትሮፒክ መድኃኒት በአንድ ማዘዣ ወረቀት ማዘዝ አይቻልም፣ አንድ የማዘዣ ወረቀቱ ከተጻፈበት ጊዜ ጀምሮ አሥራ አምስት ቀናት ካለፈው በኋላ አያገለገልም፡፡,ከአንድ በላይ የናርኮቲክ መድኃኒትና የሳይኮትሮፒክ መድኃኒት በአንድ ማዘዣ ወረቀት ማዘዝ አይቻልም፣ አንድ የማዘዣ ወረቀቱ ከተጻፈበት ጊዜ ጀምሮ አሥራ አምስት ቀናት ካለፈው በኋላ አያገለገልም፡፡
ማንኛውም የናርኮቲክ መድኃኒትና የሳይኮትሮፒክ መድኃኒት እንዲይዝ የተፈቀደለት ጤና ተቋም ወይም የመድኃኒት ቸርቻሮ ድርጅት በሚቀርበው የናርኮቲክና የሳይኮትሮፒክ መድኃኒት ማዘዣ ወረቀት መድኃኒቱን ማደል የሚችለው መቼ ነው?,ማንኛውም የናርኮቲክ መድኃኒትና የሳይኮትሮፒክ መድኃኒት እንዲይዝ የተፈቀደለት ጤና ተቋም ወይም የመድኃኒት ቸርቻሮ ድርጅት በሚቀርበው የናርኮቲክና የሳይኮትሮፒክ መድኃኒት ማዘዣ ወረቀት መድኃኒቱን ማደል የሚችለው ፥-በማዘዣ ወረቀቱ ላይ ያዘዘው የጤና ባለሙያ ሙሉ ስም እና የጤና ተቋሙ ማህተም መኖሩን፡ማዘዣ ወረቀቱ ፎቶ ኮፒ አለመሆኑንና ስርዝ ድልዝ የሌለበት መሆኑን፤የናርኮቲክ መድኃኒት በናርኮቲክ መድኃኒት ማዘዣ ወረቀት፣ የሳይኮትሮፒክ መድኃኒት በሳይኮትሮፒክ መድኃኒት ማዘዣ ወረቀት መታዘዙን።ማዘዣ ወረቀቱ ከተጻፈበት ጊዜ ጀምሮ አሥራ አምስት ቀናት አለማለፉን፤ ካረጋገጠ በኋላ ይሆናል፡፡,በማዘዣ ወረቀቱ ላይ ያዘዘው የጤና ባለሙያ ሙሉ ስም እና የጤና ተቋሙ ማህተም መኖሩን፡ማዘዣ ወረቀቱ ፎቶ ኮፒ አለመሆኑንና ስርዝ ድልዝ የሌለበት መሆኑን፤የናርኮቲክ መድኃኒት በናርኮቲክ መድኃኒት ማዘዣ ወረቀት፣ የሳይኮትሮፒክ መድኃኒት በሳይኮትሮፒክ መድኃኒት ማዘዣ ወረቀት መታዘዙን፤
መድኃኒት የሚታደለው በማን ነው?,መድኃኒት የሚታደለው የሙያ ደረጃው በሚፈቅድለት የመድኃኒት ባለሙያ ብቻ መሆን አለበት፡፡ማንኛውም መድኃኒት የሚታደለው ደረጃውን በጠበቀ የማዘዣ ወረቀት ወይም የኤሌክትሮኒክ ማዘዣ መሠረት በቀረበ ጥያቄ ብቻ ነው፡፡,መድኃኒት የሚታደለው የሙያ ደረጃው በሚፈቅድለት የመድኃኒት ባለሙያ ብቻ መሆን አለበት፡፡ማንኛውም መድኃኒት የሚታደለው ደረጃውን በጠበቀ የማዘዣ ወረቀት ወይም የኤሌክትሮኒክ ማዘዣ መሠረት በቀረበ ጥያቄ ብቻ ነው፡፡
መድኃኒት የሚታደለው እንዴት ነው?,መድኃኒት የሚታደለው የሙያ ደረጃው በሚፈቅድለት የመድኃኒት ባለሙያ ብቻ መሆን አለበት፡፡ማንኛውም መድኃኒት የሚታደለው ደረጃውን በጠበቀ የማዘዣ ወረቀት ወይም የኤሌክትሮኒክ ማዘዣ መሠረት በቀረበ ጥያቄ ብቻ ነው፡፡,መድኃኒት የሚታደለው የሙያ ደረጃው በሚፈቅድለት የመድኃኒት ባለሙያ ብቻ መሆን አለበት፡፡ማንኛውም መድኃኒት የሚታደለው ደረጃውን በጠበቀ የማዘዣ ወረቀት ወይም የኤሌክትሮኒክ ማዘዣ መሠረት በቀረበ ጥያቄ ብቻ ነው፡፡
ማንኛውም የመድኃኒት ባለሙያ መድኃኒት በሚያድልበት ጊዜ ምን ማወቅ አለበት?,ማንኛውም የመድኃኒት ባለሙያ መድኃኒት በሚያድልበት ጊዜ ስለመድኃኒቱ ምንነት፣ የሚሰጠው ጥቅም፣ አወሳሰድ፣ መደረግ ያለበት ጥንቃቄ፣ የጎንዮሽ ጉዳት እና የመሳሰሉትን ታካሚው ማወቅ ያለባቸውን መረጃዎች የማሳወቅ ግዴታ አለበት፡፡,ማንኛውም የመድኃኒት ባለሙያ መድኃኒት በሚያድልበት ጊዜ ስለመድኃኒቱ ምንነት፣ የሚሰጠው ጥቅም፣ አወሳሰድ፣ መደረግ ያለበት ጥንቃቄ፣ የጎንዮሽ ጉዳት እና የመሳሰሉትን ታካሚው ማወቅ ያለባቸውን መረጃዎች የማሳወቅ ግዴታ አለበት፡፡
የአገልግሎት   ጊዜያቸው   ያበቁ፣   የተበላሹ፣ተገቢውን የጥራትና የደህንነት መስፈርት የማያሟሉ መድሃኒቶችን ማዘዝ ተገቢ ነው?,የአገልግሎት   ጊዜያቸው   ያበቁ፣   የተበላሹ፣ተገቢውን የጥራትና የደህንነት መስፈርት የማያሟሉ፣ ትክክለኛ የስርጭት ሂደትን ተከትሎ ያልመጣ ወይም ህገ-ወጥ መድኃኒት ማደል ወይም መሸጥ የተከለከለ ነው፡፡,የአገልግሎት   ጊዜያቸው   ያበቁ፣   የተበላሹ፣ተገቢውን የጥራትና የደህንነት መስፈርት የማያሟሉ፣ ትክክለኛ የስርጭት ሂደትን ተከትሎ ያልመጣ ወይም ህገ-ወጥ መድኃኒት ማደል ወይም መሸጥ የተከለከለ ነው፡፡
መድኃኒት ለታካሚው ከመታደሉ በፊት የመድኃኒት ማዘዣ ወረቀቱ ወይም የኤሌክትሮኒክ ማዘዣ ሕጋዊነትና አስፈላጊ መረጃዎች መሟላታቸውን የማረጋገጥ ኃላፊነት የማን ነው?,መድኃኒት ለታካሚው ከመታደሉ በፊት የመድኃኒት ማዘዣ ወረቀቱ ወይም የኤሌክትሮኒክ ማዘዣ ሕጋዊነትና አስፈላጊ መረጃዎች መሟላታቸውን የማረጋገጥ ኃላፊነት የመድኃኒት ባለሙያው ነው፡፡,መድኃኒት ለታካሚው ከመታደሉ በፊት የመድኃኒት ማዘዣ ወረቀቱ ወይም የኤሌክትሮኒክ ማዘዣ ሕጋዊነትና አስፈላጊ መረጃዎች መሟላታቸውን የማረጋገጥ ኃላፊነት የመድኃኒት ባለሙያው ነው፡፡
ማንኛውም ባለሙያ የመድኃኒት ጥራት ደህንነት እና ፈዋሽነት በተመለከተ ችግር መኖሩን ሲያምን ምን ማድረግ አለበት?,ማንኛውም ባለሙያ የመድኃኒት ጥራት ደህንነት እና ፈዋሽነት በተመለከተ ችግር መኖሩን ሲያምን ወይም ለአስፈጻሚው አካል፣ ለክልሉ ተቆጣጣሪ ወይም በየደረጃው ላሉ የጤና ተቆጣጣሪ አካላት ማሳወቅ አለበት፡፡,ማንኛውም ባለሙያ የመድኃኒት ጥራት ደህንነት እና ፈዋሽነት በተመለከተ ችግር መኖሩን ሲያምን ወይም ለአስፈጻሚው አካል፣ ለክልሉ ተቆጣጣሪ ወይም በየደረጃው ላሉ የጤና ተቆጣጣሪ አካላት ማሳወቅ አለበት፡፡
የመድኃኒት ወይም የህክምና መሣሪያ አመዳደብን በሚመለከት ዝርዝር ጉዳይ ማን ሊያወጣ ይችላል?,የመድኃኒት ወይም የህክምና መሣሪያ አመዳደብን በሚመለከት እንደ ምርቱ ባህሪ እንዲሁም የጤና ተቋም ደረጃን መሠረት በማድረግ አስፈጻሚ አካሉ ዝርዝር ያወጣል፡፡,የመድኃኒት ወይም የህክምና መሣሪያ አመዳደብን በሚመለከት እንደ ምርቱ ባህሪ እንዲሁም የጤና ተቋም ደረጃን መሠረት በማድረግ አስፈጻሚ አካሉ ዝርዝር ያወጣል፡፡
ማንኛውም የመድኃኒት ወይም የህክምና መሣሪያ አምራች ወይም አስመጪ ድርጅት ምን ማድረግ ይገባዋል?,ማንኛውም የመድኃኒት ወይም የህክምና መሣሪያ አምራች ወይም አስመጪ ድርጅት እንደአግባቡ ስለሚያመርተው ወይም ስለሚያስመጣው መድኃኒት ወይም የህክምና መሣሪያ ደህንነት፤ ጥራት፣ ፈዋሽነት ወይም ውጤታማነት በየጊዜው ክትትል የማድረግ ግዴታ አለበት፡፡,ማንኛውም የመድኃኒት ወይም የህክምና መሣሪያ አምራች ወይም አስመጪ ድርጅት እንደአግባቡ ስለሚያመርተው ወይም ስለሚያስመጣው መድኃኒት ወይም የህክምና መሣሪያ ደህንነት፤ ጥራት፣ ፈዋሽነት ወይም ውጤታማነት በየጊዜው ክትትል የማድረግ ግዴታ አለበት፡፡
 ከህክምና መሣሪያ ጥራት እና ደህንነት ችግር ጋር ተያይዞ ለሚደርስ ችግር ማን ሀላፊነት ይወስዳል?,ማንኛውም የመድኃኒት ወይም የህክምና መሣሪያ አምራች ወይም አስመጪ ድርጅት ከመድኃኒት እና ከህክምና መሣሪያ ጥራት እና ደህንነት ችግር ጋር ተያይዞ ለሚደርስ የህይወትም ሆነ የአካል ጉዳት ኃላፊነትን ይወስዳል፤ ዝርዝር በአፈጻጸሙ ደንብ ይወሰናል፡፡,ማንኛውም የመድኃኒት ወይም የህክምና መሣሪያ አምራች ወይም አስመጪ ድርጅት 
መድኃኒት ወይም የህክምና መሣሪያ ከህጋዊ ምንጭ መሆኑን የማረጋገጥ የማን ሀላፊነት ነው?,ማንኛውም በመድኃኒት ወይም በህክምና መሣሪያ ንግድ ሥራ ላይ የተሰማራ ሰው የሚገዛው መድኃኒት ወይም የህክምና መሣሪያ ከህጋዊ ምንጭ መሆኑን የማረጋገጥ፤ ህጋዊ የግዥ ደረሰኝ የመጠቀም እንዲሁም ምንጫቸው የማይታወቅ ወይም ህጋዊ ካልሆኑ ምንጮች የተገኘ መድኃኒት ወይም የህክምና መሣሪያ ሲያጋጥም ወዲያውኑ ለአስፈጻሚ አካሉ፣ ለክልል ጤና ተቆጣጣሪው ወይም ለአካባቢ የጸጥታ አካላት የማሳወቅ ግዴታ አለበት፡፡,ማንኛውም በመድኃኒት ወይም በህክምና መሣሪያ ንግድ ሥራ ላይ የተሰማራ ሰው 
ቀጥታ ህገ-ወጥ መድኃኒት ወይም የህክምና መሣሪያ እንዲያዝ መረጃ ለሰጠ ሰው ማን ወሮታ ይከፍላል?,ህገ-ወጥ  መድኃኒት  ወይም  የህክምና  መሣሪያ ዝውውርን በተመለከተ ለአስፈጻሚ አካሉ ወይም ለክልል በጤና ተቆጣጣሪው በቀጥታ ህገ-ወጥ ምርቱ እንዲያዝ መረጃ ለሰጠ ሰው አስፈጻሚ አካሉ ወይም ክልል ጤና ተቆጣጣሪው ወረታውን ይከፍላል፡፡,አስፈጻሚ አካሉ ወይም ክልል ጤና ተቆጣጣሪው ወረታውን ይከፍላል፡፡
ታድሶ ጥቅም ላይ የሚውል እና እንደገና ተመርቶ ጥቅም ላይ የሚውል ማንኛውም የህክምና መሣሪያ መች አገልግሎት ላይ ሊውል ይችላል?,ታድሶ ጥቅም ላይ የሚውል እና እንደገና ተመርቶ ጥቅም ላይ የሚውል ማንኛውም የህክምና መሣሪያ:-ሀ)  ከአስፈጻሚ አካሉ ፈቃድ ያገኘ፤ለ) “የታደሰ ወይም ድጋሚ የተመረተ” የሚል ገላጭ ጽሁፍ እና የአጠቃቀም ማንዋል ያለው፤ ,ታድሶ ጥቅም ላይ የሚውል እና እንደገና ተመርቶ ጥቅም ላይ የሚውል ማንኛውም የህክምና መሣሪያ:-ሀ)  ከአስፈጻሚ አካሉ ፈቃድ ያገኘ፤ለ) “የታደሰ ወይም ድጋሚ የተመረተ” የሚል ገላጭ ጽሁፍ እና የአጠቃቀም ማንዋል ያለው፤ 
ለኅብረተሰብ ጤና አገልግሎት የሚውል ፀረ- ተባይ የሚታሸገው፣ የሚጓጓዘው፣ የሚከማቸው እንዴት ነው?,ለኅብረተሰብ ጤና አገልግሎት የሚውል ፀረ- ተባይ የሚታሸገው፣ የሚጓጓዘው፣ የሚከማቸው ወይም የሚሰራጨው በሰዎች፣ በእንሰሳትና በአካባቢ ላይ ሊያደርሱ የሚችሉትን አደጋ መቀነስ በሚያስችል ሁኔታ መሆኑን የመከታተል ኃላፊነት በዚህ አንቀጽ መሠረት የብቃት ማረጋገጫ ምስክር ወረቀት የተሰጠው ሰው ነው፡፡,ለኅብረተሰብ ጤና አገልግሎት የሚውል ፀረ- ተባይ የሚታሸገው፣ የሚጓጓዘው፣ የሚከማቸው ወይም የሚሰራጨው በሰዎች፣ በእንሰሳትና በአካባቢ ላይ ሊያደርሱ የሚችሉትን አደጋ መቀነስ በሚያስችል ሁኔታ መሆኑን የመከታተል ኃላፊነት በዚህ አንቀጽ መሠረት የብቃት ማረጋገጫ ምስክር ወረቀት የተሰጠው ሰው ነው፡፡
ማንኛውም ፀረ-ተባይ ማሸጊያ ላይ የሚጻፍ ገላጭ ፅሁፍ በምን ቋንቋ ይጻፋል?,ማንኛውም ፀረ-ተባይ ማሸጊያ ላይ የሚጻፍ ገላጭ ፅሁፍ የአማርኛ ቋንቋን የሚጨምር መሆን አለበት፡፡,ማንኛውም ፀረ-ተባይ ማሸጊያ ላይ የሚጻፍ ገላጭ ፅሁፍ የአማርኛ ቋንቋን የሚጨምር መሆን አለበት፡፡
ማንኛውም ሰው የውበት መጠበቂያ ምርት ማምረት ወይም ለንግድ ወደ ሀገር ማስመጣት የሚችለው እንዴት ነው?,ማንኛውም ሰው የውበት መጠበቂያ ምርት ማምረት ወይም ለንግድ ወደ ሀገር ማስመጣት የሚችለው የውበት መጠበቂያውን ዝርዝር እና ተያያዥ መረጃ አስፈጻሚ አካሉ በሚያዘጋጀው አሰራር መሠረት ሲያሳውቅ ብቻ ነው፡፡,ማንኛውም ሰው የውበት መጠበቂያ ምርት ማምረት ወይም ለንግድ ወደ ሀገር ማስመጣት የሚችለው የውበት መጠበቂያውን ዝርዝር እና ተያያዥ መረጃ አስፈጻሚ አካሉ በሚያዘጋጀው አሰራር መሠረት ሲያሳውቅ ብቻ ነው፡፡
ማንኛውም የውበት መጠበቂያ ምርት ተፈጻሚነት ባለው መስፈርት መሠረት ከተፈቀደ የንጥረ-ነገር ይዘት በላይ ሊይዝ ይችላልን?,ማንኛውም የውበት መጠበቂያ ምርት የተከለከለ ይዘት ወይም ተፈጻሚነት ባለው መስፈርት መሠረት ከተፈቀደ የንጥረ-ነገር ይዘት መጠን በላይ ሊኖረው አይገባም፡፡,ማንኛውም የውበት መጠበቂያ ምርት የተከለከለ ይዘት ወይም ተፈጻሚነት ባለው መስፈርት መሠረት ከተፈቀደ የንጥረ-ነገር ይዘት መጠን በላይ ሊኖረው አይገባም፡፡
ማንኛውም ሰው ከአስፈጻሚ አካሉ የትምባሆ ምርት ልዩ ፈቃድ ሳያገኝ የትምባሆ ምርትን ማምረት፣ ወደ ሀገር ውስጥ ማስገባት ይችላልን?,ማንኛውም ሰው ከአስፈጻሚ አካሉ የትምባሆ ምርት ልዩ ፈቃድ ሳያገኝ የትምባሆ ምርትን ማምረት፣ ወደ ሀገር ውስጥ ማስገባት ወይም በጅምላ ማከፋፈል የተከለከለ ነው፡፡,አይችልም። ማንኛውም ሰው ከአስፈጻሚ አካሉ የትምባሆ ምርት ልዩ ፈቃድ ሳያገኝ የትምባሆ ምርትን ማምረት፣ ወደ ሀገር ውስጥ ማስገባት ወይም በጅምላ ማከፋፈል የተከለከለ ነው፡፡
የኤሌክትሮኒክ ኒኮቲን መስጫ መሣሪያን ወደ ሃገር ውስጥ ማስገባት ይቻላልን?,የኤሌክትሮኒክ ኒኮቲን መስጫ መሣሪያን ወይም ሌላ ከሲጋራ ጋር ተመሳሳይ የሆነ የቴክኖሎጂ ምርት ወደ ሀገር ውስጥ ለንግድ ዓላማ ማስገባት፣ ማምረት፣ ማከፋፈል፣ ለሽያጭ ማቅረብ ወይም መሸጥ የተከለከለ ነው፡፡,አይቻልም። የኤሌክትሮኒክ ኒኮቲን መስጫ መሣሪያን ወይም ሌላ ከሲጋራ ጋር ተመሳሳይ የሆነ የቴክኖሎጂ ምርት ወደ ሀገር ውስጥ ለንግድ ዓላማ ማስገባት፣ ማምረት፣ ማከፋፈል፣ ለሽያጭ ማቅረብ ወይም መሸጥ የተከለከለ ነው፡፡
በትምባሆ ማብቀል ወይም ማምረት ምክንያት በሠራተኞቹ እና በአካባቢ ላይ የሚደረስን ጉዳት የመከላከልና የመቆጣጠር ግዴታ የማን ነው?,ማንኛውም የትምባሆ አብቃይ ወይም አምራች ሰው በትምባሆ ማብቀል ወይም ማምረት ምክንያት በሠራተኞቹ እና በአካባቢ ላይ የሚደረስን ጉዳት የመከላከልና የመቆጣጠር ግዴታ አለበት፡፡,ማንኛውም የትምባሆ አብቃይ ወይም አምራች ሰው በትምባሆ ማብቀል ወይም ማምረት ምክንያት በሠራተኞቹ እና በአካባቢ ላይ የሚደረስን ጉዳት የመከላከልና የመቆጣጠር ግዴታ አለበት፡፡
የትምባሆ ምርት ማምረት፤ ወደሀገር ውስጥ ማስገባት፣ በጅምላ ማከፋፈል፣ መሸጥ ወይም ለሽያጭ ማቅረብ የተፈቀደ ነውን?,በአስፈጻሚ አካሉ የተከለከለ ይዘት ያለበትን የትምባሆ ምርት ማምረት፤ ወደሀገር ውስጥ ማስገባት፣ በጅምላ ማከፋፈል፣ መሸጥ ወይም ለሽያጭ ማቅረብ የተከለከለ ነው፡፡,አይደለም። በአስፈጻሚ አካሉ የተከለከለ ይዘት ያለበትን የትምባሆ ምርት ማምረት፤ ወደሀገር ውስጥ ማስገባት፣ በጅምላ ማከፋፈል፣ መሸጥ ወይም ለሽያጭ ማቅረብ የተከለከለ ነው፡፡
የትምባሆ ምርትን ማጨስ እና መጠቀም የሚከለከልበት ቦታ የት ነው?,ማንኛውም ሰው ከበር መልስ ባለ ለህዝብ ክፍት በሆነ ማንኛውም ቦታ፣ ከበር መልስ ባለ ማንኛውም የሥራ ቦታ፣ በሁሉም የህዝብ መጓጓዣ እና በጋራ መኖሪያ ቤት በማንኛውም የጋራ መገልገያ ቦታ ላይ ማጨስ ወይም ትምባሆን መጠቀም የተከለከለ ነው፡፡, ለህዝብ ክፍት በሆነ ማንኛውም ቦታ፣ ከበር መልስ ባለ ማንኛውም የሥራ ቦታ፣ በሁሉም የህዝብ መጓጓዣ እና በጋራ መኖሪያ ቤት በማንኛውም የጋራ መገልገያ ቦታ ላይ ፡በማንኛውም የጤና ተቋም፣ የመንግሥት ተቋም፣ በወጣት ማዕከል፣ በመዝናኛ ፓርክ እና ሌላ በአስፈጻሚ አካሉ ወይም በክልል ጤና ተቆጣጣሪው በሚወሰን 
የትምባሆ ምርትን ማጨስ እና መጠቀም የሚከለከልበት የእድሜ ክልል ምን ያክል ነው?,እድሜው ከ፳፩ ዓመት በታች ለሆነ ሰው በቀጥታም ሆነ በተዘዋዋሪ የትምባሆ ምርትን መሸጥ ወይም ከ፳፩ ዓመት በታች በሆነ ሰው እንዲሸጥ ማድረግ የተከለከለ ነው፡፡,በዋናነት ለህጻናት እና እድሜው ከ፳፩ ዓመት በታች ለሆነ ሰው 
ትምባሆ ማጨስ እና መጠቀም በተከለከሉባቸው ቦታዎች እስከ ስንት ርቀት መሸጥ አይቻልም?,ትምባሆ ማጨስ እና መጠቀም በተከለከሉባቸው ቦታዎች ቅጥር ግቢ ውስጥ እና በማንኛውም የጤና ተቋም፣ ትምህርት ቤት የመንግሥት ተቋም እና የወጣት ማዕከላት ፩፻ ሜትር ዙሪያ ትምባሆ መሸጥ የተከለከለ ነው፡፡,ትምባሆ ማጨስ እና መጠቀም በተከለከሉባቸው ቦታዎች ቅጥር ግቢ ውስጥ እና በማንኛውም የጤና ተቋም፣ ትምህርት ቤት የመንግሥት ተቋም እና የወጣት ማዕከላት ፩፻ ሜትር ዙሪያ ትምባሆ መሸጥ የተከለከለ ነው፡፡
የትምባሆ ምርት መሸጥ፣ እንዲሸጥ የሚቻለው በምን ሁኔታ ነው?,ማንኛውም ሰው የኢንተርኔት፣ የፖስታ እና የቴሌኮሚኒኬሽን ሽያጭን ጨምሮ ሻጭ እና ገዥ በአካል በማይገናኙበት በምንም ዓይነት ሌላ ዘዴ ተጠቅሞ የትምባሆ ምርት መሸጥ፣ እንዲሸጥ ማስቻል ወይም እንዲህ ዓይነቱን ሽያጭ ማመቻቸት የተከለከለ ነው፡፡,ማንኛውም ሰው የኢንተርኔት፣ የፖስታ እና የቴሌኮሚኒኬሽን ሽያጭን ጨምሮ ሻጭ እና ገዥ በአካል በማይገናኙበት በምንም ዓይነት ሌላ ዘዴ ተጠቅሞ የትምባሆ ምርት መሸጥ፣ እንዲሸጥ ማስቻል ወይም እንዲህ ዓይነቱን ሽያጭ ማመቻቸት የተከለከለ ነው፡፡
የሺሻ ምርትን ማምረት፣ ወደ ሀገር ውስጥ ማስገባት፣ ማከማቸት፣ ማከፋፈል ይቻላልን?,የሺሻ ምርትን ማምረት፣ ወደ ሀገር ውስጥ ማስገባት፣ ማከማቸት፣ ማከፋፈል፣ ለሽያጭ ማቅረብ ወይም መሸጥ የተከለከለ ነው፡፡ ,አይቻልም። የሺሻ ምርትን ማምረት፣ ወደ ሀገር ውስጥ ማስገባት፣ ማከማቸት፣ ማከፋፈል፣ ለሽያጭ ማቅረብ ወይም መሸጥ የተከለከለ ነው፡፡ 
የትምባሆ ምርት ማጨስ፣ መጠቀም ወይም መሸጥ የተከለከለባቸው ቦታዎች የመከልከል ሃላፊነት የማን ነው?,የትምባሆ ምርት ማጨስ፣ መጠቀም ወይም መሸጥ የተከለከለባቸው ቦታዎች ወይም ማጓጓዣ ባለንብረት ወይም ለማስተዳደር ኃላፊነት የተሰጠው ሰው በእነዚህ ቦታዎች የትምባሆ ምርት እንዳይጨስ ወይም ጥቅም ላይ እንዳይውል፣ እንዳይሸጥ እና የሲጃራ መተርኮሻ ወይም ሌላ የትምባሆ ምርትን ለመጠቀም የሚያገለግል ማንኛውም ዕቃ እንዳይቀመጥ መከልከል አለበት፡፡,የትምባሆ ምርት ማጨስ፣ መጠቀም ወይም መሸጥ የተከለከለባቸው ቦታዎች ወይም ማጓጓዣ ባለንብረት ወይም ለማስተዳደር ኃላፊነት የተሰጠው ሰው በእነዚህ ቦታዎች የትምባሆ ምርት እንዳይጨስ ወይም ጥቅም ላይ እንዳይውል፣ እንዳይሸጥ እና የሲጃራ መተርኮሻ ወይም ሌላ የትምባሆ ምርትን ለመጠቀም የሚያገለግል ማንኛውም ዕቃ እንዳይቀመጥ መከልከል አለበት፡፡
የትምባሆ ኢንዱስትሪ ጣልቃ ገብነትን እንዴት መከላከል ይቻላል?,የጤና ፖሊሲ በሚያወጣ እና በሚያስፈጽም የመንግሥት አካል እና በትምባሆ ኢንዱስትሪ መካከል የሚደረግ ማንኛውም ግንኙነት ትምባሆን በአግባቡ ለመቆጣጠር አስፈላጊ ሲሆን ብቻ ነው፡፡,የጤና ፖሊሲ በሚያወጣ እና በሚያስፈጽም የመንግሥት አካል እና በትምባሆ ኢንዱስትሪ መካከል የሚደረግ ማንኛውም ግንኙነት ትምባሆን በአግባቡ ለመቆጣጠር አስፈላጊ ሲሆን ብቻ ነው፡፡
 የመንግሥት አካል እንዲሁም በጤና ፖሊሲ ላይ የሚሰራ የመንግሥት ሠራተኛ ከትምባሆ ኢንዱስትሪ የሚሰጥ ስጦታ መቀበል ይኖርበታልን?,ማንኛውም የመንግሥት አካል እንዲሁም በጤና ፖሊሲ ላይ የሚሰራ የመንግሥት ሠራተኛ ከትምባሆ ኢንዱስትሪ የሚሰጥ የዓይነትም ይሁን የገንዘብ ስጦታን መቀበል የለበትም፡፡ ,ማንኛውም የመንግሥት አካል እንዲሁም በጤና ፖሊሲ ላይ የሚሰራ የመንግሥት ሠራተኛ ከትምባሆ ኢንዱስትሪ የሚሰጥ የዓይነትም ይሁን የገንዘብ ስጦታን መቀበል የለበትም፡፡ 
በትምባሆ ምርት ላይ ተጨማሪ ግብር የመጣል የማን ሃላፊነት ነው?,ግብር ለመጣል ስልጣን የተሰጠው የመንግሥት አካል በዓለም የጤና ድርጅት በወጣው እና ኢትዮጵያ ባጸደቀችው የትምባሆ ቁጥጥር ኮንቬንሽን መሠረት በትምባሆ ምርት ላይ ተጨማሪ ግብር የመጣል ኃላፊነት አለበት፡፡,ግብር ለመጣል ስልጣን የተሰጠው የመንግሥት አካል በዓለም የጤና ድርጅት በወጣው እና ኢትዮጵያ ባጸደቀችው የትምባሆ ቁጥጥር ኮንቬንሽን መሠረት በትምባሆ ምርት ላይ ተጨማሪ ግብር የመጣል ኃላፊነት አለበት፡፡
ቁጥጥር የሚደረግበት ማንኛውም ምርት ምን ማሟላት አለበት?,በአግባቡ የታሸገ እና በተቀዳሚ ማሸጊያው ላይ ገላጭ ጽሁፍ ያለው:-ማሸጊያው ምርቱን የማይበክልና አግባብ ባለው አካል የወጣውን ደረጃ ያሟላ፤ የገላጭ ፅሁፍ መረጃ አሳሳች ያልሆነና ስለ ምርቱ ይዘት ትክክለኛ መረጃ የሚገልፅ መሆን አለበት፡፡,"በአግባቡ የታሸገ እና በተቀዳሚ ማሸጊያው ላይ ገላጭ ጽሁፍ ያለው:-ማሸጊያው ምርቱን የማይበክልና አግባብ ባለው አካል የወጣውን ደረጃ ያሟላ፤ የገላጭ ፅሁፍ መረጃ አሳሳች ያልሆነና ስለ
ምርቱ ይዘት ትክክለኛ መረጃ የሚገልፅ መሆን አለበት፡፡
"
ማንኛውም የታሸገ ምግብ እና የውበት መጠበቂያ ተቀዳሚ ማሸጊያ ገላጭ ጽሁፍ በምን ቋንቋ መጻፍ አለበት?,ማንኛውም የታሸገ ምግብ እና የውበት መጠበቂያ ተቀዳሚ ማሸጊያ ገላጭ ጽሁፍ በአማርኛ ወይም በእንግሊዘኛ ቋንቋ መጻፍ አለበት፡፡ ሆኖም ግን አስፈጻሚ አካሉ በተለየ ሁኔታ ከአማርኛ ወይም ከእንግሊዝኛ ውጭ ወይም ከምርቱ ተቀዳሚ ማሸጊያ ውጭ ገላጭ ጽሁፍ በመመሪያ ሊፈቀድ ይችላል፡፡,በአማርኛ ወይም በእንግሊዘኛ ቋንቋ 
ማንኛውም መድኃኒት ወይም የህክምና መሣሪያ ወደ ሀገር ውስጥ የሚገባው ወይም በማንኛውም መንገድ ጥቅም ላይ ሊውል የሚችለው መቼ ነው?,ማንኛውም መድኃኒት ወይም የህክምና መሣሪያ ወደ ሀገር ውስጥ የሚገባው ወይም በማንኛውም መንገድ ጥቅም ላይ ሊውል የሚችለው የመለያ ምልክት የያዘ ከሆነ ብቻ ነው፡፡,ማንኛውም መድኃኒት ወይም የህክምና መሣሪያ ወደ ሀገር ውስጥ የሚገባው ወይም በማንኛውም መንገድ ጥቅም ላይ ሊውል የሚችለው የመለያ ምልክት የያዘ ከሆነ ብቻ ነው፡፡
ማንኛውም የመድኃኒት አምራች ወይም አስመጪ መድኃኒቱ ገበያ ላይ ከመዋሉ በፊት ምን ማድረግ አለበት?,ማንኛውም የመድኃኒት አምራች ወይም አስመጪ መድኃኒቱ ገበያ ላይ ከመዋሉ በፊት የመድኃኒቱን የችርቻሮ ዋጋ በሀገሪቱ መገበያያ ገንዘብ በምርቱ ማሸጊያ ላይ መለጠፍ አለበት፡፡, የመድኃኒቱን የችርቻሮ ዋጋ በሀገሪቱ መገበያያ ገንዘብ በምርቱ ማሸጊያ ላይ መለጠፍ አለበት፡፡
በዘረ-መል ምህንድስና የተለወጠ ምግብ በምን መልኩ መገለጽ አለበት?,በዘረ-መል ምህንድስና የተለወጠ ምግብ ከሆነ ለንግድ የሚቀርበው እንደታሸገ ሆኖ ገላጭ ጽሁፉ “በዘረ-መል የተለወጠ”፣ “በዘረ- መል ምህንድስና የተለወጠ” የሚል ወይም ተነጻጻሪ መግለጫ ያለው፤, ገላጭ ጽሁፉ “በዘረ-መል የተለወጠ”፣ “በዘረ- መል ምህንድስና የተለወጠ” የሚል ወይም ተነጻጻሪ መግለጫ ያለው፤
በተጨረረ የምግብ ማሸጊያ ላይ ያለ ገላጭ ጽሁፍ ምን መሆን አለበት?,በተጨረረ የምግብ ማሸጊያ ላይ ያለ ገላጭ ጽሁፍ ከሆነ “የተጨረረ” ወይም ምግቡ በአዮን ፈጣሪ ጨረራ የታከመ መሆኑን የሚያመለክት ተመሳሳይ ቃል የተፃፈበት ሆኖ በተጨረረ ምግብ ገላጭ ጽሁፍ አጠገብ ዓለም አቀፍ ዕውቅና ያለው የጨረራ አርማ ወይም ራዱራ ምልክት ያለው፤,በተጨረረ የምግብ ማሸጊያ ላይ ያለ ገላጭ ጽሁፍ ከሆነ “የተጨረረ” ወይም ምግቡ በአዮን ፈጣሪ ጨረራ የታከመ መሆኑን የሚያመለክት ተመሳሳይ ቃል የተፃፈበት ሆኖ በተጨረረ ምግብ ገላጭ ጽሁፍ አጠገብ ዓለም አቀፍ ዕውቅና ያለው የጨረራ አርማ ወይም ራዱራ ምልክት ያለው፤
ከእንቁላል፣ ከወተት ምርትና ተዋጽኦ፣ ዓሳና የባህር ምግብ፣ ስንዴ፣ ገብስ፣ ኦቾሎኒ የተገኘ መድሀኒት ምን መገለጫ ሊይዝ ይችላል?,ከእንቁላል፣ ከወተት ምርትና ተዋጽኦ፣ ዓሳና የባህር ምግብ፣ ስንዴ፣ ገብስ፣ ኦቾሎኒ፣ አኩሪ አተር እና መሰል አዝዕርት፣ ወይም ሌላ ሰውነትን ሊያስቆጣ ወይም አለርጂ ሊያስከትል ከሚችል የምግብ ዓይነት እና ይህን የምግብ ዓይነት እንደ ግብኣት የሚጠቀም ከሆነ በግልፅ በምግቡ ገላጭ ፅሁፍ ላይ የተገለጸ መሆን አለበት፡፡,በግልፅ በምግቡ ገላጭ ፅሁፍ ላይ የተገለጸ መሆን አለበት
በፋብሪካ ደረጃ ተዘጋጅቶ ለኅብረተሰብ የሚቀርብ ማንኛውም የአልኮል መጠጥ ምን አይነት ገላጭ ጽሑፍ ሊይዝ ይችላል?,በፋብሪካ ደረጃ ተዘጋጅቶ ለኅብረተሰብ የሚቀርብ ማንኛውም የአልኮል መጠጥ ገላጭ ጽሁፍ የአልኮል መጠኑን፣ በተገቢ መንገድ ካልተጠቀሙ የጤና ችግር እንደሚያመጣ እንዲሁም አልኮል መጠጣት ጽንስን ሊጎዳ እንደሚችል በጉልህ በሚታይ ጽሁፍ የሚገልጽ መሆን አለበት፡፡,አልኮል መጠኑን፣ በተገቢ መንገድ ካልተጠቀሙ የጤና ችግር እንደሚያመጣ እንዲሁም አልኮል መጠጣት ጽንስን ሊጎዳ እንደሚችል
የአልኮል ይዘቱ ከ፲ በመቶ በታች የሆነ በፋብሪካ ደረጃ ተመርቶ ለኅብረተሰቡ የሚቀርብ ማንኛውም የአልኮል መጠጥ በምን መልኩ ሊገለጽ ይችላል?,የአልኮል ይዘቱ ከ፲ በመቶ በታች የሆነ በፋብሪካ ደረጃ ተመርቶ ለኅብረተሰቡ የሚቀርብ ማንኛውም የአልኮል መጠጥ ገላጭ ጽሁፍ የአገልግሎት ጊዜውን መግለጽ ይኖርበታል፡፡,የአልኮል ይዘቱ ከ፲ በመቶ በታች የሆነ በፋብሪካ ደረጃ ተመርቶ ለኅብረተሰቡ የሚቀርብ ማንኛውም የአልኮል መጠጥ ገላጭ ጽሁፍ የአገልግሎት ጊዜውን መግለጽ ይኖርበታል፡፡
ከሰውነት ውጭ ናሙናን መመርመሪያ የህክምና መሣሪያ ሲመረት ምን አይነት ገላጭ ጽሑፍ ሊይዝ ይችላል?,ከሰውነት ውጭ ናሙናን መመርመሪያ የህክምና መሣሪያ ሲመረት “ለህክምና አገልግሎት የሚውል” የሚል ገላጭ ጽሁፍ ሊኖራቸው ይገባል፡፡,ከሰውነት ውጭ ናሙናን መመርመሪያ የህክምና መሣሪያ ሲመረት “ለህክምና አገልግሎት የሚውል” የሚል ገላጭ ጽሁፍ ሊኖራቸው ይገባል፡፡
መድኃኒቱ ወይም የህክምና መሣሪያው ለምርምር፣ ለትምህርት፣ ለህክምና ሙከራ የሚውል ከሆነ ምን አይነት ገላጭ ጽሑፍ ሊይዝ ይችላል?,መድኃኒቱ ወይም የህክምና መሣሪያው ለምርምር፣ ለትምህርት፣ ለህክምና ሙከራ ወይንም ለሌላ ከጤና ውጭ ለሆነ አገልግሎት የሚውል ከሆነ ስለሚውልበት ዓላማ የሚገልጽ ገላጭ ጽሁፍ ሊኖረው ይገባል፡፡,መድኃኒቱ ወይም የህክምና መሣሪያው ለምርምር፣ ለትምህርት፣ ለህክምና ሙከራ ወይንም ለሌላ ከጤና ውጭ ለሆነ አገልግሎት የሚውል ከሆነ ስለሚውልበት ዓላማ የሚገልጽ ገላጭ ጽሁፍ ሊኖረው ይገባል፡፡
ጨረር አፍላቂ መድኃኒት እና የህክምና መሣሪያ ምን አይነት ገላጭ ጽሑፍ ሊይዝ ይችላል?,ጨረር አፍላቂ መድኃኒት እና የህክምና መሣሪያ የሚለቀውን ጨረር ባህሪ፣ ታካሚውንና ተጠቃሚውን ከጨረር መጋለጥ የሚከላከልበት ዘዴ፣ አግባብነት የሌለውን አጠቃቀም የማጥፋት ዘዴ እንዲሁም በመሣሪያው ተከላ ጊዜ ሊከሰቱ የሚችሉ አደጋዎችን ስለመቀነስ የሚገልጽ መረጃ እና ገላጭ ጽሁፍ ሊኖረው ይገባል፡፡, ከጨረር መጋለጥ የሚከላከልበት ዘዴ፣ አግባብነት የሌለውን አጠቃቀም የማጥፋት ዘዴ እንዲሁም በመሣሪያው ተከላ ጊዜ ሊከሰቱ የሚችሉ አደጋዎችን ስለመቀነስ የሚገልጽ መረጃ እና ገላጭ ጽሁፍ ሊኖረው ይገባል፡፡
ማንኛውም የትምባሆ ምርት የውጭ ማሸጊያ ምን ሊይዝ ይገባዋል?,ማንኛውም የትምባሆ ምርት የውጭ ማሸጊያ አስፈጻሚ አካሉ በሚያወጣው መስፈርት መሠረት እና በጊዜ ቀመር የሚቀያየር የጤና ማስጠንቀቂያ ጽሁፍ እና ባለቀለም ምስል በአንድ ላይ መያዝ አለበት፡፡,ማንኛውም የትምባሆ ምርት የውጭ ማሸጊያ አስፈጻሚ አካሉ በሚያወጣው መስፈርት መሠረት እና በጊዜ ቀመር የሚቀያየር የጤና ማስጠንቀቂያ ጽሁፍ እና ባለቀለም ምስል በአንድ ላይ መያዝ አለበት፡፡
የትምባሆ ምርት ጉዳት እንዳለው እንዴት መግለጽ ይቻላል?,በማንኛውም የትምባሆ ምርት ላይ አነስተኛ ታር፣ ቀላል፣ በጣም ቀላል፣ ኤክስትራ፣ አልትራ ወይም ተመሳሳይ አገላለጾችን በመጠቀም ወይም የንግድ ምልክትን፣ ሥዕልን፣ ቀለምን ወይም ሌላ ተመሳሳይ መንገድን በመጠቀም የትምባሆ ምርቱ ያነሰ ጉዳት እንዳለው በቀጥታም ይሁን በተዘዋዋሪ መግለጽ የተከለከለ ነው፡፡,በማንኛውም የትምባሆ ምርት ላይ አነስተኛ ታር፣ ቀላል፣ በጣም ቀላል፣ ኤክስትራ፣ አልትራ ወይም ተመሳሳይ አገላለጾችን በመጠቀም ወይም የንግድ ምልክትን፣ ሥዕልን፣ ቀለምን ወይም ሌላ ተመሳሳይ መንገድን በመጠቀም የትምባሆ ምርቱ ያነሰ ጉዳት እንዳለው በቀጥታም ይሁን በተዘዋዋሪ መግለጽ የተከለከለ ነው፡፡
ማንኛውም ብዙኃን መገናኛ ወይም ማስታወቂያ አሰራጭ ወይም አስነጋሪ በትንባሆ ምርት ላይ የወጣውን  አዋጅ ማክበር አለበትን?,ማንኛውም ብዙኃን መገናኛ ወይም ማስታወቂያ አሰራጭ ወይም አስነጋሪ በዚህ አዋጅ መሠረት የሚወጣን መመሪያ የማክበር ግዴታ አለበት፡፡,አው።አሰራጭ ወይም አስነጋሪ በዚህ አዋጅ መሠረት የሚወጣን መመሪያ የማክበር ግዴታ አለበት፡፡
በጤና ተቋማት የሚደረጉ የመድኃኒት ወይም የህክምና መሣሪያ ማስታወቂያ ማስተዋወቅ ወይም ፕሮሞት ማድረግ ይቻላልን?,በጤና ተቋማት የሚደረጉ የመድኃኒት ወይም የህክምና መሣሪያ ማስታወቂያ እንደአግባቡ የአስፈጻሚ አካሉን ወይም የክልሉ ጤና ተቆጣጣሪውን ፈቃድ ሳያገኝ ማስተዋወቅ ወይም ፕሮሞት ማድረግ የተከለከለ ነው፡፡, ማስተዋወቅ ወይም ፕሮሞት ማድረግ የተከለከለ ነው፡፡
ማንኛውም የአልኮል መጠጥ ማስታወቂያ እድሜያቸው ከ፳፩ ዓመት መሆኑን እንዴት ይገልጻል?,ማንኛውም የአልኮል መጠጥ ማስታወቂያ እድሜያቸው ከ፳፩ ዓመት በታች ለሆኑ ሰዎች መሸጥ እንደሌለበት በማስታወቂያው ላይ በጉልህ በተጻፈ ጽሁፍ ወይም እንደአግባቡ በድምጽ መገለጽ አለበት፡፡,ማንኛውም የአልኮል መጠጥ ማስታወቂያ እድሜያቸው ከ፳፩ ዓመት በታች ለሆኑ ሰዎች መሸጥ እንደሌለበት በማስታወቂያው ላይ በጉልህ በተጻፈ ጽሁፍ ወይም እንደአግባቡ በድምጽ መገለጽ አለበት፡፡
ማንኛውም የአልኮል ይዘቱ ከ፲ በመቶ በላይ የሆነ አልኮል ማምረት ይችላልን?,ማንኛውም የአልኮል ይዘቱ ከ፲ በመቶ በላይ የሆነ አልኮል አምራች፣ አስመጪ ወይም አከፋፋይ የህዝብና የመንግሥት በዓላት እና ስብሳባ፣ የንግድ ትርዒት፣ የስፖርት ውድድርን፣ የትምህርት ቤት ዝግጅትን እና ሌሎች ወጣት የሚሳተፉበትን ኩነት በቀጥታም ሆነ በተዘዋወሪ  ስፖንሰር  ማድረግ አይችልም፡፡,አይችልም።ማንኛውም የአልኮል ይዘቱ ከ፲ በመቶ በላይ የሆነ አልኮል አምራች፣ አስመጪ ወይም አከፋፋይ የህዝብና የመንግሥት በዓላት እና ስብሳባ፣ የንግድ ትርዒት፣ የስፖርት ውድድርን፣ የትምህርት ቤት ዝግጅትን እና ሌሎች ወጣት የሚሳተፉበትን ኩነት በቀጥታም ሆነ በተዘዋወሪ  ስፖንሰር  ማድረግ አይችልም፡፡
ከስደተኞችና ስደት ተመላሾች ጉዳዮች ላይ ምን እየተሰራ ይገኛል?,ከስደተኞችና ስደት ተመላሾች ጉዳዮች ጋር በመተባበር የኮሮና በሽታ ስርጭትን በስደተኞች ካምፕ ውስጥ የመከላከል ተግባራት በመከናወን ላይ ይገኛል፡፡,ከስደተኞችና ስደት ተመላሾች ጉዳዮች ጋር በመተባበር
5.4 ሚሊየን የፊት ማስክ ማን አሰራጨ?,"ከጃክ ማ ኢኒሼቲቭ የኮሮና ቫይረስ ስርጭትን ለመከላከል ለአፍሪካ ሀገራት የሚሰራጩ 5.4 ሚሊየን የፊት ማስክ (Face masks,) 1.08 ሚሊየን የላብራቶሪ መመርመሪያ መሳሪያዎች( test kits) 40,000፣የፊት መሸፈኛ መነፅርና 60,000 የጤና ባለሙያዎች የመከላከያ ልብሶች( protective face shields) ድጋፍ ተደርጓል፡፡",ጃክ ማ ኢኒሼቲቭ
1.08 ሚሊየን የላብራቶሪ መመርመሪያ መሳሪያዎች ማን ሰጠ?,"ከጃክ ማ ኢኒሼቲቭ የኮሮና ቫይረስ ስርጭትን ለመከላከል ለአፍሪካ ሀገራት የሚሰራጩ 5.4 ሚሊየን የፊት ማስክ (Face masks,) 1.08 ሚሊየን የላብራቶሪ መመርመሪያ መሳሪያዎች( test kits) 40,000፣የፊት መሸፈኛ መነፅርና 60,000 የጤና ባለሙያዎች የመከላከያ ልብሶች( protective face shields) ድጋፍ ተደርጓል፡፡",ጃክ ማ ኢኒሼቲቭ
"40,000 የፊት መሸፈኛ መነፅር ማን ሰጠ?","ከጃክ ማ ኢኒሼቲቭ የኮሮና ቫይረስ ስርጭትን ለመከላከል ለአፍሪካ ሀገራት የሚሰራጩ 5.4 ሚሊየን የፊት ማስክ (Face masks,) 1.08 ሚሊየን የላብራቶሪ መመርመሪያ መሳሪያዎች( test kits) 40,000፣የፊት መሸፈኛ መነፅርና 60,000 የጤና ባለሙያዎች የመከላከያ ልብሶች( protective face shields) ድጋፍ ተደርጓል፡፡",ጃክ ማ ኢኒሼቲቭ
"60,000 የጤና ባለሙያዎች የመከላከያ ልብሶች ድጋፍ ማን አደረገ?","ከጃክ ማ ኢኒሼቲቭ የኮሮና ቫይረስ ስርጭትን ለመከላከል ለአፍሪካ ሀገራት የሚሰራጩ 5.4 ሚሊየን የፊት ማስክ (Face masks,) 1.08 ሚሊየን የላብራቶሪ መመርመሪያ መሳሪያዎች( test kits) 40,000፣የፊት መሸፈኛ መነፅርና 60,000 የጤና ባለሙያዎች የመከላከያ ልብሶች( protective face shields) ድጋፍ ተደርጓል፡፡",ጃክ ማ ኢኒሼቲቭ
ጃክ ማ ኢኒሼቲቭ ለአፍሪካ ሀገራት ምን ያህል የፊት ማስክ አሰራጨ?,"ከጃክ ማ ኢኒሼቲቭ የኮሮና ቫይረስ ስርጭትን ለመከላከል ለአፍሪካ ሀገራት የሚሰራጩ 5.4 ሚሊየን የፊት ማስክ (Face masks,) 1.08 ሚሊየን የላብራቶሪ መመርመሪያ መሳሪያዎች( test kits) 40,000፣የፊት መሸፈኛ መነፅርና 60,000 የጤና ባለሙያዎች የመከላከያ ልብሶች( protective face shields) ድጋፍ ተደርጓል፡፡",5.4 ሚሊየን የፊት ማስክ ማን አሰራጨ?
ጃክ ማ ኢኒሼቲቭ ለአፍሪካ ሀገራት ምን ያህል የላብራቶሪ መመርመሪያ መሳሪያዎች ሰጠ?,"ከጃክ ማ ኢኒሼቲቭ የኮሮና ቫይረስ ስርጭትን ለመከላከል ለአፍሪካ ሀገራት የሚሰራጩ 5.4 ሚሊየን የፊት ማስክ (Face masks,) 1.08 ሚሊየን የላብራቶሪ መመርመሪያ መሳሪያዎች( test kits) 40,000፣የፊት መሸፈኛ መነፅርና 60,000 የጤና ባለሙያዎች የመከላከያ ልብሶች( protective face shields) ድጋፍ ተደርጓል፡፡",1.08 ሚሊየን የላብራቶሪ መመርመሪያ መሳሪያዎች ማን ሰጠ?
ጃክ ማ ኢኒሼቲቭ ለአፍሪካ ሀገራት ምን ያህል የፊት መሸፈኛ መነፅር ሰጠ?,"ከጃክ ማ ኢኒሼቲቭ የኮሮና ቫይረስ ስርጭትን ለመከላከል ለአፍሪካ ሀገራት የሚሰራጩ 5.4 ሚሊየን የፊት ማስክ (Face masks,) 1.08 ሚሊየን የላብራቶሪ መመርመሪያ መሳሪያዎች( test kits) 40,000፣የፊት መሸፈኛ መነፅርና 60,000 የጤና ባለሙያዎች የመከላከያ ልብሶች( protective face shields) ድጋፍ ተደርጓል፡፡","40,000 የፊት መሸፈኛ መነፅር"
ጃክ ማ ኢኒሼቲቭ ለአፍሪካ ሀገራት ምን ያህል የጤና ባለሙያዎች የመከላከያ ልብሶች ሰጠ?,"ከጃክ ማ ኢኒሼቲቭ የኮሮና ቫይረስ ስርጭትን ለመከላከል ለአፍሪካ ሀገራት የሚሰራጩ 5.4 ሚሊየን የፊት ማስክ (Face masks,) 1.08 ሚሊየን የላብራቶሪ መመርመሪያ መሳሪያዎች( test kits) 40,000፣የፊት መሸፈኛ መነፅርና 60,000 የጤና ባለሙያዎች የመከላከያ ልብሶች( protective face shields) ድጋፍ ተደርጓል፡፡","60,000 የጤና ባለሙያዎች የመከላከያ ልብሶች ድጋፍ ማን አደረገ?"
ጃክ ማ ኢኒሼቲቭ ለማን ሀገራት  5.4 ሚሊዮን የፊት ማስክ አሰራጨ?,"ከጃክ ማ ኢኒሼቲቭ የኮሮና ቫይረስ ስርጭትን ለመከላከል ለአፍሪካ ሀገራት የሚሰራጩ 5.4 ሚሊየን የፊት ማስክ (Face masks,) 1.08 ሚሊየን የላብራቶሪ መመርመሪያ መሳሪያዎች( test kits) 40,000፣የፊት መሸፈኛ መነፅርና 60,000 የጤና ባለሙያዎች የመከላከያ ልብሶች( protective face shields) ድጋፍ ተደርጓል፡፡",ለአፍሪካ ሀገራት
ጃክ ማ ኢኒሼቲቭ ለማን1.08 ሚሊዮን የላብራቶሪ መመርመሪያ መሳሪያዎች ሰጠ?,"ከጃክ ማ ኢኒሼቲቭ የኮሮና ቫይረስ ስርጭትን ለመከላከል ለአፍሪካ ሀገራት የሚሰራጩ 5.4 ሚሊየን የፊት ማስክ (Face masks,) 1.08 ሚሊየን የላብራቶሪ መመርመሪያ መሳሪያዎች( test kits) 40,000፣የፊት መሸፈኛ መነፅርና 60,000 የጤና ባለሙያዎች የመከላከያ ልብሶች( protective face shields) ድጋፍ ተደርጓል፡፡",ለአፍሪካ ሀገራት
"ጃክ ማ ኢኒሼቲቭ ለማን 40,000 ያህል የፊት መሸፈኛ መነፅር ሰጠ?","ከጃክ ማ ኢኒሼቲቭ የኮሮና ቫይረስ ስርጭትን ለመከላከል ለአፍሪካ ሀገራት የሚሰራጩ 5.4 ሚሊየን የፊት ማስክ (Face masks,) 1.08 ሚሊየን የላብራቶሪ መመርመሪያ መሳሪያዎች( test kits) 40,000፣የፊት መሸፈኛ መነፅርና 60,000 የጤና ባለሙያዎች የመከላከያ ልብሶች( protective face shields) ድጋፍ ተደርጓል፡፡",ለአፍሪካ ሀገራት
"ጃክ ማ ኢኒሼቲቭ ለማን 60,000 ያህል የጤና ባለሙያዎች የመከላከያ ልብሶች ሰጠ?","ከጃክ ማ ኢኒሼቲቭ የኮሮና ቫይረስ ስርጭትን ለመከላከል ለአፍሪካ ሀገራት የሚሰራጩ 5.4 ሚሊየን የፊት ማስክ (Face masks,) 1.08 ሚሊየን የላብራቶሪ መመርመሪያ መሳሪያዎች( test kits) 40,000፣የፊት መሸፈኛ መነፅርና 60,000 የጤና ባለሙያዎች የመከላከያ ልብሶች( protective face shields) ድጋፍ ተደርጓል፡፡",ለአፍሪካ ሀገራት
ማን በኢትዮጵያ የጤና ባለሙያዎች የሚጠቀሙበት የመከላከያ ልብሶች ድጋፍ አደረገ?,ሁዋጃን ኢንተርናሽናል ኢትዮጵያ የጤና ባለሙያዎች የሚጠቀሙበት የመከላከያ ልብሶች ድጋፍ አድርገዋል።,ሁዋጃን ኢንተርናሽናል ኢትዮጵያ 
ሁዋጃን ኢንተርናሽናል ኢትዮጵያ ምን አይነት ድጋፍ አደረገ?,ሁዋጃን ኢንተርናሽናል ኢትዮጵያ የጤና ባለሙያዎች የሚጠቀሙበት የመከላከያ ልብሶች ድጋፍ አድርገዋል።,የጤና ባለሙያዎች የሚጠቀሙበት የመከላከያ ልብሶች ድጋፍ አድርገዋል።
ሁዋጃን ኢንተርናሽናል ኢትዮጵያ ምን ለመከላከል ድጋፍ አደረገ?,ሁዋጃን ኢንተርናሽናል ኢትዮጵያ የጤና ባለሙያዎች የሚጠቀሙበት የመከላከያ ልብሶች ድጋፍ አድርገዋል።,የጤና ባለሙያን
የተባበሩት መንግስታት የህፃናት አድን ድርጅት (ዩኒሴፍ) የምን ድጋፍ አደረገ?,የተባበሩት መንግስታት የህፃናት አድን ድርጅት (ዩኒሴፍ) ለክልሎችና ከተማ መስተዳደሮች የኮሮና ቫይረስ ስርጭትን ለመከላከል የሚውሉ ክሎሪንና የአደጋ ጊዜ የህክምና መርጃ መሳሪያዎች (emergency drug kit ) ድጋፍ አድርጓል፣,ክሎሪንና የአደጋ ጊዜ የህክምና መርጃ መሳሪያዎች (emergency drug kit ) ድጋፍ አድርጓል
የኢትዮጵያ ብሔራዊ አልኮል እና አረቄ ፋብሪካ የኮረና ቫይረስ ስርጭትን ለመከላከል ምን አይነት ድጋፍ አድርጓል?,ከኢትዮጵያ ብሔራዊ አልኮል እና አረቄ ፋብሪካ የኮረና ቫይረስ ስርጭትን ለመከላከል የሚደረገውን ተግባር ለመደገፍ ፋብሪካው 400 ሊትር የእጅ ማጽጃ አልኮል ለኢንስቲትዩቱ ድጋፍ አድርጓል፣,400 ሊትር የእጅ ማጽጃ አልኮል ለኢንስቲትዩቱ ድጋፍ አድርጓል፣
የኢትዮጵያ ብሔራዊ አልኮል እና አረቄ ፋብሪካ ምን ለመከላከል ነው 400 ሊትር የእጅ ማጽጃ አልኮል ድጋፍ ያደረገው?,ከኢትዮጵያ ብሔራዊ አልኮል እና አረቄ ፋብሪካ የኮረና ቫይረስ ስርጭትን ለመከላከል የሚደረገውን ተግባር ለመደገፍ ፋብሪካው 400 ሊትር የእጅ ማጽጃ አልኮል ለኢንስቲትዩቱ ድጋፍ አድርጓል፣,የኮረና ቫይረስ ስርጭትን ለመከላከል
የኢትዮጵያ ብሔራዊ አልኮል እና አረቄ ፋብሪካ  400 ሊትር የእጅ ማጽጃ አልኮል ድጋፍ ያደረገው ለማን ነው?,ከኢትዮጵያ ብሔራዊ አልኮል እና አረቄ ፋብሪካ የኮረና ቫይረስ ስርጭትን ለመከላከል የሚደረገውን ተግባር ለመደገፍ ፋብሪካው 400 ሊትር የእጅ ማጽጃ አልኮል ለኢንስቲትዩቱ ድጋፍ አድርጓል፣,ለኢትዮጵያ ህብረተሰብ ሳይንስ ኢንስቲትዩት
የግብርና ሚኒስቴርም ለጤና ባለሙያዎች ምን አይነት ድጋፍ አደረገ?,የግብርና ሚኒስቴርም ለጤና ባለሙያዎች የሚሆኑ የፊት መስክ፣ የጤና ባለሙያዎች የሚጠቀሙት የመከላከያ አልባሳት፣ የእጅ ጓንትና አይን መነፅር ( goggles)ድጋፍ አድርጓል፡፡,የፊት መስክ፣ የጤና ባለሙያዎች የሚጠቀሙት የመከላከያ አልባሳት፣ የእጅ ጓንትና አይን መነፅር ( goggles)ድጋፍ አድርጓል
በሀዋርያው ጴጥሮስ የተሰየመ ሆስፒታል ምን ይባላል,ከቅዱስ ጴጥሮስ ሆስፒታል ከተወሰደ ናሙና ውስጥ አንዲት ታካሚ ላይ የኮሮና ቫይረስ እንደተገኘባት በመጀመሪያ የላብራቶሪ ምርመራ በመታወቁ ለህብረተሰቡ መጋቢት 18፣ 2012 ዓ.ም በተሰጠው መግለጫ ማሳወቃችን ይታወቃል,ቅዱስ ጴጥሮስ ሆስፒታል
የታሸገ ውሃ ዋጋ ከቧንቧ ውሃ ጋር እንዴት ይነጻጸራል?,የታሸገ ውሃ ከቧንቧ ውሃ በሺህ እጥፍ ሊበልጥ ይችላል። በሚኒሶታ የቧንቧ ውሃ በአማካይ 0.58 ሳንቲም ያስወጣል። በመጠጥ ግብይት ኮርፖሬሽን (BMC) መሠረት፣ በ2019 የቤት ውስጥ የማያብለጨልጭ የታሸገ ውሃ አማካይ የጅምላ ዋጋ በአንድ ጋሎን 1.18 ዶላር ነበር,የታሸገ ውሃ ከቧንቧ ውሃ በሺህ እጥፍ ሊበልጥ ይችላል። 
ሄሞፊሊየስ ኢንፍሉኤንዛ አይነት b (Hib) በሽታ ምን አይነት በሽታ ነው?,ሄሞፊሊየስ ኢንፍሉኤንዛ አይነት b (Hib) በሽታ በባክቴሪያ የሚከሰት ከባድ በሽታ ነው፡፡ ብዙውን ጊዜ ከ 5 አመት በታች ያሉ ልጆችን ያጠቃል፡፡ በተወሰነ የህክምና ሁኔታ ውስጥ ያሉ አዋቂዎችንም ያጠቃል፡፡,ሄሞፊሊየስ ኢንፍሉኤንዛ አይነት b (Hib) በሽታ በባክቴሪያ የሚከሰት ከባድ በሽታ ነው፡፡
ሄሞፊሊየስ ኢንፍሉኤንዛ አይነት b (Hib) በሽታ የትኛውን የእድሜ ክልል ያጠቃል?,ሄሞፊሊየስ ኢንፍሉኤንዛ አይነት b (Hib) በሽታ በባክቴሪያ የሚከሰት ከባድ በሽታ ነው፡፡ ብዙውን ጊዜ ከ 5 አመት በታች ያሉ ልጆችን ያጠቃል፡፡ በተወሰነ የህክምና ሁኔታ ውስጥ ያሉ አዋቂዎችንም ያጠቃል፡፡,ብዙውን ጊዜ ከ 5 አመት በታች ያሉ ልጆችን ያጠቃል፡፡ 
ሄሞፊሊየስ ኢንፍሉኤንዛ አይነት b (Hib) በሽታ አዋቂዎችን ሊይዝ ይችላልን?,ሄሞፊሊየስ ኢንፍሉኤንዛ አይነት b (Hib) በሽታ በባክቴሪያ የሚከሰት ከባድ በሽታ ነው፡፡ ብዙውን ጊዜ ከ 5 አመት በታች ያሉ ልጆችን ያጠቃል፡፡ በተወሰነ የህክምና ሁኔታ ውስጥ ያሉ አዋቂዎችንም ያጠቃል፡፡, በተወሰነ የህክምና ሁኔታ ውስጥ ያሉ አዋቂዎችንም ያጠቃል፡፡
ሄሞፊሊየስ ኢንፍሉኤንዛ አይነት b (Hib) በሽታ ልጆችን እንዴት ሊይዝ ይችላል?,ባክቴሪያው ያለባቸው ነገር ግን እንዳለባቸው በማያውቁ ልጆች ወይም አዋቂዎች አካባቢ በመገኘት ልጅዎ የ Hib በሽታ ሊይዘው ይችላል፡፡ ተሃዋስያኖቹ ከሰው ወደ ሰው ይሰራጫሉ፡ ፡ ተሃዋስያኖቹ በልጅ አፍንጫ ወይም ጉሮሮ ውስጥ የሚቆዩ ከሆነ፣ ልጁ የማይታመምበት ዕድል አለው፡፡ አንዳንድ ጊዜ ግን ተሃዋስያኖቹ በሳምባ ወይም በደም ስር ውስጥ ይሰራጫሉ፣ በመሆኑም Hib ከባድ ችግር ሊፈጥር ይችላል፡፡ ይህም ኢንቬሲቭ Hib በሽታ ይባላል፡፡,ባክቴሪያው ያለባቸው ነገር ግን እንዳለባቸው በማያውቁ ልጆች ወይም አዋቂዎች አካባቢ በመገኘት ልጅዎ የ Hib በሽታ ሊይዘው ይችላል፡፡ 
ሄሞፊሊየስ ኢንፍሉኤንዛ አይነት b (Hib) በሽታ ልጆችን መቼ ላይዝ ይችላል?,ባክቴሪያው ያለባቸው ነገር ግን እንዳለባቸው በማያውቁ ልጆች ወይም አዋቂዎች አካባቢ በመገኘት ልጅዎ የ Hib በሽታ ሊይዘው ይችላል፡፡ ተሃዋስያኖቹ ከሰው ወደ ሰው ይሰራጫሉ፡ ፡ ተሃዋስያኖቹ በልጅ አፍንጫ ወይም ጉሮሮ ውስጥ የሚቆዩ ከሆነ፣ ልጁ የማይታመምበት ዕድል አለው፡፡ አንዳንድ ጊዜ ግን ተሃዋስያኖቹ በሳምባ ወይም በደም ስር ውስጥ ይሰራጫሉ፣ በመሆኑም Hib ከባድ ችግር ሊፈጥር ይችላል፡፡ ይህም ኢንቬሲቭ Hib በሽታ ይባላል፡፡,ተሃዋስያኖቹ በልጅ አፍንጫ ወይም ጉሮሮ ውስጥ የሚቆዩ ከሆነ፣ ልጁ የማይታመምበት ዕድል አለው፡፡ 
ሄሞፊሊየስ ኢንፍሉኤንዛ አይነት b (Hib) በሽታ መቼ ከባድ ሊሆን ይችላል?,ባክቴሪያው ያለባቸው ነገር ግን እንዳለባቸው በማያውቁ ልጆች ወይም አዋቂዎች አካባቢ በመገኘት ልጅዎ የ Hib በሽታ ሊይዘው ይችላል፡፡ ተሃዋስያኖቹ ከሰው ወደ ሰው ይሰራጫሉ፡ ፡ ተሃዋስያኖቹ በልጅ አፍንጫ ወይም ጉሮሮ ውስጥ የሚቆዩ ከሆነ፣ ልጁ የማይታመምበት ዕድል አለው፡፡ አንዳንድ ጊዜ ግን ተሃዋስያኖቹ በሳምባ ወይም በደም ስር ውስጥ ይሰራጫሉ፣ በመሆኑም Hib ከባድ ችግር ሊፈጥር ይችላል፡፡ ይህም ኢንቬሲቭ Hib በሽታ ይባላል፡፡,አንዳንድ ጊዜ ግን ተሃዋስያኖቹ በሳምባ ወይም በደም ስር ውስጥ ይሰራጫሉ፣ በመሆኑም Hib ከባድ ችግር ሊፈጥር ይችላል፡፡ 
ሄሞፊሊየስ ኢንፍሉኤንዛ አይነት b (Hib) በሽታ መቼ ከባድ ሲሆን ምን ተብሎ ሊጠራ ይችላል?,ባክቴሪያው ያለባቸው ነገር ግን እንዳለባቸው በማያውቁ ልጆች ወይም አዋቂዎች አካባቢ በመገኘት ልጅዎ የ Hib በሽታ ሊይዘው ይችላል፡፡ ተሃዋስያኖቹ ከሰው ወደ ሰው ይሰራጫሉ፡ ፡ ተሃዋስያኖቹ በልጅ አፍንጫ ወይም ጉሮሮ ውስጥ የሚቆዩ ከሆነ፣ ልጁ የማይታመምበት ዕድል አለው፡፡ አንዳንድ ጊዜ ግን ተሃዋስያኖቹ በሳምባ ወይም በደም ስር ውስጥ ይሰራጫሉ፣ በመሆኑም Hib ከባድ ችግር ሊፈጥር ይችላል፡፡ ይህም ኢንቬሲቭ Hib በሽታ ይባላል፡፡,ኢንቬሲቭ Hib በሽታ ይባላል፡፡
ሄሞፊሊየስ ኢንፍሉኤንዛ አይነት b (Hib) በሽታ ከክትባቱ በፊት ለምን ሊያጋልጥ ይችላል?,"ከ Hib ክትባት በፊት፣ Hib በሽታ በዩናይትድ ስቴትስ ውስጥ በሚኖሩ ከ 5 አመት በታች ባሉ ልጆች መካከል የባክቴሪያል ማጅራት ገትር ቀዳሚ ምክንያት ነበር፡፡ ማጅራት ገትር የጭንቅላት እና የአከርካሪ ጉዳት ነው፡፡ ወደ አእምሮ ጉዳት እና መስማት መሳን ሊያመራ ይችላል፡፡ የ Hib በሽታ እነዚህንም ሊያስከስት ይችላል፡የሳንባ ምች፡ለመተንፈስ በሚያስቸግር ሁኔታ በጉሮሮ ላይ ከባድ እብጠት፡የደም፣ የመገጣጠሚያ፣ የአጥንት፣ እና የልብ ሽፋን በሽታ
፡ ሞት
"," ከ 5 አመት በታች ባሉ ልጆች መካከል የባክቴሪያል ማጅራት ገትር ፡የሳንባ ምች፡ለመተንፈስ በሚያስቸግር ሁኔታ በጉሮሮ ላይ ከባድ እብጠት፡የደም፣ የመገጣጠሚያ፣ የአጥንት፣ እና የልብ ሽፋን በሽታ
፡ ሞት
ቀዳሚ ምክንያት ነው።"
ማጅራት ገትር ምንድን ነው?, ማጅራት ገትር የጭንቅላት እና የአከርካሪ ጉዳት ነው፡፡ ወደ አእምሮ ጉዳት እና መስማት መሳን ሊያመራ ይችላል፡፡ ,ማጅራት ገትር የጭንቅላት እና የአከርካሪ ጉዳት ነው፡፡
ሄሞፊሊየስ ኢንፍሉኤንዛ አይነት b (Hib) በሽታ ለማጅራት ገትር ቀዳሚ ምክንያት እንደሆነ በየት ሀገር ነው የታወቀው?,ከ Hib ክትባት በፊት፣ Hib በሽታ በዩናይትድ ስቴትስ ውስጥ በሚኖሩ ከ 5 አመት በታች ባሉ ልጆች መካከል የባክቴሪያል ማጅራት ገትር ቀዳሚ ምክንያት ነበር፡፡ ,በዩናይትድ ስቴትስ ውስጥ 
ሄሞፊሊየስ ኢንፍሉኤንዛ አይነት b (Hib) በሽታን በምን መከላከል ይቻላል?,የ Hib ክትባት የ Hib በሽታን ይከላከላል፡፡ የ Hib ክትባት አገልግሎት ላይ ከዋለ በኋላ፣ የኢንቬሲቭ Hib በሽታ ማህደር ቁጥር ከ 99% በላይ ቀንሷል፡፡ ክትባቱን ብናቆም ብዙ ልጆች የ Hib በሽታ ይይዛቸዋል፡፡,በHib ክትባት 
ከ Hib ክትባት በፊት በሄሞፊሊየስ ኢንፍሉኤንዛ አይነት b (Hib) በሽታ ምክንያት ምን ያህል ሰዎች በየአመቱ ተጠቁ?,"ከ Hib ክትባት በፊት፣ በየአመቱ ወደ 20,000 የሚሆኑ ከ 5 አመት በታች የሆኑ በዩናይትድ ስቴትስ ውስጥ የሚገኙ ልጆች የ Hib በሽታ ተጠቂ ነበሩ፣ እና ከ3% - 6% የሚሆኑት ሞተዋል፡፡","የአመቱ ወደ 20,000 የሚሆኑ ከ 5 አመት በታች የሆኑ በዩናይትድ ስቴትስ ውስጥ የሚገኙ ልጆች የ Hib በሽታ ተጠቂ ነበሩ"
ከ Hib ክትባት በፊት በሄሞፊሊየስ ኢንፍሉኤንዛ አይነት b (Hib) በሽታ ምክንያት ምን ያህል ሰዎች በየአመቱ ሞቱ?,"ከ Hib ክትባት በፊት፣ በየአመቱ ወደ 20,000 የሚሆኑ ከ 5 አመት በታች የሆኑ በዩናይትድ ስቴትስ ውስጥ የሚገኙ ልጆች የ Hib በሽታ ተጠቂ ነበሩ፣ እና ከ3% - 6% የሚሆኑት ሞተዋል፡፡",ከ3% - 6% የሚሆኑት ሞተዋል፡፡
ሄሞፊሊየስ ኢንፍሉኤንዛ አይነት b (Hib) በሽታ ክትባት አገልግሎት ላይ ከዋለ በኋላ ምን ያህል በሽታው ቀንሷል?,የ Hib ክትባት የ Hib በሽታን ይከላከላል፡፡ የ Hib ክትባት አገልግሎት ላይ ከዋለ በኋላ፣ የኢንቬሲቭ Hib በሽታ ማህደር ቁጥር ከ 99% በላይ ቀንሷል፡፡ ክትባቱን ብናቆም ብዙ ልጆች የ Hib በሽታ ይይዛቸዋል፡፡, የ Hib ክትባት አገልግሎት ላይ ከዋለ በኋላ፣ የኢንቬሲቭ Hib በሽታ ማህደር ቁጥር ከ 99% በላይ ቀንሷል፡
ሄሞፊሊየስ ኢንፍሉኤንዛ አይነት b (Hib) በሽታ ክትባት ቢቆም ምን ሊከሰት ይችላል?,የ Hib ክትባት የ Hib በሽታን ይከላከላል፡፡ የ Hib ክትባት አገልግሎት ላይ ከዋለ በኋላ፣ የኢንቬሲቭ Hib በሽታ ማህደር ቁጥር ከ 99% በላይ ቀንሷል፡፡ ክትባቱን ብናቆም ብዙ ልጆች የ Hib በሽታ ይይዛቸዋል፡፡, ክትባቱን ብናቆም ብዙ ልጆች የ Hib በሽታ ይይዛቸዋል፡፡
ሄሞፊሊየስ ኢንፍሉኤንዛ አይነት b (Hib) በሽታ ክትባት ስንት አይነት ናቸው?,የተለያዩ አይነት ያላቸው የ Hib ክትባቶች ይገኛሉ፡፡ ከክትባቱ አይነት በመነሳት ልጅዎ 3 ወይም 4 ክትባት ይሰጠዋል፡፡,የተለያዩ አይነት ያላቸው የ Hib ክትባቶች ይገኛሉ፡፡ 
የሄሞፊሊየስ ኢንፍሉኤንዛ አይነት b (Hib) በሽታ ክትባት ልጆችን በምን ያክል ጊዜ ማስከተብ ተገቢ ነው?,የተለያዩ አይነት ያላቸው የ Hib ክትባቶች ይገኛሉ፡፡ ከክትባቱ አይነት በመነሳት ልጅዎ 3 ወይም 4 ክትባት ይሰጠዋል፡፡,ከክትባቱ አይነት በመነሳት ልጅዎ 3 ወይም 4 ክትባት ይሰጠዋል፡፡
ሄሞፊሊየስ ኢንፍሉኤንዛ አይነት b (Hib) በሽታ ክትባት በየትኛው የእድሜ ክልል ይጀምራል?,የ Hib ክትባት ክትባት መጠን ብዙውን ጊዜ የሚመከሩት በእነዚህ እድሜ ነው፡የመጀመርያው ክትባት መጠን፡  በ 2 ወራት እድሜ፡ሁለተኛው ክትባት መጠን፡በ 4 ወራት እድሜ፡ሶስተኛው ክትባት መጠን፡በ 6 ወራት እድሜ፡ የመጨረሻው/ቡስተር ክትባት፡በ 12-15 ወራት እድሜ,የመጀመርያው ክትባት መጠን፡  በ 2 ወራት እድሜ ይጀምራል
ሄሞፊሊየስ ኢንፍሉኤንዛ አይነት b (Hib) በሽታ ሁለተኛው ክትባት በየትኛው የእድሜ ክልል ይጀምራል?,የ Hib ክትባት ክትባት መጠን ብዙውን ጊዜ የሚመከሩት በእነዚህ እድሜ ነው፡የመጀመርያው ክትባት መጠን፡  በ 2 ወራት እድሜ፡ሁለተኛው ክትባት መጠን፡በ 4 ወራት እድሜ፡ሶስተኛው ክትባት መጠን፡በ 6 ወራት እድሜ፡ የመጨረሻው/ቡስተር ክትባት፡በ 12-15 ወራት እድሜ,ሁለተኛው ክትባት መጠን፡በ 4 ወራት እድሜ
ሄሞፊሊየስ ኢንፍሉኤንዛ አይነት b (Hib) በሽታ ሶስተኛው ክትባት በየትኛው የእድሜ ክልል ይጀምራል?,የ Hib ክትባት ክትባት መጠን ብዙውን ጊዜ የሚመከሩት በእነዚህ እድሜ ነው፡የመጀመርያው ክትባት መጠን፡  በ 2 ወራት እድሜ፡ሁለተኛው ክትባት መጠን፡በ 4 ወራት እድሜ፡ሶስተኛው ክትባት መጠን፡በ 6 ወራት እድሜ፡ የመጨረሻው/ቡስተር ክትባት፡በ 12-15 ወራት እድሜ,ሶስተኛው ክትባት መጠን፡በ 6 ወራት እድሜ፡ 
ሄሞፊሊየስ ኢንፍሉኤንዛ አይነት b (Hib) በሽታ የመጨረሻው ክትባት በየትኛው የእድሜ ክልል ይጀምራል?,የ Hib ክትባት ክትባት መጠን ብዙውን ጊዜ የሚመከሩት በእነዚህ እድሜ ነው፡የመጀመርያው ክትባት መጠን፡  በ 2 ወራት እድሜ፡ሁለተኛው ክትባት መጠን፡በ 4 ወራት እድሜ፡ሶስተኛው ክትባት መጠን፡በ 6 ወራት እድሜ፡ የመጨረሻው/ቡስተር ክትባት፡በ 12-15 ወራት እድሜ,የመጨረሻው/ቡስተር ክትባት፡በ 12-15 ወራት እድሜ
ሄሞፊሊየስ ኢንፍሉኤንዛ አይነት b (Hib) በሽታ የመጨረሻው ክትባት ምን ተብሎ ይጠራል?,የ Hib ክትባት ክትባት መጠን ብዙውን ጊዜ የሚመከሩት በእነዚህ እድሜ ነው፡የመጀመርያው ክትባት መጠን፡  በ 2 ወራት እድሜ፡ሁለተኛው ክትባት መጠን፡በ 4 ወራት እድሜ፡ሶስተኛው ክትባት መጠን፡በ 6 ወራት እድሜ፡ የመጨረሻው/ቡስተር ክትባት፡በ 12-15 ወራት እድሜ,ቡስተር ክትባት
የሄሞፊሊየስ ኢንፍሉኤንዛ አይነት b (Hib) በሽታ ክትባት እንደሌሎች አንድ ጊዜ ሊሰጥ ይችላልን?,Hib ክትባት እንደሌሎቹ ክትባቶች በአንድ ጊዜ ሊሰጥ ይችላል፡ ፡ ቅልቅል ክትባቶች የሚሰሩት ሁለት ወይም ከዚያ በላይ የሆኑ ክትባቶች ተደባልቀው በአንድ ክትባት መልክ ሲሰጡ ሲሆን ከአንድ በላይ የሆኑ በሽታዎችን ለመከላከል ይረዳል፡፡,አው።Hib ክትባት እንደሌሎቹ ክትባቶች በአንድ ጊዜ ሊሰጥ ይችላል፡ ፡
 ቅልቅል ክትባቶች እንዴት ይሰራሉ?,Hib ክትባት እንደሌሎቹ ክትባቶች በአንድ ጊዜ ሊሰጥ ይችላል፡ ፡ ቅልቅል ክትባቶች የሚሰሩት ሁለት ወይም ከዚያ በላይ የሆኑ ክትባቶች ተደባልቀው በአንድ ክትባት መልክ ሲሰጡ ሲሆን ከአንድ በላይ የሆኑ በሽታዎችን ለመከላከል ይረዳል፡፡,ቅልቅል ክትባቶች የሚሰሩት ሁለት ወይም ከዚያ በላይ የሆኑ ክትባቶች ተደባልቀው በአንድ ክትባት መልክ ሲሰጡ ሲሆን ከአንድ በላይ የሆኑ በሽታዎችን ለመከላከል ይረዳል፡፡
 ቅልቅል ክትባቶች ከአንድ በላይ ክትባቶችን ሊከላከሉ ይችላሉ?,Hib ክትባት እንደሌሎቹ ክትባቶች በአንድ ጊዜ ሊሰጥ ይችላል፡ ፡ ቅልቅል ክትባቶች የሚሰሩት ሁለት ወይም ከዚያ በላይ የሆኑ ክትባቶች ተደባልቀው በአንድ ክትባት መልክ ሲሰጡ ሲሆን ከአንድ በላይ የሆኑ በሽታዎችን ለመከላከል ይረዳል፡፡,ከአንድ በላይ የሆኑ በሽታዎችን ለመከላከል ይረዳል፡፡
ሄሞፊሊየስ ኢንፍሉኤንዛ አይነት b (Hib) በሽታ ክትባት ከ5 አመት በላይ የሆኑ ህጻናት መውሰድ ይችላሉን?,ከ 5 ዓመት በላይ የሆኑ ህጻናትና አዋቂዎች የ Hib ክትባት አያስፈልጋቸውም፡፡ ነገር ግን አስፐሌኒያ ወይም ሲክል ሴል በሽታ ያለባቸው ከፍ ያሉ ህጻናት ወይም አዋቂዎች ጣፊያን ለማስወገድ ወይም የአጥንት መቅኔን ለመቀየር በሚደረጉ ቀዶ ጥገናዎች ጊዜ ክትባት ይመከራል፡፡ እንዲሁም ከ 5 እስከ 18 ዓመት ያሉ በ HIV ለተያዙ ሰዎችም ይመከራል፡፡ ሀኪምዎ የበለጠ መረጃ ሊሰጥዎ ይችላል፡፡,አይችሉም።ከ 5 ዓመት በላይ የሆኑ ህጻናትና አዋቂዎች የ Hib ክትባት አያስፈልጋቸውም፡
ሄሞፊሊየስ ኢንፍሉኤንዛ አይነት b (Hib) በሽታ ክትባት ከ5 አመት በላይ በምን አይነት በሽታ ቢጠቁ መውሰድ ይችላሉ?,ከ 5 ዓመት በላይ የሆኑ ህጻናትና አዋቂዎች የ Hib ክትባት አያስፈልጋቸውም፡፡ ነገር ግን አስፐሌኒያ ወይም ሲክል ሴል በሽታ ያለባቸው ከፍ ያሉ ህጻናት ወይም አዋቂዎች ጣፊያን ለማስወገድ ወይም የአጥንት መቅኔን ለመቀየር በሚደረጉ ቀዶ ጥገናዎች ጊዜ ክትባት ይመከራል፡፡ እንዲሁም ከ 5 እስከ 18 ዓመት ያሉ በ HIV ለተያዙ ሰዎችም ይመከራል፡፡ ሀኪምዎ የበለጠ መረጃ ሊሰጥዎ ይችላል፡፡,አስፐሌኒያ ወይም ሲክል ሴል በሽታ ያለባቸው ከፍ ያሉ ህጻናት ወይም አዋቂዎች ጣፊያን ለማስወገድ ወይም የአጥንት መቅኔን ለመቀየር በሚደረጉ ቀዶ ጥገናዎች ጊዜ ክትባት ይመከራል፡፡ እንዲሁም ከ 5 እስከ 18 ዓመት ያሉ በ HIV ለተያዙ ሰዎችም ይመከራል፡፡
ሄሞፊሊየስ ኢንፍሉኤንዛ አይነት b (Hib) በሽታ ክትባት መቼ መሰጠት የለበትም?,Hib ክትባት 6 ሳምንት ላልሞላቸው ህጻናት መሰጠት የለበትም፡,6 ሳምንት ላልሞላቸው ህጻናት መሰጠት የለበትም፡
ሄሞፊሊየስ ኢንፍሉኤንዛ አይነት b (Hib) በሽታ ክትባት ምን አይነት ሰው ባይወስድ ጥሩ ነው?,ከዚህ በፊት ከወሰደው ከHib ክትባት መጠን የተነሳ ህይወትን አደጋ ላይ የሚጥል አለርጂ የተነሳበት ወይም ከዚህ ክትባት ጋር በተያያዘ ከባድ አለርጂ አጋጥምዎ የሚያውቅ ከሆነ፣ ይህንን ክትባት አይውሰዱ፡፡ ክትባቱን ለሚሰጠው ሰው ስላለብዎት ከባድ የአለርጂክ ምልክቶች ይንገሩት፡፡,ከዚህ በፊት ከወሰደው ከHib ክትባት መጠን የተነሳ ህይወትን አደጋ ላይ የሚጥል አለርጂ የተነሳበት ወይም ከዚህ ክትባት ጋር በተያያዘ ከባድ አለርጂ አጋጥምዎ የሚያውቅ ከሆነ
ሄሞፊሊየስ ኢንፍሉኤንዛ አይነት b (Hib) በሽታ ክትባት የታመመ ሰው ቢወስደው ጥሩ ነው ወይ?,መጠነኛ ህመም የታመሙ ሰዎች Hib ክትባትን መውሰድ ይችላሉ፡፡ ከበድ ያለ ወይም በጣም ህመም ላይ ከሆኑ ፣ እስኪሻልዎ ድረስ ቢጠብቁ ይመረጣል፡፡ ክትባቱ ሊሰጥ በታሰበበት ቀን ላይ የሚወስደው ሰው ጥሩ የጤንነት ስሜት ላይ ካልሆነ ለህክምና እንክብካቤ ሰጪዎ ይንገሩ፡፡,ከበድ ያለ ወይም በጣም ህመም ላይ ከሆኑ ፣ እስኪሻልዎ ድረስ ቢጠብቁ ይመረጣል፡፡
ሄሞፊሊየስ ኢንፍሉኤንዛ አይነት b (Hib) በሽታ ክትባት ለመውሰድ ማንን መጠየቅ ጥሩ ነው?,መጠነኛ ህመም የታመሙ ሰዎች Hib ክትባትን መውሰድ ይችላሉ፡፡ ከበድ ያለ ወይም በጣም ህመም ላይ ከሆኑ ፣ እስኪሻልዎ ድረስ ቢጠብቁ ይመረጣል፡፡ ክትባቱ ሊሰጥ በታሰበበት ቀን ላይ የሚወስደው ሰው ጥሩ የጤንነት ስሜት ላይ ካልሆነ ለህክምና እንክብካቤ ሰጪዎ ይንገሩ፡፡,ሃኪምዎ ወይም ክትባቱን የሚሰጥዎ ሰው የበለጠ መረጃ ሊሰጥዎ ይችላል
ሄሞፊሊየስ ኢንፍሉኤንዛ አይነት b (Hib) በሽታ ክትባት ምን አይነት ተጓዳኝ ጉዳት ሊያመጣ ይችላል?,ክትባትን ጨምሮ በሁሉም መድሀኒቶች የጎንዮሽ ጉዳት የመፈጠር እድል አለ፡፡ እነዚህ መለስተኛ ሲሆኑ በትንሽ ቀናት ውስጥ በራሳቸው የሚጠፉ ናቸው፡፡ ነገር ግን በጣም አልፎ አልፎ ቢሆንም ከባድ ህመም ሊፈጠር ይችላል፡፡ አብዛኛዎቹ የ Hib ክትባት የሚወስዱ ሰዎች ምንም ችግር አያጋጥማቸውም፡፡,ክትባትን ጨምሮ በሁሉም መድሀኒቶች የጎንዮሽ ጉዳት የመፈጠር እድል አለ፡አብዛኛዎቹ የ Hib ክትባት የሚወስዱ ሰዎች ምንም ችግር አያጋጥማቸውም፡፡
ሄሞፊሊየስ ኢንፍሉኤንዛ አይነት b (Hib) በሽታ ክትባት ከተወሰደ በኋላ ምን አይነት ህመም ሊያጋጥም ይችላል?,"ከ Hib ክትባት በኋላ የሚያጋጥሙ መለስተኛ ህመሞች፡ ክትባቱ የተሰጠበት ቦታ መቅላት፣ መሞቅ፣ ማበጥ ፡ ትኩሳት።እነዚህ ችግሮች የተለመዱ አይደሉም፡፡ የሚከሰቱ ከሆነ፣ 
ከክትባቱ ጊዜ ወዲያው ሲጀምሩ ከ 2 እስከ 3 ቀን ይቆያሉ፡፡", ክትባቱ የተሰጠበት ቦታ መቅላት፣ መሞቅ፣ ማበጥ ፡ ትኩሳት
ሄሞፊሊየስ ኢንፍሉኤንዛ አይነት b (Hib) በሽታ ክትባት ከተወሰደ በኋላ ለምን ያክል ቀን ህመም ሊኖር ይችላል?,ከ Hib ክትባት በኋላ የሚያጋጥሙ መለስተኛ ህመሞች፡ ክትባቱ የተሰጠበት ቦታ መቅላት፣ መሞቅ፣ ማበጥ ፡ ትኩሳት።እነዚህ ችግሮች የተለመዱ አይደሉም፡፡ የሚከሰቱ ከሆነ፣ ከክትባቱ ጊዜ ወዲያው ሲጀምሩ ከ 2 እስከ 3 ቀን ይቆያሉ፡፡,ከክትባቱ ጊዜ ወዲያው ሲጀምሩ ከ 2 እስከ 3 ቀን ይቆያሉ፡፡
ክትባት ምን ጉዳት ሊያመጣ ይችላል?,ልክ እንደ ሌላው መድኀኒት፣ ክትባት በጣም ከባድ ጉዳት ወይም ሞት የሚያስከስትበት በጣም ጠባብ እድል አለ፡፡,ልክ እንደ ሌላው መድኀኒት፣ ክትባት በጣም ከባድ ጉዳት ወይም ሞት የሚያስከስትበት በጣም ጠባብ እድል አለ፡፡
ተለቅ ያሉ ህጻናት፣ ታዳዎች፣ እና አዋቁቆች ክትባቱን ካገኙ በኋላ ምን አይነት ጉዳት ሊያጋጥማቸው ይችላል?,"ተለቅ ያሉ ህጻናት፣ ታዳዎች፣ እና አዋቁቆች ክትባቱን ካገኙ በኋላ እነዚህነ ችግሮች ሊያጋጥሟቸው ይችላሉ፡፡ከህክምና በኋላ፣ ክትባትን ጨምሮ ሰዎች አንዳንድ ጊዜ ራሳቸውን ይስታሉ፡፡ ለ15 ደቂቃ መቀመጥ ወይም መተኛት ራስን መሳት እንዲሁም በመውደቅ የሚመጣውን ጉዳት ይከላከላል፡፡ የድንዛዜ ስሜት፣ የእይታ ለውጥ ወይም ጆሮ ውስጥ ማቃጨል ከተሰማዎት ለሀኪምዎ ይንገሩ፡፡አንዳንድ ሰዎች ትከሻ ላይ ከበድ ያለ ህመም ሲሰማቸው 
የተወጉበት አጃቸውን ማንቀሳቀስ ያስቸግራቸዋል፡፡ ይህ 
አልፎ አልፎ የሚከሰት ነው፡፡",ከህክምና በኋላ፣ ክትባትን ጨምሮ ሰዎች አንዳንድ ጊዜ ራሳቸውን ይስታሉ፡፡ ለ15 ደቂቃ መቀመጥ ወይም መተኛት ራስን መሳት እንዲሁም በመውደቅ የሚመጣውን ጉዳት ይከላከላል፡፡ የድንዛዜ ስሜት፣ የእይታ ለውጥ ወይም ጆሮ ውስጥ ማቃጨል
ተለቅ ያሉ ህጻናት፣ ታዳዎች፣ እና አዋቁቆች ክትባቱን ካገኙ በኋላ  ጉዳት ሁልጊዜ ሊያጋጥማቸው ይችላልን?,አንዳንድ ሰዎች ትከሻ ላይ ከበድ ያለ ህመም ሲሰማቸው የተወጉበት አጃቸውን ማንቀሳቀስ ያስቸግራቸዋል፡፡ ይህ አልፎ አልፎ የሚከሰት ነው፡፡,አው ግን አልፎ አልፎ የሚከሰት ነው፡፡
ከባድ የሆነ የአለርጂክ ምልክት ሲከሰት ምን ማድረግ ተገቢ ነው?,ከባድ የሆነ የአለርጂክ ምልክት ወይም ሊቆይ የማይችል አስቸኳይ ከመሰልዎት 9-1-1 በመደወል አቅራቢያ ወዳለው ሆስፒታል ይሂዱ፡፡ ካለበለዚያ ሀኪምዎ ጋር ይደውሉ፡፡,አስቸኳይ ከመሰልዎት 9-1-1 በመደወል አቅራቢያ ወዳለው ሆስፒታል ይሂዱ፡፡ ካለበለዚያ ሀኪምዎ ጋር ይደውሉ፡፡
የአለርጂውን ምልክት ለማን መንገር ጥሩ ነው?,"ከዚያ በኋላ የአለርጂው ምልክት ለ “Vaccine Adverse Event Reporting System” (VAERS) ሪፖርት መደረግ አለበት፡፡ ሃኪምዎ ይህንን ፋይል ሪፖርት ማድረግ አለበት ወይም እርስዎ ራስዎ የ VAERS ድህረ ገጽን በ www. vaers.hhs.gov, በመጠቀም ወይም በ 1-800-822 7967 መደወል ይችላሉ፡፡",ከዚያ በኋላ የአለርጂው ምልክት ለ “Vaccine Adverse Event Reporting System” (VAERS) ሪፖርት መደረግ አለበት፡
በክትባት ጉዳት ለደረሰባቸው ሰዎች ካሳ የሚሰጥ ድርጅት ማን ይባላል?,የ National Vaccine Injury Compensation Program (VICP) የፌደራል ፕሮግራም ሲሆን በክትባት ጉዳት ለደረሰባቸው ሰዎች ካሳ የሚሰጥ ነው፡፡, National Vaccine Injury Compensation Program (VICP)
በክትባት ጉዳት እንደደረሰባቸው የሚያስቡ ሰዎች ማንን መጠየቅ ይችላሉ?,በክትባት ጉዳት እንደደረሰባቸው የሚያስቡ ሰዎች ስለ ፕሮግራሙ ለማወቅ እና መጠየቂያ ለመሙላት በ 1-800 338-2382 ይደውሉ ወይም የ VICP ድረ ገጽን በ ይጎብኙwww.hrsa.gov/vaccinecompensation፡፡ የካሳ ጥያቄ ለመጠየቅ የጊዜ ገደብ አለው፡፡,በ 1-800 338-2382 ይደውሉ ወይም የ VICP ድረ ገጽን በ ይጎብኙwww.hrsa.gov/vaccinecompensation፡፡
በክትባት ጉዳት እንደደረሰባቸው የሚያስቡ ሰዎች ካሳ ለመጠየቅ የጊዜ ገደብ አለውን?,በክትባት ጉዳት እንደደረሰባቸው የሚያስቡ ሰዎች ስለ ፕሮግራሙ ለማወቅ እና መጠየቂያ ለመሙላት በ 1-800 338-2382 ይደውሉ ወይም የ VICP ድረ ገጽን በ ይጎብኙwww.hrsa.gov/vaccinecompensation፡፡ የካሳ ጥያቄ ለመጠየቅ የጊዜ ገደብ አለው፡፡,አው።የካሳ ጥያቄ ለመጠየቅ የጊዜ ገደብ አለው፡፡
Meningococcal (ሜኒንጆኮካል) በሽታ ምን አይነት በሽታ ነው?,Meningococcal (ሜኒንጆኮካል) በሽታ ከባድ የሆነ በሽታ ሲሆን Neisseria meningitidis (ኒዬየሴሪያ ሜኒንጃይተስ) በሚባል ባክቴሪያ አማካይነት የሚፈጠር ነው።,Meningococcal (ሜኒንጆኮካል) በሽታ ከባድ የሆነ በሽታ ሲሆን Neisseria meningitidis (ኒዬየሴሪያ ሜኒንጃይተስ) በሚባል ባክቴሪያ አማካይነት የሚፈጠር ነው።
Meningococcal (ሜኒንጆኮካል) በሽታ መነሻ ምንድን ነው?,Meningococcal (ሜኒንጆኮካል) በሽታ ከባድ የሆነ በሽታ ሲሆን Neisseria meningitidis (ኒዬየሴሪያ ሜኒንጃይተስ) በሚባል ባክቴሪያ አማካይነት የሚፈጠር ነው።,Neisseria meningitidis (ኒዬየሴሪያ ሜኒንጃይተስ) በሚባል ባክቴሪያ አማካይነት የሚፈጠር ነው።
 Meningococcal (ሜኒንጆኮካል) በሽታ ለምን ሊዳርግ ይችላል?,ለሜኒንጃይተስ (የአእምሮ እና የህብለ ሰረሰር መስመር ኢንፌክሽን) እና ለደም ኢንፌክሽን ሊዳርግ ይችላል። Meningococcal (ሜኒንጆኮካል) በሽታ አብዛኛውን ጊዜ ያለምንም ማስጠንቀቂያ የሚፈጠር ሲሆን ጤናማ በሆኑ ሰዎች ላይ ይከሰታል።,ለሜኒንጃይተስ (የአእምሮ እና የህብለ ሰረሰር መስመር ኢንፌክሽን) እና ለደም ኢንፌክሽን ሊዳርግ ይችላል።
Meningococcal (ሜኒንጆኮካል) በሽታ ያለማስጠንቀቂያ ሊፈጠር ይችላልን?,ለሜኒንጃይተስ (የአእምሮ እና የህብለ ሰረሰር መስመር ኢንፌክሽን) እና ለደም ኢንፌክሽን ሊዳርግ ይችላል። Meningococcal (ሜኒንጆኮካል) በሽታ አብዛኛውን ጊዜ ያለምንም ማስጠንቀቂያ የሚፈጠር ሲሆን ጤናማ በሆኑ ሰዎች ላይ ይከሰታል።,አው። Meningococcal (ሜኒንጆኮካል) በሽታ አብዛኛውን ጊዜ ያለምንም ማስጠንቀቂያ ይፈጠራል።
Meningococcal በሽታ ከሰው ወደ ሰው እንዴት ሊተላለፍ ይችላል?,Meningococcal በሽታ ከሰው ወደ ሰው ቅርብ በሆነ ንክኪ (በማሳል ወይም በመሳሳም) ወይም በረጅም ንክኪ፣ በተለይ አንድ ቤት ውስጥ በሚኖሩ ሰዎች መሃከል ሊስፋፋ ይችላል።,በማሳል ወይም በመሳሳም) ወይም በረጅም ንክኪ፣
Meningococcal በሽታ ከሰው ወደ ሰው መተላለፍ መቼ ሊስፋፋ ይችላል?,Meningococcal በሽታ ከሰው ወደ ሰው ቅርብ በሆነ ንክኪ (በማሳል ወይም በመሳሳም) ወይም በረጅም ንክኪ፣ በተለይ አንድ ቤት ውስጥ በሚኖሩ ሰዎች መሃከል ሊስፋፋ ይችላል።,በተለይ አንድ ቤት ውስጥ በሚኖሩ ሰዎች መሃከል ሊስፋፋ ይችላል።
ኒዬየሴሪያ ሜኒንጃይተስ(N. meningitidis) ቫክተሪያ ስንት አይነት ናቸው?,ቢያንስ 12 አይነት ኒዬየሴሪያ ሜኒንጃይተስ(N. meningitidis) ያሉ ሲሆን “serogroups” በመባል ይጠራሉ። Serogroups A፣ B፣ C፣ W፣ እና Y አብዛኛውን የ meningococcal ህመም የሚፈጥሩ ናቸው።,ቢያንስ 12 አይነት ኒዬየሴሪያ ሜኒንጃይተስ(N. meningitidis) ያሉ ሲሆን “serogroups” በመባል ይጠራሉ። 
ኒዬየሴሪያ ሜኒንጃይተስ(N. meningitidis) ቫክተሪያ ምን ተብለው ሊጠሩ ይችላሉ?,ቢያንስ 12 አይነት ኒዬየሴሪያ ሜኒንጃይተስ(N. meningitidis) ያሉ ሲሆን “serogroups” በመባል ይጠራሉ። Serogroups A፣ B፣ C፣ W፣ እና Y አብዛኛውን የ meningococcal ህመም የሚፈጥሩ ናቸው።,ቢያንስ 12 አይነት ኒዬየሴሪያ ሜኒንጃይተስ(N. meningitidis) ያሉ ሲሆን “serogroups” በመባል ይጠራሉ። 
Serogroups መካከል የትኛቹ ሜኒንጆኮካል ሊያመጡ ይችላሉ?,Serogroups A፣ B፣ C፣ W፣ እና Y አብዛኛውን የ meningococcal ህመም የሚፈጥሩ ናቸው።,Serogroups A፣ B፣ C፣ W፣ እና Y አብዛኛውን የ meningococcal ህመም የሚፈጥሩ ናቸው።
Meningococcal (ሜኒንጆኮካል) በሽታ በማን ላይ ሊከሰት ይችላል?,ሁሉም ሰው የ meningococcal በሽታ ሊያዝ ይችላል ነገር ግን አንዳንድ ሰዎች ከሌላ በተለየ የበለጠ ስጋት:ከአንድ ዓመት በላይ የሆኑ ህጻናት፡ከ 16 እስከ 23 ዓመት ውስጥ ያሉ ጎረምሶችና ወጣቶች ፡የሰውነት የመከላከል አቅምን የሚጎዳ በሽታ ታማሚዎች፡ከ N. meningitidis ጋር ተለይተው የሚሰሩ ማይክሮ ባዮሎጂስቶች፡ በወረርሽኝ ጊዜ ስጋት ውስጥ ያሉ ሰዎች,ሁሉም ሰው የ meningococcal በሽታ ሊያዝ ይችላል ነገር ግን አንዳንድ ሰዎች ከሌላ በተለየ የበለጠ ስጋት:
Meningococcal (ሜኒንጆኮካል) በሽታ ምን አይነት የህብረተሰብ ክፍሎች የበለጠ ተጋላጭ ናቸው?,ሁሉም ሰው የ meningococcal በሽታ ሊያዝ ይችላል ነገር ግን አንዳንድ ሰዎች ከሌላ በተለየ የበለጠ ስጋት:ከአንድ ዓመት በላይ የሆኑ ህጻናት፡ከ 16 እስከ 23 ዓመት ውስጥ ያሉ ጎረምሶችና ወጣቶች ፡የሰውነት የመከላከል አቅምን የሚጎዳ በሽታ ታማሚዎች፡ከ N. meningitidis ጋር ተለይተው የሚሰሩ ማይክሮ ባዮሎጂስቶች፡ በወረርሽኝ ጊዜ ስጋት ውስጥ ያሉ ሰዎች,ከአንድ ዓመት በላይ የሆኑ ህጻናት፡ከ 16 እስከ 23 ዓመት ውስጥ ያሉ ጎረምሶችና ወጣቶች ፡የሰውነት የመከላከል አቅምን የሚጎዳ በሽታ ታማሚዎች፡ከ N. meningitidis ጋር ተለይተው የሚሰሩ ማይክሮ ባዮሎጂስቶች፡ በወረርሽኝ ጊዜ ስጋት ውስጥ ያሉ ሰዎች
Meningococcal (ሜኒንጆኮካል) በሽታ ምን ያክል ሰዎችን ሊገድል ይችላል?,በሚታከምበትም ጊዜ፣ በሽታ ከ 100 ሰዎች ውስጥ ከ 10 እስከ 15 የሚሆኑትን ይገድላል። ከተረፉት 100 ውስጥ ሰዎች ከ10 እስከ 20 ሰዎች እንደ የመስማት ችግር፣ የአእምሮ ጉዳት፣ የኩላሊት ጉዳት፣ እግር መቆረጥ፣ የነርቨስ ሲስተም ችግሮች ወይም ከቆዳ ችግር የተነሳ ጠባሳ ችግሮች ያጋጥማቸዋል።,በሚታከምበትም ጊዜ፣ በሽታ ከ 100 ሰዎች ውስጥ ከ 10 እስከ 15 የሚሆኑትን ይገድላል።
Meningococcal (ሜኒንጆኮካል) በሽታ ምን አይነት ተጓዳኝ ችግር ሊፈጥር ይችላል?,በሚታከምበትም ጊዜ፣ በሽታ ከ 100 ሰዎች ውስጥ ከ 10 እስከ 15 የሚሆኑትን ይገድላል። ከተረፉት 100 ውስጥ ሰዎች ከ10 እስከ 20 ሰዎች እንደ የመስማት ችግር፣ የአእምሮ ጉዳት፣ የኩላሊት ጉዳት፣ እግር መቆረጥ፣ የነርቨስ ሲስተም ችግሮች ወይም ከቆዳ ችግር የተነሳ ጠባሳ ችግሮች ያጋጥማቸዋል።, የመስማት ችግር፣ የአእምሮ ጉዳት፣ የኩላሊት ጉዳት፣ እግር መቆረጥ፣ የነርቨስ ሲስተም ችግሮች ወይም ከቆዳ ችግር የተነሳ ጠባሳ ችግሮች ያጋጥማቸዋል
ከ 100 ሰዎች ውስጥ የMeningococcal (ሜኒንጆኮካል) በሽታ ምን ያክል ሰዎችን ሊገድል ይችላል?,በሚታከምበትም ጊዜ፣ በሽታ ከ 100 ሰዎች ውስጥ ከ 10 እስከ 15 የሚሆኑትን ይገድላል። ከተረፉት 100 ውስጥ ሰዎች ከ10 እስከ 20 ሰዎች እንደ የመስማት ችግር፣ የአእምሮ ጉዳት፣ የኩላሊት ጉዳት፣ እግር መቆረጥ፣ የነርቨስ ሲስተም ችግሮች ወይም ከቆዳ ችግር የተነሳ ጠባሳ ችግሮች ያጋጥማቸዋል።,ከ 100 ሰዎች ውስጥ ከ 10 እስከ 15 የሚሆኑትን ይገድላል
meningococcal በሽታ ፈጣሪ የሆኑትን ቫክተሪያዎች ምን ሊያጠፋቸው ይችላል?,"Meningococcal ACWY ክትባት meningococcal በሽታ ፈጣሪ የሆኑትን serogroups A, C, W, እና Y ን ይከላከላል። የተለየ የ meningococcal ክትባት ከ serogroup B የሚከላከል ክትባት ነው።",Meningococcal ACWY ክትባት
Meningococcal conjugate ክትባት (MenACWY) ከምግብ እና መድሀኒት አስተዳደር (FDA) ፈቃድ አለው ወይ?,"Meningococcal conjugate ክትባት (MenACWY) ምግብ እና መድሀኒት አስተዳደር (FDA) ፈቃድ ያለው ሲሆን ከ serogroups A, C, W, እና Y ይከላከላል።","Meningococcal conjugate ክትባት (MenACWY) ምግብ እና መድሀኒት አስተዳደር (FDA) ፈቃድ ያለው ሲሆን ከ serogroups A, C, W, እና Y ይከላከላል።"
ከ 11 እስከ 18 ዓመት ዕድሜ ላይ ለሚገኙ ታዳጊዎች ስንት ክትባት ይመከራል?,ከ 11 እስከ 18 ዓመት ዕድሜ ላይ ለሚገኙ ታዳጊዎች ሁለት የ MenACWY ዶሶች በተደጋጋሚ ይመከራሉ: የመጀመሪያው ዶስ ለ 11 ወይም ለ 12 ዓመት፣ ለ 16 ዓመት ደግሞ የጨመረ ዶስ። አንዳንድ ታዳጊዎች፣ HIV ያለባቸውንም ጨምሮ፣ ተጨማሪ ዶስ ማግኘት አለባቸው። ለበለጠ መረጃ የህክምና እንክብካቤ ሰጪዎን ያማክሩ።,ከ 11 እስከ 18 ዓመት ዕድሜ ላይ ለሚገኙ ታዳጊዎች ሁለት የ MenACWY ዶሶች በተደጋጋሚ ይመከራሉ:
MenACWY ክትባት ከታዳጊዎች በተጨማሪ ለማን መስጠት አስፈላጊ ነው?,"በ serogroup A፣ C፣ W፣ ወይም Y meningococcal በሽታ ወረርሽኝ ጊዜ ለአደጋ የሚጋለጡ ሰዎች፡በ HIV (ኤችአይቪ) የተያዙ ሰዎች፡ማንኛውም ቆሽቱ የተጎዳ ወይም የወጣ እንዲሁም የ sickle 
ሴል በሽታ ያለበት ሰው፡ማንኛውም eculizumab (ወይም Soliris®) የሚባል መድሀኒት 
የሚወስድ ሰው፡","በ serogroup A፣ C፣ W፣ ወይም Y meningococcal በሽታ ወረርሽኝ ጊዜ ለአደጋ የሚጋለጡ ሰዎች፡በ HIV (ኤችአይቪ) የተያዙ ሰዎች፡ማንኛውም ቆሽቱ የተጎዳ ወይም የወጣ እንዲሁም የ sickle 
ሴል በሽታ ያለበት ሰው፡ማንኛውም eculizumab (ወይም Soliris®) የሚባል መድሀኒት 
የሚወስድ ሰው፡"
MenACWY ክትባት ለማን መስጠት ተገቢ አይደለም?,ክትባቱን ለሚስጥዎ ሰዎ ምንም አይነት ህይወትን አደጋ ላይ ሊጥል የሚችል አለርጂክ ያለብዎ ከሆነ ያሳውቁ። ከዚህ በፊት ከወሰዱት ከ meningococcal ACWY ክትባት ዶስ የተነሳ ህይወትን አደጋ ላይ የሚጥል አለርጂ ከተነሳብዎ ወይም ከዚህ ክትባት ጋር በተያያዘ ከባድ አለርጂ አጋጥምዎ የሚያውቅ ከሆነ፣ ይህንን ክትባት አይውሰዱ። ስለ ክትባቱ ይዘቶች ክትባት ሰጪዎ ሊነግርዎት ይችላል።,ክትባቱን ለሚስጥዎ ሰዎ ምንም አይነት ህይወትን አደጋ ላይ ሊጥል የሚችል አለርጂክ ያለብዎ ከሆነ፡ከበድ ያለ ወይም በጣም ህመም ላይ ከሆኑ
እርጉዝ ለሆነች ወይም ለምታጠባ ሴት MenACWY ክትባት መስጠት ስጋት ሊኖረው ይችላልን?,እርጉዝ ለሆነች ወይም ለምታጠባ ሴት ስለዚህ ክትባት ብዙ የሚታወቅ ስጋት የለም። ነገር ግን እርግዝና እና ማጥባት የ MenACWY ክትባትን ላለመውሰድ ምክንያት አይደለም። እርጉዝ ወይም የምታጠባ ሴት ከፍ ያለ በ meningococcal የመያዝ እድል ያላት እንደሆነ ክትባቱን መውሰድ አለባት።,እርጉዝ ለሆነች ወይም ለምታጠባ ሴት ስለዚህ ክትባት ብዙ የሚታወቅ ስጋት የለም። 
ከባድ ያልሆነ ህመም ማለትም እንደ ጉንፋን ያለ ህመም ካለብዎ MenACWY ክትባት መውሰደ ተገቢ ነውን?,ከባድ ያልሆነ ህመም ማለትም እንደ ጉንፋን ያለ ህመም ካለብዎ ዛሬውኑ ክትባቱን ሊያገኙ ይችላሉ። ከበድ ያለ ወይም በጣም ህመም ላይ ከሆኑ፣ እስኪሻልዎ ድረስ ይጠብቁ። ሀኪምዎ ሊያማክርዎ ይችላል,ከባድ ያልሆነ ህመም ማለትም እንደ ጉንፋን ያለ ህመም ካለብዎ ዛሬውኑ ክትባቱን ሊያገኙ ይችላሉ። 
የMenACWY ክትባት የጎንዮሽ ጉዳት ምን አይነት ሊሆኑ ይችላሉ?,ክትባትን ጨምሮ በሁሉም መድሀኒቶች የጎንዮሽ ጉዳት የመፈጠር እድል አለ። እነዚህ መለስተኛ ሲሆኑ በትንሽ ቀናት ውስጥ በራሳቸው የሚጠፉ ናቸው፤ ነገር ግን ከባድ ህመም ሊፈጠር ይችላል።Meningococcal ACWY ክትባትን ከሚወስዱ ግማሽ ሰዎች ከክትባት በኋላ መለስተኛ ህመም የተወጋበት ቦታ ላይ መቅላት መይም መቁሰል ያጋጥማቸዋል። እነዚህ ችግሮች የሚጠሩ ከሆነ፣ ከ 1 እስከ 2 ቀናት ድረስ ይቆያሉ።,ክትባትን ጨምሮ በሁሉም መድሀኒቶች የጎንዮሽ ጉዳት የመፈጠር እድል አለ። እነዚህ መለስተኛ ሲሆኑ በትንሽ ቀናት ውስጥ በራሳቸው የሚጠፉ ናቸው፤ ነገር ግን ከባድ ህመም ሊፈጠር ይችላል።
የMenACWY ክትባት ከሚወስዱ ሰዎች ምን ያክል ፐርሰንት ህመም ሊሰማቸው ይችላል?,ክትባቱን ከሚወስዱ ሰዎች ውስጥ ዝቅተኛ ፐርሰንት ያላቸው ሰዎች የጡንቻ እና መገጣጠሚያ ህመም ይሰማቸዋል።,ዝቅተኛ ፐርሰንት ያላቸው ሰዎች የጡንቻ እና መገጣጠሚያ ህመም ይሰማቸዋል።
የትኛውንም ክትባት ከወሰዱ በኋላ የሚያጋጥሙ ችግሮች ምንድን ናቸው?,"ከህክምና በኋላ፣ ክትባትን ጨምሮ ሰዎች አንዳንድ ጊዜ ራሳቸውን ይስታሉ። ለ15 ደቂቃ መቀመጥ ወይም መተኛት ራስን መሳት እንዲሁም በመውደቅ የሚመጣውን ጉዳት ይከላከላል።የሚያዞርዎ ከሆነ ወይም የእይታ ችግር ካለ ለሀኪምዎ ያሳውቁ።አንዳንድ ሰዎች ትከሻ ላይ ከበድ ያለ ህመም ሲሰማቸው 
የተወጉበት አጃቸውን ማንቀሳቀስ ያስቸግራቸዋል። ይህ አልፎ 
አልፎ የሚከሰት ነው።",ሰዎች አንዳንድ ጊዜ ራሳቸውን ይስታሉ።
ከበድ ያለ ህመም ሲሰማቸው የተወጉበት አጃቸውን ማንቀሳቀስ ያስቸገራቸው ሰዎች ስንት ጊዜ ሊከሰት ይችላል?,"ከህክምና በኋላ፣ ክትባትን ጨምሮ ሰዎች አንዳንድ ጊዜ ራሳቸውን ይስታሉ። ለ15 ደቂቃ መቀመጥ ወይም መተኛት ራስን መሳት እንዲሁም በመውደቅ የሚመጣውን ጉዳት ይከላከላል።የሚያዞርዎ ከሆነ ወይም የእይታ ችግር ካለ ለሀኪምዎ ያሳውቁ።አንዳንድ ሰዎች ትከሻ ላይ ከበድ ያለ ህመም ሲሰማቸው 
የተወጉበት አጃቸውን ማንቀሳቀስ ያስቸግራቸዋል። ይህ አልፎ 
አልፎ የሚከሰት ነው።",አንዳንድ ሰዎች ትከሻ ላይ ከበድ ያለ ህመም ሲሰማቸው የተወጉበት አጃቸውን ማንቀሳቀስ ያስቸግራቸዋል። ይህ አልፎ አልፎ የሚከሰት ነው።
ክትባት በጣም ከባድ ጉዳት ወይም ሞት ሊያመጣ ይችላልን?,እንደ ሌላው መድኃኒት፣ ክትባት በጣም ከባድ ጉዳት ወይም ሞት የሚያስከስትልበት በጣም ጠባብ እድል አለ፡፡,አው።እንደ ሌላው መድኃኒት፣ ክትባት በጣም ከባድ ጉዳት ወይም ሞት የሚያስከስትልበት በጣም ጠባብ እድል አለ፡፡
ክትባት ከተወሰደ በኋላ ከባድ አለርጂ ቢከሰት ምን ማድረግ አስፈላጊ ነው?,ከባድ የሆነ የአለርጂክ ምልክት ወይም ሊቆይ የማይችል አስቸኳይ ከመሰለዎት 9-1-1 በመደወል አቅራቢያ ወዳለው ሆስፒታል ይሂዱ፡፡ካለበለዚያ ሀኪምዎ ጋር ይደውሉ።ከዚያ በኋላ የአለርጂው ምልክት ለ “Vaccine Adverse Event Reporting System” (VAERS) ሪፖርት መደረግ አለበት። ሃኪምዎ ይህንን ፋይል ሪፖርት ማድረግ አለበት ወይም እርስዎ ራስዎ የ VAERS ድረ ገጽን በ www.vaers.hhs.gov፣ በመጠቀም ወይም በ 1-800-822-7967 መደወል ይችላሉ፡,ከባድ የሆነ የአለርጂክ ምልክት ወይም ሊቆይ የማይችል አስቸኳይ ከመሰለዎት 9-1-1 በመደወል አቅራቢያ ወዳለው ሆስፒታል ይሂዱ፡፡ካለበለዚያ ሀኪምዎ ጋር ይደውሉ።
ከባድ አለርጂ ተከሰተ የሚባለው እንዴት ነው?,ከፍተኛ የሆነ አለርጂክ አንደ ሀይቭ፣ የፊት እና ጉሮሮ ማበጥ፣ የመተንፈስ ችግር፣ ከፍተኛ የልብ ምት፣ ማዞር እና ድካም የሚያካትት ሲሆን — ክትባቱን በወሰዱ በጥቂት ደቂቃዎች ወይም ሰአቶች ውስጥ ነው።,ከፍተኛ የሆነ አለርጂክ አንደ ሀይቭ፣ የፊት እና ጉሮሮ ማበጥ፣ የመተንፈስ ችግር፣ ከፍተኛ የልብ ምት፣ ማዞር እና ድካም የሚያካትት ሲሆን — ክትባቱን በወሰዱ በጥቂት ደቂቃዎች ወይም ሰአቶች ውስጥ ነው።
 በአንዳንድ ክትባቶች ምክንያት ጉዳት የደረሰባቸውን ሰዎች የሚክስ ድርጅት ምን ተብሎ ይጠራል?,ብሄራዊ የክትባት ጉዳት ካሳ ፕሮግራም (VICP) የፌደራል ፕሮግራም ሲሆን በአንዳንድ ክትባቶች ምክንያት ጉዳት የደረሰባቸውን ሰዎች የሚክስ ድርጅት ነው።,ብሄራዊ የክትባት ጉዳት ካሳ ፕሮግራም (VICP) የፌደራል ፕሮግራም
በአንድ ክትባት ምክንያት ጉዳት ደርሶብናል ብለው የሚያስቡ ሰዎች ስለ ጉዳቱ እንዴት መጠየቅ ይችላሉ?,በአንድ ክትባት ምክንያት ጉዳት ደርሶብናል ብለው የሚያስቡ ሰዎች ስለ ፕሮራሙ መማር እና እንዴት የይገባኛል ፎርም መሙላት አንዳለባቸው መማር ይችላሉ። 1-800-338-2382 ላይ በመደወል ወይም VICP ድረገጽን በመጎብኘት www.hrsa.gov/ vaccinecompensation. የካሳ ይግባኝ ጥያቄ የማቅረቢያ የጊዜ ገደብ አለ።,1-800-338-2382 ላይ በመደወል ወይም VICP ድረገጽን በመጎብኘት www.hrsa.gov/ vaccinecompensation. የካሳ ይግባኝ ጥያቄ የማቅረቢያ የጊዜ ገደብ አለ።
የጥርስ ህመም ምልክቶች ምንድን ናቸው?,የጥርስ እንክብካቤ ምልክቶች የሚከተሉትን ያካትታሉ፡ በጥርስ ውስጥ ምታት፣ ጨናቈቀት፣ የራስ ማዞር፣ የአይን ግርግር፣ እና በክንፍ ማቅለጥ።,የጥርስ እንክብካቤ ምልክቶች የሚከተሉትን ያካትታሉ፡ በጥርስ ውስጥ ምታት፣ ጨናቈቀት፣ የራስ ማዞር፣ የአይን ግርግር፣ እና በክንፍ ማቅለጥ።
ኢንፍሉዌንዛ እንዴት ማስተካከል ይቻላል?,ኢንፍሉዌንዛን ለማስተካከል በሙቀት ማቆየት ያስፈልጋል፣ ብዛት ፈሳሽ እና ሚዛን ይጠጡ፣ ሩብ መጠቀም ያስደርጉ፣ እና በ3-7 ቀናት ውስጥ ሊያሻሽል ይችላል።,ኢንፍሉዌንዛን ለማስተካከል በሙቀት ማቆየት ያስፈልጋል፣ ብዛት ፈሳሽ እና ሚዛን ይጠጡ፣ ሩብ መጠቀም ያስደርጉ፣ እና በ3-7 ቀናት ውስጥ ሊያሻሽል ይችላል።
የህፃናት ጤና ለመጠበቅ ምን ማድረግ አለብኝ?,ህፃናትን ለመጠበቅ በየቀኑ በተመጣጣኝ ሁኔታ የስፖርት እንቅስቃሴ አድርጉ፣ ጤናማ ምግቦችን ይመገቡ (ፍራፍሬ፣ አሰላ፣ አትክልት)፣ እና በተገበረው ጊዜ ማረም ያድርጉ።,ህፃናትን ለመጠበቅ በየቀኑ በተመጣጣኝ ሁኔታ የስፖርት እንቅስቃሴ አድርጉ፣ ጤናማ ምግቦችን ይመገቡ (ፍራፍሬ፣ አሰላ፣ አትክልት)፣ እና በተገበረው ጊዜ ማረም ያድርጉ።
የአእምሮ ጤና ማለት ምን ማለት ነዉ? ,የአእምሮ ጤና ማለት እምቅ ችሎታን ለማውጣት፤ በስራ ውጤታማ ለመሆን፤ ለማህበረሰብ አስተዋጽኦ ለማድረግ፤ እና የእለት ተዕለት ጫናዎችን ለመቋቋም የሚያስችል የጤንነት ሁኔታ ውስጥ መሆን ነዉ፡፡ ,የአእምሮ ጤና ማለት እምቅ ችሎታን ለማውጣት፤ በስራ ውጤታማ ለመሆን፤ ለማህበረሰብ አስተዋጽኦ ለማድረግ፤ እና የእለት ተዕለት ጫናዎችን ለመቋቋም የሚያስችል የጤንነት ሁኔታ ውስጥ መሆን ነዉ፡፡ 
የአዕምሮ ህመም ማለት ምን ማለት ነዉ?,የአዕምሮ ህመም ማለት ከተለመደዉና ትክክለኛ ከሚበለዉ የአስተሳሰብ ፤የስሜት ወይም የባህርይ ለዉጥ ቅንብር ሲኖር እና ከዚህም የተነሳ የዕለት ተዕለት ሥራ ወይም ሌሎች ማህበራዊ ሚናዎችን መወጣት መሳንን የሚያመጣ የአእምሮ ጤና ችግር መታየት ነው፡፡,የአዕምሮ ህመም ማለት ከተለመደዉና ትክክለኛ ከሚበለዉ የአስተሳሰብ ፤የስሜት ወይም የባህርይ ለዉጥ ቅንብር ሲኖር እና ከዚህም የተነሳ የዕለት ተዕለት ሥራ ወይም ሌሎች ማህበራዊ ሚናዎችን መወጣት መሳንን የሚያመጣ የአእምሮ ጤና ችግር መታየት ነው፡፡
የአእምሮ ህመሞችን ዘርዝር,የሚጥል የአንጎል ህመም፣የህጻናትና አፍላ ወጣቶች የአእምሮ ህመም፣ ሱስ አምጪ በሆኑ ነገሮች ሱስ የመጠመድ ችግሮች,የሚጥል የአንጎል ህመም፣የህጻናትና አፍላ ወጣቶች የአእምሮ ህመም፣ ሱስ አምጪ በሆኑ ነገሮች ሱስ የመጠመድ ችግሮች
ከባድ የአእመሮ ህምመሞች የሚባሉት ምን ምን ናቸዉ?,ሰኪዞፍሬኒና ባይፖላር እና ከፍተኛ ድባቴ የሚባሉ የአእምሮ ህመሞች ,ሰኪዞፍሬኒና ባይፖላር እና ከፍተኛ ድባቴ የሚባሉ የአእምሮ ህመሞች 
ስኳር በሽታ ምንድን ነው?,ስኳር በሽታ ማለት በደማችን ውስጥ ያለው የግሉኮስ (የስኳር) መጠን ሲበዛ ነው።ኢንሱሊን የተባለው ሆርሞን በአግባቡ ባለመስራቱ ይከሰታል።,ስኳር በሽታ ማለት በደማችን ውስጥ ያለው የግሉኮስ (የስኳር) መጠን ሲበዛ ነው።ኢንሱሊን የተባለው ሆርሞን በአግባቡ ባለመስራቱ ይከሰታል።
የስኳር በሽታ ምልክቶች ምንድን ናቸው?,ከፍተኛ የውሃ ጥማት፡ተደጋጋሚ የሽንት ፍላጎት (በተለይ በሌሊት)፡ከፍተኛ የራብ ስሜት፡ያለ ምክንያት የሰውነት ክብደት መቀነስ፡የእይታ መደብዘዝ፡የመደንዘዝ ወይም የማቃጠል ስሜት,ከፍተኛ የውሃ ጥማት፡ተደጋጋሚ የሽንት ፍላጎት (በተለይ በሌሊት)፡ከፍተኛ የራብ ስሜት፡ያለ ምክንያት የሰውነት ክብደት መቀነስ፡የእይታ መደብዘዝ፡የመደንዘዝ ወይም የማቃጠል ስሜት
ራስን እንዴት ከስኳር በሽታ መከላከል ይቻላል?),ጣፋጭ ምግቦችንና መጠጦችን መቀነስ፡ፋይበር ያላቸው ምግቦች መመገብ፡በየቀኑ ቢያንስ ለ30 ደቂቃ መንቀሳቀስ፡የሰውነት ክብደትን መቆጣጠር፡የደም ስኳር መጠንን በየጊዜው መለካት።,ጣፋጭ ምግቦችንና መጠጦችን መቀነስ፡ፋይበር ያላቸው ምግቦች መመገብ፡በየቀኑ ቢያንስ ለ30 ደቂቃ መንቀሳቀስ፡የሰውነት ክብደትን መቆጣጠር፡የደም ስኳር መጠንን በየጊዜው መለካት።
ኩላሊት ምንድን ነው?,ኩላሊት በሰውነታችን ውስጥ ያለውን ደም የሚያጣራና አላስፈላጊ ቆሻሻን በሽንት መልክ የሚያስወጣ አካል ነው።,ኩላሊት በሰውነታችን ውስጥ ያለውን ደም የሚያጣራና አላስፈላጊ ቆሻሻን በሽንት መልክ የሚያስወጣ አካል ነው።
ራስን እንዴት ከደም ግፊት መከላከል ይቻላል?,የጨው አጠቃቀምን መቀነስ፡ጤናማ አመጋገብ (አትክልትና ፍራፍሬ) መመገብ፡የሰውነት እንቅስቃሴ ማድረግ፡ከመጠን በላይ ውፍረትን መቀነስ፡ጭንቀትን መቀነስ እና በቂ እንቅልፍ ማግኘት,የጨው አጠቃቀምን መቀነስ፡ጤናማ አመጋገብ (አትክልትና ፍራፍሬ) መመገብ፡የሰውነት እንቅስቃሴ ማድረግ፡ከመጠን በላይ ውፍረትን መቀነስ፡ጭንቀትን መቀነስ እና በቂ እንቅልፍ ማግኘት
(የደም ግፊት ምልክቶች ምንድን ናቸው?,ከባድ ራስ ምታት;የእይታ መደብዘዝ;የልብ ምት መዛባት;የትንፋሽ ማጠር;ድካም እና ግራ መጋባት,ከባድ ራስ ምታት;የእይታ መደብዘዝ;የልብ ምት መዛባት;የትንፋሽ ማጠር;ድካም እና ግራ መጋባት
የመፀነሻ ቀናት ግንዛቤ ምንድን ነው?,የፅንስ ቀናት ግንዛቤ ማንኛውንም መድሃኒት ወይም መሳሪያ ሳይጠቀሙ እርግዝናን ለመከላከል ያስችልዎታል። ተፈጥሮኣዊ የቤተሰብ ምጣኔ (NFP) የፅንስ ቀናት ግንዝቤ ሌላኛው ስሙ ነው።,የፅንስ ቀናት ግንዛቤ ማንኛውንም መድሃኒት ወይም መሳሪያ ሳይጠቀሙ እርግዝናን ለመከላከል ያስችልዎታል።
የወሊድ መቆጣጠሪያ መቼ ሊወሰድ ይችላል?,የፅንስ ቀናት ግንዛቤ ከሌሎች የወሊድ መከላከያ ዓይነቶች ይለያል። የወሊድ መቆጣጠሪያ የወንድ የዘር ፍሬ ከእንቁላል ጋር እንዳይገናኝ ይከላከላል። አብዛኛው የወሊድ መቆጣጠሪያ የግብረ ሥጋ ግንኙነት በፈፀሙ ቁጥር ጥቅም ላይ መዋል አለበት። የመፀነሻ ቀናት ግንዛቤ የእርስዎ ከፍተኛ የመፅነስ እድል መቼ እንደሆነ ያስገነዝብዎታል። እነዚህ መፅነስ የሚችሉባቸው ቀናቶች ናቸው። የመፀነሻ ቀናት ግንዛቤ በወሊድ ቀናትዎ በሴት ብልቶ የሚደረግ የግብረ ሥጋ ግንኙነት እንዲያስወግዱ ይጠይቃል።,አብዛኛው የወሊድ መቆጣጠሪያ የግብረ ሥጋ ግንኙነት በፈፀሙ ቁጥር ጥቅም ላይ መዋል አለበት
የመፀነሻ ቀናት ግንዛቤ ልዩ የሚያደርገው ምንድ ነው?,የፅንስ ቀናት ግንዛቤ ከሌሎች የወሊድ መከላከያ ዓይነቶች ይለያል። የወሊድ መቆጣጠሪያ የወንድ የዘር ፍሬ ከእንቁላል ጋር እንዳይገናኝ ይከላከላል። አብዛኛው የወሊድ መቆጣጠሪያ የግብረ ሥጋ ግንኙነት በፈፀሙ ቁጥር ጥቅም ላይ መዋል አለበት። የመፀነሻ ቀናት ግንዛቤ የእርስዎ ከፍተኛ የመፅነስ እድል መቼ እንደሆነ ያስገነዝብዎታል። እነዚህ መፅነስ የሚችሉባቸው ቀናቶች ናቸው። የመፀነሻ ቀናት ግንዛቤ በወሊድ ቀናትዎ በሴት ብልቶ የሚደረግ የግብረ ሥጋ ግንኙነት እንዲያስወግዱ ይጠይቃል።,የፅንስ ቀናት ግንዛቤ ከሌሎች የወሊድ መከላከያ ዓይነቶች ይለያል። የወሊድ መቆጣጠሪያ የወንድ የዘር ፍሬ ከእንቁላል ጋር እንዳይገናኝ ይከላከላል።የመፀነሻ ቀናት ግንዛቤ በወሊድ ቀናትዎ በሴት ብልቶ የሚደረግ የግብረ ሥጋ ግንኙነት እንዲያስወግዱ ይጠይቃል።
የወሊድ መቆጣጠሪያ እንዴት ወሊድን ይቆጣጠራል?,የፅንስ ቀናት ግንዛቤ ከሌሎች የወሊድ መከላከያ ዓይነቶች ይለያል። የወሊድ መቆጣጠሪያ የወንድ የዘር ፍሬ ከእንቁላል ጋር እንዳይገናኝ ይከላከላል። አብዛኛው የወሊድ መቆጣጠሪያ የግብረ ሥጋ ግንኙነት በፈፀሙ ቁጥር ጥቅም ላይ መዋል አለበት። የመፀነሻ ቀናት ግንዛቤ የእርስዎ ከፍተኛ የመፅነስ እድል መቼ እንደሆነ ያስገነዝብዎታል። እነዚህ መፅነስ የሚችሉባቸው ቀናቶች ናቸው። የመፀነሻ ቀናት ግንዛቤ በወሊድ ቀናትዎ በሴት ብልቶ የሚደረግ የግብረ ሥጋ ግንኙነት እንዲያስወግዱ ይጠይቃል።,የወሊድ መቆጣጠሪያ የወንድ የዘር ፍሬ ከእንቁላል ጋር እንዳይገናኝ ይከላከላል። 
የመፀነሻ ቀናት ግንዛቤ ልዩ የሚያደርገው ምንድን ነው?,የመፀነሻ ቀናት ግንዛቤ ክኒኖችን ወይም ኮንዶምን መጠቀም ወይም በሰውነት ውስጥ የሚቀበር የፅንስ መከላከያ መጠቀም አይጠበቅብዎትም። የመፀነሻ ቀናት የመከላከያ ግንዛቤ ደህንነቱ የተጠበቀ የወሊድ መቆጣጠሪያ ዘዴ ነው። የመፀነሻ ቀናት የመከላከያ ግንዛቤ የወሊድ መቆጣጠሪያን በሚቃወሙ አንዳንድ ሃይማኖቶች ተቀባይነት አለው።,የመፀነሻ ቀናት ግንዛቤ ክኒኖችን ወይም ኮንዶምን መጠቀም ወይም በሰውነት ውስጥ የሚቀበር የፅንስ መከላከያ መጠቀም አይጠበቅብዎትም።
የመፀነሻ ቀናት ግንዛቤ ማን ሊቃወመው ይችላል?,የመፀነሻ ቀናት ግንዛቤ ክኒኖችን ወይም ኮንዶምን መጠቀም ወይም በሰውነት ውስጥ የሚቀበር የፅንስ መከላከያ መጠቀም አይጠበቅብዎትም። የመፀነሻ ቀናት የመከላከያ ግንዛቤ ደህንነቱ የተጠበቀ የወሊድ መቆጣጠሪያ ዘዴ ነው። የመፀነሻ ቀናት የመከላከያ ግንዛቤ የወሊድ መቆጣጠሪያን በሚቃወሙ አንዳንድ ሃይማኖቶች ተቀባይነት አለው።, የመፀነሻ ቀናት የመከላከያ ግንዛቤ የወሊድ መቆጣጠሪያን በሚቃወሙ አንዳንድ ሃይማኖቶች ተቀባይነት አለው።
የመፀነሻ ቀናት ግንዛቤ ደህንነቱ ምን ያህል ነው?,የመፀነሻ ቀናት ግንዛቤ ክኒኖችን ወይም ኮንዶምን መጠቀም ወይም በሰውነት ውስጥ የሚቀበር የፅንስ መከላከያ መጠቀም አይጠበቅብዎትም። የመፀነሻ ቀናት የመከላከያ ግንዛቤ ደህንነቱ የተጠበቀ የወሊድ መቆጣጠሪያ ዘዴ ነው። የመፀነሻ ቀናት የመከላከያ ግንዛቤ የወሊድ መቆጣጠሪያን በሚቃወሙ አንዳንድ ሃይማኖቶች ተቀባይነት አለው።,የመፀነሻ ቀናት የመከላከያ ግንዛቤ ደህንነቱ የተጠበቀ የወሊድ መቆጣጠሪያ ዘዴ ነው። 
የመፀነሻ ቀናት ግንዛቤ ከበሽታ ሊታደግ ይችላልን?,የመፀነሻ ቀናት የመከላከያ ግንዛቤ ከኤችአይቪ እና ከሌሎች የአባላዘር በሽታዎች ኣይከላከልም። ማርገዝ በሚችሉባቸው ቀናት በብልቶ የግብረ ሥጋ ግንኙነት ማድረግ አይችሉም። ቀኑን ጠብቆ የሚመጣ የወር አበባ ከሌለዎት የመፀነሻ የመከላከያ ግንዛቤ ዘዴዎች አይሰሩም። ኢንፌክሽኖች እና አንዳንድ መድሃኒቶች በሴት ብልት ፈሳሽ ላይ ለውጦችን ሊያስከትሉ ይችላሉ፣ እነዚህም ሁኔታዎች አንዳንድ የመፀነሻ ቀናት የመከላከያ ግንዛቤ ዘዴዎችን ለመጠቀም አስቸጋሪ ያደርጉታል። ጥንቃቄ የጎደለው በፊንጢጣ፣ በአፍ እና በሴት ብልት የሚደረግ ወሲብ ለኤችአይቪ ወይም ለሌሎች የአባላዘር በሽታዎች የመጋለጥ እድልን ከፍ ሊያደርግ ይችላል።,የመፀነሻ ቀናት የመከላከያ ግንዛቤ ከኤችአይቪ እና ከሌሎች የአባላዘር በሽታዎች ኣይከላከልም። 
የመፀነሻ ቀናት ግንዛቤ መቼ ላይሰራ ይችላል?,የመፀነሻ ቀናት የመከላከያ ግንዛቤ ከኤችአይቪ እና ከሌሎች የአባላዘር በሽታዎች ኣይከላከልም። ማርገዝ በሚችሉባቸው ቀናት በብልቶ የግብረ ሥጋ ግንኙነት ማድረግ አይችሉም። ቀኑን ጠብቆ የሚመጣ የወር አበባ ከሌለዎት የመፀነሻ የመከላከያ ግንዛቤ ዘዴዎች አይሰሩም። ኢንፌክሽኖች እና አንዳንድ መድሃኒቶች በሴት ብልት ፈሳሽ ላይ ለውጦችን ሊያስከትሉ ይችላሉ፣ እነዚህም ሁኔታዎች አንዳንድ የመፀነሻ ቀናት የመከላከያ ግንዛቤ ዘዴዎችን ለመጠቀም አስቸጋሪ ያደርጉታል። ጥንቃቄ የጎደለው በፊንጢጣ፣ በአፍ እና በሴት ብልት የሚደረግ ወሲብ ለኤችአይቪ ወይም ለሌሎች የአባላዘር በሽታዎች የመጋለጥ እድልን ከፍ ሊያደርግ ይችላል።,ቀኑን ጠብቆ የሚመጣ የወር አበባ ከሌለዎት የመፀነሻ የመከላከያ ግንዛቤ ዘዴዎች አይሰሩም
የመፀነሻ ቀናት ግንዛቤ ምን ምን ሊያካትት ይችላል?,ከሴት ብልት ውጪ መጨረስ እና በሴት ብልት ውስጥ የግብረ ሥጋ ግንኙነትን ማስወገድ ማርገዝ በሚችሉባቸው ቀናት እንደ መጠባበቂያ ዘዴዎች ሊያገለግሉ ይችላሉ።,ከሴት ብልት ውጪ መጨረስ እና በሴት ብልት ውስጥ የግብረ ሥጋ ግንኙነትን ማስወገድ ማርገዝ በሚችሉባቸው ቀናት እንደ መጠባበቂያ ዘዴዎች ሊያገለግሉ ይችላሉ።
የወር አበባ ዑደት ምንድን ነው?,በአንድ የወር አበባ መጀመሪያ እና በሚቀጥለው መካከል ያለው የጊዜ ርዝመት። በወር አበባዎ ዑደት መካከል የሴቴ እንቁላል ይለቃሉ (እንቁላል ይለቀቃል)። የሴቴ እንቁላል በሚለቀቅባቸው (ኦቪሌሽን) ቀናት አካባቢ እርስዎ በጣም ፍሬያማ ኖት። ይህ እርስዎ እርጉዝ የመሆን ዕድልዎ ከፍተኛ የሚሆንበት ጊዜ ነው።,የወር አበባ ዑደትዎ በሴት ብልት ደም የሚፈሱባቸው ቀናት
የወር አበባ ምንድን ነው?,የወር አበባ ዑደትዎ በሴት ብልት ደም የሚፈሱባቸው ቀናት።,የወር አበባ ዑደትዎ በሴት ብልት ደም የሚፈሱባቸው ቀናት።
ሴት መቼ ልታረግዝ ትችላለች?,በአንድ የወር አበባ መጀመሪያ እና በሚቀጥለው መካከል ያለው የጊዜ ርዝመት። በወር አበባዎ ዑደት መካከል የሴቴ እንቁላል ይለቃሉ (እንቁላል ይለቀቃል)። የሴቴ እንቁላል በሚለቀቅባቸው (ኦቪሌሽን) ቀናት አካባቢ እርስዎ በጣም ፍሬያማ ኖት። ይህ እርስዎ እርጉዝ የመሆን ዕድልዎ ከፍተኛ የሚሆንበት ጊዜ ነው።,የሴቴ እንቁላል በሚለቀቅባቸው (ኦቪሌሽን) ቀናት አካባቢ እርስዎ በጣም ፍሬያማ ኖት።ይህ እርስዎ እርጉዝ የመሆን ዕድልዎ ከፍተኛ የሚሆንበት ጊዜ ነው።
የሴት ብልት ወሲብ ምንድን ነው?,የሴት ብልት ግንኙነት (የወንድ ብልት በሴት ብልት ውስጥ ሲገባ) ወደ እርግዝና ሊያመራ ይችላል።,የሴት ብልት ግንኙነት (የወንድ ብልት በሴት ብልት ውስጥ ሲገባ)።
ምን አይነት ተግባሮች እርግዝናን አያስከትሉም?,መሳም፣ መዳሰስ፣ በፊንጢጣ የሚደረግ ወሲብ እና በአፍ የሚፈጸም ወሲብ እርግዝና አያስከትሉም።,መሳም፣ መዳሰስ፣ በፊንጢጣ የሚደረግ ወሲብ እና በአፍ የሚፈጸም ወሲብ እርግዝና አያስከትሉም።
የሴት የየመፀነሻ ቀናት መቼ ሊያካትት ይችላል?,የመፀነስ እድሉ ከፍተኛ የሆነባቸው ቀናት። እርግዝናን ለማስወገድ፣ በመራቢያ ቀናትዎ ላይ የሴት ብልት ወሲብ መፈጸም የለብዎትም። የቀናት ብዛት የሚወሰነው በተጠቀሙበት ዘዴ ነው።,የቀናት ብዛት የሚወሰነው በተጠቀሙበት ዘዴ ነው።
በሳል የሰውነት ሙቀት ለመለካት ምን ማድረግ ተገቢ ነው?,ባሳል የሰውነት ሙቀት ቴርሞሜትር መግዛት አለቦት። በየቀኑ የሙቀት መጠኑን መውሰድ ያስፈልግዎታል።,ባሳል የሰውነት ሙቀት ቴርሞሜትር መግዛት አለቦት
ሴት እንቁላል የምታዘጋጅበትን ጊዜ እንዴት ማወቅ ይቻላል?,የመራቢያ ቀናት የሰውነትዎ ሙቀት መጠን ከቀነሰበት ቀን ጀምሮ፣ እስከ ሙቀቱ ከፍ ካለበት 3 ቀናት በኋላ ሊከሰት ይችላል።,የሰውነትዎ ሙቀት መጠን ከቀነሰበት ቀን ጀምሮ፣ እስከ ሙቀቱ ከፍ ካለበት 3 ቀናት በኋላ
እንቁላል በሚያዘጋጁበት ጊዜ የሙቀት መጠኑ ምን ያህል ሊጨምር ይችላል?,በየቀኑ ጠዋት ከኣልጋዎ ከመነሳትዎ በፊት የሙቀት መጠኑን ይወስዳሉ። እንቁላል በሚያዘጋጁበት ጊዜ የሙቀት መጠኑ በ 1/2 ዲግሪ ይጨምራል,በየቀኑ ጠዋት ከኣልጋዎ ከመነሳትዎ በፊት የሙቀት መጠኑን ይወስዳሉ። እንቁላል በሚያዘጋጁበት ጊዜ የሙቀት መጠኑ በ 1/2 ዲግሪ ይጨምራል
የሴት የየመፀነሻ ቀናትን ለማወቅ የማኅጸን ፈሳሽ ምን ያክል ውጤታማ ነው?,"የማኅጸን ፈሳሽ 
ዘዴ እርግዝና እንዳይከሰት ከ66-89% ውጤታማ ነው",ከ66-89% ውጤታማ ነው
በእርግዝና ወቅት የማኅጸን ፈሳሽ ምን ሊመስል ይችላል?,በሴት ብልትዎ ውስጥ ያለው ዘለግላጋ ፈሳሽ በመራቢያ ቀናትዎ ውስጥ ይለወጣል። በአብዛኛዎቹ ቀናት፣ ወፍራም እና የሚያጣብቅ ነው። እንቁላል በሚያዘጋጁበት ጊዜ ውሃ እና ተሙለጭላጭ ይሆናል።,እንቁላል በሚያዘጋጁበት ጊዜ ውሃ እና ተሙለጭላጭ ይሆናል።
የመራብያ ቀናት የሚጀምሩት መቼ ነው?,የመራብያ ቀናት የሚጀምሩት ፈሳሹ ውሃማ እና ተሙለጭላጭ በሚሆንበት ጊዜ ነው።,የመራብያ ቀናት የሚጀምሩት ፈሳሹ ውሃማ እና ተሙለጭላጭ በሚሆንበት ጊዜ ነው።
የማኅጸን ፈሳሽ ምልክት መጠቀም ምን ጥቅም አለው?,አነስተኛ ዋጋ፡ የሚገዛ ነገር የለውም፡ የዘመናዊ ስልኮች መተግበሪያ ሊረዳ ይችላል,አነስተኛ ዋጋ፡ የሚገዛ ነገር የለውም፡ የዘመናዊ ስልኮች መተግበሪያ ሊረዳ ይችላል
ምልክትና የሰውነት ሙቀትን በመለካት እርግዝናን የመከላል ዘዴ ምን ያክል ውጤታማ ነው?,ምልክትና የሰውነት ሙቀትን በመለካት እርግዝናን የመከላል ዘዴ ከ87%-98% ውጤታማ ነው።,87-98%
የBBT እና የፈሳሽ ዜዴዎችን በጋራ መጠቀም ምን ሊባል ይችላል?,ምልክትና የሰውነት ሙቀትን በመለካት እርግዝናን የመከላል ዘዴ,የBBT እና ፈሳሽ ዘዴዎች ጥምረት
የBBT እና የፈሳሽ ዜዲዎች ከታዩ እርግዝና መቼ ሊከሰት ይችላል?,የመራባት የመጀመሪያ ምልክቶች ከታዩ ጀምሮ፣ የሰውነት ሙቀት ከጨመረ በኋላ እስከ 3ኛው ቀን ድረስ ወይም የንፍጥ ፈሳሽ ከተለወጠ ከ4ኛው ቀን በኋላ፣ የትኛውም ይሁን፣ ሁለተኛ የተከሰተውን።,የመራባት የመጀመሪያ ምልክቶች ከታዩ ጀምሮ፣ የሰውነት ሙቀት ከጨመረ በኋላ እስከ 3ኛው ቀን ድረስ ወይም የንፍጥ ፈሳሽ ከተለወጠ ከ4ኛው ቀን በኋላ፣ የትኛውም ይሁን፣ ሁለተኛ የተከሰተውን።
የወር አበባን በመጠቀም ወሊዲን መከላከል ምን ተብሎ ይጠራል?,የካላንደር (የተስተካከለ ዑደት) ዘዴ አንደኛው የወሊድ መከላከያ ነው።,የካላንደር (የተስተካከለ ዑደት) ዘዴ
የካላንደር (የተስተካከለ ዑደት) ዘዴ እርግዝናን ለመከላከል ምን ያክል ውጤታማ ነው?,የካላንደር (የተስተካከለ ዑደት) ዘዴ እርግዝናን ለመከላከል ከ86%-89% ውጤታማ ነው።,86%-89%
ሴት ልጅ የካላንደር (የተስተካከለ ዑደት) ዘዴ በመጠቀም እርግዝናን ለመከላከል ምን ማድረግ አለባት?,የመራቢያ ቀናትዎን ለመተንበይ የወር አበባ ዑደትዎን ይከታተላሉ።,የመራቢያ ቀናትዎን ለመተንበይ የወር አበባ ዑደትዎን ይከታተላሉ።
የካላንደር (የተስተካከለ ዑደት) ዘዴ እርግዝናን ለመከላከል የመጀመሪያውን ቀን እንዴት ማወቅ ይቻላል?,የመጀመሪያው የመራቢያ ቀናት በጣም አጭሩ የዑደት ርዝመት ሲቀነስ 18.,በጣም አጭሩ የዑደት ርዝመት ሲቀነስ 18.
የካላንደር (የተስተካከለ ዑደት) ዘዴ እርግዝናን ለመከላከል ምን ያክል ተወዳጅ ነው?,የካላንደር (የተስተካከለ ዑደት) ዘዴ እርግዝናን ለመከላከል ተወዳጅ ነው ለምሳሌ፡ አነስተኛ ዋጋ አለው፡ የሚገዙት ነገር የለም፡ የዘመናዊ ስልክ መተግበሪያዎች ሊረዱ ይችላሉ።,አነስተኛ ዋጋ፡ የሚገዛ ነገር የለውም፡ የዘመናዊ ስልኮች መተግበሪያ ሊረዳ ይችላል
የካላንደር (የተስተካከለ ዑደት) ዘዴ መቼ እርግዝናን መከላከል አይችልም?,ቀኑን ጠብቆ የሚመጣ የወር አበባ ከሌለዎት የመፀነሻ ቀናት ግንዛቤ ለእርግዝና መከላከያነት አይሰሩም።,ቀኑን ጠብቆ የሚመጣ የወር አበባ ከሌለዎት የመፀነሻ ቀናት ግንዛቤ ለእርግዝና መከላከያነት አይሰሩም።
BBT ፕላስ የሰውነት ሙቀት መለኪያ (የስማርትፎን መተግበሪያዎች) ምን ያክል ውጤታማ ነው?,BBT ፕላስ የሰውነት ሙቀት መለኪያ (የስማርትፎን መተግበሪያዎች) ወሊድን ለመቆጣጠር 90% ውጤታማ ነው።,0.9
BBT ፕላስ የሰውነት ሙቀት መለኪያ (የስማርትፎን መተግበሪያዎች) ለመጠቀም ሴት ልጅ ምን ማድረግ አለባት?,"BBT ፕላስ የሰውነት ሙቀት መለኪያ (የስማርትፎን መተግበሪያዎች) ለመጠቀም ሴት ልጅ ዑደትን መከታተል
እና የሙቀት መጠንን 
በየሳምንቱ ቢያንስ 5 
ጥዋቶችን መለካት።",ዑደትዎን ይከታተሉ እና የሙቀት መጠንዎን በየሳምንቱ ቢያንስ 5 ጥዋቶችን ለክተው ይውሰዱ።
የሽንት ሆርሞን የወሊድ መከላከያ ምን ያክል ውጤታማ ነው?,የሽንት ሆርሞን የወሊድ መከላከያ ከ74%-98% ውጤታማ ነው።,74%-98%
የሽንት ሆርሞንን ለወሊድ መከላከያ ለመጠቀም ምን ማድረግ ተገቢ ነው?,የሽንት ሆርሞንን ለወሊድ መከላከያ ለመጠቀም ዑደትዎን መከታተል እና የሽንት ሆርሞን ምርመራዎችን ያድርጉ።,ዑደትዎን ይከታተሉ እና የሽንት ሆርሞን ምርመራዎችን ያድርጉ።
የሽንት ሆርሞን ምርመራዎች የእርስዎን የመራቢያ ቀናት ምን ሊያደርጉ ይችላሉ?,የሽንት ሆርሞን ምርመራዎች የእርስዎን የመራቢያ ቀናት ይተነብያሉ።,የሽንት ሆርሞን ምርመራዎች የእርስዎን የመራቢያ ቀናት ይተነብያሉ።
ቀኑን ጠብቆ የሚመጣ የወር አበባ ከሌለዎት የሽንት ሆርሞን ወሊድን ለመከላከል ይችላልን?,ቀኑን ጠብቆ የሚመጣ የወር አበባ ከሌለዎት የመፀነሻ ቀናት ግንዛቤ ለእርግዝና መከላከያነት አይሰሩም።,ቀኑን ጠብቆ የሚመጣ የወር አበባ ከሌለዎት የሽንት ሆርሞን ለእርግዝና መከላከያነት አይሰሩም።
የሽንት ሆርሞን ምርመራ ምን ሊረዳ ይችላል?,የሽንት ሆርሞን ምርመራ ለማርገዝ ወይም እርግዝናን ለመከላከል ሊረዳ ይችላል።,የሽንት ሆርሞን ምርመራ ለማርገዝ ወይም እርግዝናን ለመከላከል ሊረዳ ይችላል።
የቅድመ እርግዝና መቋረጥ (የፅንስ መጨንገፍ) ሕክምና ምርጫዎች ምንድን ናቸው?,ማየት እና መጠበቅ፡ መድሃኒት,ማየት እና መጠበቅ፡ መድሃኒት
የቅድመ እርግዝና መቋረጥ (የፅንስ መጨንገፍ) የሕክምና ሂደቶች ምንድን ናቸው?,አንድ ሃኪም የእጅ ቫክዩም አስፓይሬሽን (MVA፣ manual vacuum aspiration) ተብሎ በሚጠራው ቀላል የቢሮ ውስጥ የመጥረግ ህክምና የእርግዝና ህብረ ህዋሱን ያስወግዳል።,አንድ ሃኪም የእጅ ቫክዩም አስፓይሬሽን (MVA፣ manual vacuum aspiration) ተብሎ በሚጠራው ቀላል የቢሮ ውስጥ የመጥረግ ህክምና የእርግዝና ህብረ ህዋሱን ያስወግዳል።
የኩላሊት ችግር ምልክቶች ምንድናቸው?,የኩላሊት ችግር ምልክቶች ምቾት መጡን ማጣት፣ ደም መኖር በሽንት፣ የአካል መጨመር፣ የጡትና ፊት መብረቅ፣ ህመም እና ሽንት ችግሮች ናቸው።,የኩላሊት ችግር ምልክቶች ምቾት መጡን ማጣት፣ ደም መኖር በሽንት፣ የአካል መጨመር፣ የጡትና ፊት መብረቅ፣ ህመም እና ሽንት ችግሮች ናቸው።
የኩላሊት ችግር መንስኤዎች ምንድን ናቸው?,ከፍ ያለ የደም ግፊት፣ የስኳር በሽታ፣ የመድሀኒት አመጋገብ፣ ሌሎችም የሚያበረክቱ በሽታዎች የኩላሊት ችግር መንስኤ ሊሆኑ ይችላሉ።,ከፍ ያለ የደም ግፊት፣ የስኳር በሽታ፣ የመድሀኒት አመጋገብ፣ ሌሎችም የሚያበረክቱ በሽታዎች የኩላሊት ችግር መንስኤ ሊሆኑ ይችላሉ።
የኩላሊት በሽታን እንዴት ማስተካከል ይቻላል?,መድሃኒት መውሰድ፣ የምግብ አመራረት መቆጣጠር፣ የጤና ምርመራ መደገፍ፣ በዶክተር መከታተል እና የምግብ አመጋገብ መከላከል አስፈላጊ ነው።,መድሃኒት መውሰድ፣ የምግብ አመራረት መቆጣጠር፣ የጤና ምርመራ መደገፍ፣ በዶክተር መከታተል እና የምግብ አመጋገብ መከላከል አስፈላጊ ነው።
የኩላሊት በሽታን ለመከላከል ምን ማድረግ አለብን?,የደም ግፊት መቆጣጠር፣ የስኳር ደም መቆጣጠር፣ የውሃ መጠን መጠበቅ፣ ከመጠን በላይ መድሀኒት መቀበል መቆጣጠር፣ በተመጣጣኝ ሁኔታ ማመጣጠን።,የደም ግፊት መቆጣጠር፣ የስኳር ደም መቆጣጠር፣ የውሃ መጠን መጠበቅ፣ ከመጠን በላይ መድሀኒት መቀበል መቆጣጠር፣ በተመጣጣኝ ሁኔታ ማመጣጠን።
የኩላሊት መብረቅ ምንድን ይኖረዋል?,ኩላሊት መብረቅ በብከት ወይም በበከት ምክንያት የሚፈጠር የኩላሊት ጉዳት ነው። እና የሰውነቱ እንደ መከላከያ ስርዓት እንደሆነ ያወጣዋል።,ኩላሊት መብረቅ በብከት ወይም በበከት ምክንያት የሚፈጠር የኩላሊት ጉዳት ነው። እና የሰውነቱ እንደ መከላከያ ስርዓት እንደሆነ ያወጣዋል።
የሰው ልጅ ጉበት ምን ያህል ተግባሮችን ያከናውናል? ,"ጉበት ወደ ሌላው የሰውነት ክፍል ከመሄዱ በፊት ከምግብ መፍጫ ቱቦ የሚመጣውን ደም ያጣራል እና ያጸዳል። ይህ ሂደት መርዛማ ንጥረ ነገሮችን, ባክቴሪያዎችን እና ሌሎች ጎጂ ንጥረ ነገሮችን ለማስወገድ ይረዳል. ጉበት ዋና ነው ተፈጭቶ ካርቦሃይድሬትን ፣ ስብን እና ፕሮቲኖችን የመቀየሪያ ሃላፊነት ያለው አካል። ከመጠን በላይ የግሉኮስ መጠን እንደ glycogen በማከማቸት እና አስፈላጊ ሆኖ ሲገኝ በመለቀቅ በደም ውስጥ ያለው የግሉኮስ መጠን የተረጋጋ እንዲሆን ይረዳል።","ጉበት ወደ ሌላው የሰውነት ክፍል ከመሄዱ በፊት ከምግብ መፍጫ ቱቦ የሚመጣውን ደም ያጣራል እና ያጸዳል። ይህ ሂደት መርዛማ ንጥረ ነገሮችን, ባክቴሪያዎችን እና ሌሎች ጎጂ ንጥረ ነገሮችን ለማስወገድ ይረዳል. ጉበት ዋና ነው ተፈጭቶ ካርቦሃይድሬትን ፣ ስብን እና ፕሮቲኖችን የመቀየሪያ ሃላፊነት ያለው አካል። ከመጠን በላይ የግሉኮስ መጠን እንደ glycogen በማከማቸት እና አስፈላጊ ሆኖ ሲገኝ በመለቀቅ በደም ውስጥ ያለው የግሉኮስ መጠን የተረጋጋ እንዲሆን ይረዳል።"
የኩላሊት እጥበት ትርጉሙ ምንድን ነዉ?,የኩላሊት እጥበት (Kidney failure) ማለት ኩላሊቶች በተለመደው ሁኔታ የሰውነትን ደም ማጣራት፣ ቆሻሻን ማስወገድ እና የፈሳሽ እና የኤሌክትሮላይት መጠን መቆጣጠር ስራቸውን ሲቆሙ ወይም በጣም በዝቅተኛ ደረጃ ሲያከናውኑ የሚከሰት ህመም ነው።,የኩላሊት እጥበት (Kidney failure) ማለት ኩላሊቶች በተለመደው ሁኔታ የሰውነትን ደም ማጣራት፣ ቆሻሻን ማስወገድ እና የፈሳሽ እና የኤሌክትሮላይት መጠን መቆጣጠር ስራቸውን ሲቆሙ ወይም በጣም በዝቅተኛ ደረጃ ሲያከናውኑ የሚከሰት ህመም ነው።
የአፍንጫ አለርጂ ማለት ምን ማለት ነዉ?,ቅዝቃዜ፣ ሙቀት፣ አቧራ፣ ጭስ፣ ኬሚካሎች፣ መጥፎም ወይም ጥሩ ሽታና የወቅቶች መለዋወጥ የአፍንጫ አለርጂ መንስኤዎች ናቸው፡፡ ምልክቶቹም የአፍንጫ ፈሳሽ መዝረክረክ፣ ዐይን አካባቢ መብላት ወይም ማሳከክ፣ የአፍንጫ ማፈን እና ማስነጠስ፣ ንጹ ፈሳሽ ከአፍንጫ መውጣት፣ የአፍንጫ መድማት፣ ጉንፋን መሰል ምልክቶች በታማሚ ላይ የሚስተዋሉ ይሆናል፡፡ አለርጂውን ከሚቀሰቅሱ ማለትም አቧራ፣ ብናኝ ፣ ኬሚካሎች እና ሽቶዎች መጠንቀቅ ደግሞ የመከላከያ መንገዶች ናቸው፡፡,ቅዝቃዜ፣ ሙቀት፣ አቧራ፣ ጭስ፣ ኬሚካሎች፣ መጥፎም ወይም ጥሩ ሽታና የወቅቶች መለዋወጥ የአፍንጫ አለርጂ መንስኤዎች ናቸው፡፡ ምልክቶቹም የአፍንጫ ፈሳሽ መዝረክረክ፣ ዐይን አካባቢ መብላት ወይም ማሳከክ፣ የአፍንጫ ማፈን እና ማስነጠስ፣ ንጹ ፈሳሽ ከአፍንጫ መውጣት፣ የአፍንጫ መድማት፣ ጉንፋን መሰል ምልክቶች በታማሚ ላይ የሚስተዋሉ ይሆናል፡፡ አለርጂውን ከሚቀሰቅሱ ማለትም አቧራ፣ ብናኝ ፣ ኬሚካሎች እና ሽቶዎች መጠንቀቅ ደግሞ የመከላከያ መንገዶች ናቸው፡፡
የአፍንጫ አለርጂ  መንስኤዎች ምን ምን ናቸው?,አለርጂውን ከሚቀሰቅሱ ማለትም አቧራ፣ ብናኝ ፣ ኬሚካሎች እና ሽቶዎች መጠንቀቅ ደግሞ የመከላከያ መንገዶች ናቸው፡፡,አለርጂውን ከሚቀሰቅሱ ማለትም አቧራ፣ ብናኝ ፣ ኬሚካሎች እና ሽቶዎች መጠንቀቅ ደግሞ የመከላከያ መንገዶች ናቸው፡፡
የአፍንጫ አለርጂ  ምልክቶቹ ምን ምን ናቸው?,ምልክቶቹም የአፍንጫ ፈሳሽ መዝረክረክ፣ ዐይን አካባቢ መብላት ወይም ማሳከክ፣ የአፍንጫ ማፈን እና ማስነጠስ፣ ንጹ ፈሳሽ ከአፍንጫ መውጣት፣ የአፍንጫ መድማት፣ ጉንፋን መሰል ምልክቶች በታማሚ ላይ የሚስተዋሉ ይሆናል፡፡ ,ምልክቶቹም የአፍንጫ ፈሳሽ መዝረክረክ፣ ዐይን አካባቢ መብላት ወይም ማሳከክ፣ የአፍንጫ ማፈን እና ማስነጠስ፣ ንጹ ፈሳሽ ከአፍንጫ መውጣት፣ የአፍንጫ መድማት፣ ጉንፋን መሰል ምልክቶች በታማሚ ላይ የሚስተዋሉ ይሆናል፡፡ 
አንድ ሴት አርግዛ ከሆነ በመጀመሪያው ሳምንት ምን አይነት ምልክቶች ይታዩባታል?                       ,አንዳንድ የወደፊት እናቶች ፅንስ ሲፈጠርባቸው አንዳንድ ምልክቶች እንደተሰማቸው ቢናገሩም ከመጀመሪያው ሳምንት ጀምሮ ግን አፈታሪክ ብቻ አይደለም. የሕፃኑ መጠበቅ ጊዜ የሚጀምረው የወር አበባዋ ገና ያልተወለደችው እንቁላል ከመጀመሪያው ቀን ከመጀመሪያው ቀን ጀምሮ ነው. ይህ ማለት በመጀመሪያው ሳምንት ውስጥ እርግዝና እና ያልተለመዱ ምልክቶች ሊኖሩ አይችሉም ማለት ነው.,አንዳንድ የወደፊት እናቶች ፅንስ ሲፈጠርባቸው አንዳንድ ምልክቶች እንደተሰማቸው ቢናገሩም ከመጀመሪያው ሳምንት ጀምሮ ግን አፈታሪክ ብቻ አይደለም. የሕፃኑ መጠበቅ ጊዜ የሚጀምረው የወር አበባዋ ገና ያልተወለደችው እንቁላል ከመጀመሪያው ቀን ከመጀመሪያው ቀን ጀምሮ ነው. ይህ ማለት በመጀመሪያው ሳምንት ውስጥ እርግዝና እና ያልተለመዱ ምልክቶች ሊኖሩ አይችሉም ማለት ነው.
የኮሮና ቫይረስ በሽታ ምልክቱ ምንምን ነዉ?,እስካሁን የተረጋገጡ የኮረናቫይረስ 2019 (ኮቪድ 19) በሽታ ክስተቶችን ተከትሎ ቀለል ካሉ የህመም ምልክቶች እስከ ጽኑ ህመም ሲከፋም እስከሞት የደረሱ የህመም ደርጃዎችና ውጤቶች ተመዝግበዋል። እነዚህ ምልክቶች ለቫይረሱ ከተጋለጡ ከ2-14 ቀን (ከሌላ ይህን መሰል ቫይረስ የመቀፍቀፊያ ጊዜ በመነሳት ) ባለው ጊዜ ሊስተዋሉ ይችላሉ። ትኩሳት ሳል የትንፋሽ ማጠር,እስካሁን የተረጋገጡ የኮረናቫይረስ 2019 (ኮቪድ 19) በሽታ ክስተቶችን ተከትሎ ቀለል ካሉ የህመም ምልክቶች እስከ ጽኑ ህመም ሲከፋም እስከሞት የደረሱ የህመም ደርጃዎችና ውጤቶች ተመዝግበዋል። እነዚህ ምልክቶች ለቫይረሱ ከተጋለጡ ከ2-14 ቀን (ከሌላ ይህን መሰል ቫይረስ የመቀፍቀፊያ ጊዜ በመነሳት ) ባለው ጊዜ ሊስተዋሉ ይችላሉ። ትኩሳት ሳል የትንፋሽ ማጠር
ለጉበት መከላከያ ዘዴዎች ምንድን ናቸው?,ዋናው የመከላከያ ዘዴ ክትባት ነው ያሉት ዶክተር መኮንን በሽታው የጀመረው ሰው ክትባት ቢወስድ መዳን እንደማይችል አስጠንቅቀዋል,ዋናው የመከላከያ ዘዴ ክትባት ነው ያሉት ዶክተር መኮንን በሽታው የጀመረው ሰው ክትባት ቢወስድ መዳን እንደማይችል አስጠንቅቀዋል
የጉበት ችግሮችን የሚያመለክቱ ምልክቶች?,"ምልክቶች በቆዳ, በፊት ወይም በሌሎች የሰውነት ክፍሎች ላይ ሊታዩ ይችላሉ","ምልክቶች በቆዳ, በፊት ወይም በሌሎች የሰውነት ክፍሎች ላይ ሊታዩ ይችላሉ"
በጉበት ላይ የሚያጋጥሙ በሽታዎች ምንድን ናቸው?,ሄፕታይተስ ቢ እና ሲ የተባሉት የጉበት በሽታዎች ተላላፊ ሲኾኑ የመተላለፊያ መንገዳቸው ደግሞ ልቅ የኾነ የግብረ ሥጋ ግንኙነት፣ ስለታማ ነገሮችን በጋራ በመጠቀም፣ ባልተገባ የደም ንክኪ ይተላለፋሉ።,ሄፕታይተስ ቢ እና ሲ የተባሉት የጉበት በሽታዎች ተላላፊ ሲኾኑ የመተላለፊያ መንገዳቸው ደግሞ ልቅ የኾነ የግብረ ሥጋ ግንኙነት፣ ስለታማ ነገሮችን በጋራ በመጠቀም፣ ባልተገባ የደም ንክኪ ይተላለፋሉ።
አዋቂዎችን የሚያጠቁ የጉበት በሽታ አይነቶች ምንድን ናቸው?,ሄፕታይተስ ቢ እና ሲ የተባሉት ደግሞ አዋቂዎችን የሚያጠቁ የቫይረስ አይነቶች ሲኾኑ የሻገተ እንጀራ በተደጋጋሚ በመብላት፣ አልኮል መጠቀም፣ ለሱስ በመጋለጥ፣ ሲጋራ በማጨስ፣ ያልታዘዙ መድኃኒቶችን በተከታታይ በመውሰድ የሚመጡ ናቸው ይላሉ።,ሄፕታይተስ ቢ እና ሲ የተባሉት ደግሞ አዋቂዎችን የሚያጠቁ የቫይረስ አይነቶች ሲኾኑ የሻገተ እንጀራ በተደጋጋሚ በመብላት፣ አልኮል መጠቀም፣ ለሱስ በመጋለጥ፣ ሲጋራ በማጨስ፣ ያልታዘዙ መድኃኒቶችን በተከታታይ በመውሰድ የሚመጡ ናቸው ይላሉ።
 ሕፃናትን የሚያጠቃ ጉበት ምን በመባል ይታወቃል?,“ሄፕታይተስ ኤ” የተባለው ቫይረስ ሕጻናትን የሚያጠቃ የቫክቴሪያ ዓይነት ነው። በበቂ መጠን ንጹህ ውኃ በሌለበት እና ንጽሕናው ባልተጠበቀ አካባቢ የሚኖሩ ሕጻናት ለችግሩ ተጋላጭ ይኾናሉ።,“ሄፕታይተስ ኤ” የተባለው ቫይረስ ሕጻናትን የሚያጠቃ የቫክቴሪያ ዓይነት ነው። በበቂ መጠን ንጹህ ውኃ በሌለበት እና ንጽሕናው ባልተጠበቀ አካባቢ የሚኖሩ ሕጻናት ለችግሩ ተጋላጭ ይኾናሉ።
የጉበት በሽታዎች መንስኤ ምንድን ነው?,ሄፕታይተስ ቢ እና ሲ የተባሉት የጉበት በሽታዎች ተላላፊ ሲኾኑ የመተላለፊያ መንገዳቸው ደግሞ ልቅ የኾነ የግብረ ሥጋ ግንኙነት፣ ስለታማ ነገሮችን በጋራ በመጠቀም፣ ባልተገባ የደም ንክኪ ይተላለፋሉ።,ሄፕታይተስ ቢ እና ሲ የተባሉት የጉበት በሽታዎች ተላላፊ ሲኾኑ የመተላለፊያ መንገዳቸው ደግሞ ልቅ የኾነ የግብረ ሥጋ ግንኙነት፣ ስለታማ ነገሮችን በጋራ በመጠቀም፣ ባልተገባ የደም ንክኪ ይተላለፋሉ።
የጉበትን በሽታ የሚያባብሰው ምንድን ነው?,በጉበት ላይ የተለመዱት ችግሮች ዋነኛ መንስኤዎች የቫይረስ ሴሎች (በዋነኛነት በሄፐታይተስ)፣ መርዛማ ቆዳዎች (አንዳንድ መድሃኒቶች ተጽእኖንም ጨምሮ)፡ የአልኮል በደል አለመስጠት ፡ በተመጣጠነ ምግብ እጥረት ምክንያት የስኳር በሽታዎች ተላላፊ እና ጥገኛ ተውሳክዎች ፡ ዕጢ,በጉበት ላይ የተለመዱት ችግሮች ዋነኛ መንስኤዎች የቫይረስ ሴሎች (በዋነኛነት በሄፐታይተስ)፣ መርዛማ ቆዳዎች (አንዳንድ መድሃኒቶች ተጽእኖንም ጨምሮ)፡ የአልኮል በደል አለመስጠት ፡ በተመጣጠነ ምግብ እጥረት ምክንያት የስኳር በሽታዎች ተላላፊ እና ጥገኛ ተውሳክዎች ፡ ዕጢ
ጉበት እንዴት እንደሚሰራ ማብራሪያ ይስጡ,"ጉበት በሆዱ የላይኛው ቀኝ ክፍል ላይ የሚገኘው በሰውነት ውስጥ ትልቁ ጠንካራ አካል ነው። እያንዳንዳቸው በሺዎች በሚቆጠሩ ሎብሎች የተገነቡ በሁለት ዋና ዋና ሎቦች የተከፈለ ነው. እነዚህ ሎቡሎች ከትላልቅ ቱቦዎች ጋር የሚገናኙ ትንንሽ ቱቦዎችን እና የጋራ የሄፐታይተስ ቱቦን ይዘዋል. በጉበት ሴሎች ውስጥ የሚመረተው ሐሞት በዚህ ቱቦ ውስጥ ወደ ውስጥ ይጓጓዛል በዳሌዋ እና ትንሹ አንጀት, የምግብ መፈጨትን በመርዳት","ጉበት በሆዱ የላይኛው ቀኝ ክፍል ላይ የሚገኘው በሰውነት ውስጥ ትልቁ ጠንካራ አካል ነው። እያንዳንዳቸው በሺዎች በሚቆጠሩ ሎብሎች የተገነቡ በሁለት ዋና ዋና ሎቦች የተከፈለ ነው. እነዚህ ሎቡሎች ከትላልቅ ቱቦዎች ጋር የሚገናኙ ትንንሽ ቱቦዎችን እና የጋራ የሄፐታይተስ ቱቦን ይዘዋል. በጉበት ሴሎች ውስጥ የሚመረተው ሐሞት በዚህ ቱቦ ውስጥ ወደ ውስጥ ይጓጓዛል በዳሌዋ እና ትንሹ አንጀት, የምግብ መፈጨትን በመርዳት"
በጉበት ላይ የሚታዩ ምልክቶች ምን ናቸው?,"ምልክቶች በቆዳ, በፊት ወይም በሌሎች የሰውነት ክፍሎች ላይ ሊታዩ ይችላሉ","ምልክቶች በቆዳ, በፊት ወይም በሌሎች የሰውነት ክፍሎች ላይ ሊታዩ ይችላሉ"
ጉበት በሽታዎች እንዴት ይታወቃሉ?,ያልጠናበት ህመምተኛ የሚያሳያቸውን ምልክቶች ስናይ ትኩሳት፤ ድካም ድካም የማለት ስሜት ፤ማቅለሽለሽ፤የምግብ ፍላጎት ማጣት፤የሰውነት ሽፍታ እንዲሁም የመገጣጠሚያ ህመም ሲሆኑ ትኩሳቱ በጊዜ ሂደት እየቀነሰ የሚመጣ ሲሆን በስተመጨረሻም የታካሚው ሰውነት እና አይኖች ቢጫ መሆን ሊኖር ይችላል፡፡የጠና የጉበት ህመም በሽታ ያለባቸው ሰዎች ላይ ግን በአብዛኛው የሚታዩ ምልክቶች ባይኖሩም እንደ ድካም እና የመዛል ስሜት ይስተዋልባቸዋል፡፡በሽታው ሳይታከም ከቆየ ወደ Cirrhosis እና የጉበት ካንሰር ሊለወጥ ይችላል፡፡ታማሚው ያለበትን የጉበት ቫይረስ አይነት ለመለየት ቀለል ያለ የደም ምርመራ ማድረግ ይቻላል፡፡የእያንዳንዱን አይነት የጉበት በሽታ በዝርዝር ስናይ,ያልጠናበት ህመምተኛ የሚያሳያቸውን ምልክቶች ስናይ ትኩሳት፤ ድካም ድካም የማለት ስሜት ፤ማቅለሽለሽ፤የምግብ ፍላጎት ማጣት፤የሰውነት ሽፍታ እንዲሁም የመገጣጠሚያ ህመም ሲሆኑ ትኩሳቱ በጊዜ ሂደት እየቀነሰ የሚመጣ ሲሆን በስተመጨረሻም የታካሚው ሰውነት እና አይኖች ቢጫ መሆን ሊኖር ይችላል፡፡የጠና የጉበት ህመም በሽታ ያለባቸው ሰዎች ላይ ግን በአብዛኛው የሚታዩ ምልክቶች ባይኖሩም እንደ ድካም እና የመዛል ስሜት ይስተዋልባቸዋል፡፡በሽታው ሳይታከም ከቆየ ወደ Cirrhosis እና የጉበት ካንሰር ሊለወጥ ይችላል፡፡ታማሚው ያለበትን የጉበት ቫይረስ አይነት ለመለየት ቀለል ያለ የደም ምርመራ ማድረግ ይቻላል፡፡የእያንዳንዱን አይነት የጉበት በሽታ በዝርዝር ስናይ
የጤናማ ጉበት መለያ ምንድን ነው?,"የጤናማ ጉበት መለያየት በህክምናዊ ምርመራዎችና በአካል ምልክቶች ላይ የተመሠረተ ነው። በደም ሙከራዎች (ALT, AST, ALP, bilirubin ወዘተ) መዘን ጉበቱ በመደበኛ ሁኔታ እንደሚሰራ ይገለጻል፣ እንዲሁም አልትራሳውንድ ወይም ኤም.አር.አይ. ያሉ ምስል መሳሪያዎች በመጠቀም ጉበቱ መጠኑንና ቅርጹን ማየት ይቻላል። በተጨማሪም የቆዳ ብጫነት (jaundice)፣ እንቅልፍ ድካም፣ ማህበረሰብ ያልተለመደ ድካም እና ከመጠን በላይ የመጠጥ ጥቅም መኖር በጉበት ጤና ላይ የሚጠቁሙ እንደሆኑ ይመለከታል። እንዲሁም ጤናማ አመጋገብና እንቅስቃሴ መኖር ጉበት በመደበኛ ሁኔታ እንደሚሰራ የሚያመለክቱ ምልክቶች ናቸው። በመጨረሻም ትክክለኛ ውጤት ለማግኘት የህክምና ባለሙያን መጠየቅ አስፈላጊ ነው።","የጤናማ ጉበት መለያየት በህክምናዊ ምርመራዎችና በአካል ምልክቶች ላይ የተመሠረተ ነው። በደም ሙከራዎች (ALT, AST, ALP, bilirubin ወዘተ) መዘን ጉበቱ በመደበኛ ሁኔታ እንደሚሰራ ይገለጻል፣ እንዲሁም አልትራሳውንድ ወይም ኤም.አር.አይ. ያሉ ምስል መሳሪያዎች በመጠቀም ጉበቱ መጠኑንና ቅርጹን ማየት ይቻላል። በተጨማሪም የቆዳ ብጫነት (jaundice)፣ እንቅልፍ ድካም፣ ማህበረሰብ ያልተለመደ ድካም እና ከመጠን በላይ የመጠጥ ጥቅም መኖር በጉበት ጤና ላይ የሚጠቁሙ እንደሆኑ ይመለከታል። እንዲሁም ጤናማ አመጋገብና እንቅስቃሴ መኖር ጉበት በመደበኛ ሁኔታ እንደሚሰራ የሚያመለክቱ ምልክቶች ናቸው። በመጨረሻም ትክክለኛ ውጤት ለማግኘት የህክምና ባለሙያን መጠየቅ አስፈላጊ ነው።"
የጡት ካንሰር ምልክቶች ምንድን ናቸው?,ያልተወሰነ ቁስል በጡት በኩል፣ የአንዱ ጡት ቅርፀ ቀይሮ መለወጥ፣ እና ተደጋጋሚ ቁስል።,ያልተወሰነ ቁስል በጡት በኩል፣ የአንዱ ጡት ቅርፀ ቀይሮ መለወጥ፣ እና ተደጋጋሚ ቁስል።
ካንሰር እንዴት ይጠበቃል?,በቅድሚያ ምርመራ፣ በሚቀርበው መንገድ ተጠናቀቅ መሆን፣ የሕይወት መንገድ ማሻሻል,በቅድሚያ ምርመራ፣ በሚቀርበው መንገድ ተጠናቀቅ መሆን፣ የሕይወት መንገድ ማሻሻል
ሀዘን ምንድን ነው?,ሀዘን በራስ አካባቢ የሚሰማ ህመም ነው።,ሀዘን በራስ አካባቢ የሚሰማ ህመም ነው።
ሀዘን ምን ያህል የተለመደ ነው?,ሰዎች 90% በአንድ አመት ውስጥ አንድ ጊዜ የሀዘን ችግር ያጋጥማቸዋል።,ሰዎች 90% በአንድ አመት ውስጥ አንድ ጊዜ የሀዘን ችግር ያጋጥማቸዋል።
የሀዘን ምክንያቶችን ዘርዝር አቅርብ,እንቅልፍ መጉደል፣ መጨነቅ፣ እራስ ጉዳት፣ ድምብ አየር፣ ተጨባጭ መብላት,እንቅልፍ መጉደል፣ መጨነቅ፣ እራስ ጉዳት፣ ድምብ አየር፣ ተጨባጭ መብላት
ሀዘንን ለማቆም የሚጠቅሙ መንገዶች ምንድን ናቸው?,መዝለል፣ መቀመጥ፣ የተለመዱ የህመም አካላዊ መድሀኒቶችን መውሰድ።,መዝለል፣ መቀመጥ፣ የተለመዱ የህመም አካላዊ መድሀኒቶችን መውሰድ።
ሀዘን በምግብ ጋር ምን ግንኙነት አለው?,የካፌን እና ጨው የበዛባቸው ምግቦች ሀዘንን ሊያነሱ ይችላሉ።,የካፌን እና ጨው የበዛባቸው ምግቦች ሀዘንን ሊያነሱ ይችላሉ።
የሀዘን መነሻ ምንድን ነው?,ሀዘን በብልህነት ስሜት እና የአጥንት ችግር ሊመነጨው ይችላል።,ሀዘን በብልህነት ስሜት እና የአጥንት ችግር ሊመነጨው ይችላል።
ሀዘን የሚያመጡ መድሀኒቶችን አሳይ,ኤስትሮጄን፣ ኔታዊን፣ ኢንሱሊን፣ ኮርቲዎን,ኤስትሮጄን፣ ኔታዊን፣ ኢንሱሊን፣ ኮርቲዎን
ሀዘን ስንት አይነት ነው?,አራት: መንገድ ተሞክሮ ሀዘን፣ ሚግሬን፣ ክሊስተር ሀዘን፣ ሀዘን በክምችት,አራት: መንገድ ተሞክሮ ሀዘን፣ ሚግሬን፣ ክሊስተር ሀዘን፣ ሀዘን በክምችት
የሚገለጥ ሀዘን መንስኤ ምንድን ነው?,የደም ኃይል መጨመር፣ የዓይን ጉዳት፣ ካናል መግለጫ ግጭት።,የደም ኃይል መጨመር፣ የዓይን ጉዳት፣ ካናል መግለጫ ግጭት።
የልብ በሽታ ምልክቶች ምንድን ናቸው?,የደከመ ስሜት፣ የአንገት እና ትከሻ ህመም፣ ሰውነት መንቀሳቀስ ችግር።,የደከመ ስሜት፣ የአንገት እና ትከሻ ህመም፣ ሰውነት መንቀሳቀስ ችግር።
ልብ እንቅስቃሴ ምን ነው?,ልብ የደም ሲሰጥ የሚፈጠረው ትብት ነው።,ልብ የደም ሲሰጥ የሚፈጠረው ትብት ነው።
ልብ በሽታ እንዴት መከላከል ይቻላል?,የጤናማ እንቅስቃሴ፣ የተመጣጠነ መመገብ፣ የእንቅስቃሴ እንቅስቃሴ።,የጤናማ እንቅስቃሴ፣ የተመጣጠነ መመገብ፣ የእንቅስቃሴ እንቅስቃሴ።
ልብ መቁረጥ ምን ነው?,ልብ ማቆም ወይም በደም መዘወትር የሚፈጠረ ችግር።,ልብ ማቆም ወይም በደም መዘወትር የሚፈጠረ ችግር።
ካርዲዮሎጂስት ማን ነው?,የልብ ችግሮችን የሚመራ ሐኪም።,የልብ ችግሮችን የሚመራ ሐኪም።
የልብ ህክምናዎች ምንድን ናቸው?,መድኃኒት፣ የብስክሌት እንቅስቃሴ፣ የህዋስ አደጋ ቁም፣ ስርጭት አሰናዳ።,መድኃኒት፣ የብስክሌት እንቅስቃሴ፣ የህዋስ አደጋ ቁም፣ ስርጭት አሰናዳ።
የልብ ችግር አንድ ሰው ሲኖረው ምን ማሳያዎች አሉ?,የመታመም ስሜት፣ የልብ ዝቅተኛ ትብት፣ ትንፋሽ መከለከል።,የመታመም ስሜት፣ የልብ ዝቅተኛ ትብት፣ ትንፋሽ መከለከል።
ልብ በሽታ ለማስታወቂያ ምን መሳሪያዎች ይጠቀማሉ?,ኢክስሬ፣ ኢኮካርዲዮግራፍ፣ ኢኤስጂ።,ኢክስሬ፣ ኢኮካርዲዮግራፍ፣ ኢኤስጂ።
የልብ በሽታ ተወላጅ ነው?,አዎን፣ አንዳንድ አካላት በተወላጅ አነስተኛ መጠን ያጋጠማሉ።,አዎን፣ አንዳንድ አካላት በተወላጅ አነስተኛ መጠን ያጋጠማሉ።
ልብ በሽታ ከስብ ጋር አያያዝ አለው?,አዎን፣ ስብ በልብ አባላት ላይ ጫና ያስጨንቃል።,አዎን፣ ስብ በልብ አባላት ላይ ጫና ያስጨንቃል።
የልብ ኢኮ ምን ነው?,የልብ አባላትን ለመመልከት የሚረዳ ኢሌክትሮኒክ ስካነር ነው።,የልብ አባላትን ለመመልከት የሚረዳ ኢሌክትሮኒክ ስካነር ነው።
ኤሌክትሮካርዲዮግራም (ECG) ምን ያስመልከታል?,የልብ የኤሌክትሪክ እንቅስቃሴን የሚመዘን መሳሪያ።,የልብ የኤሌክትሪክ እንቅስቃሴን የሚመዘን መሳሪያ።
ጉበት ምንድን ነው?,ጉበት በሰውነት ውስጥ በትልቅ የሚገኝ እጅግ አስፈላጊ የውስጥ አካል ነው። በተለይ በቀኝ የሆድ ክፍል ስር ይገኛል። ተግባሮቹ ብዙ ናቸው፣ ከእነዚህ መርዛማ ንጥረ ነገሮችን ከደም ማጽዳት፣ ምግብን ለማፍሰስ አስፈላጊ የሆነ ቢል ማምረት፣ ኃይል ማከማቸት እና የደም ማዕቀፍን መቆጣጠር ይጠቅማሉ። ስለዚህ ጉበት ከተፈጥሮ አስፈላጊ የህይወት አካል ነው,ጉበት በሰውነት ውስጥ በትልቅ የሚገኝ እጅግ አስፈላጊ የውስጥ አካል ነው። በተለይ በቀኝ የሆድ ክፍል ስር ይገኛል። ተግባሮቹ ብዙ ናቸው፣ ከእነዚህ መርዛማ ንጥረ ነገሮችን ከደም ማጽዳት፣ ምግብን ለማፍሰስ አስፈላጊ የሆነ ቢል ማምረት፣ ኃይል ማከማቸት እና የደም ማዕቀፍን መቆጣጠር ይጠቅማሉ። ስለዚህ ጉበት ከተፈጥሮ አስፈላጊ የህይወት አካል ነው
የጉበት ተግባራት ምንድን ናቸው?,መመረዝ ማጽዳት፣ ፕሮቲን ማቀናበር፣ ቢል ማምረት።,መመረዝ ማጽዳት፣ ፕሮቲን ማቀናበር፣ ቢል ማምረት።
የጉበት ካንሰር ምን ነው?,የጉበት ካንሰር የጉበት ህዋሶች ክፉ እንዲሆኑ የሚያደርግ በሽታ ነው።,የጉበት ካንሰር የጉበት ህዋሶች ክፉ እንዲሆኑ የሚያደርግ በሽታ ነው።Liver cancer is a disease in which liver cells become malignant.
ጉበት የሚያበቃበት ምግብ ምንድን ነው?,"አበባማ አረንጓዴ አትክልቶች፣ ቡና፣ የአሳ ዘይት።Leafy greens, coffee, fish oil.","አበባማ አረንጓዴ አትክልቶች፣ ቡና፣ የአሳ ዘይት።Leafy greens, coffee, fish oil."
የልብ በሽታ ተወላጅ ነው?,አዎን፣ አንዳንድ አካላት በተወላጅ አነስተኛ መጠን ያጋጠማሉ።,አዎን፣ አንዳንድ አካላት በተወላጅ አነስተኛ መጠን ያጋጠማሉ።
የልብ በሽታ ከስብ ጋር ተያያዝነት አለውን?,አዎን፣ ስብ በልብ አባላት ላይ ጫና ያስጨንቃል።,አዎን፣ ስብ በልብ አባላት ላይ ጫና ያስጨንቃል።
የሆድ ሕመም ምንድን ነው?,የሆድ ችግኝ የሚከሰተው ከብዙ ምክንያቶች ውስጥ አንዱ ነው።,የሆድ ችግኝ የሚከሰተው ከብዙ ምክንያቶች ውስጥ አንዱ ነው።
የሆድ ቁስለኛ ህመም ምልክቶች ምንድን ናቸው?,ህመሙ ሲባል በቁስል፣ በራብ ምልክት፣ በመድከም ይገለጻል።,ህመሙ ሲባል በቁስል፣ በራብ ምልክት፣ በመድከም ይገለጻል።
ለሆድ ቁስል የሚደረጉ ምርመራዎች ምንድን ናቸው?,ስካን፣ ጀንት ስካን፣ ኤክስሬ፣ የደም መርመሪያ,ስካን፣ ጀንት ስካን፣ ኤክስሬ፣ የደም መርመሪያ
የሆድ ቁስል በሚከሰትበት ወቅት ምን መብላት አለብኝ?,ዝቅተኛ አሲድ ያለው ምግብ፣ እንደ ሾርባ፣ ደበቁ እንጀራ እና የበታ ሙሉ ወተት,ዝቅተኛ አሲድ ያለው ምግብ፣ እንደ ሾርባ፣ ደበቁ እንጀራ እና የበታ ሙሉ ወተት
የሆድ እንቅስቃሴ ምን ማለት ነው?,የምግብ መፍሰስን ለማድረግ ሆድ የሚያከናውነው እንቅስቃሴ ነው።,የምግብ መፍሰስን ለማድረግ ሆድ የሚያከናውነው እንቅስቃሴ ነው።
የሆድ መቃብር ምክንያቶች ምንድን ናቸው?,በሙሉ መብላት፣ አነስተኛ እንቅስቃሴ፣ የመድኃኒት አመጋገብ,በሙሉ መብላት፣ አነስተኛ እንቅስቃሴ፣ የመድኃኒት አመጋገብ
የሆድ ችግኝ ምክንያቶች ምንድን ናቸው?,የምግብ ስርዓት መተግበር፣ ስትሬስ፣ ተደጋጋሚ መጠጥ፣ ,የምግብ ስርዓት መተግበር፣ ስትሬስ፣ ተደጋጋሚ መጠጥ፣ 
የሆድ መቁሰል ሲከሰት ምን ይሆናል?,ሆድ ግጭት ከብስለት፣ ትንሽ እና በስር የሚገኙ እድገት ምክንያቶች ሲነሱ ይከሰታል።,ሆድ ግጭት ከብስለት፣ ትንሽ እና በስር የሚገኙ እድገት ምክንያቶች ሲነሱ ይከሰታል።
የኩላሊት እጥበት ትርጉሙ ምንድን ነዉ?,የኩላሊት እጥበት የኩላሊት አቋም መጠናቀቂያ ችግር ነው,የኩላሊት እጥበት የኩላሊት አቋም መጠናቀቂያ ችግር ነው
የአፍንጫ አለርጂ ማለት ምን ማለት ነዉ?,የአፍንጫ አለርጂ የአፍንጫ በሽታዊ ማስነሳት ሲደርስ የሚፈጠር ሁኔታ ነው,የአፍንጫ አለርጂ የአፍንጫ በሽታዊ ማስነሳት ሲደርስ የሚፈጠር ሁኔታ ነው
የአንጎል ባክቴሪያ ምንድን ነዉ?,በተለምዶ በአንጎል የሚኖር ባክቴሪያ የሚያስከትለው በሽታ ነው,በተለምዶ በአንጎል የሚኖር ባክቴሪያ የሚያስከትለው በሽታ ነው
በርሀ በሽታ የሚከሰቱ ምልክቶች ምንድን ናቸው?,"ደረቅ በአፍ, ንፁህ ደረቅ ቁምነገር, ትልቅ ደረቅ ብቃት","ደረቅ በአፍ, ንፁህ ደረቅ ቁምነገር, ትልቅ ደረቅ ብቃት"
የዋና ህብረት ካንሰር በኢትዮጵያ ላይ ምን ያህል ነው ?,"በየአመቱ ከ30,000 በላይ አዳዲስ እና መከታተያ ተገኝቷል","በየአመቱ ከ30,000 በላይ አዳዲስ እና መከታተያ ተገኝቷል"
ሴት በሚወለድበት ወቅት የሚታዩ ምልክቶች ምንድን ናቸው?,"ሽታ መቀየር, ሚዛን መቀየር, ደረቅ መሆን","ሽታ መቀየር, ሚዛን መቀየር, ደረቅ መሆን"
አንድ ሰው በመካከለኛ እድሜው የደም ግፊቱ ምን ያህል ነው?,120/80 mmHg,120/80 mmHg
የካርዲዮ እንቅስቃሴ ምን ያህል ጊዜ ይፈልጋል በሳምንት?,150 ደቂቃዎች በሳምንት በአነስተኛ ብቃት,150 ደቂቃዎች በሳምንት በአነስተኛ ብቃት
የሳምንቱ የምግብ እቅድ እና ምግቦች ዝርዝር ምንድን ነው?,በእለቱ እንዲሁ አዲስ እና ውስን እርሻ ምግቦች,በእለቱ እንዲሁ አዲስ እና ውስን እርሻ ምግቦች
ድካም ምን ያህል ተጽእኖ አለው አካል ላይ?,40% እስከ 60% ስንሽንሽ የአካል ተጽእኖ,40% እስከ 60% ስንሽንሽ የአካል ተጽእኖ
የውሃ ጉዳቶችን ዝርዝር ይግለጹ,"እንቅስቃሴ ችግር, የነበልባል አደጋ, የውሃ ንጽህና አጥንት ችግር","እንቅስቃሴ ችግር, የነበልባል አደጋ, የውሃ ንጽህና አጥንት ችግር"
የኮሮና ቫይረስ ምልክቶች ምንድን ናቸው?,"የተከሰተ ሳልሰማ, አባብስ ሰልባ, አንፀባራቂ ዝምታ","የተከሰተ ሳልሰማ, አባብስ ሰልባ, አንፀባራቂ ዝምታ"
በእርግዝና ወቅት የሚከሰቱ እንቅስቃሴ እና የጤና አግኝቶች ምንድን ናቸው?,"እንቅስቃሴ አንሳ, የካልሲየም ማቅረብ, የደም ግፊት መቆጣጠር","እንቅስቃሴ አንሳ, የካልሲየም ማቅረብ, የደም ግፊት መቆጣጠር"
የልብ ድካም ምልክቶች ዘርዝር,"እንቅስቃሴ ችግር, መደነቂያ ነፍስ, እርቃታማ እድል","እንቅስቃሴ ችግር, መደነቂያ ነፍስ, እርቃታማ እድል"
የቲቢ በሽታ መተላለፊያ መንገዶችን ዘርዝር,"በአንፀባራቂ መላኪያ, በስልክ እና በሌሎች እቃዎች","በአንፀባራቂ መላኪያ, በስልክ እና በሌሎች እቃዎች"
የአልኮል ጉዳቶችን ዘርዝር,"የጭንቅ ችግር, የጤና መቅሰፍት, የተሰናዳ አእምሮ","የጭንቅ ችግር, የጤና መቅሰፍት, የተሰናዳ አእምሮ"
አንድ ሴት አርግዛ ከሆነ በመጀመሪያው ሳምንት ምልክቶችን ዘርዝር,"እስኪነሳ እንደ ደህና, ድካም እና አለባበስ","እስኪነሳ እንደ ደህና, ድካም እና አለባበስ"
ጤናማ ሕፃናት ስንት ኪሎ ግራም ይመዝናሉ?,2.5 ኪ.ግ እስከ 4.5 ኪ.ግ,2.5 ኪ.ግ እስከ 4.5 ኪ.ግ
ኢንፍሉዌንዛ የሚከሰቱበት ወቅት ምንድን ነው?,በክረምት ወቅት,በክረምት ወቅት
የኢንፍሉዌንዛ መከላከያ ዘዴዎችን ዘርዝር,"እጅ በነጽህና መታጠብ, እግር እንዲሁም መተንፈሻ መከላከል","እጅ በነጽህና መታጠብ, እግር እንዲሁም መተንፈሻ መከላከል"
የኢንፍሉዌንዛ ምልክቶች ምንድን ናቸው?,"ማብሰል, በሽታ ተዋረድ, መደንዘን","ማብሰል, በሽታ ተዋረድ, መደንዘን"
የኢንፍሉዌንዛ ቫክሲን መከታተያ ቀናት ምን ያህል ናቸው?,የሚያመች ነው በአመት አንድ ጊዜ,የሚያመች ነው በአመት አንድ ጊዜ
የኢንፍሉዌንዛ ዓይነቶች ምን ያህል ናቸው?,"አራት (A, B, C, D)","አራት (A, B, C, D)"
በኢትዮጵያ ውስጥ የኢንፍሉዌንዛ መተላለፊያ መንገዶች ምንድን ናቸው?,"በአንፀባራቂ መንፈስ, በደረቅ እርጥበት","በአንፀባራቂ መንፈስ, በደረቅ እርጥበት"
የኢንፍሉዌንዛ አስተዳደር ዘዴዎች ምንድን ናቸው?,"ማህበራዊ መቀራረብ, መከላከያ መብት, መድኃኒት መወሰድ","ማህበራዊ መቀራረብ, መከላከያ መብት, መድኃኒት መወሰድ"
የኢንፍሉዌንዛ በሽታ ወቅት የሚያደርጉት የእንክብካቤ እርምጃዎች ምንድን ናቸው?,"ውሃ መጠጣት, መተኛት, ሞቀለ መውደቅ","ውሃ መጠጣት, መተኛት, ሞቀለ መውደቅ"
የኢንፍሉዌንዛ መተላለፊያ መንገዶችን ዘርዝር,"በእራስ ላይ ማቅረብ, በመተንፈስ መንገድ በቀላሉ ይተላለፋል","በእራስ ላይ ማቅረብ, በመተንፈስ መንገድ በቀላሉ ይተላለፋል"
በኢንፍሉዌንዛ ጊዜ ከተከሰተ ሰው ጋር የሚከሰት ግንኙነት ምን አይነት ነው?,በእንቅስቃሴ ውስጥ አካል የሚያሳይ ዘመናዊ አጋጣሚ,በእንቅስቃሴ ውስጥ አካል የሚያሳይ ዘመናዊ አጋጣሚ
የኢንፍሉዌንዛ እንክብካቤ በቤት ምን አይነት ነው?,"መደምደም, በመንፈስ መዝገብ እና በውሃ መነጽር","መደምደም, በመንፈስ መዝገብ እና በውሃ መነጽር"
የኢንፍሉዌንዛ በሽታ ዝርዝር እና ምልክቶችን አብራራ,"ማብሰል, መሳሰሉት ምልክቶች እና የሕመም ዝርዝሮች","ማብሰል, መሳሰሉት ምልክቶች እና የሕመም ዝርዝሮች"
የውሃ ብክለት ማለት ምን ማለት ነው?,ውሃ የመብል ወይም የሕይወት ላይ አሰቃቂ የሆኑ ንጥረ ነገሮች በመጨመር ንፅህናውን ማጣት ነው።,ውሃ የመብል ወይም የሕይወት ላይ አሰቃቂ የሆኑ ንጥረ ነገሮች በመጨመር ንፅህናውን ማጣት ነው።
የውሃ ብክለትን የሚያስከትሉ ምክንያቶች ምንድነው?,የኢንዱስትሪ ቆሻሻ፣ ትራፊክ ወይም የግብርና ነዳጅ አፈሳስ፣ እንዲሁም የቤተሰቡ ቆሻሻ መፍሰስ።,የኢንዱስትሪ ቆሻሻ፣ ትራፊክ ወይም የግብርና ነዳጅ አፈሳስ፣ እንዲሁም የቤተሰቡ ቆሻሻ መፍሰስ።
የውሃ ብክለት እንዴት ሊቀነስ ይችላል?,ቆሻሻን በትክክል በመከላከል፣ ማዕድናትን በመከላከል፣ የኢንዱስትሪ መፍሰስን በመቆጣጠር፣ እ.ኤ.አ።,ቆሻሻን በትክክል በመከላከል፣ ማዕድናትን በመከላከል፣ የኢንዱስትሪ መፍሰስን በመቆጣጠር፣ እ.ኤ.አ።
ከውሃ ብክለት የሚመጡ የጤና ችግሮች ምንድናቸው?,አካል በሽታዎች፣ እንባ ችግር፣ አንጀት በሽታዎች፣ ኢንፌክሽኖች፣ ከሰብስ እስከ ሞት የሚያደርሱ ናቸው።,አካል በሽታዎች፣ እንባ ችግር፣ አንጀት በሽታዎች፣ ኢንፌክሽኖች፣ ከሰብስ እስከ ሞት የሚያደርሱ ናቸው።
ውሃ በምን መንገድ ይበክላል?,የኢንዱስትሪ መፍሰስ፣ የሰብስ ቆሻሻ፣ የመሬት እና የተራራ መንኛ፣ ማዕድን መግባት እና ሌሎች።,የኢንዱስትሪ መፍሰስ፣ የሰብስ ቆሻሻ፣ የመሬት እና የተራራ መንኛ፣ ማዕድን መግባት እና ሌሎች።
ውሃ ከሚቀነሰው የህይወት ጥራት ውስጥ ምን ነው?,ብክለት የተባለው ውሃ ለመጠጣት ወይም ለእንስሳት አልተረፈም ማለት ነው።,ብክለት የተባለው ውሃ ለመጠጣት ወይም ለእንስሳት አልተረፈም ማለት ነው።
በኢትዮጵያ ውሃ ብክለት በእርግጥ ያለበት አካባቢ ስንት ነው?,በአስፋልታ፣ አዲስ አበባ፣ ደሴ እና ቦሌ አካባቢ የብክለት ችግሮች በተለምዶ ይታያሉ።,በአስፋልታ፣ አዲስ አበባ፣ ደሴ እና ቦሌ አካባቢ የብክለት ችግሮች በተለምዶ ይታያሉ።
የውሃ ብክለት የሚያሳዩ መለኪያዎች ምንድነው?,"pH, DO (dissolved oxygen), BOD, COD, አሳዛኝ ሽታ፣ ቀለም፣ ጨዋ ይካተታሉ።","pH, DO (dissolved oxygen), BOD, COD, አሳዛኝ ሽታ፣ ቀለም፣ ጨዋ ይካተታሉ።"
የአፍንጫ አለርጂ  መንስኤዎች ሁለቱን ጥቀስ?,አቧራ፣ ብናኝ ፣ ኬሚካሎች እና,አቧራ፣ ብናኝ ፣ ኬሚካሎች እና
የኮሮናቫይረስ በሽታ ምልክቶች የትኞቹ ናቸው?,የኮሮናቫይረስ የመተንፈሻ አካላት በሽታ ሲሆን ሲጀምር በትኩሳት ሲሆን በማስከተልም ደረቅ ሳል ይነረዋል። ከሳምንት በኋላ ደግሞ የትንፋሽ ማጠርን ያስከትላል፤ በዚህ ሳቢያም አንዳንድ በበሽታው የተያዙ ሰዎች የህክምና እርዳታ ሊያስፈልጋቸው ይችላል።,የኮሮናቫይረስ የመተንፈሻ አካላት በሽታ ሲሆን ሲጀምር በትኩሳት ሲሆን በማስከተልም ደረቅ ሳል ይነረዋል። ከሳምንት በኋላ ደግሞ የትንፋሽ ማጠርን ያስከትላል፤ በዚህ ሳቢያም አንዳንድ በበሽታው የተያዙ ሰዎች የህክምና እርዳታ ሊያስፈልጋቸው ይችላል።
እንዴት እራሴን ከኮሮናቫይረስ መጠበቅ እችላለሁ?,የጤና ተቋማት እንደሚሉት በሽታውን ለመከላከል እጅን በመደበኝነት በደንብ መታጠብ እጅግ ጠቃሚ ነው።,የጤና ተቋማት እንደሚሉት በሽታውን ለመከላከል እጅን በመደበኝነት በደንብ መታጠብ እጅግ ጠቃሚ ነው።
የኮሮናቫይረስ በሽታ እንዴት ይተላለፋል?,እስካሁን በሽታው እንዴት እንደሚተላለፍ በእርግጠኝነት የሚታወቅ ነገር የለም። ነገር ግን የኮሮና አይነት ቫይረሶች በበሽታው የተያዙ ሰዎች በሚያስሉበትና በሚያስነጥሱበት ወቅት በሚያወጧቸው ጥቃቅን ጠብታዎች አማካይነት ነው,እስካሁን በሽታው እንዴት እንደሚተላለፍ በእርግጠኝነት የሚታወቅ ነገር የለም። ነገር ግን የኮሮና አይነት ቫይረሶች በበሽታው የተያዙ ሰዎች በሚያስሉበትና በሚያስነጥሱበት ወቅት በሚያወጧቸው ጥቃቅን ጠብታዎች አማካይነት ነው
ኮሮናቫይረስ ምንያህል አደገኛ ነው?,የዓለም ጤና ድርጅት ከ56 ህሙማን ላይ በሰበሰበው መረጃ መሰረት በኮሮናቫይረስ ከተያዙ አምስት ሰዎች መካከል አራቱ ቀለል ያሉ የበሽታውን ምልክቶች ብቻ ያሳያሉ። በዚህም መሰረት፡ 80 በመቶው ቀለል ያሉ ምልክቶችን ያሳያሉ,የዓለም ጤና ድርጅት ከ56 ህሙማን ላይ በሰበሰበው መረጃ መሰረት በኮሮናቫይረስ ከተያዙ አምስት ሰዎች መካከል አራቱ ቀለል ያሉ የበሽታውን ምልክቶች ብቻ ያሳያሉ። በዚህም መሰረት፡ 80 በመቶው ቀለል ያሉ ምልክቶችን ያሳያሉ
ኮሮናቫይረስ ሊድን ይችላልን?,አው,አው
በኮሮናቫይረስ እስካሁን ስንት ሰዎች ሞቱ? ,ይህ ዘገባ እስኪታተም ኣስከ ዛሬ 2020 ድረስ 80 ሰዎች ሞተዋል። 3 ሺህ ሰዎች ታመዋል፤ 300ዎቹ በጽኑ ሁኔታ ታመው አልጋ ይዘዋል።,ይህ ዘገባ እስኪታተም ኣስከ ዛሬ 2020 ድረስ 80 ሰዎች ሞተዋል። 3 ሺህ ሰዎች ታመዋል፤ 300ዎቹ በጽኑ ሁኔታ ታመው አልጋ ይዘዋል።
ኮሮናቫይረስ ወደ የትኞቹ አገሮች ተዛመተ?.,አሜሪካ፣ ፈረንሳይ፣ ጃፓን፣ ደቡብ ኮሪያ፣ ታይዋን፣ አውስትራሊያ በሽታው መታየቱን ሪፖርት ካደረጉ አገራት መካከል ይገኙበታል,አሜሪካ፣ ፈረንሳይ፣ ጃፓን፣ ደቡብ ኮሪያ፣ ታይዋን፣ አውስትራሊያ በሽታው መታየቱን ሪፖርት ካደረጉ አገራት መካከል ይገኙበታል
ኮሮና ቫይረስ ምንድነው?,የኮሮና ቫይረስ ከቀላል እስከ ከባድ የመተንፈሻ አካል ሕመም የሚያስከትል የቫይረስ ዝርያ ሲሆን ሞትን ሊያስከትል የሚችል ህመም ነው።,የኮሮና ቫይረስ ከቀላል እስከ ከባድ የመተንፈሻ አካል ሕመም የሚያስከትል የቫይረስ ዝርያ ሲሆን ሞትን ሊያስከትል የሚችል ህመም ነው።
ጨው ለጤናችን ጠቃሚ እንዲሁም አደገኛ ሊሆን የሚችለውን ምን ያህል ስንመገብ ነው?,አንዳንድ የሳይንስ ሊቃውንት ጨው ያነሰው ምግብ መመገብ ልክ ከፍተኛ ጨው የገባበትን ምግብ እንደ መመገብ አደገኛ ነው ብለው ይከራከራሉ,አንዳንድ የሳይንስ ሊቃውንት ጨው ያነሰው ምግብ መመገብ ልክ ከፍተኛ ጨው የገባበትን ምግብ እንደ መመገብ አደገኛ ነው ብለው ይከራከራሉ
ጨውን በብዛትየመመገብ ጭማሬ ግን እውነታው ምን ያህል ነው?,በጨው ፍቅር ወድቀናል። የሕክምና ባለሙያዎች ቢያስጠነቅቁም በመላው ዓለም የሚገኝ ሕዝብ መጠቀም ካለበት ሁለት እጥፍ በላይ ጨው ይመገባል። ይህም በሂደት የጤና መታወክን ያስከትላል።,በጨው ፍቅር ወድቀናል። የሕክምና ባለሙያዎች ቢያስጠነቅቁም በመላው ዓለም የሚገኝ ሕዝብ መጠቀም ካለበት ሁለት እጥፍ በላይ ጨው ይመገባል። ይህም በሂደት የጤና መታወክን ያስከትላል።
የሽንት ቱቦ ኢንፌክሽን ከወንዶች በበለጠ ለምን ሴቶችን ያጠቃል?,የሴቶች እና ልጃገረዶች የታችኛው የሽንት ማስተላለፊያ ቱቦ (ዩሬትራ) ከወንዶች ይልቅ አጭር ስለሆነ ባክቴሪያው በቀላሉ ወደ ሽንት አካላት እንዲገባ በማድረግ የበለጠ ለሽንት ቧንቧ ኢንፌክሽን ተጋላጭ ያደርጋቸዋል።ሴቶች ካረጡ በኋላ የኦስትሮጂን መጠናቸው ስለሚወርድ ለሽንት ቱቦ ኢንፌክሽን የመጋለጥ ዕድላቸው ከፍ ያለ ነው።,የሴቶች እና ልጃገረዶች የታችኛው የሽንት ማስተላለፊያ ቱቦ (ዩሬትራ) ከወንዶች ይልቅ አጭር ስለሆነ ባክቴሪያው በቀላሉ ወደ ሽንት አካላት እንዲገባ በማድረግ የበለጠ ለሽንት ቧንቧ ኢንፌክሽን ተጋላጭ ያደርጋቸዋል።ሴቶች ካረጡ በኋላ የኦስትሮጂን መጠናቸው ስለሚወርድ ለሽንት ቱቦ ኢንፌክሽን የመጋለጥ ዕድላቸው ከፍ ያለ ነው።
የሽንት ቱቦ ኢንፌክሽን እንዴት መከላከል ይቻላል?,በዓለም ላይ እጅግ በጣም ከተለመዱ የኢንፌክሽን ዓይነቶች መካከል አንዱ የሆነው ይህ ሕመም የፀረ ተህዋሲያን መድኃኒቶችን የሚቋቋሙ ባክቴሪያዎች በበዙበት በዚህ ዘመን እንዴት አድርገን በተሳካ ሁኔታ መከላከል እንችላለን የሚለው አሁንም ጥያቄ ነው,በዓለም ላይ እጅግ በጣም ከተለመዱ የኢንፌክሽን ዓይነቶች መካከል አንዱ የሆነው ይህ ሕመም የፀረ ተህዋሲያን መድኃኒቶችን የሚቋቋሙ ባክቴሪያዎች በበዙበት በዚህ ዘመን እንዴት አድርገን በተሳካ ሁኔታ መከላከል እንችላለን የሚለው አሁንም ጥያቄ ነው
የሽንት ቧንቧ ኢንፌክሽን ምክንያት ምንድነው?,የሽንት ቧንቧ ኢንፌክሽን በአብዛኛው የሚከሰተው በሽንት ማስተላለፊያ ቱቦ (ዩሬትራ) በኩል በሚገባ ባክቴሪያ አማካኝነት ነው።በተለይም ኢሽሪሺያ ኮላይ (E. coli) የተባለውና በተለምዶ በምግብ መፍጫ ሥርዓታችን ውስጥ የሚገኘው ባክቴሪያ ዋነኛው መንስዔ ነው።,የሽንት ቧንቧ ኢንፌክሽን በአብዛኛው የሚከሰተው በሽንት ማስተላለፊያ ቱቦ (ዩሬትራ) በኩል በሚገባ ባክቴሪያ አማካኝነት ነው።በተለይም ኢሽሪሺያ ኮላይ (E. coli) የተባለውና በተለምዶ በምግብ መፍጫ ሥርዓታችን ውስጥ የሚገኘው ባክቴሪያ ዋነኛው መንስዔ ነው።
የሽንት ቧንቧ ኢንፌክሽን ምልክቶቹ ምንድን ናቸው?,የሽንት ቧንቧ ኢንፌክሽን ሕመም ምልክት ከሰው ወደ ሰው ይለያያል። ነገር ግን የዩናይትድ ኪንግደም (ዩኬ) ብሔራዊ የጤና አገልግሎት ያስቀመጣቸው የተለመዱት ምከልክቶች፡ሽንት በሚሸኑበት ጊዜ ማቃጠል ወይም ሕመም;ፊኛ ባዶ ቢሆንም ቶሎ ቶሎ የሽንት መምጣት ስሜት; የደፍረሰ፣ መጥፎ ሽታ ያለው ወይም ከደም ጋር የተቀላቀለ ሽንት; ከእምብርት በታች ወይም በብሽሽት አካባቢ የቁርጠት ስሜት;ከፍተኛ ትኩሳት እና ብርድ ብርድ ማለት፣ ማንቀጥቀጥ;የድካም ስሜት,የሽንት ቧንቧ ኢንፌክሽን ሕመም ምልክት ከሰው ወደ ሰው ይለያያል። ነገር ግን የዩናይትድ ኪንግደም (ዩኬ) ብሔራዊ የጤና አገልግሎት ያስቀመጣቸው የተለመዱት ምከልክቶች፡ሽንት በሚሸኑበት ጊዜ ማቃጠል ወይም ሕመም;ፊኛ ባዶ ቢሆንም ቶሎ ቶሎ የሽንት መምጣት ስሜት; የደፍረሰ፣ መጥፎ ሽታ ያለው ወይም ከደም ጋር የተቀላቀለ ሽንት; ከእምብርት በታች ወይም በብሽሽት አካባቢ የቁርጠት ስሜት;ከፍተኛ ትኩሳት እና ብርድ ብርድ ማለት፣ ማንቀጥቀጥ;የድካም ስሜት
የሽንት ቧንቧ ኢንፌክሽን በራሱ ጊዜ ይጠፋልን?,"አይደለም።ለንደን በሚገኘው ዊቲንግተን ሆስፒታል የማህጸን እና ጽንስ ስፔሻል እና አማካሪ የሆኑት ዶ/ር ራጅቪንደር ካህስሪያ ""የተወሰኑ ሴቶች ምንም ሕክምና አያስፈልጋቸውም። የራሳቸው በሽታ የመከላከል አቅም የሽንት ቧንቧ ኢንፌክሽኑ እንዲድን ያደርጋል። የተወሰኑ ሴቶች ደግሞ መድኃኒት መውሰድ ያስፍለጋቸዋል"" ብለዋል።","አይደለም።ለንደን በሚገኘው ዊቲንግተን ሆስፒታል የማህጸን እና ጽንስ ስፔሻል እና አማካሪ የሆኑት ዶ/ር ራጅቪንደር ካህስሪያ ""የተወሰኑ ሴቶች ምንም ሕክምና አያስፈልጋቸውም። የራሳቸው በሽታ የመከላከል አቅም የሽንት ቧንቧ ኢንፌክሽኑ እንዲድን ያደርጋል። የተወሰኑ ሴቶች ደግሞ መድኃኒት መውሰድ ያስፍለጋቸዋል"" ብለዋል።"
የሽንት ቧንቧ ኢንፌክሽን ይጋባልን?,የሽንት ቧንቧ ኢንፌክሽን ከሰው ወደ ሰው የማይተላለፍ እና በወሲብ ከሚተላለፉ በሽታዎች መካከል አይደለም,የሽንት ቧንቧ ኢንፌክሽን ከሰው ወደ ሰው የማይተላለፍ እና በወሲብ ከሚተላለፉ በሽታዎች መካከል አይደለም
የተለያዩ የጉበት በሽታ ዓይነቶችን ጥቀስ,ሄፓታይተስ ኤ;ሄፓታይተስ ቢ;ሄፓታይተስ ሲ;የአልኮል ጉበት በሽታ,ሄፓታይተስ ኤ;ሄፓታይተስ ቢ;ሄፓታይተስ ሲ;የአልኮል ጉበት በሽታ
በደም ሙከራ ጉበት ጤናማ እንደሆነ ማረጋገጥ ይቻላልን?,አዎ፣ ይቻላል።,አዎ፣ ይቻላል።
አልትራሳውንድ እና ኤም.አር.አይ. ጉበት መጠንና ቅርጽ ለማየት አይረዱምን?,አይ፣ እርዳታ ያቀርባሉ።,አይ፣ እርዳታ ያቀርባሉ።
የቆዳ ብጫነት ጉበት ጤናማ መሆንን የሚያሳይ ምልክት ነውን?,አይ፣ ጉበት ችግኝ መኖሩን የሚያሳይ ምልክት ነው።,አይ፣ ጉበት ችግኝ መኖሩን የሚያሳይ ምልክት ነው።
ጤናማ አመጋገብና እንቅስቃሴ መኖር ከጉበት ጤና ጋር ተያይዞ አይመለከትምን?,አይ፣ በትክክል ይመለከታል።,አይ፣ በትክክል ይመለከታል።
ትክክለኛ ውጤት ለማግኘት የህክምና ባለሙያ ማማከር አስፈላጊ ነውን?,አዎ፣ አስፈላጊ ነው።,አዎ፣ አስፈላጊ ነው።
መቼ ነው ወደ ሆስፒታል መሄድ ያለብኝ?,ሰዎች ወደ ሕክምና ጣቢያ መሄድ ያለባቸው የአተነፋፈስ ችግር ካጋጠማቸው ነው። ዶክተሮች የታማሚን ሳንባ ከመረመሩ በኋላ አስፈላጊውን ሕክምና ያዛሉ። አስፈላጊ ከሆነ ኦክስጂንና ቬንቲሌሽን ሊታዘዝ ይችላል።ነገር ግን ሰዎች በሽታው ይዞኛል ብለው ከጠረጠሩ አስቀድመው ወደ ነፃ የእርዳታ መስጫ ቁጥሮች ቢደውሉ ይመከራል። የኢትዮጵያ ነፃ መስመር 8335 ወይም 952 ነው,ሰዎች ወደ ሕክምና ጣቢያ መሄድ ያለባቸው የአተነፋፈስ ችግር ካጋጠማቸው ነው። ዶክተሮች የታማሚን ሳንባ ከመረመሩ በኋላ አስፈላጊውን ሕክምና ያዛሉ። አስፈላጊ ከሆነ ኦክስጂንና ቬንቲሌሽን ሊታዘዝ ይችላል።ነገር ግን ሰዎች በሽታው ይዞኛል ብለው ከጠረጠሩ አስቀድመው ወደ ነፃ የእርዳታ መስጫ ቁጥሮች ቢደውሉ ይመከራል። የኢትዮጵያ ነፃ መስመር 8335 ወይም 952 ነው
የእርግዝና የመጀመሪያ ምልክቶች ምንድን ናቸው?,የማቅለሽለሽ፣ የድካም ስሜት እና የጡት ንክኪ ሊሰማዎት ይችላል! እነዚህ ምልክቶች ከታዩ ወዲያውኑ የእርግዝና ምርመራ ይውሰዱ!,የማቅለሽለሽ፣ የድካም ስሜት እና የጡት ንክኪ ሊሰማዎት ይችላል! እነዚህ ምልክቶች ከታዩ ወዲያውኑ የእርግዝና ምርመራ ይውሰዱ!
የጠዋት ህመምን እንዴት መቆጣጠር እችላለሁ?,ትንንሽ ምግቦችን ይመገቡ፣ ቅመም የበዛባቸውን ምግቦች ያስወግዱ እና ብዙ ውሃ ይጠጡ - ዝንጅብል እና ቫይታሚን B6 የእርስዎ የቢፍ ምግቦች ናቸው!,ትንንሽ ምግቦችን ይመገቡ፣ ቅመም የበዛባቸውን ምግቦች ያስወግዱ እና ብዙ ውሃ ይጠጡ - ዝንጅብል እና ቫይታሚን B6 የእርስዎ የቢፍ ምግቦች ናቸው!
ለሁለት ለመብላት ምርጡ መንገድ ምንድነው?,እንደ ፍራፍሬ፣ አትክልት፣ ሙሉ እህል፣ ስስ ፕሮቲኖች እና ጤናማ ቅባቶች ባሉ ሙሉ ምግቦች ላይ። ጥሬ ወይም ያልበሰሉ ምግቦችን ያስወግዱ!,እንደ ፍራፍሬ፣ አትክልት፣ ሙሉ እህል፣ ስስ ፕሮቲኖች እና ጤናማ ቅባቶች ባሉ ሙሉ ምግቦች ላይ። ጥሬ ወይም ያልበሰሉ ምግቦችን ያስወግዱ!
በእርግዝና ወቅት የአካል ብቃት እንቅስቃሴ ማድረግ እችላለሁን?,አዎ ፣ የአካል ብቃት እንቅስቃሴ ማድረግ ይችላሉ! ሰውነትዎን ብቻ ያዳምጡ እና ከፍተኛ ተጽዕኖ የሚያሳድሩ የአካል ብቃት እንቅስቃሴዎችን ያስወግዱ። ቅድመ ወሊድ ዮጋ እና መዋኘት በጣም ጥሩ አማራጮች ናቸው!,አዎ ፣ የአካል ብቃት እንቅስቃሴ ማድረግ ይችላሉ! ሰውነትዎን ብቻ ያዳምጡ እና ከፍተኛ ተጽዕኖ የሚያሳድሩ የአካል ብቃት እንቅስቃሴዎችን ያስወግዱ። ቅድመ ወሊድ ዮጋ እና መዋኘት በጣም ጥሩ አማራጮች ናቸው!
የጤና እንክብካቤ አቅራቢዬን ምን ያህል ጊዜ ማየት አለብኝ?,መደበኛ ምርመራዎች የግድ አስፈላጊ ናቸው! የልጅዎን እድገት እና ጤናዎን ለመከታተል በየ 4-6 ሳምንታት ቀጠሮዎችን ያቅዱ።,መደበኛ ምርመራዎች የግድ አስፈላጊ ናቸው! የልጅዎን እድገት እና ጤናዎን ለመከታተል በየ 4-6 ሳምንታት ቀጠሮዎችን ያቅዱ።
የእርግዝና የጀርባ ህመምን እንዴት መቆጣጠር እችላለሁ?,ጀርባዎን ይንከባከቡ! ጥሩ አቋም ይለማመዱ፣ በትክክል ያንሱ፣ እና ህመምን ለማስታገስ የቅድመ ወሊድ ዮጋ ወይም የአካል ህክምና ይሞክሩ።,ጀርባዎን ይንከባከቡ! ጥሩ አቋም ይለማመዱ፣ በትክክል ያንሱ፣ እና ህመምን ለማስታገስ የቅድመ ወሊድ ዮጋ ወይም የአካል ህክምና ይሞክሩ።
የእርግዝና ምልክቶችን እንዴት መከላከል እችላለሁ?,"ቆዳዎን ይንከባከቡ! ለስላሳ እርጥበት መከላከያዎችን ይጠቀሙ, ከመጠን በላይ የፀሐይ መጋለጥን ያስወግዱ እና ጤናማ ክብደትን ይጠብቁ.","ቆዳዎን ይንከባከቡ! ለስላሳ እርጥበት መከላከያዎችን ይጠቀሙ, ከመጠን በላይ የፀሐይ መጋለጥን ያስወግዱ እና ጤናማ ክብደትን ይጠብቁ."
በእርግዝና ወቅት ፀጉሬን መቀባት እችላለሁን?,"አዎ, ጸጉርዎን መቀባት ይችላሉ! ከሐኪምዎ ጋር ብቻ ያማክሩ እና ኃይለኛ ኬሚካሎችን ያስወግዱ.","አዎ, ጸጉርዎን መቀባት ይችላሉ! ከሐኪምዎ ጋር ብቻ ያማክሩ እና ኃይለኛ ኬሚካሎችን ያስወግዱ."
በእርግዝና ወቅት ቡና መጠጣት እችላለሁን?,"አዎ, ቡና መጠጣት ይችላሉ! የካፌይን ፍጆታዎን ብቻ ይገድቡ እና በቀን ከአንድ ኩባያ በላይ ከመጠጣት ይቆጠቡ።","አዎ, ቡና መጠጣት ይችላሉ! የካፌይን ፍጆታዎን ብቻ ይገድቡ እና በቀን ከአንድ ኩባያ በላይ ከመጠጣት ይቆጠቡ።"
በእርግዝና ወቅት አሁንም መጓዝ እችላለሁ?,"አዎ, መጓዝ ይችላሉ! ከዶክተርዎ ጋር ብቻ ያማክሩ እና ሁሉም አስፈላጊ የሕክምና ሰነዶች እና የኢንሹራንስ ሽፋን እንዳለዎት ያረጋግጡ.","አዎ, መጓዝ ይችላሉ! ከዶክተርዎ ጋር ብቻ ያማክሩ እና ሁሉም አስፈላጊ የሕክምና ሰነዶች እና የኢንሹራንስ ሽፋን እንዳለዎት ያረጋግጡ."
ከወሊድ በኋላ እንዴት እፈውሳለሁ?,ቀለል አድርገው ይውሰዱት! ይረፉ፣ እርጥበት ይኑርዎት እና አልሚ ምግቦችን ይመገቡ -ከበድ ያለ ነገር ማንሳት እና መታጠፍ ያስወግዱ እና ለማረጋጋት ሞቅ ያለ መጭመቂያዎችን ይጠቀሙ!,ቀለል አድርገው ይውሰዱት! ይረፉ፣ እርጥበት ይኑርዎት እና አልሚ ምግቦችን ይመገቡ -ከበድ ያለ ነገር ማንሳት እና መታጠፍ ያስወግዱ እና ለማረጋጋት ሞቅ ያለ መጭመቂያዎችን ይጠቀሙ!
ከወሊድ በኋላ የመንፈስ ጭንቀት ምልክቶች ምንድ ናቸው?,ሀዘን፣ ጭንቀት እና የስሜት መለዋወጥ ሊያጋጥምዎት ይችላል! እነዚህ ምልክቶች ከታዩ በተቻለ ፍጥነት ዶክተርዎን ወይም ቴራፒስትዎን ያነጋግሩ!,ሀዘን፣ ጭንቀት እና የስሜት መለዋወጥ ሊያጋጥምዎት ይችላል! እነዚህ ምልክቶች ከታዩ በተቻለ ፍጥነት ዶክተርዎን ወይም ቴራፒስትዎን ያነጋግሩ!
ጥሩ የጡት ማጥባት ልማድ እንዴት መመስረት እችላለሁ?,አያስቡ!አዘውትሮ መመገብ፣ ትክክለኛ ማጥባት እና ከቆዳ ጋር መገናኘት ሊረዳ ይችላል። አስፈላጊ ከሆነ የጡት ማጥባት ድጋፍን ይፈልጉ!,አያስቡ!አዘውትሮ መመገብ፣ ትክክለኛ ማጥባት እና ከቆዳ ጋር መገናኘት ሊረዳ ይችላል። አስፈላጊ ከሆነ የጡት ማጥባት ድጋፍን ይፈልጉ!
የሚያለቅስ ልጄን ለማስታገስ ምርጡ መንገድ ምንድነው?,'5 S'ን ይሞክሩ፡ መወዛወዝ፣ መንቀጥቀጥ፣ የጎን/የሆድ አቀማመጥ፣ መወዛወዝ እና መጥባት - እና እንደ ረሃብ ወይም ቆሻሻ ዳይፐር ያሉ አካላዊ ፍላጎቶችን ያረጋግጡ!,'5 S'ን ይሞክሩ፡ መወዛወዝ፣ መንቀጥቀጥ፣ የጎን/የሆድ አቀማመጥ፣ መወዛወዝ እና መጥባት - እና እንደ ረሃብ ወይም ቆሻሻ ዳይፐር ያሉ አካላዊ ፍላጎቶችን ያረጋግጡ!
እናትነትን እና ራስን መንከባከብን እንዴት ማመጣጠን እችላለሁ?,ለራስ እንክብካቤ ቅድሚያ ይስጡ! ጊዜ ይስጡ! አእምሮዎን ፣ አካልዎን እና ነፍስዎን ለሚመግቡ ተግባራት!  በሚፈልጉበት ጊዜ እርዳታ ይጠይቁ እና በሚችሉበት ጊዜ ለእረፍት ቅድሚያ ይስጡ,ለራስ እንክብካቤ ቅድሚያ ይስጡ! ጊዜ ይስጡ! አእምሮዎን ፣ አካልዎን እና ነፍስዎን ለሚመግቡ ተግባራት!  በሚፈልጉበት ጊዜ እርዳታ ይጠይቁ እና በሚችሉበት ጊዜ ለእረፍት ቅድሚያ ይስጡ
የልጄን እምብርት እንዴት መንከባከብ እችላለሁ?,ንጹህ እና ደረቅ ያድርጉት! ማናደድን ለማስወገድ ዳይፐር ወደ ታች እጠፍ! ገመዱን እና ፈውስን ለማራመድ እንዲደርቅ ያድርጉት።,ንጹህ እና ደረቅ ያድርጉት! ማናደድን ለማስወገድ ዳይፐር ወደ ታች እጠፍ! ገመዱን እና ፈውስን ለማራመድ እንዲደርቅ ያድርጉት።
ከወሊድ በኋላ የኢንፌክሽን ምልክቶች ምንድ ናቸው?,ትኩሳት፣ ብርድ ብርድ ማለት እና ህመም ወይም ፈሳሽ መጨመር ይጠብቁ! እነዚህ ምልክቶች ከታዩ በተቻለ ፍጥነት የጤና እንክብካቤ አቅራቢዎን ያነጋግሩ!,ትኩሳት፣ ብርድ ብርድ ማለት እና ህመም ወይም ፈሳሽ መጨመር ይጠብቁ! እነዚህ ምልክቶች ከታዩ በተቻለ ፍጥነት የጤና እንክብካቤ አቅራቢዎን ያነጋግሩ!
የድህረ ወሊድ ደም መፍሰስን እንዴት መቆጣጠር እችላለሁ?,ደሙን ለመምጠጥ የንፅህና መጠበቂያ ፓድን ወይም የአዋቂ ዳይፐር ይጠቀሙ! ኢንፌክሽኑን ለመከላከል እና ፈውስ ለማራመድ በተደጋጋሚ ይለውጧቸው.,ደሙን ለመምጠጥ የንፅህና መጠበቂያ ፓድን ወይም የአዋቂ ዳይፐር ይጠቀሙ! ኢንፌክሽኑን ለመከላከል እና ፈውስ ለማራመድ በተደጋጋሚ ይለውጧቸው.
ከልጄ ጋር ቆዳ ለቆዳ ንክኪ መደረጉ ምን ጥቅሞች አሉት?,"ትስስርን ያበረታታል, የሰውነት ሙቀትን ይቆጣጠራል, እና ጡት ማጥባትን ይደግፋል! በብርድ ልብስ ሁለታችሁንም በሚሸፍን ልጅዎን ወደ ባዶ ደረትዎ ያቅርቡ።","ትስስርን ያበረታታል, የሰውነት ሙቀትን ይቆጣጠራል, እና ጡት ማጥባትን ይደግፋል! በብርድ ልብስ ሁለታችሁንም በሚሸፍን ልጅዎን ወደ ባዶ ደረትዎ ያቅርቡ።"
በድህረ ወሊድ ወቅት ባለቤቴን እንዴት መርዳት እችላለሁ?,"በግልጽ ይነጋገሩ, ስሜታዊ ድጋፍ ይስጡ, የቤት ውስጥ ሥራዎችን እና የሕፃናት እንክብካቤን ያግዙ! ታጋሽ እና አስተዋይ ሁን፣ እና አስፈላጊ ከሆነ አጋሯ እርዳታ እንድትፈልግ አበረታታ።","በግልጽ ይነጋገሩ, ስሜታዊ ድጋፍ ይስጡ, የቤት ውስጥ ሥራዎችን እና የሕፃናት እንክብካቤን ያግዙ! ታጋሽ እና አስተዋይ ሁን፣ እና አስፈላጊ ከሆነ አጋሯ እርዳታ እንድትፈልግ አበረታታ።"
በእርግዝና ወቅት ምን ያህል ክብደት መጨመር አለብኝ?,ልክ እንደ 11-40 ኪሎ ነው፣ በእርስዎ BMI ላይ በመመስረት። በመጀመሪያው ሶስት ወር ከ1-4 ኪሎ፣ እና ከዚያ በኋላ በየወሩ 2-4 ኪሎ ይግቡ፣ እሺ?,ልክ እንደ 11-40 ኪሎ ነው፣ በእርስዎ BMI ላይ በመመስረት። በመጀመሪያው ሶስት ወር ከ1-4 ኪሎ፣ እና ከዚያ በኋላ በየወሩ 2-4 ኪሎ ይግቡ፣ እሺ?
ቬጀቴሪያን ካልሆንኩ ምን መብላት አለብኝ?,ቬጀቴሪያን እንደማትሆን ነፍሰ ጡር ሴት እንደ ስስ ስጋ፣ አሳ፣ እንቁላል፣ የወተት ተዋጽኦ፣ ሙሉ እህል፣ ፍራፍሬ እና አትክልት ባሉ አልሚ ምግቦች ላይ አተኩር። ለጤናማ እርግዝና ከፍተኛ የሜርኩሪ ዓሳ፣ ጥሬ/ያልበሰለ ስጋ፣የተሰራ ስጋ፣ ከፍተኛ ስኳር የበዛባቸው ምግቦችን እና ከልክ ያለፈ ካፌይን ይገድቡ ወይም ያስወግዱ።,ቬጀቴሪያን እንደማትሆን ነፍሰ ጡር ሴት እንደ ስስ ስጋ፣ አሳ፣ እንቁላል፣ የወተት ተዋጽኦ፣ ሙሉ እህል፣ ፍራፍሬ እና አትክልት ባሉ አልሚ ምግቦች ላይ አተኩር። ለጤናማ እርግዝና ከፍተኛ የሜርኩሪ ዓሳ፣ ጥሬ/ያልበሰለ ስጋ፣የተሰራ ስጋ፣ ከፍተኛ ስኳር የበዛባቸው ምግቦችን እና ከልክ ያለፈ ካፌይን ይገድቡ ወይም ያስወግዱ።
ምን ያህል እና ምን አይነት የአካል ብቃት እንቅስቃሴ እፈልጋለሁ?,ለ 150 ደቂቃዎች / በሳምንት መካከለኛ-ጥንካሬ የአካል ብቃት እንቅስቃሴ ያድርጉ። 'የንግግር ፈተና' ይውሰዱ፡ በቀላሉ ይነጋገሩ፣ ግን አይዘፍኑ።,ለ 150 ደቂቃዎች / በሳምንት መካከለኛ-ጥንካሬ የአካል ብቃት እንቅስቃሴ ያድርጉ። 'የንግግር ፈተና' ይውሰዱ፡ በቀላሉ ይነጋገሩ፣ ግን አይዘፍኑ።
የእኔ ውሃ አሁን ተሰበረ! ምን አደርጋለሁ?,ይረጋጉ፣ ፈሳሹን ለመምጠጥ ፓድ ወይም ፎጣ ያድርጉ እና በተቻለ ፍጥነት ወደ ሆስፒታል ይሂዱ! አይጨነቁ፣ ልጅዎ ደህና ይሆናል።,ይረጋጉ፣ ፈሳሹን ለመምጠጥ ፓድ ወይም ፎጣ ያድርጉ እና በተቻለ ፍጥነት ወደ ሆስፒታል ይሂዱ! አይጨነቁ፣ ልጅዎ ደህና ይሆናል።
ልጄ መምታቱን አያቆምም ፣ ይህ የተለመደ ነው?,"አዎ የተለመደ ነው! ህጻናት ለመዘርጋት እና ለመንቀሳቀስ ይረግጣሉ። ነገር ግን ኃይለኛ ህመም ወይም ምቾት ከተሰማዎት, የሕፃኑን አቀማመጥ ለመመርመር ዶክተርዎን ይደውሉ::","አዎ የተለመደ ነው! ህጻናት ለመዘርጋት እና ለመንቀሳቀስ ይረግጣሉ። ነገር ግን ኃይለኛ ህመም ወይም ምቾት ከተሰማዎት, የሕፃኑን አቀማመጥ ለመመርመር ዶክተርዎን ይደውሉ::"
ልጄ ሲመታ ለጥቂት ጊዜ አልተሰማኝም፣ ልጨነቅ?,28 ሳምንታት ካለፉ እና በጥቂት ሰዓታት ውስጥ ምቶች ካልተሰማዎት በተቻለ ፍጥነት ዶክተርዎን ይደውሉ! አእምሮዎን ለማረጋጋት የሕፃኑን የልብ ምት እና እንቅስቃሴ ይፈትሹታል።,28 ሳምንታት ካለፉ እና በጥቂት ሰዓታት ውስጥ ምቶች ካልተሰማዎት በተቻለ ፍጥነት ዶክተርዎን ይደውሉ! አእምሮዎን ለማረጋጋት የሕፃኑን የልብ ምት እና እንቅስቃሴ ይፈትሹታል።
የ6 ወር ነፍሰ ጡር ነኝ፣ ግን ሆዴ እምብዛም አይታይም ፣ ይህ የተለመደ ነው?,"አይጨነቁ, የእያንዳንዱ ሴት አካል የተለየ ነው! ማህፀንዎ በተለየ መንገድ ሊቀመጥ ይችላል ወይም በሰውነትዎ አይነት ምክንያት ትንሽ የልጅ እብጠት ሊኖርብዎት ይችላል::","አይጨነቁ, የእያንዳንዱ ሴት አካል የተለየ ነው! ማህፀንዎ በተለየ መንገድ ሊቀመጥ ይችላል ወይም በሰውነትዎ አይነት ምክንያት ትንሽ የልጅ እብጠት ሊኖርብዎት ይችላል::"
"ሆዴ ትልቅ ነው እና የ 5 ወር ነፍሰ ጡር ብቻ ነው, ይህ ጤናማ አይደለም?",ክብደትዎ በፍጥነት እየጨመሩ ከሆነ ወይም ስለ ሆድዎ መጠን ስጋት ካለዎት ከሐኪምዎ ጋር ይነጋገሩ! ሁሉም ነገር በትክክለኛው መንገድ ላይ መሆኑን ለማረጋገጥ የክብደት መጨመርዎን እና የሕፃኑን እድገት ይፈትሹታል።,ክብደትዎ በፍጥነት እየጨመሩ ከሆነ ወይም ስለ ሆድዎ መጠን ስጋት ካለዎት ከሐኪምዎ ጋር ይነጋገሩ! ሁሉም ነገር በትክክለኛው መንገድ ላይ መሆኑን ለማረጋገጥ የክብደት መጨመርዎን እና የሕፃኑን እድገት ይፈትሹታል።
"በእርግዝና ወቅት ከባድ የሆድ ህመም እያጋጠመኝ ነው, ምን ማድረግ አለብኝ?","ህመሙ ኃይለኛ ከሆነ ዶክተርዎን ASAP ይደውሉ ወይም ወደ ER ይሂዱ! ከባድ የሆድ ህመም የቅድመ ወሊድ ምጥ, የእንግዴ ችግሮች ወይም ሌሎች ችግሮች ምልክት ሊሆን ይችላል::","ህመሙ ኃይለኛ ከሆነ ዶክተርዎን ASAP ይደውሉ ወይም ወደ ER ይሂዱ! ከባድ የሆድ ህመም የቅድመ ወሊድ ምጥ, የእንግዴ ችግሮች ወይም ሌሎች ችግሮች ምልክት ሊሆን ይችላል::"
"በእርግዝና ወቅት እየደማሁ ነው, ይህ ድንገተኛ ነው?","አዎን, በእርግዝና ወቅት የደም መፍሰስ ከባድ ችግር ምልክት ሊሆን ይችላል! በተለይም የደም መፍሰሱ ከባድ ከሆነ ወይም ከከባድ ህመም ጋር አብሮ ከሆነ ዶክተርዎን ወይም ወደ ER ወዲያውኑ ይደውሉ።","አዎን, በእርግዝና ወቅት የደም መፍሰስ ከባድ ችግር ምልክት ሊሆን ይችላል! በተለይም የደም መፍሰሱ ከባድ ከሆነ ወይም ከከባድ ህመም ጋር አብሮ ከሆነ ዶክተርዎን ወይም ወደ ER ወዲያውኑ ይደውሉ።"
በእርግዝና ወቅት በጣም የማዞር እና የመብራት ስሜት ይሰማኛል፣ ምን እየሆነ ነው?,"ማዞር በደም ግፊት ለውጥ ወይም በደም ውስጥ ያለው የስኳር መጠን መቀነስ ሊሆን ይችላል! ተቀመጥ፣ ትንሽ ውሃ ጠጣ፣ እና የሆነ ነገር ላይ መክሰስ። ከቀጠለ, ማንኛውንም መሰረታዊ ጉዳዮች ለማስወገድ ዶክተርዎን ይደውሉ::","ማዞር በደም ግፊት ለውጥ ወይም በደም ውስጥ ያለው የስኳር መጠን መቀነስ ሊሆን ይችላል! ተቀመጥ፣ ትንሽ ውሃ ጠጣ፣ እና የሆነ ነገር ላይ መክሰስ። ከቀጠለ, ማንኛውንም መሰረታዊ ጉዳዮች ለማስወገድ ዶክተርዎን ይደውሉ::"
"በእርግዝና ወቅት ከባድ ራስ ምታት እያጋጠመኝ ነው, መጨነቅ አለብኝ?","ቀላል ራስ ምታት የተለመደ ቢሆንም, ከባድ ራስ ምታት የፕሪኤክላምፕሲያ ወይም ሌሎች ጉዳዮች ምልክት ሊሆን ይችላል! ከባድ ራስ ምታት፣ የዓይን ብዥታ ወይም ሌሎች ምልክቶች ካጋጠመዎት ሐኪምዎን ይደውሉ።","ቀላል ራስ ምታት የተለመደ ቢሆንም, ከባድ ራስ ምታት የፕሪኤክላምፕሲያ ወይም ሌሎች ጉዳዮች ምልክት ሊሆን ይችላል! ከባድ ራስ ምታት፣ የዓይን ብዥታ ወይም ሌሎች ምልክቶች ካጋጠመዎት ሐኪምዎን ይደውሉ።"
"በ 30 ሳምንታት ውስጥ ምጥ እያጋጠመኝ ነው, ይህ የቅድመ ወሊድ ምጥ ነው?",ከ37 ሳምንታት በፊት መደበኛ ምጥ እያጋጠመዎት ከሆነ፣ ለሐኪምዎ በፍጥነት ይደውሉ! የቅድመ ወሊድ ምጥ መሆኑን ለማወቅ የማኅጸን አንገትዎን እና የሕፃኑን ሁኔታ ይፈትሹ እና በሚቀጥሉት እርምጃዎች ላይ መመሪያ ይሰጣሉ።,ከ37 ሳምንታት በፊት መደበኛ ምጥ እያጋጠመዎት ከሆነ፣ ለሐኪምዎ በፍጥነት ይደውሉ! የቅድመ ወሊድ ምጥ መሆኑን ለማወቅ የማኅጸን አንገትዎን እና የሕፃኑን ሁኔታ ይፈትሹ እና በሚቀጥሉት እርምጃዎች ላይ መመሪያ ይሰጣሉ።
ምጥ እና መውለድ እፈራለሁ ፣ እንዴት መቋቋም እችላለሁ?,እርስዎ (ብቻዎን አይደሉም! የበለጠ የመቆጣጠር ስሜት እንዲሰማዎት ስለምጥ አማራጮች፣ የአተነፋፈስ ዘዴዎች እና የህመም ማስታገሻዎች ላይ እራስዎን ያስተምሩ። እና ሄይ፣ መፍራት ምንም አይደለም፣ የሂደቱ የተለመደ አካል ነው!,እርስዎ (ብቻዎን አይደሉም! የበለጠ የመቆጣጠር ስሜት እንዲሰማዎት ስለምጥ አማራጮች፣ የአተነፋፈስ ዘዴዎች እና የህመም ማስታገሻዎች ላይ እራስዎን ያስተምሩ። እና ሄይ፣ መፍራት ምንም አይደለም፣ የሂደቱ የተለመደ አካል ነው!
በገንዘብ እየተቸገርኩ ነው፣ እንዴት ልጅ ማሳደግ እችላለሁ?,በመጀመሪያ በረዥም ትንፋሽ ይውሰዱ እና ብቻዎን እንዳልሆኑ ይወቁ! ለገንዘብ ድጋፍ እና ድጋፍ የአካባቢ ለትርፍ ያልተቋቋሙ ድርጅቶችን፣ የመንግስት ኤጀንሲዎችን እና የመስመር ላይ ግብዓቶችን ያግኙ። ይህን አግኝተሃል!,በመጀመሪያ በረዥም ትንፋሽ ይውሰዱ እና ብቻዎን እንዳልሆኑ ይወቁ! ለገንዘብ ድጋፍ እና ድጋፍ የአካባቢ ለትርፍ ያልተቋቋሙ ድርጅቶችን፣ የመንግስት ኤጀንሲዎችን እና የመስመር ላይ ግብዓቶችን ያግኙ። ይህን አግኝተሃል!
የትዳር ጓደኛዬ ተሳዳቢ ነው፣ ራሴን እና ልጄን እንዴት መጠበቅ እችላለሁ?,ወይ ውዴ፣ በዚህ ውስጥ ስላለፋችሁ በጣም አዝናለሁ። እባክዎ የደህንነት እቅድ ለመፍጠር ወደ ብሄራዊ የቤት ውስጥ ብጥብጥ መስመር (1-800-799-7233) ወይም ለድጋፍ እና ግብዓቶች የአካባቢያዊ መጠለያ ያግኙ። መወደድ እና መከበር ይገባሃል!,ወይ ውዴ፣ በዚህ ውስጥ ስላለፋችሁ በጣም አዝናለሁ። እባክዎ የደህንነት እቅድ ለመፍጠር ወደ ብሄራዊ የቤት ውስጥ ብጥብጥ መስመር (1-800-799-7233) ወይም ለድጋፍ እና ግብዓቶች የአካባቢያዊ መጠለያ ያግኙ። መወደድ እና መከበር ይገባሃል!
ስለ እናትነት መጨነቅ እና መጨነቅ እየተሰማኝ ነው፣ ይህ የተለመደ ነው?,ሙሉ በሙሉ መደበኛ! በዚህ ግዙፍ የህይወት ለውጥ መጨነቅ ምንም አይደለም። ስሜትዎን ለማነጋገር እና ዋስትና ለማግኘት የጤና እንክብካቤ አቅራቢዎን፣ ቴራፒስትዎን ወይም የድጋፍ ቡድንዎን ያግኙ።,ሙሉ በሙሉ መደበኛ! በዚህ ግዙፍ የህይወት ለውጥ መጨነቅ ምንም አይደለም። ስሜትዎን ለማነጋገር እና ዋስትና ለማግኘት የጤና እንክብካቤ አቅራቢዎን፣ ቴራፒስትዎን ወይም የድጋፍ ቡድንዎን ያግኙ።
በእርግዝና ወቅት ከሰውነት ምስል ችግሮች ጋር እየታገልኩ ነው።,ከውስጥም ከውጭም ቆንጆ ነሽ! ሰውነትዎን በመመገብ እና ጥንካሬውን በማክበር ላይ ያተኩሩ. እርግዝና የሚያበራ እንድትሆን በሚያግዙህ አዎንታዊ ማረጋገጫዎች፣ ደጋፊ ወዳጆች እና አርአያ አምሳያዎች ራስህን ከበበ!,ከውስጥም ከውጭም ቆንጆ ነሽ! ሰውነትዎን በመመገብ እና ጥንካሬውን በማክበር ላይ ያተኩሩ. እርግዝና የሚያበራ እንድትሆን በሚያግዙህ አዎንታዊ ማረጋገጫዎች፣ ደጋፊ ወዳጆች እና አርአያ አምሳያዎች ራስህን ከበበ!
በእርግዝና ወቅት ብቸኝነት እና ብቸኝነት እየተሰማኝ ነው፣ ከሌሎች ጋር እንዴት መገናኘት እችላለሁ?,አብረው ከሚወለዱ እናቶች ጋር ለመገናኘት የቅድመ ወሊድ ድጋፍ ቡድንን፣ የመስመር ላይ ማህበረሰብን ወይም የአካባቢ እናት ቡድንን ይቀላቀሉ! እንዲሁም ጓደኞች እና ቤተሰብ በእርግዝና ጉዞዎ ላይ የበለጠ እንዲሳተፉ መጠየቅ ይችላሉ።,አብረው ከሚወለዱ እናቶች ጋር ለመገናኘት የቅድመ ወሊድ ድጋፍ ቡድንን፣ የመስመር ላይ ማህበረሰብን ወይም የአካባቢ እናት ቡድንን ይቀላቀሉ! እንዲሁም ጓደኞች እና ቤተሰብ በእርግዝና ጉዞዎ ላይ የበለጠ እንዲሳተፉ መጠየቅ ይችላሉ።
የድህረ ወሊድ ድብርት እጨነቃለሁ፣ ምልክቶቹ እና ምልክቶች ምንድን ናቸው?,ጥሩ ጥያቄ! ፒፒዲ የሀዘን፣ የተስፋ መቁረጥ እና የጭንቀት ስሜቶችን ሊያስከትል ይችላል። እንደ የማያቋርጥ ማልቀስ፣ የምግብ ፍላጎት ወይም የእንቅልፍ ለውጥ እና ከህጻን ጋር የመገናኘት ችግርን የመሳሰሉ ምልክቶችን ይመልከቱ። የሚያሳስብዎት ከሆነ የጤና እንክብካቤ አቅራቢዎን ለማነጋገር አያመንቱ።,ጥሩ ጥያቄ! ፒፒዲ የሀዘን፣ የተስፋ መቁረጥ እና የጭንቀት ስሜቶችን ሊያስከትል ይችላል። እንደ የማያቋርጥ ማልቀስ፣ የምግብ ፍላጎት ወይም የእንቅልፍ ለውጥ እና ከህጻን ጋር የመገናኘት ችግርን የመሳሰሉ ምልክቶችን ይመልከቱ። የሚያሳስብዎት ከሆነ የጤና እንክብካቤ አቅራቢዎን ለማነጋገር አያመንቱ።
ከልጄ ጋር በቅጽበት ባለመገናኘቴ የጥፋተኝነት ስሜት እየተሰማኝ ነው፣ ይህ የተለመደ ነው?,በጣም የተለመደ ፣ እናቴ! ያ ፈጣን ግንኙነት ካልተሰማዎት ምንም አይደለም፣ ጊዜ ሊወስድ ይችላል። ከልጅዎ ጋር ግንኙነት በመገንባት ላይ ያተኩሩ እና ጉዞ እንጂ መድረሻ አለመሆኑን ያስታውሱ።,በጣም የተለመደ ፣ እናቴ! ያ ፈጣን ግንኙነት ካልተሰማዎት ምንም አይደለም፣ ጊዜ ሊወስድ ይችላል። ከልጅዎ ጋር ግንኙነት በመገንባት ላይ ያተኩሩ እና ጉዞ እንጂ መድረሻ አለመሆኑን ያስታውሱ።
ከእርግዝና ጋር የተያያዘ ጭንቀትን ለመቋቋም እየታገልኩ ነው፣ እንዴት ዘና ማለት እችላለሁ?,በጥልቀት ይተንፍሱ! እንደ ቅድመ ወሊድ ዮጋ፣ ማሰላሰል ወይም ጥልቅ የአተነፋፈስ ልምምዶች ያሉ የመዝናኛ ዘዴዎችን ይሞክሩ። እንዲሁም በሞቀ ገላ መታጠብ፣ የሚያረጋጋ ሙዚቃ ማዳመጥ ወይም ተራማጅ የጡንቻ መዝናናትን መለማመድ ትችላለህ።,በጥልቀት ይተንፍሱ! እንደ ቅድመ ወሊድ ዮጋ፣ ማሰላሰል ወይም ጥልቅ የአተነፋፈስ ልምምዶች ያሉ የመዝናኛ ዘዴዎችን ይሞክሩ። እንዲሁም በሞቀ ገላ መታጠብ፣ የሚያረጋጋ ሙዚቃ ማዳመጥ ወይም ተራማጅ የጡንቻ መዝናናትን መለማመድ ትችላለህ።
የአዕምሮ ጤና ታሪኬ በእርግዝናዬ ላይ ተጽዕኖ ስለሚያሳድር ተጨንቄያለሁ፣ ምን ማድረግ አለብኝ?,ስለ አእምሮ ጤና ታሪክዎ ከጤና እንክብካቤ አቅራቢዎ ጋር ክፍት ይሁኑ! በእርግዝና እና በድህረ ወሊድ ወቅት የአዕምሮ ጤናን ለመቆጣጠር እቅድ ለማውጣት ሊረዱዎት ይችላሉ. ለተጨማሪ ድጋፍ ወደ ቴራፒስት ወይም የድጋፍ ቡድን ከመቅረብ አያመንቱ።,ስለ አእምሮ ጤና ታሪክዎ ከጤና እንክብካቤ አቅራቢዎ ጋር ክፍት ይሁኑ! በእርግዝና እና በድህረ ወሊድ ወቅት የአዕምሮ ጤናን ለመቆጣጠር እቅድ ለማውጣት ሊረዱዎት ይችላሉ. ለተጨማሪ ድጋፍ ወደ ቴራፒስት ወይም የድጋፍ ቡድን ከመቅረብ አያመንቱ።
ከመፀነስ በፊት አጨስ ነበር፣ የልጄን ጤና ይጎዳል?,"ከእርግዝና በፊት ማጨስን ማቆም ተስማሚ ነው, ነገር ግን አሁን ማቆም ልጅዎን ይጠቅማል! የልጅዎን ጤና ለመከታተል የሲጋራ ታሪክዎን ከጤና እንክብካቤ አቅራቢዎ ጋር ይወያዩ።","ከእርግዝና በፊት ማጨስን ማቆም ተስማሚ ነው, ነገር ግን አሁን ማቆም ልጅዎን ይጠቅማል! የልጅዎን ጤና ለመከታተል የሲጋራ ታሪክዎን ከጤና እንክብካቤ አቅራቢዎ ጋር ይወያዩ።"
ነፍሰ ጡር መሆኔን ከማወቄ በፊት ጥቂት ጠጥቼ ነበር፣ ልጄን ይጎዳል?,አይደናገጡ! አልኮልን ሙሉ በሙሉ ማስወገድ ጥሩ ቢሆንም፣ እርጉዝ መሆንዎን ከማወቅዎ በፊት ከጥቂት መጠጦች የጉዳት ዕድሉ ዝቅተኛ ነው። አሁንም ስለ መጠጥ ታሪክዎ ለጤና እንክብካቤ አቅራቢዎ ያሳውቁ።,አይደናገጡ! አልኮልን ሙሉ በሙሉ ማስወገድ ጥሩ ቢሆንም፣ እርጉዝ መሆንዎን ከማወቅዎ በፊት ከጥቂት መጠጦች የጉዳት ዕድሉ ዝቅተኛ ነው። አሁንም ስለ መጠጥ ታሪክዎ ለጤና እንክብካቤ አቅራቢዎ ያሳውቁ።
ቤት ነኝ እና የእንሽርት ውሃ መቱአል ሆስፒታል መድረስ አልቻልኩም ምን አደርጋለሁ?,ይረጋጉ እና መመሪያ ለማግኘት ለድንገተኛ አገልግሎት ወይም ለጤና እንክብካቤ አቅራቢዎ ይደውሉ! ከአንድ ሰው ጋር ከሆንክ በጥልቅ በምትተነፍስበት ጊዜ ወደ ሆስፒታል እንዲነዳህ አድርግ እና ዘና ለማለት ሞክር።,ይረጋጉ እና መመሪያ ለማግኘት ለድንገተኛ አገልግሎት ወይም ለጤና እንክብካቤ አቅራቢዎ ይደውሉ! ከአንድ ሰው ጋር ከሆንክ በጥልቅ በምትተነፍስበት ጊዜ ወደ ሆስፒታል እንዲነዳህ አድርግ እና ዘና ለማለት ሞክር።
የፅንስ መጨንገፍ ታሪክ አለኝ ፣ እንደገና ይከሰታል?,"የፅንስ መጨንገፍ ታሪክ አደጋውን ሊጨምር ቢችልም, እንደገና ለመከሰቱ ዋስትና አይደለም. የጤና እንክብካቤ አቅራቢዎ አደጋዎችን ለመቀነስ እና ምርጡን ውጤት ለማረጋገጥ እርግዝናዎን በቅርበት ይከታተላል።","የፅንስ መጨንገፍ ታሪክ አደጋውን ሊጨምር ቢችልም, እንደገና ለመከሰቱ ዋስትና አይደለም. የጤና እንክብካቤ አቅራቢዎ አደጋዎችን ለመቀነስ እና ምርጡን ውጤት ለማረጋገጥ እርግዝናዎን በቅርበት ይከታተላል።"
"ከባድ የሆድ ህመም እና የደም መፍሰስ እያጋጠመኝ ነው, ምን ሊሆን ይችላል?","አስቸኳይ የሕክምና እርዳታ ይፈልጉ! ከባድ የሆድ ህመም እና የደም መፍሰስ የፅንስ መጨንገፍ, ectopic እርግዝና, ወይም የእንግዴ ችግሮች ምልክቶች ሊሆኑ ይችላሉ. ወደ ሆስፒታል ይሂዱ ወይም ለአደጋ ጊዜ አገልግሎት ይደውሉ።","አስቸኳይ የሕክምና እርዳታ ይፈልጉ! ከባድ የሆድ ህመም እና የደም መፍሰስ የፅንስ መጨንገፍ, ectopic እርግዝና, ወይም የእንግዴ ችግሮች ምልክቶች ሊሆኑ ይችላሉ. ወደ ሆስፒታል ይሂዱ ወይም ለአደጋ ጊዜ አገልግሎት ይደውሉ።"
የልደት ጉድለት የቤተሰብ ታሪክ አለኝ፣ ልጄ ይጎዳ ይሆን?,የልደት ጉድለት የቤተሰብ ታሪክ አደጋውን ሊጨምር ቢችልም፣ ልጅዎ እንደሚጎዳ ዋስትና አይደለም። የተሻለውን የእርምጃ አካሄድ ለመወሰን የቤተሰብ ታሪክዎን ከጤና እንክብካቤ አቅራቢዎ ጋር ይወያዩ።,የልደት ጉድለት የቤተሰብ ታሪክ አደጋውን ሊጨምር ቢችልም፣ ልጅዎ እንደሚጎዳ ዋስትና አይደለም። የተሻለውን የእርምጃ አካሄድ ለመወሰን የቤተሰብ ታሪክዎን ከጤና እንክብካቤ አቅራቢዎ ጋር ይወያዩ።
"ለቅድመ-ህክምና መድሃኒት እወስዳለሁ, በእርግዝና ወቅት ደህና ናቸው?",በእርግዝና ወቅት ማንኛውንም መድሃኒት ከመውሰድዎ በፊት ሁል ጊዜ የጤና እንክብካቤ አቅራቢዎን ያማክሩ! ጉዳቶቹን እና ጥቅሞቹን ለመመዘን እና አስፈላጊ ከሆነ አማራጭ መድሃኒቶችን እንዲያገኙ ይረዱዎታል።,በእርግዝና ወቅት ማንኛውንም መድሃኒት ከመውሰድዎ በፊት ሁል ጊዜ የጤና እንክብካቤ አቅራቢዎን ያማክሩ! ጉዳቶቹን እና ጥቅሞቹን ለመመዘን እና አስፈላጊ ከሆነ አማራጭ መድሃኒቶችን እንዲያገኙ ይረዱዎታል።
የፕሪኤክላምፕሲያ ምልክቶች እያጋጠሙኝ ነው፣ ምን ማድረግ አለብኝ?,አስቸኳይ የሕክምና እርዳታ ይፈልጉ! ፕሪኤክላምፕሲያ ካልታከመ ለሕይወት አስጊ ሊሆን ይችላል። ከባድ ራስ ምታት፣ የእይታ ለውጦች ወይም የሆድ ህመም ካጋጠመዎት የጤና እንክብካቤ አቅራቢዎን ይደውሉ ወይም ወደ ሆስፒታል ይሂዱ።,አስቸኳይ የሕክምና እርዳታ ይፈልጉ! ፕሪኤክላምፕሲያ ካልታከመ ለሕይወት አስጊ ሊሆን ይችላል። ከባድ ራስ ምታት፣ የእይታ ለውጦች ወይም የሆድ ህመም ካጋጠመዎት የጤና እንክብካቤ አቅራቢዎን ይደውሉ ወይም ወደ ሆስፒታል ይሂዱ።
የመውለጃ ቀኔን አልፌያለሁ፣ ሳልወልድ በሰላም መሄድ የምችለው እስከ መቼ ነው?,"በተለምዶ፣ የጤና አጠባበቅ አቅራቢዎች ከተቀጠረበት ቀን በኋላ ባሉት 1-2 ሳምንታት ውስጥ የጉልበት ሥራ እንዲሰሩ ይመክራሉ። ሆኖም, ይህ እንደ ግለሰባዊ ሁኔታዎች ይለያያል. ምርጡን የእርምጃ አካሄድ ለመወሰን አማራጮችዎን ከጤና እንክብካቤ አቅራቢዎ ጋር ይወያዩ።","በተለምዶ፣ የጤና አጠባበቅ አቅራቢዎች ከተቀጠረበት ቀን በኋላ ባሉት 1-2 ሳምንታት ውስጥ የጉልበት ሥራ እንዲሰሩ ይመክራሉ። ሆኖም, ይህ እንደ ግለሰባዊ ሁኔታዎች ይለያያል. ምርጡን የእርምጃ አካሄድ ለመወሰን አማራጮችዎን ከጤና እንክብካቤ አቅራቢዎ ጋር ይወያዩ።"
መንታ ልጆች እየወለድኩ ነው፣ ማወቅ ያለብኝ ውስብስብ ችግሮች አሉ?,መንታ ልጆችን መሸከም እንደ ቅድመ ወሊድ ምጥ፣ የእርግዝና የስኳር በሽታ እና ፕሪኤክላምፕሲያ ያሉ ለተወሰኑ ችግሮች የመጋለጥ እድልን ይጨምራል። የጤና እንክብካቤ አቅራቢዎ አደጋዎችን ለመቀነስ እና ምርጡን ውጤት ለማረጋገጥ እርግዝናዎን በቅርበት ይከታተላል።,መንታ ልጆችን መሸከም እንደ ቅድመ ወሊድ ምጥ፣ የእርግዝና የስኳር በሽታ እና ፕሪኤክላምፕሲያ ያሉ ለተወሰኑ ችግሮች የመጋለጥ እድልን ይጨምራል። የጤና እንክብካቤ አቅራቢዎ አደጋዎችን ለመቀነስ እና ምርጡን ውጤት ለማረጋገጥ እርግዝናዎን በቅርበት ይከታተላል።
የምወደውን ጂንስ እንደገና መልበስ እችል ይሆን?,ሴት ልጅ ፣ እነዚያ ጂንስ ከእርግዝና በኋላ ይጠብቁዎታል! አንተ (ነገር ግን ለአሁን ለአንዳንድ አዲስ እና ምቹ የሆኑ የወሊድ ጂንስ ላይ ኢንቨስት ማድረግ ያስፈልጋት ይሆናል።,ሴት ልጅ ፣ እነዚያ ጂንስ ከእርግዝና በኋላ ይጠብቁዎታል! አንተ (ነገር ግን ለአሁን ለአንዳንድ አዲስ እና ምቹ የሆኑ የወሊድ ጂንስ ላይ ኢንቨስት ማድረግ ያስፈልጋት ይሆናል።
በእርግዝና ወቅት አንድ ብርጭቆ ወይን ወይም ሁለት ብርጭቆ መጠጣት እችላለሁን?,አዝናለሁ! አልፎ አልፎ አንድ ብርጭቆ የወይን ጠጅ አጓጊ ሊሆን ቢችልም፣ በእርግዝና ወቅት ሙሉ በሙሉ መተው ይሻላል።,አዝናለሁ! አልፎ አልፎ አንድ ብርጭቆ የወይን ጠጅ አጓጊ ሊሆን ቢችልም፣ በእርግዝና ወቅት ሙሉ በሙሉ መተው ይሻላል።
በእርግዝና ወቅት ፀጉሬ በጣም በፍጥነት ያድጋል?,"ብዙ ሴቶች 'በእርግዝና የፀጉር ብርሃን' ይምላሉ! የሆርሞን ለውጦች በእርግጥ ጸጉርዎ በፍጥነት እንዲያድግ እና እንዲወፈር ሊያደርግ ይችላል, ነገር ግን ለሁሉም ሰው ዋስትና አይሆንም.","ብዙ ሴቶች 'በእርግዝና የፀጉር ብርሃን' ይምላሉ! የሆርሞን ለውጦች በእርግጥ ጸጉርዎ በፍጥነት እንዲያድግ እና እንዲወፈር ሊያደርግ ይችላል, ነገር ግን ለሁሉም ሰው ዋስትና አይሆንም."
በእርግዝና ወቅት የመለጠጥ ምልክቶች ይታዩኛል?,"አው። የመለጠጥ ምልክቶች በእርግዝና ወቅት የተለመዱ የጎንዮሽ ጉዳቶች ናቸው, ነገር ግን የማይቀር መሆን የለባቸውም! መልካቸውን ለመቀነስ ቆዳዎ እርጥበት እና እርጥበት እንዲይዝ ያድርጉ።","አው። የመለጠጥ ምልክቶች በእርግዝና ወቅት የተለመዱ የጎንዮሽ ጉዳቶች ናቸው, ነገር ግን የማይቀር መሆን የለባቸውም! መልካቸውን ለመቀነስ ቆዳዎ እርጥበት እና እርጥበት እንዲይዝ ያድርጉ።"
በእርግዝና ወቅት ልጄ በእውነት ይመታኛል?,እነዚያ ትናንሽ ምቶች ጠንካራ ሊሆኑ ይችላሉ! ልጅዎ እያደገ ሲሄድ ምታቸው ይበልጥ ግልጽ ይሆናል፣ ነገር ግን አይጨነቁ፣ ይህ የተለመደ የእርግዝና አካል ነው።,እነዚያ ትናንሽ ምቶች ጠንካራ ሊሆኑ ይችላሉ! ልጅዎ እያደገ ሲሄድ ምታቸው ይበልጥ ግልጽ ይሆናል፣ ነገር ግን አይጨነቁ፣ ይህ የተለመደ የእርግዝና አካል ነው።
በእርግዝና ወቅት እንደ እብድ የስሜት መለዋወጥ ያጋጥመኛል?,የሆርሞን ለውጦች በእርግጥ የስሜት መለዋወጥ ሊያስከትሉ ይችላሉ! ነገር ግን አይጨነቁ፣ አብዛኛውን ጊዜ ጊዜያዊ ናቸው እና በራስ እንክብካቤ፣ በአካል ብቃት እንቅስቃሴ እና ደጋፊ አጋር ሊተዳደሩ ይችላሉ።,የሆርሞን ለውጦች በእርግጥ የስሜት መለዋወጥ ሊያስከትሉ ይችላሉ! ነገር ግን አይጨነቁ፣ አብዛኛውን ጊዜ ጊዜያዊ ናቸው እና በራስ እንክብካቤ፣ በአካል ብቃት እንቅስቃሴ እና ደጋፊ አጋር ሊተዳደሩ ይችላሉ።
በእርግዝና ወቅት የግብረ ሥጋ ግንኙነት ማድረግ እችላለሁ ወይስ ህፃኑን ይጎዳል?,"በእርግዝና ወቅት ወሲብ በአጠቃላይ ደህንነቱ የተጠበቀ ነው, ነገር ግን ረጋ ይበሉ እና ሰውነትዎን ያዳምጡ! ምቾት ወይም ህመም የሚያስከትሉ ቦታዎችን ያስወግዱ እና ስጋቶች ካሉዎት የጤና እንክብካቤ አቅራቢዎን ያነጋግሩ።","በእርግዝና ወቅት ወሲብ በአጠቃላይ ደህንነቱ የተጠበቀ ነው, ነገር ግን ረጋ ይበሉ እና ሰውነትዎን ያዳምጡ! ምቾት ወይም ህመም የሚያስከትሉ ቦታዎችን ያስወግዱ እና ስጋቶች ካሉዎት የጤና እንክብካቤ አቅራቢዎን ያነጋግሩ።"
በድንገት እጅግ በጣም ጠንካራ የሆነ የማሽተት ስሜት መኖሩ የተለመደ ነው?,"አዎ፣ በጣም የተለመደ ነው፣ በተለይም ቀደም ብሎ! ሆርሞኖች ወደ ጫካ እየሄዱ ነው, ነገር ግን ብዙውን ጊዜ በእርግዝና ወቅት ይረጋጋል","አዎ፣ በጣም የተለመደ ነው፣ በተለይም ቀደም ብሎ! ሆርሞኖች ወደ ጫካ እየሄዱ ነው, ነገር ግን ብዙውን ጊዜ በእርግዝና ወቅት ይረጋጋል"
ለምንድነው የምወዳቸው ምግቦችን በድንገት የምጠላው?,የምግብ ጥላቻ ሙሉ በሙሉ የተለመደ ነው። ብዙ ጊዜ ከዛ ጠንካራ የማሽተት ስሜት እና የጠዋት ህመም ጋር የተቆራኘ ነው፣ ነገር ግን አብዛኛውን ጊዜ ከወሊድ በኋላ ይጠፋል።,የምግብ ጥላቻ ሙሉ በሙሉ የተለመደ ነው። ብዙ ጊዜ ከዛ ጠንካራ የማሽተት ስሜት እና የጠዋት ህመም ጋር የተቆራኘ ነው፣ ነገር ግን አብዛኛውን ጊዜ ከወሊድ በኋላ ይጠፋል።
የቤቴ የእርግዝና ምርመራ እኔ ነፍሰ ጡር ነኝ ይላል፣ ግን በእውነት ልተማመንበት እችላለሁ?,የቤት ውስጥ ሙከራዎች አንዳንድ ጊዜ ስህተት ሊሆኑ ይችላሉ. 100% እርግጠኛ ለመሆን ከዶክተር ወይም ክሊኒክ የህክምና ምርመራ ያድርጉ።,የቤት ውስጥ ሙከራዎች አንዳንድ ጊዜ ስህተት ሊሆኑ ይችላሉ. 100% እርግጠኛ ለመሆን ከዶክተር ወይም ክሊኒክ የህክምና ምርመራ ያድርጉ።
ነፍሰ ጡር ነኝ ብዬ ሳስብ መጀመሪያ ምን ማድረግ አለብኝ?,በመጀመሪያ በህክምና ምርመራ እርጉዝ መሆንዎን ያረጋግጡ። ከዚያ አማራጮችዎን ለማወቅ እና የሕክምና እንክብካቤ ለማግኘት ትንሽ ጊዜ ይውሰዱ።,በመጀመሪያ በህክምና ምርመራ እርጉዝ መሆንዎን ያረጋግጡ። ከዚያ አማራጮችዎን ለማወቅ እና የሕክምና እንክብካቤ ለማግኘት ትንሽ ጊዜ ይውሰዱ።
በእርግዝና ወቅት ይህን ሁሉ ጭንቀት እንዴት መቋቋም እችላለሁ?,ጭንቀት ትልቅ ጉዳይ ነው፣ስለዚህ እርግዝናዎ የበለጠ ቁጥጥር እንዲደረግ እቅድ ይሞክሩ።,ጭንቀት ትልቅ ጉዳይ ነው፣ስለዚህ እርግዝናዎ የበለጠ ቁጥጥር እንዲደረግ እቅድ ይሞክሩ።
በሴት ብልቴ እየደማሁ ነው፣ ያ የተለመደ ነው?,"ከሴት ብልት ውስጥ ድንገተኛ የደም መፍሰስ በበርካታ ጉዳዮች ሊከሰት ይችላል, የእንግዴ ፕረቪያ ወይም የእንግዴ ጠለፋን ጨምሮ","ከሴት ብልት ውስጥ ድንገተኛ የደም መፍሰስ በበርካታ ጉዳዮች ሊከሰት ይችላል, የእንግዴ ፕረቪያ ወይም የእንግዴ ጠለፋን ጨምሮ"
ከወሊድ በኋላ ሁል ጊዜ የሴት ብልቴ የተለየ ይሆናል?,"ለውጦች ሊከሰቱ ይችላሉ, ግን የግድ አይደለም. ስለ ስጋቶች ሐኪምዎን ያነጋግሩ.","ለውጦች ሊከሰቱ ይችላሉ, ግን የግድ አይደለም. ስለ ስጋቶች ሐኪምዎን ያነጋግሩ."
የእንግዴ ልጅን እንዴት እሰጣለሁ?,ይህ በወሊድ ጊዜ በጤና እንክብካቤ አቅራቢዎ ይከናወናል።,ይህ በወሊድ ጊዜ በጤና እንክብካቤ አቅራቢዎ ይከናወናል።
ለማርገዝ እየሞከርኩ ከሆነ እርጉዝ መሆን አልችልም መቼ መጨነቅ አለብኝ?,የመራባትዎ ጉዳይ የሚያሳስብዎት ከሆነ ለግምገማ እና መመሪያ ከጤና እንክብካቤ አቅራቢዎ ጋር መማከሩ የተሻለ ነው።,የመራባትዎ ጉዳይ የሚያሳስብዎት ከሆነ ለግምገማ እና መመሪያ ከጤና እንክብካቤ አቅራቢዎ ጋር መማከሩ የተሻለ ነው።
በእርግዝና ወቅት አልኮል መጠጣት እችላለሁን?,በአጠቃላይ በማደግ ላይ ባለው ህጻን ላይ የሚደርሰውን አደጋ ለመቀነስ በእርግዝና ወቅት አልኮል እንዳይጠጣ ይመከራል።,በአጠቃላይ በማደግ ላይ ባለው ህጻን ላይ የሚደርሰውን አደጋ ለመቀነስ በእርግዝና ወቅት አልኮል እንዳይጠጣ ይመከራል።
በእርግዝና ወቅት ተጨማሪ መድሃኒቶችን መውሰድ ጥሩ ነው?,ማንኛቸውም ማሟያዎች ደህንነታቸው የተጠበቀ እና ለእርስዎ ተስማሚ መሆናቸውን ለማረጋገጥ ከጤና እንክብካቤ አቅራቢዎ ጋር ይወያዩ።,ማንኛቸውም ማሟያዎች ደህንነታቸው የተጠበቀ እና ለእርስዎ ተስማሚ መሆናቸውን ለማረጋገጥ ከጤና እንክብካቤ አቅራቢዎ ጋር ይወያዩ።
የመጀመሪያ እርግዝና ምን ይመስላል?,የወር አበባህ ላይኖርህ፣ ማቅለሽለሽ፣ ጡቶችህ ሊታመምህ እና ድካም ሊሰማህ ይችላል።,የወር አበባህ ላይኖርህ፣ ማቅለሽለሽ፣ ጡቶችህ ሊታመምህ እና ድካም ሊሰማህ ይችላል።
ምጥ ላይ መሆኔን እንዴት አውቃለሁ?,እየጠነከረ፣ እየረዘመ እና እየተቀራረበ የሚሄድ መኮማተር ጥሩ ምልክት ነው።,እየጠነከረ፣ እየረዘመ እና እየተቀራረበ የሚሄድ መኮማተር ጥሩ ምልክት ነው።
የኔ የእንሽርት ውሃ ቢፈስ እና አረንጓዴ ቢሆንስ?,ይህ ማለት ህፃኑ ሜኮኒየም አለፈ ማለት ነው ፣ እናም ሐኪሙ ለዚህ ዝግጁ መሆን አለበት ።,ይህ ማለት ህፃኑ ሜኮኒየም አለፈ ማለት ነው ፣ እናም ሐኪሙ ለዚህ ዝግጁ መሆን አለበት ።
እምብርት እየተንጠለጠለ ከሆነ ምን ማድረግ አለብኝ?,ያ ድንገተኛ አደጋ ነው! ወዲያውኑ ለእርዳታ ይደውሉ እና መመሪያዎቻቸውን ይከተሉ።,ያ ድንገተኛ አደጋ ነው! ወዲያውኑ ለእርዳታ ይደውሉ እና መመሪያዎቻቸውን ይከተሉ።
የሕፃኑ ጭንቅላት ሲወጣ መቀደድን እንዴት ማስወገድ እችላለሁ?,አገልግሎት አቅራቢዎ ይመራዎታል፣ ነገር ግን በዝግታ፣ ቁጥጥር የሚደረግበት መግፋት ሊረዳዎት ይችላል።,አገልግሎት አቅራቢዎ ይመራዎታል፣ ነገር ግን በዝግታ፣ ቁጥጥር የሚደረግበት መግፋት ሊረዳዎት ይችላል።
የሕፃኑ ጭንቅላት ከወጣ በኋላ መጀመሪያ ምን ማድረግ አለበት?,ገመዱ በሕፃኑ አንገት ላይ መሆኑን ያረጋግጡ።,ገመዱ በሕፃኑ አንገት ላይ መሆኑን ያረጋግጡ።
የሕፃኑ ትከሻ ቢጣበቅስ?,ያ ትከሻ dystocia ተብሎ የሚጠራ አስቸጋሪ ሁኔታ ነው፣ ​​እና ዶክተርዎ እሱን ለመቆጣጠር ልዩ ዘዴዎች አሉት።,ያ ትከሻ dystocia ተብሎ የሚጠራ አስቸጋሪ ሁኔታ ነው፣ ​​እና ዶክተርዎ እሱን ለመቆጣጠር ልዩ ዘዴዎች አሉት።
ህፃኑ ከተወለደ በኋላ የት ነው ማስቀመጥ ያለብኝ?,ልክ በደረትዎ ላይ፣ ከተቻለ፣ ለቆዳ-ለቆዳ ግንኙነት።,ልክ በደረትዎ ላይ፣ ከተቻለ፣ ለቆዳ-ለቆዳ ግንኙነት።
እምብርት ስይዝ ምን ያህል ቦታ መተው አለብኝ?,ገመዱን ሲጭኑ ዶክተርዎ ለመውጣት ትክክለኛውን የቦታ መጠን ያውቃል።,ገመዱን ሲጭኑ ዶክተርዎ ለመውጣት ትክክለኛውን የቦታ መጠን ያውቃል።
ስወለድ በእርግጥ አንጀት ይኖረኛል?,ይቻላል! በሁሉም መገፋፋት ምክንያት ይከሰታል ነገር ግን አይጨነቁ የሕክምና ቡድኑ ለምዶበታል::,ይቻላል! በሁሉም መገፋፋት ምክንያት ይከሰታል ነገር ግን አይጨነቁ የሕክምና ቡድኑ ለምዶበታል::
ከወትሮው የበለጠ ድካም መሰማት የተለመደ ነው?,"አዎን, ድካም የተለመደ ምልክት ነው, በተለይም በመጀመሪያ እና በሦስተኛው ወር ሶስት ወራት ውስጥ.","አዎን, ድካም የተለመደ ምልክት ነው, በተለይም በመጀመሪያ እና በሦስተኛው ወር ሶስት ወራት ውስጥ."
ሁል ጊዜ ስሜታዊ እሆናለሁ?,"የሆርሞን ለውጦች በእርግጠኝነት ስሜትዎን ሊያበላሹ ይችላሉ, ግን ለዘለአለም አይቆዩም.","የሆርሞን ለውጦች በእርግጠኝነት ስሜትዎን ሊያበላሹ ይችላሉ, ግን ለዘለአለም አይቆዩም."
እግሮቼ በዚህ እብጠት ለዘላለም ይቆያሉ?,"ብዙውን ጊዜ, ከወለዱ በኋላ እብጠቱ ይቀንሳል.","ብዙውን ጊዜ, ከወለዱ በኋላ እብጠቱ ይቀንሳል."
እንደተለመደው እንደገና እተኛለሁ?,መጀመሪያ ላይ ከባድ ሊሆን ይችላል ነገር ግን ህፃኑ ሲያድግ ነገሮች ይሻሻላሉ::,መጀመሪያ ላይ ከባድ ሊሆን ይችላል ነገር ግን ህፃኑ ሲያድግ ነገሮች ይሻሻላሉ::
ህፃኑ ሲያለቅስ ምን ማድረግ እንዳለብኝ እንዴት አውቃለሁ?,ጊዜውን ስታልፍ ትማራለህ! ሁሉም ነገር ልጅዎ የሚፈልገውን ማወቅ ነው።,ጊዜውን ስታልፍ ትማራለህ! ሁሉም ነገር ልጅዎ የሚፈልገውን ማወቅ ነው።
ከባልደረባዬ ጋር ያለኝ ግንኙነት ይለወጣል?,"ልጅ መውለድ ትልቅ ለውጥ ነው, ስለዚህ መግባባት ቁልፍ ነው.","ልጅ መውለድ ትልቅ ለውጥ ነው, ስለዚህ መግባባት ቁልፍ ነው."
የሕፃኑን ክብደት አጣለሁ?,ጊዜ ይወስዳል ነገርግን ከጤናማ ልማዶች ጋር ወደ ራስህ ስሜት መመለስ ትችላለህ::,ጊዜ ይወስዳል ነገርግን ከጤናማ ልማዶች ጋር ወደ ራስህ ስሜት መመለስ ትችላለህ::
ጡት ለማጥባት እንዴት ማዘጋጀት እችላለሁ?,ክፍል ይውሰዱ፣ የጡት ማጥባት አማካሪን ያነጋግሩ እና ትክክለኛዎቹን እቃዎች ያግኙ።,ክፍል ይውሰዱ፣ የጡት ማጥባት አማካሪን ያነጋግሩ እና ትክክለኛዎቹን እቃዎች ያግኙ።
ጡት ማጥባት የማልፈልግ ከሆነስ?,ያ ሙሉ በሙሉ የእርስዎ ምርጫ ነው፣ እና ልጅዎን ለመመገብ ሌሎች መንገዶችም አሉ።,ያ ሙሉ በሙሉ የእርስዎ ምርጫ ነው፣ እና ልጅዎን ለመመገብ ሌሎች መንገዶችም አሉ።
የቀድሞ ማንነቴን እንደገና ይሰማኛል?,አዎ! ለማስተካከል ጊዜ ይወስዳል ነገር ግን አዲሱን መደበኛውን ያገኙታል።,አዎ! ለማስተካከል ጊዜ ይወስዳል ነገር ግን አዲሱን መደበኛውን ያገኙታል።
ህፃኑ ጤናማ መሆኑን እንዴት ማረጋገጥ እችላለሁ?,"የዶክተርዎን ምክር ይከተሉ, በደንብ ይመገቡ እና እራስዎን ይንከባከቡ.","የዶክተርዎን ምክር ይከተሉ, በደንብ ይመገቡ እና እራስዎን ይንከባከቡ."
ወዲያውኑ ከልጄ ጋር እላመዳለሁ?,አንዳንድ ጊዜ ትንሽ ጊዜ ይወስዳል፣ እና ያ ሙሉ በሙሉ ደህና ነው!,አንዳንድ ጊዜ ትንሽ ጊዜ ይወስዳል፣ እና ያ ሙሉ በሙሉ ደህና ነው!
መቼም አንድ ነገር ማድረግ የምችለው እንዴት ነው?,አዲስ የዕለት ተዕለት ተግባር ስለማግኘት እና በሚፈልጉበት ጊዜ እርዳታ በመጠየቅ ላይ ያተኩሩ,አዲስ የዕለት ተዕለት ተግባር ስለማግኘት እና በሚፈልጉበት ጊዜ እርዳታ በመጠየቅ ላይ ያተኩሩ
ለዚህ ዝግጁ ነኝ?,"ሁልጊዜ እንደዚህ አይነት ስሜት ላይሰማዎት ይችላል, ነገር ግን እርስዎ ከሚያስቡት በላይ ጠንካራ ነዎት!","ሁልጊዜ እንደዚህ አይነት ስሜት ላይሰማዎት ይችላል, ነገር ግን እርስዎ ከሚያስቡት በላይ ጠንካራ ነዎት!"
ሰዎች ሳይጠይቁ ሆዴን እየነኩ ነው ምን ልበል?,በትህትና ንገሪያቸው፣ 'ደስታህን አደንቃለሁ፣ ግን እባክህ ሆዴን ከመንካትህ በፊት አስፍቅድ! በይ፡,በትህትና ንገሪያቸው፣ 'ደስታህን አደንቃለሁ፣ ግን እባክህ ሆዴን ከመንካትህ በፊት አስፍቅድ! በይ፡
በእርግዝናዬ ወቅት አሰሪዬ የማይደግፍ ነው፣ መብቶቼ ምንድን ናቸው?,መብትሽን እወቅ ሴት ልጅ! በአካባቢዎ ካሉ የወሊድ ፈቃድ ፖሊሲዎች እና ህጎች እራስዎን ይተዋወቁ እና ለመናገር ወይም የ HR ድጋፍን ከመጠየቅ ወደኋላ አይበሉ።,መብትሽን እወቅ ሴት ልጅ! በአካባቢዎ ካሉ የወሊድ ፈቃድ ፖሊሲዎች እና ህጎች እራስዎን ይተዋወቁ እና ለመናገር ወይም የ HR ድጋፍን ከመጠየቅ ወደኋላ አይበሉ።
የማያውቁ ሰዎች ያልተጠየቁ የወላጅነት ምክር እየሰጡኝ ነው፣ ምን ምላሽ እሰጣለሁ?,በጣፋጭ ፈገግ ይበሉ እና 'ስለ ስጋትዎ እናመሰግናለን፣ ግን ይህን አግኝቻለሁ!' ለማንም ማብራሪያ የለህም!,በጣፋጭ ፈገግ ይበሉ እና 'ስለ ስጋትዎ እናመሰግናለን፣ ግን ይህን አግኝቻለሁ!' ለማንም ማብራሪያ የለህም!
"በእርግዝና ወቅት የትዳር ጓደኛዬ አይረዳኝም, ምን ማድረግ እችላለሁ?",ፍላጎቶችዎን እና ስሜቶችዎን ከባልደረባዎ ጋር ያሳውቁ እና አስፈላጊ ከሆነ ከሚወዷቸው ሰዎች፣ ጓደኞች ወይም ቴራፒስት ድጋፍ ይጠይቁ። ድጋፍ ሊሰማዎት ይገባል!,ፍላጎቶችዎን እና ስሜቶችዎን ከባልደረባዎ ጋር ያሳውቁ እና አስፈላጊ ከሆነ ከሚወዷቸው ሰዎች፣ ጓደኞች ወይም ቴራፒስት ድጋፍ ይጠይቁ። ድጋፍ ሊሰማዎት ይገባል!
ባህላዊ የሕፃን ሻወር ለማድረግ ከቤተሰብ ግፊት እየገጠመኝ ነው፣ ግን አልፈልግም፣ ምን ልበል?,በጸጋው 'ስለ ጉጉት አመሰግናለሁ፣ ነገር ግን ዝቅተኛ-ቁልፍ በዓልን እመርጣለሁ' ይበሉ። የራስዎን ፍላጎቶች እና ምቾት ቅድሚያ ይስጡ!,በጸጋው 'ስለ ጉጉት አመሰግናለሁ፣ ነገር ግን ዝቅተኛ-ቁልፍ በዓልን እመርጣለሁ' ይበሉ። የራስዎን ፍላጎቶች እና ምቾት ቅድሚያ ይስጡ!
ሰዎች ስለ እርግዝናዬ ጣልቃ የሚገቡ ጥያቄዎችን እየጠየቁ ነው፣ እንዴት ነው የምይዘው?,‘አሁን ባላወያይበት ይሻለኛል’ በማለት ተለማመዱ። ወይም 'በይበልጥ አዎንታዊ በሆኑ ርዕሰ ጉዳዮች ላይ እናተኩር!'  አካልሽ ድንበርሽ!,‘አሁን ባላወያይበት ይሻለኛል’ በማለት ተለማመዱ። ወይም 'በይበልጥ አዎንታዊ በሆኑ ርዕሰ ጉዳዮች ላይ እናተኩር!'  አካልሽ ድንበርሽ!
ከእርግዝና በኋላ 'እንዲመለስ' ግፊት እየተሰማኝ ነው፣ ግን ዝግጁ አይደለሁም፣ ምን ማለት እችላለሁ?,ለራስሽ እና ለሌሎችም 'አሁን ትኩረቴ ከልጄ ጋር በመፈወስ እና በመተሳሰር ላይ ነው።' የድህረ ወሊድ ጉዞሽ ልዩ ነው፣ እና ያ እሺ ነው እማ!,ለራስሽ እና ለሌሎችም 'አሁን ትኩረቴ ከልጄ ጋር በመፈወስ እና በመተሳሰር ላይ ነው።' የድህረ ወሊድ ጉዞሽ ልዩ ነው፣ እና ያ እሺ ነው እማ!
የማታውቃቸው ሰዎች ስደርስ ይጠይቃሉ ወይም ስለ ሰውነቴ አስተያየት እየሰጡ ነው፣ ምን ምላሽ እሰጣለሁ?,በልበ ሙሉነት፣ 'ራሴን እና ልጄን እየተንከባከብኩ ነው፣ ስላሳሰብከኝ አመሰግናለሁ!' ወይም በቀላሉ 'አሁን ስለ ሰውነቴ ባላወራው ይሻለኛል',በልበ ሙሉነት፣ 'ራሴን እና ልጄን እየተንከባከብኩ ነው፣ ስላሳሰብከኝ አመሰግናለሁ!' ወይም በቀላሉ 'አሁን ስለ ሰውነቴ ባላወራው ይሻለኛል'
የጤና እንክብካቤ አቅራቢዬ ጭንቀቴን እየሰማ አይደለም፣ ምን ማድረግ እችላለሁ?,ለራስሽ ተሟጋች! ጥያቄዎችን ይጠይቁ፣ ሁለተኛ አስተያየት ይፈልጉ ወይም አስፈላጊ ከሆነ አቅራቢዎችን ይቀይሩ። የእርስዎ ጤና እና ደህንነት አስፈላጊ ነው!,ለራስሽ ተሟጋች! ጥያቄዎችን ይጠይቁ፣ ሁለተኛ አስተያየት ይፈልጉ ወይም አስፈላጊ ከሆነ አቅራቢዎችን ይቀይሩ። የእርስዎ ጤና እና ደህንነት አስፈላጊ ነው!
'ፍፁም' እናት እንድሆን የማህበረሰቡ ጫና እያጋጠመኝ ነው፣ ነገር ግን በጣም ተጨንቄአለሁ፣ ምን ማለት እችላለሁ?,'እናት ለመሆን 'ትክክለኛ' መንገድ ማንም የለም' በማለት ራሳችሁን እና ሌሎችን አስታውሱ። ለራስዎ ደህንነት ቅድሚያ ይስጡ እና በሚፈልጉበት ጊዜ ድጋፍ ይፈልጉ!,'እናት ለመሆን 'ትክክለኛ' መንገድ ማንም የለም' በማለት ራሳችሁን እና ሌሎችን አስታውሱ። ለራስዎ ደህንነት ቅድሚያ ይስጡ እና በሚፈልጉበት ጊዜ ድጋፍ ይፈልጉ!
ኮሮናቫይረስን ለማሸነፍ ከኢቦላ በሽታ ምን ልምድ መውሰድ ይቻላል?,የዓለም አቀፉ ማኅበረሰብ ሲተባበር የምንፈራውን ወረርሽኝም ሊቀንስ እንደሚችል አስረዳሁ። አሁንም ቢሆን ይህንን አጋጣሚ በመጠቀም መናገር የምፈልገው መተባበር እንደሚያስፈልግ ነው,የዓለም አቀፉ ማኅበረሰብ ሲተባበር የምንፈራውን ወረርሽኝም ሊቀንስ እንደሚችል አስረዳሁ። አሁንም ቢሆን ይህንን አጋጣሚ በመጠቀም መናገር የምፈልገው መተባበር እንደሚያስፈልግ ነው
የፅንስ መጨንገፍ ሕክምና ምንድን ነው?,,ቁርጠት እና የደም መፍሰሱ እስኪከሰት ድረስ ይጠብቃሉ። ይህ በማንኛውም ጊዜ ሊከሰት ይችላል።
የፅንስ መጨንገፍ ላይ ምን ሊከሰት ይችላል,ቁርጠት እና የደም መፍሰሱ እስኪከሰት ድረስ ይጠብቃሉ። ይህ በማንኛውም ጊዜ ሊከሰት ይችላል።,ቁርጠት እና የደም መፍሰሱ እስኪከሰት ድረስ ይጠብቃሉ። ይህ በማንኛውም ጊዜ ሊከሰት ይችላል።
የፅንስ መጨንገፍ የህክምና መድሀኒቶች ምንድን ናችው?,ሚፈፕሪስቶን እና ሚሶፕሮስቶል የተባሉ ክኒኖች የእርግዝና ህብረ ህዋስ እንዲያልፍ ለማገዝ አንድ ላይ ጥቅም ላይ ሊውሉ ይችላሉ።,ሚፈፕሪስቶን እና ሚሶፕሮስቶል የተባሉ ክኒኖች የእርግዝና ህብረ ህዋስ እንዲያልፍ ለማገዝ አንድ ላይ ጥቅም ላይ ሊውሉ ይችላሉ።
የቅድመ እርግዝና መቋረጥ (የፅንስ መጨንገፍ) ሕክምና እንዴት ነው የሚሰራው?,የእርግዝና ህብረ ህዋስ በራሱ እንዲያልፍ ይጠብቃሉ። ይህ የሚከሰተው ከቁርጠት እና ከረጋ ደም መፍሰስ ጋር ነው።,የእርግዝና ህብረ ህዋስ በራሱ እንዲያልፍ ይጠብቃሉ። ይህ የሚከሰተው ከቁርጠት እና ከረጋ ደም መፍሰስ ጋር ነው።
የቅድመ እርግዝና መቋረጥ (የፅንስ መጨንገፍ) ሕክምና ምንድን ነው የሚሆነው?,ቁርጠት እና የደም መፍሰሱ እስኪከሰት ድረስ ይጠብቃሉ። ይህ በማንኛውም ጊዜ ሊከሰት ይችላል።,ቁርጠት እና የደም መፍሰሱ እስኪከሰት ድረስ ይጠብቃሉ። ይህ በማንኛውም ጊዜ ሊከሰት ይችላል።
የቅድመ እርግዝና መቋረጥ (የፅንስ መጨንገፍ) ሕክምና ምልክቶች ምንድን ናቸው?,የደም መፍሰሱ እና ቁርጠቱ ከወር አበባ ጊዜ የበለጠ ከባድ ሊሆን ይችላል፣ ቢያንስ ለተወሰኑ ሰዓታት ከባድ ደም ይፈስሳል።,የደም መፍሰሱ እና ቁርጠቱ ከወር አበባ ጊዜ የበለጠ ከባድ ሊሆን ይችላል፣ ቢያንስ ለተወሰኑ ሰዓታት ከባድ ደም ይፈስሳል።
የቅድመ እርግዝና መቋረጥ (የፅንስ መጨንገፍ) ሕክምና ምን ያክል ህመም አለው?,ከባድ ቁርጠት ሊኖርዎት ይችላል። የህመም ማስታገሻ ክኒኖች እና ማሞቂያ ፓድ ህመም የሚያስከትል ቁርጠትን ለማስታገስ ሊረዱ ይችላሉ።,ከባድ ቁርጠት ሊኖርዎት ይችላል። የህመም ማስታገሻ ክኒኖች እና ማሞቂያ ፓድ ህመም የሚያስከትል ቁርጠትን ለማስታገስ ሊረዱ ይችላሉ።
የቅድመ እርግዝና መቋረጥ (የፅንስ መጨንገፍ) ሕክምና ምን ያህል ውጤታማ ነው?,"ይህ ከ 70-80% ጊዜ ይሠራል። ቀድሞውኑ የተወሰነ የደም መፍሰስ ከነበረዎት የተሻለ ይሠራል።ክኒኖች ከ 75-90% ጊዜ ይሠራሉ።የእጅ ቫክዩም አስፓይሬሽኑ ከ 98-100% 
ጊዜ ይሠራል።",ይህ ከ 70-80% ጊዜ ይሠራል። ቀድሞውኑ የተወሰነ የደም መፍሰስ ከነበረዎት የተሻለ ይሠራል።ክኒኖች ከ 75-90% ጊዜ ይሠራሉ።
የቅድመ እርግዝና መቋረጥ (የፅንስ መጨንገፍ) ሕክምና ምን ያህል ጊዜ ይወስዳል?,ክኒኖች በ 2 ቀናት ውስጥ በ 84% ታካሚዎች ላይ ማህፀንን ባዶ ያደርጋሉ።*,ይህ ጥቂት ሳምንታትን ሊወስድ ይችላል።
በእጅ ቫክዩም አስፓይሬሽን ወቅት፣ ማህፀን  በምን ያክል ደቂቃ ባዶ ይደረጋል?,በእጅ ቫክዩም አስፓይሬሽን ወቅት፣ ማህፀን  በምን ያክል ደቂቃ ባዶ ይደረጋል (rearranged the phrases)፣ ይህም ከ5 እስከ 10 ደቂቃ ያህል ይቆያል።,በእጅ ቫክዩም አስፓይሬሽን ወቅት፣ ማህፀንን ከ5 እስከ 10 ደቂቃ ያህል ይቆያል።
"የቅድመ እርግዝና መቋረጥ (የፅንስ መጨንገፍ) ሕክምና በጣም ረጅም ጊዜ 
የሚወስድ ወይም 
የማይሠራ ከሆነስ?",የማይሠራ ከሆነ ወይም ብዙ ጊዜ የሚወስድ ከሆነ ለመጥረግ ህክምና ወይም ለሌላ ዶዝ ወደ ክሊኒክዎ መመለስ ይችላሉ።,በጣም ረጅም ጊዜ የሚወስድ ከሆነ ለክኒኖች ወይም ለመጥረግ ህክምና በማንኛውም ጊዜ ወደ ሐኪምዎ ቢሮ መመለስ ይችላሉ።
በእጅ ቫክዩም አስፓይሬሽን ወቅት የማይሠራ ከሆነስ?,አልፎ አልፎ በማይሠራበት ጊዜ፣ ለሌላ የእጅ ቫክዩም ስፓይሬሽን መመለስ ይችላሉ።,አልፎ አልፎ በማይሠራበት ጊዜ፣ ለሌላ የእጅ ቫክዩም ስፓይሬሽን መመለስ ይችላሉ።
የቅድመ እርግዝና መቋረጥ (የፅንስ መጨንገፍ) ሕክምና ምን ያህል ናቸው?,ሦስቱም የሕክምና አማራጮች አስተማማኝ ናቸው።,ሦስት(3) የሕክምና አማራጮች አስተማማኝ ናቸው።
የቅድመ እርግዝና መቋረጥ (የፅንስ መጨንገፍ) ሕክምና ከተደረገ በኋላ ማርገዝ ይቻላልን?,እነዚህ ሕክምናዎች ወደፊት እንዳያረግዙ ወይም እርግዝና እንዳይቆይልዎት አያግዱዎትም። እርግዝና ከተቋረጠ በኋላ ልክ ዝግጁ ነኝ ብለው ሲያስቡ ወዲያውኑ ለማርገዝ መሞከር መጀመር ይችላሉ።,የቅድመ እርግዝና መቋረጥ (የፅንስ መጨንገፍ) ሕክምናዎች ወደፊት እንዳያረግዙ ወይም እርግዝና እንዳይቆይልዎት አያግዱዎትም። እርግዝና ከተቋረጠ በኋላ ልክ ዝግጁ ነኝ ብለው ሲያስቡ ወዲያውኑ ለማርገዝ መሞከር መጀመር ይችላሉ።
የቅድመ እርግዝና መቋረጥ እንዲፈጠር ያደረገው ምንድን ነው?,ከ 4 ሰዎች በ 1 ላይ የቀደምት እርግዝና መቋረጥ ይከሰታል። የእርግዝና መቋረጥ የሚከሰትበትን ሁሉንም ምክንያቶች ሙሉ በሙሉ አንረዳም። በጭንቀት፣ በስፖርት፣ በምግብ ወይም በግብረ ስጋ ግንኙነት ምክንያት አይከሰትም።,ከ 4 ሰዎች በ 1 ላይ የቀደምት እርግዝና መቋረጥ ይከሰታል። የእርግዝና መቋረጥ የሚከሰትበትን ሁሉንም ምክንያቶች ሙሉ በሙሉ አንረዳም።
የቅድመ እርግዝና መቋረጥ እንዲፈጠር ስፖርት ምክንያት ሊሆን ይችላልን?,በጭንቀት፣ በስፖርት፣ በምግብ ወይም በግብረ ስጋ ግንኙነት ምክንያትየቅድመ እርግዝና መቋረጥ አይከሰትም።,አይችልም 
የቅድመ እርግዝና መቋረጥ እንዲፈጠር ምግብ ምክንያት ሊሆን ይችላልን?,በጭንቀት፣ በስፖርት፣ በምግብ ወይም በግብረ ስጋ ግንኙነት ምክንያትየቅድመ እርግዝና መቋረጥ አይከሰትም።,አይችልም 
የቅድመ እርግዝና መቋረጥ እንዲፈጠር ምግብ ምክንያት ሊሆን ይችላልን?,በጭንቀት፣ በስፖርት፣ በምግብ ወይም በግብረ ስጋ ግንኙነት ምክንያትየቅድመ እርግዝና መቋረጥ አይከሰትም።,አይችልም 
የቅድመ እርግዝና መቋረጥ ህክምናዎች ምን ምን ሊሆኑ ይችላሉ?,የቅድመ እርግዝና መቋረጥ ህክምናዎች ማየትና መጠበቅ፡ መድሀኒት እና ህክምናዎችን ሊያጠቃልል ይችላል።,ማየትና መጠበቅ፡ መድሀኒት እና ህክምና ናቸው?
የቅድመ እርግዝና መቋረጥ ህክምና ላይ የሚሰጡ መድሀኒቶች ምን ምን ሊሆኑ ይችላሉ?,የቅድመ እርግዝና መቋረጥ ህክምና ላይ የሚሰጡ መድሀኒቶች ሚፈፕሪስቶን እና በሚሶፕሮስቶል ሊሆኑ ይችላሉ?,ሚፈፕሪስቶንእና በሚሶፕሮስቶል
የነቀርሳ ምልክቶች ምንድን ናቸው?,የነቀርሳ ምልክቶች ትኩሳት፡ ክብደት መቀነስ፡ ብርድ ብርድ ፡ ድካም ፡ ደረት ላይ ህመም ፡ 3 ሳምንት ወይም ከዛ በላይ የሚቆይ ሳል,ትኩሳት፡ ክብደት መቀነስ፡ ብርድ ብርድ ፡ ድካም ፡ ደረት ላይ ህመም
ነቀርሳ እንዴት ሊይዘኝ ይችላል?,,ማንኛውም ሰው ነቀርሳ ሊይዘው ይችላል?
ዶክተሮች ነቀርሳ መኖሩን እንዴት ነው የሚመረምሩት?,ለነቀርሳ በሽታ ከአንድ በላይ ምርመራ ሊያስፈልግ ይችላል።ከእነዚህም የማንቱ የቆዳ ምርመራ ፡ የአክታ ምርመራ እንዲሁም የደረት ራጅ መጠቀም ይችላሉ።,ለነቀርሳ በሽታ ከአንድ በላይ ምርመራ ሊያስፈልግ ይችላል።
ከሳንባ ነቀርሳ እንዴት ሰው ሊድን  ይችላል?,ዶክተር ጋር የነቀርሳ ጀርሞቹን የሚገድል ልዩ የነቀርሳ መድሃኒቶች መውሰድ አለብዎት።,ዶክተር ጋር የነቀርሳ ጀርሞቹን የሚገድል ልዩ የነቀርሳ መድሃኒቶች መውሰድ አለብዎት።
የነቀርሳ ጀርሞች ጠንካራ ሲሆኑ ለረጅም ጊዜ መኖር ይችላሉን?,የነቀርሳ ጀርሞች ጠንካራ ሲሆኑ ለረጅም ጊዜ መኖር ይችላሉ።,የነቀርሳ ጀርሞች ጠንካራ ሲሆኑ ለረጅም ጊዜ መኖር ይችላሉ።
የነቀርሳ መድሀኒት ሰው ከወሰደ በኋላ መቼ ሊሻለው ይችላል?,የነቀርሳ መድሃኒት ከጀመሩ በኋላ ከሳምንታት በኋላ እየተሻለዎት ይመጣል።,የነቀርሳ መድሃኒት ከጀመሩ በኋላ ከሳምንታት በኋላ እየተሻለዎት ይመጣል።
የነቀርሳ ጀርሞች በሙሉ መሞታቸውን ለማረጋገጥ መድሀኒቶችን በምን ያክል ጊዜ መውሰድ ተገቢ ነው?,የነቀርሳ ጀርሞች በሙሉ መሞታቸውን ለማረጋገጥ መድሀኒቶችን ለ6 ወይም 9 ወር መውሰድ መቀጠል አለብዎት,የነቀርሳ ጀርሞች በሙሉ መሞታቸውን ለማረጋገጥ መድሀኒቶችን ለ6 ወይም 9 ወር መውሰድ መቀጠል አለብዎት
የነቀርሳ ህክምና እስኪጨርሱ ምን ማድረግ አስፈላጊ ነው?,,የነቀርሳ ህክምና እስኪጨርሱ ድረስ ዶክተርዎን በየወሩ ማየት አስፈላጊ ነው።
የነቀርሳ መድሀኒት ሰው ባይወስድ ምን ይሆናል?,የነቀርሳ መድሀኒት ሰው ባይወስድ ሰው እንደገና መታመምን ያመጣል።,እንደገና መታመምን ያመጣል
ከነቀርሳ በሽታ ለመዳን ምን ማድረግ ተገቢ ነው?,ከነቀርሳ በሽታ ለመዳን ዶክተርዎ በሚነግርዎት መንገድ መውሰድ አለብዎት። ጠንከር ያለ መድሀኒት ረዘም ላለ ጊዜ መውሰድ ተገቢ ነው።,ከነቀርሳ በሽታ ለመዳን ዶክተርዎ በሚነግርዎት መንገድ መውሰድ አለብዎት
ብዙ ጊዜ ነቀርሳ የሚገኝባቸው የሰውነት ክፍሎች የትኞች ናቸው?,ብዙ ጊዜ ነቀርሳ የሚገኝባቸው የሰውነት ክፍሎች አጥንት፡ ማንቁርት፡ ኩላሊት፡ አከርካሪ፡ሳንባ ፡ አንጎል፡ ሊንፍ ኖድ ወዘተ ናቸው,ብዙ ጊዜ ነቀርሳ የሚገኝባቸው የሰውነት ክፍሎች አጥንት፡ ማንቁርት፡ ኩላሊት፡ አከርካሪ፡ሳንባ ፡ አንጎል፡ ሊንፍ ኖድ ወዘተ ናቸው
ዲኦቲ ምንድን ነው?,ዲኦቲ ማለት በጥብቅ ክትትል የሚደረግ ህክምና ነው።ዲኦቲ የነቀርሳ መድሃኒትዎን እንዲወስዱ ያቃልላል። ዲኦቲ ማለት በየቀኑ መድሀኒትዎን በነርስ ወይም በጤና ጥበቃ ሠራተኛ ፊት መውሰድ ነው።,ዲኦቲ የነቀርሳ መድሃኒትዎን እንዲወስዱ ያቃልላል። ዲኦቲ ማለት በየቀኑ መድሀኒትዎን በነርስ ወይም በጤና ጥበቃ ሠራተኛ ፊት መውሰድ ነው።
ዲኦቲ ለምን ይጠቅማል?,ዲኦቲ ነቀርሳን ያድናል።የሚያስፈልግዎትን መድሀኒት በትክክል እንደሚወስዱና ሕክምናው እየሰራ መሆኑን ለማረጋገጥ የሚያስችል መንገድ ነው።,ዲኦቲ ነቀርሳን ያድናል።
ነቀርሳ ለሌላ ሰው ላስተላልፍ እችላለሁን?,አው ፡ ሳንባዎት ውስጥ ነቀርሳ ካለ ሌሎች ሰዎችን ከጀርሞችዎ ለመከላከል መጠንቀቅ አለብዎት።,አው ፡ ሳንባዎት ውስጥ ነቀርሳ ካለ ሌሎች ሰዎችን ከጀርሞችዎ ለመከላከል መጠንቀቅ አለብዎት።
ነቀርሳ ከሳንባ ውጭ ከተገኘ ወደ ሌላ ሰው አይተላለፍምን?,ነቀርሳ ከሳንባ ውጭ ከተገኘ ወደ ሌላ ሰው አይተላለፍም፡,አው። ነቀርሳ ከሳንባ ውጭ ከተገኘ ወደ ሌላ ሰው አይተላለፍም፡
ነቀርሳን ለቅርብ ሰው እንዳይተላለፍ ለማድረግ ምን ማድረግ ተገቢ ነው?,ነቀርሳን ለቅርብ ሰው እንዳይተላለፍ መድሀኒት መውሰድ ተገቢ ነው።,ነቀርሳን ለቅርብ ሰው እንዳይተላለፍ መድሀኒት መውሰድ ተገቢ ነው?
የነቀርሳ በሽተኛ መቼ ወደ ስራ፡ ት/ቤት ወይም ወደ ሌላ እንቅስቃሴዎች መመለስ እንደሚችሉ ማን ሊያግዘኝ ይችላል?,የነቀርሳ በሽተኛ መቼ ወደ ስራ፡ ት/ቤት ወይም ወደ ሌላ እንቅስቃሴዎች መመለስ እንደሚችሉ ዶክተሩ ሊናገር ይችላል።,የነቀርሳ በሽተኛ መቼ ወደ ስራ፡ ት/ቤት ወይም ወደ ሌላ እንቅስቃሴዎች መመለስ እንደሚችሉ ዶክተሩ ሊናገር ይችላል።
ስለ ነቀርሳ ሌላ ምን ማወቅ ተገቢ ነው?,ዶክተርዎን እንዴት መድሀኒት በነጻ ማግኜት እንደሚችሉ ይጠይቁ።,ዶክተርዎን እንዴት መድሀኒት በነጻ ማግኜት እንደሚችሉ ይጠይቁ።
የነቀርሳ መድሀኒት ምን ዓይነት ጉዳት ሊያመጡ ይችላሉ?,የነቀርሳ መድሃኒትቶች ባብዛኛው ምንም ችግር አያስከትሉም,የነቀርሳ መድሃኒትቶች ባብዛኛው ምንም ችግር አያስከትሉም
ነቀርሳን እንዴት መለየት ይቻላል?,ማስታወክ፡ የሆድ ሕመም፡ ምግብ አልበላ ሲል፡ ማቅለሽለሽ ፡ ዓይን ወይም ቆዳ ቢጫ ሲሆን፡ ሲያዞር፡ ከ3 ቀን በላይ የሚቆይ ትኩሳት፡ ቆዳ ሽፍ ሲል።,ማስታወክ፡ የሆድ ሕመም፡ ምግብ አልበላ ሲል፡ ማቅለሽለሽ ፡ ዓይን ወይም ቆዳ ቢጫ ሲሆን፡ ሲያዞር፡ ከ3 ቀን በላይ የሚቆይ ትኩሳት፡ ቆዳ ሽፍ ሲል።
የነቀርሳ መድሀኒት በምን ያህል ቀን  ይወሰዳል?,የነቀርሳ መድሀኒት በየቀኑ በተመሳሳይ ሰዓት ይወሰዳል።ዶክተሩ መድሀኒቱን አቁም እስኪል  ድረስ መውሰድ ተገቢ ነው።,የነቀርሳ መድሀኒት በየቀኑ በተመሳሳይ ሰዓት ይወሰዳል።ዶክተሩ መድሀኒቱን አቁም እስኪል  ድረስ መውሰድ ተገቢ ነው።
የነቀርሳ መድሃኒቶች ምን ምን ናቸው?,የነቀርሳ መድሃኒቶች ከሚባሉት ውስጥ አይሶናየዝድ፡ ሪፋምፒን፡ ፓይረዛይነማይድ፡ ኤታምብዪቶል፡ ቫይታሚን ቢ6,የነቀርሳ መድሃኒቶች ከሚባሉት ውስጥ አይሶናየዝድ፡ ሪፋምፒን፡ ፓይረዛይነማይድ፡ ኤታምብዪቶል፡ ቫይታሚን ቢ6
ነቀርሳ ምን ዓይነት በሽታ ነው?,ነቀርሳ የሚድን በሽታ ነው።,ነቀርሳ የሚድን በሽታ ነው።
አንድ ሰው የነቀርሳ መድሃኒት ባይወስድ ምን ይሆናል?,አንድ ሰው የነቀርሳ መድሃኒት ባይወስድ እንደገና መታመሙ አይቀርም።,አንድ ሰው የነቀርሳ መድሃኒት ባይወስድ እንደገና መታመሙ አይቀርም።
አንድ ሰው ስለኢንፍሉዌንዛ (ፍሉ) ክትባት ማወቅ ያለበት ምንድን ነው?,የኢንፍሉዌንዛ (ፍሉ) ክትባት ህይወት ከሌለው ቫይረስ የተሰራ ነው።,የኢንፍሉዌንዛ (ፍሉ) ክትባት ህይወት ከሌለው ቫይረስ የተሰራ ነው።
የኢንፍሉዌንዛ (ፍሉ) በሽታ በአሜሪካ በምን ጊዜ ሊከሰት ይችላል?,የኢንፍሉዌንዛ (ፍሉ) በሽታ በአሜሪካ በየክረምቱ በተለይም በጥቅምትና ግንቦት መካከል የሚስፋፋ ተላላፊ በሽታ ነው።,የኢንፍሉዌንዛ (ፍሉ) በሽታ በአሜሪካ በየክረምቱ በተለይም በጥቅምትና ግንቦት መካከል የሚስፋፋ ተላላፊ በሽታ ነው።
የኢንፍሉዌንዛ (ፍሉ) በሽታ ምን ዓይነት ነው?,የኢንፍሉዌንዛ (ፍሉ) በሽታ በአሜሪካ በየክረምቱ በተለይም በጥቅምትና ግንቦት መካከል የሚስፋፋ ተላላፊ በሽታ ነው።,ተላላፊ በሽታ ነው
የኢንፍሉዌንዛ (ፍሉ) በሽታ በምን ሊተላልፍ ይችላል?,የኢንፍሉዌንዛ (ፍሉ) በሽታ ከሰው ወደ ሰው በሳል ፡ በማስነጠስ እና በንክኪ ሊተላለፍ ይችላል።,ጉንፋን በሳል፡ በማስነጠስ እና በንክኪ ሊተላለፍ ይችላል
የኢንፍሉዌንዛ (ፍሉ) በሽታ ምልክቶች ምንድን ናቸው?,,የኢንፍሉዌንዛ (ፍሉ) በሽታ ትኩሳት፡ የጉሮሮ መቁሰል ፡ የጡንቻ ህመም ፡ ድካም ፡ሳል ፡ ራስ ምታት፡ንፍጥ ወዘተ።
የኢንፍሉዌንዛ (ፍሉ) በሽታ ወደምን ሊያድግ ይችላል?,የኢንፍሉዌንዛ (ፍሉ) በሽታ ወደ ኒሞኒያ እና ወደ የደም ኢንፌክሽኖች ሊያድግ ይችላል።,የኢንፍሉዌንዛ (ፍሉ) በሽታ ወደ ኒሞኒያ እና ወደ የደም ኢንፌክሽኖች ሊያድግ ይችላል።
የኢንፍሉዌንዛ (ፍሉ) በሽታ ህጻናት ላይ ምን ሊያስከትል ይችላል?,የኢንፍሉዌንዛ (ፍሉ) በሽታ በልጆች ላይ ተቅማጥና ከቁጥጥር ውጪ የሆነ መንቀጥቀጥ ሊያስከትል ይችላል።የልብና የሳንባ በሽታ የመሳሰሉ የጤና ችግሮች ካለቦት ፍሉ እንዲባባስ ሊያደርገው ይችላል።,የኢንፍሉዌንዛ (ፍሉ) በሽታ በልጆች ላይ ተቅማጥና ከቁጥጥር ውጪ የሆነ መንቀጥቀጥ ሊያስከትል ይችላል።
የኢንፍሉዌንዛ (ፍሉ) በሽታ በምን የህብረተሰብ ክፍሎች ሊከሰት ይችላል?,ጉንፋን ለአንዳንድ ሰዎች አደገኛ ሊሆን ይችላል። ሕጻናት እና ትንንሽ ልጆች፡ 65 ዓመትና ከዚያ በላይ የሆናቸው ትልልቅ ሰዎች ፡ እርጉዝ ሴቶች,ጉንፋን ለአንዳንድ ሰዎች አደገኛ ሊሆን ይችላል። ሕጻናት እና ትንንሽ ልጆች፡ 65 ዓመትና ከዚያ በላይ የሆናቸው ትልልቅ ሰዎች ፡ እርጉዝ ሴቶች
የኢንፍሉዌንዛ (ፍሉ) በሽታ በአሜሪካ ምን ያህል ሰዎችን ህይወት አጥፍቷል?,በየአመቱ በአሜሪካ ወስጥ በሺዎች የሚቆጠሩ ሰዎች በጉንፋን ይሞታሉ?,በየአመቱ በአሜሪካ ወስጥ በሺዎች የሚቆጠሩ ሰዎች በጉንፋን ይሞታሉ?
ይየጉንፋን ክትባት ለምን ይጠቅማል?,ጉንፋን እንዳይዞት ይከላከላል፡ ከያዘዎትም በጠና እንዳያምዎት ያደርጋል፡ ጉንፋን ለሌሎች እንዳያስተላልፉ ያደርጋል።,ጉንፋን እንዳይዞት ይከላከላል፡ ከያዘዎትም በጠና እንዳያምዎት ያደርጋል፡ ጉንፋን ለሌሎች እንዳያስተላልፉ ያደርጋል።
በጣም አደገኛ የሆነ ሽባ የሚያደርግ በሽታ ምን ተብሎ ይታወቃል?,በጣም አደገኛ የሆነ ሽባ የሚያደርግ በሽታ ጂቢኤስ በመባል ይጠራል,በጣም አደገኛ የሆነ ሽባ የሚያደርግ በሽታ ጂቢኤስ በመባል ይጠራል
ጉንፋን ታመው  እያለ መከተብ ምን ጉዳት አለው?,ጉንፋን ታመው  እያለ መከተብ ብዙ ጊዜ ችግር የለውም። ክትባት እንደ ማንኛውም መድሃኒት አላስፈላጊ ውጤቶች ሊያስከትል ይችላል።,ጉንፋን ታመው  እያለ መከተብ ብዙ ጊዜ ችግር የለውም።
ከጉንፋን ክትባት በኋላ የሚከሰቱ ቀላል ችግሮች ምንድን ናቸው?,ከጉንፋን ክትባት በኋላ የሚከሰቱ ቀላል ችግሮች መካከል ህመም።ሳል፡ ትኩሳት ፡ የራስ ምታት፡ ድካም ወዘተ ሊያስከትል ይችላል።,ከጉንፋን ክትባት በኋላ የሚከሰቱ ቀላል ችግሮች መካከል ህመም።ሳል፡ ትኩሳት ፡ የራስ ምታት፡ ድካም ወዘተ ሊያስከትል ይችላል።
ከጉንፋን ክትባት በኋላ የሚከሰቱ ቀላል ችግሮች ምንያህል ቀን ሊቆዩ ይችላሉ?,,ከጉንፋን ክትባት በኋላ የሚከሰቱ ቀላል ችግሮች ለ1 ወይም ለ2 ቀናት ሊቆዩ ይችላሉ።
ከጉንፋን ክትባት በኋላ ይሚከሰቱ ከበድ ያሉ ችግሮች ምን ሊያካትት ይችላል?,ከጉንፋን ክትባት በኋላ ይሚከሰቱ ከበድ ያሉ ችግሮች ሽባ እስከመሆን ያደርሳል።,ሽባ የሚዳርግ ችግር ሊያደርስ ይችላል።
ከማንኛውም ህክምና በኋላ ሰዎች ምን ሊሆኑ ይችላሉ?,አንዳንድ ሰዎች ከማንኛውም ህክምና በኋላ ክትባትን ጨምሮ ራሳቸውን ይስታሉ። ለ15 ደቂቃ ቁጭ ማለት ወይም መጋደም ራስ መሳትንና በመውደቅ ምክንያት የሚመጡ ጉዳቶችን ለመከላከል ይረዳል።,አንዳንድ ሰዎች ከማንኛውም ህክምና በኋላ ክትባትን ጨምሮ ራሳቸውን ይስታሉ።
ብሔራዊ የክትባት ጉዳት ካሳ መርሃ ግብር ምንድን ነው?,ብሔራዊ የክትባት ጉዳት ካሳ መርሃ ግብር (VICP) በአንዳንድ ክትባቶች ምክንያት የተጎዱ ሰዎችን ለመካስ የተቋቋመ የፌደራል መርሃ ግብር ነው።,ብሔራዊ የክትባት ጉዳት ካሳ መርሃ ግብር (VICP) በአንዳንድ ክትባቶች ምክንያት የተጎዱ ሰዎችን ለመካስ የተቋቋመ የፌደራል መርሃ ግብር ነው።
የጉንፋን ክትባት መቼ እንዲወሰድ ይመከራል?,የጉንፋን ክትባት በየአመቱ እንዲወሰድ ይመከራል። እድሜያቸው ከ6 ወር እስከ 8 ዓመት ያሉ ልጆች በአመት ሁለት መጠን መውሰድ ሊያስፈልጋቸው ይችላል። ሌላው ሰው በአመት አንድ መጠን ብቻ በእያንዳንዱ የጉንፋን ወቅት መውሰድ ያስፈልገዋል።,የጉንፋን ክትባት በየአመቱ እንዲወሰድ ይመከራል። 
 እድሜያቸው ከ6 ወር እስከ 8 ዓመት ያሉ ልጆች በአመት ስንት ጊዜ ክትባት ሊወስዱ ይችላሉ?,የጉንፋን ክትባት በየአመቱ እንዲወሰድ ይመከራል። እድሜያቸው ከ6 ወር እስከ 8 ዓመት ያሉ ልጆች በአመት ሁለት መጠን መውሰድ ሊያስፈልጋቸው ይችላል። ሌላው ሰው በአመት አንድ መጠን ብቻ በእያንዳንዱ የጉንፋን ወቅት መውሰድ ያስፈልገዋል።,እድሜያቸው ከ6 ወር እስከ 8 ዓመት ያሉ ልጆች በአመት ሁለት መጠን መውሰድ ሊያስፈልጋቸው ይችላል
አዋቂ ሰው በአመት ስንት መጠን የጉንፋን ክትባት ሊወሰድ ይችላል?,የጉንፋን ክትባት በየአመቱ እንዲወሰድ ይመከራል። እድሜያቸው ከ6 ወር እስከ 8 ዓመት ያሉ ልጆች በአመት ሁለት መጠን መውሰድ ሊያስፈልጋቸው ይችላል። ሌላው ሰው በአመት አንድ መጠን ብቻ በእያንዳንዱ የጉንፋን ወቅት መውሰድ ያስፈልገዋል።,ሌላው ሰው በአመት አንድ መጠን ብቻ በእያንዳንዱ የጉንፋን ወቅት መውሰድ ያስፈልገዋል።
ህይወት ከሌለው ቫይረስ የሚሰሩ የጉንፋን ክትባቶች ምን ሊይዙ ይችላሉ?,አንዳንድ ሕይወት ከሌለው ቫይረስ የሚሰሩ የጉንፋን ክትባቶች ቴሜሮሳል የተባለ በጣም አነስተኛ መጠን ከሆነ ሜርኩሪ የሚሰራ ማቆያ ንጥረ ነገር ይይዛሉ። ጥናቶች ከትባቶች ውስጥ የሚገኝ ቴምሮሳል ጉዳት እንደሚያስከትል አላሳዩም፣ ነገር ግን ቴምሮሳል የሌላቸው የጉንፋን ክትባቶችም አሉ።,አንዳንድ ሕይወት ከሌለው ቫይረስ የሚሰሩ የጉንፋን ክትባቶች ቴሜሮሳል የተባለ በጣም አነስተኛ መጠን ከሆነ ሜርኩሪ የሚሰራ ማቆያ ንጥረ ነገር ይይዛሉ
ጥናቶች ስለቴምሮሳል ስለተባለው የክትባት ማቆያ ንጥረ ነገር ምን አሳይተዋል?,አንዳንድ ሕይወት ከሌለው ቫይረስ የሚሰሩ የጉንፋን ክትባቶች ቴምሮሳል የተባለ በጣም አነስተኛ መጠን ከሆነ ሜርኩሪ የሚሰራ ማቆያ ንጥረ ነገር ይይዛሉ። ጥናቶች ከትባቶች ውስጥ የሚገኝ ቴምሮሳል ጉዳት እንደሚያስከትል አላሳዩም፣ ነገር ግን ቴምሮሳል የሌላቸው የጉንፋን ክትባቶችም አሉ።,ጥናቶች ከትባቶች ውስጥ የሚገኝ ቴምሮሳል ጉዳት እንደሚያስከትል አላሳዩም
የጉንፋን ክትባትን ለማቆያ የሚጠቅም ንጥረ ነገር ምንድን ነው?,አንዳንድ ሕይወት ከሌለው ቫይረስ የሚሰሩ የጉንፋን ክትባቶች ቴምሮሳል የተባለ በጣም አነስተኛ መጠን ከሆነ ሜርኩሪ የሚሰራ ማቆያ ንጥረ ነገር ይይዛሉ። ጥናቶች ከትባቶች ውስጥ የሚገኝ ቴምሮሳል ጉዳት እንደሚያስከትል አላሳዩም፣ ነገር ግን ቴምሮሳል የሌላቸው የጉንፋን ክትባቶችም አሉ።,የጉንፋን ክትባቶች ቴምሮሳል የተባለ በጣም አነስተኛ መጠን ከሆነ ሜርኩሪ የሚሰራ ማቆያ ንጥረ ነገር ይይዛሉ
በጉንፋን ክትባቱ ላይ ሕይወት ቫይረስ ሊኖር ይችላልን?,በጉንፋን ክትባቱ ውስጥ ሕይወት ያለው ቫይረስ የለም። ክትባቶቹ ጉንፋን ሊያስይዙ አይችሉም።,የለም
የጉንፋን ክትባቶች ጉንፋን ሊያስይዙ ይችላሉን?,በጉንፋን ክትባቱ ውስጥ ሕይወት ያለው ቫይረስ የለም። ክትባቶቹ ጉንፋን ሊያስይዙ አይችሉም።, ክትባቶቹ ጉንፋን ሊያስይዙ አይችሉም።
ስንት አይነት የጉንፋን ቫይረሶች አሉ?,ብዙ የተለያዩ የጉንፋን ቫይረሶች አሉ እናም ሁልጊዜ ይቀያየራሉ። በየአመቱ አዲስ የጉንፋን ክትባት የሚሰራው በዚያ ዓመት ጉንፋን መከሰቻ ወቅት ጉንፋን ሊያስከትሉ ይችላሉ ተብለው የታመነባቸውን ሶስት ወይም አራት ቫይረሶች እንዲከላከል ተደርጎ ነው። ክትባቱ በትክክል ከቫይረሶቹ ጋር ባይዛመድም፣ አሁንም የተወሰነ መከላከያ ሲሰጥ ይችላል።,ብዙ የተለያዩ የጉንፋን ቫይረሶች አሉ እናም ሁልጊዜ ይቀያየራሉ።
በየአመቱ አዲስ የጉንፋን ቫይረሶች ለምን ይሰራሉ?,ብዙ የተለያዩ የጉንፋን ቫይረሶች አሉ እናም ሁልጊዜ ይቀያየራሉ። በየአመቱ አዲስ የጉንፋን ክትባት የሚሰራው በዚያ ዓመት ጉንፋን መከሰቻ ወቅት ጉንፋን ሊያስከትሉ ይችላሉ ተብለው የታመነባቸውን ሶስት ወይም አራት ቫይረሶች እንዲከላከል ተደርጎ ነው። ክትባቱ በትክክል ከቫይረሶቹ ጋር ባይዛመድም፣ አሁንም የተወሰነ መከላከያ ሲሰጥ ይችላል።,በየአመቱ አዲስ የጉንፋን ክትባት የሚሰራው በዚያ ዓመት ጉንፋን መከሰቻ ወቅት ጉንፋን ሊያስከትሉ ይችላሉ ተብለው የታመነባቸውን ሶስት ወይም አራት ቫይረሶች እንዲከላከል ተደርጎ ነው። 
አዲስ የጉንፋን ክትባቶች ስንት አይነት ቫይረሶችን እንዲከላከሉ ሁነው ይሰራሉ?,ብዙ የተለያዩ የጉንፋን ቫይረሶች አሉ እናም ሁልጊዜ ይቀያየራሉ። በየአመቱ አዲስ የጉንፋን ክትባት የሚሰራው በዚያ ዓመት ጉንፋን መከሰቻ ወቅት ጉንፋን ሊያስከትሉ ይችላሉ ተብለው የታመነባቸውን ሶስት ወይም አራት ቫይረሶች እንዲከላከል ተደርጎ ነው። ክትባቱ በትክክል ከቫይረሶቹ ጋር ባይዛመድም፣ አሁንም የተወሰነ መከላከያ ሲሰጥ ይችላል።,በየአመቱ አዲስ የጉንፋን ክትባት የሚሰራው በዚያ ዓመት ጉንፋን መከሰቻ ወቅት ጉንፋን ሊያስከትሉ ይችላሉ ተብለው የታመነባቸውን ሶስት ወይም አራት ቫይረሶች እንዲከላከል ተደርጎ ነው።
የጉንፋን ክትባት ምንን ሊከላከል አይችልም?,"የጉንፋን ክትባት እንዚህን ሊከላከል አይችልም፦  በክትባቱ ባልተካተት ቫይረስ የሚከሰት ጉንፋንን፣ ወይም ጉንፋን የሚመስሉ ነገር ግን ጉንፋን ያልሆኑ ህመሞችን
አይከላከልም።",የጉንፋን ክትባት እንዚህን ሊከላከል አይችልም፦  በክትባቱ ባልተካተት ቫይረስ የሚከሰት ጉንፋንን፣ ወይም ጉንፋን የሚመስሉ ነገር ግን ጉንፋን ያልሆኑ ህመሞችን
የጉንፋን ክትባት በኋላ የመከላከል አቅም እስኪጎለብት ድረስ ስንት ሳምንት ይወስዳል?,ከክትባት በኋላ የመከላከል አቅም እስኪጎለብት ድረስ 2 ሳምንት ይወስዳል፣ እንዲሁም የመከላከል አቅሙ እስከ የጉንፋን ወቅቱ ማብቂያ ጊዜ ድረስ ይዘልቃል።,ከክትባት በኋላ የመከላከል አቅም እስኪጎለብት ድረስ 2 ሳምንት ይወስዳል።
ምን አይነት ሰዎች የጉንፋን ክትባት መከተብ የለባቸውም?,የጉንፋን ክትባት ከተከተቡ በኋላ ለህይወት የሚያሰጋ አለመስማማት ገጥሟቸው የሚያውቅ ከሆነ፣ ወይም ለማንኛውም የዚህ ክትባት ክፍል አለርጂ ካለብዎ ክትባቱን እንዳይከተቡ ሊመከሩ ይችላሉ።,ሰዎች አለርጂ ወይም ለህይወት የሚያሰጋ የማይስማማዎት ነገር ካለባቸው።
የጉንፋን ክትባቶች ምን አይነት ፕሮቲን ሊኖራቸው ይችላል?,ሁሉም ሳይሆኑ የሚበዙት የጉንፋን ክትባቶች በጥቂቱ የእንቁላል ፕሮቲን ይኖራቸዋል።,ሁሉም ሳይሆኑ የሚበዙት የጉንፋን ክትባቶች በጥቂቱ የእንቁላል ፕሮቲን ይኖራቸዋል።
ከክትባት በኋላ ምን አይነት ችግር ሊከሰት ይችላል?,ማንኛውም መድሃኒት በጣም ከባድ የሆኑ የአለመስማማት ምልክቶች ሊያስከትል ይችላል። በክትባት የሚከሰት እንደዚህ አይነት አለመስማማት የተለመደ አይደለም፤ በግምት ቢያጋጥም ከአንድ ሚሊዬን መጠኖች በአንዱ ላይ ነው,በክትባት የሚከሰት አለመስማማት፡ ራስን መሳት፡ እንቅጥቅጥ፡ በጣም በጥቂቶች ዘንድ ሽባነትንም ሊያስከትል ይችላል?
ከክትባት በኋላ የሚከሰቱ ችግሮች በምን ያክል ደቂቃዎች ለከሰቱ ይችላሉ?,"ችግር የሚያጋጥም ከሆነ ከክትባቱ በኋላ ከጥቂት ደቂቃዎች እስከ ጥቂት ሰዓታት ባለው ጊዜ ውስጥ ነው የሚከሰተው።እንደማንኛውም መድሃኒት፣ ክትባት ከባድ ጉዳት ወይም 
ሞት ሊያስከትል የሚችልበት በጣም ጠባብ እድል አለ",ችግር የሚያጋጥም ከሆነ ከክትባቱ በኋላ ከጥቂት ደቂቃዎች እስከ ጥቂት ሰዓታት ባለው ጊዜ ውስጥ ነው የሚከሰተው።
ከክትባት በኋላ ምን አይነት የአለመስማማት ምልክቶች ሊታዩ ይችላሉ?,በጣም ከባድ የአለመሰማማት ምልክቶች እነዚህን ሊያካትቱ ይቻላሉ፤ የቆዳ መቆጣት፣ የጉሮሮ እና የፊት ማበጥ፣ የመተንፈስ ችግር፣ ፈጣን የልብ ትርታ፣ ራስ ማዞር እንዲሁም ድካም። እነዚህም ክትባቱን ከተከተቡ ከጥቂት ደቂቃዎች ወይም ሰዓታት በኋላ ሊጀምሩ ይችላሉ።,የቆዳ መቆጣት፣ የጉሮሮ እና የፊት ማበጥ፣ የመተንፈስ ችግር፣ ፈጣን የልብ ትርታ፣ ራስ ማዞር እንዲሁም ድካም።
ከክትባት በኋላ የአለመስማማት ምልክቶች ከታዩ ምን ማድረግ አስፈላጊ ነው?,በጣም ከባድ የአለመስማማት ምልክት ወይም ሌላ ሊቆይ የማይችል አጣዳፊ ነገር ከመሰልዎት፣ 9-l-l ይደውሉና የታመመውን ሰው ወደ አቅራቢያዎ ሆስፒታል ይውሰዱ።ይህ ካልሆነ ወደ ሐኪምዎ ይውሰዱ።,
በክትባት ምክንያት ጉዳት ደርሶብናል ብለው የሚያምኑ ሰዎችን ምን አይነት ደጋፍ ሊደረግላቸው ይችላል?,በክትባት ምክንያት ጉዳት ደርሶብናል ብለው የሚያምኑ ሰዎች ስለ መርሃ ግብሩ እና ቅሬታቸውን ስለማቅረብ ግንዛቤ ለማግኘት በ1-800-338-2382 መደወል ይችላሉ።,በክትባት ምክንያት ጉዳት ደርሶብናል ብለው የሚያምኑ ሰዎች ስለ መርሃ ግብሩ እና ቅሬታቸውን ስለማቅረብ ግንዛቤ ለማግኘት በ1-800-338-2382 መደወል ይችላሉ። ከበሽታ ቁጥጥርና መከላከልም(CDC) መረጃ ሊያገኙ ይችላሉ?
ሄፓቲቲስ A ክትባት  ለምን ያስፈልጋል?,ሄፓቲቲስ A ክትባት አንድ ሰው ማወቅ ያለበት ነገር ክትባቱ ለምን እንደሚያስፈልግ እና የጉበት በሽታ A ምን አይነት ህመም እንደሚያመጣ ነው።,"የጉበት በሽታ A ከባድ የጉበት ህመም ነው፡፡ የሚከሰተው በጉበት በሽታ A ቫይረስ (HAV) ነው። የጉበት በሽታ A ክትባት የጉበት በሽታ A ን መከላከል 
ይችላል፡"
የጉበት በሽታ A ምን አይነት በሽታ ነው?,የጉበት በሽታ A ከባድ የጉበት ህመም ነው፡፡ የሚከሰተው በጉበት በሽታ A ቫይረስ (HAV) ነው,የጉበት በሽታ A ከባድ የጉበት ህመም ነው፡፡ የሚከሰተው በጉበት በሽታ A ቫይረስ (HAV) ነው
የጉበት በሽታ A ከሰው ወደ ሰው እንዴት ሊተላለፍ ይችላል?,"የጉበት በሽታ A ከሰው  ወደ ሰው የሚተላለፈው በበሽታው ከተጠቁ ሰዎች አይነምድር 
ጋር በሚኖር ንክኪ ነው።","የጉበት በሽታ A ከሰው  ወደ ሰው የሚተላለፈው በበሽታው ከተጠቁ ሰዎች አይነምድር 
ጋር በሚኖር ንክኪ ነው።"
አንድ ሰው በጉበት በሽታ  A  እንዴት ሊያዝ ይችላል?,በጉበት በሽታ A ቫይረስ በተበከለ ምግብ፣ ውሃ፣ ወይም ዕቃዎች የጉበት በሽታ A ሊይዝዎት ይችላል፡፡,በጉበት በሽታ A ቫይረስ በተበከለ ምግብ፣ ውሃ፣ ወይም ዕቃዎች የጉበት በሽታ A ሊይዝዎት ይችላል፡፡
የጉበት በሽታ  A  ምልክቶች ምን ምንን ሊያጠቃልሉ ይችላሉ?,ትኩሳት፣ድካም፣የምግብ ፍላጎት ማጣት፣ማቅለሽለሽ፣ማስታወክ፣ እና/ወይም የመገጣጠሚያ ህመም ሊያጠቃልሉ ይችላሉ።,ትኩሳት፣ድካም፣የምግብ ፍላጎት ማጣት፣ማቅለሽለሽ፣ማስታወክ፣ እና/ወይም የመገጣጠሚያ ህመም ሊያጠቃልሉ ይችላሉ።
ቢጫ ቆዳ ወይም ዓይኖች የጉበት በሽታ  A ምልክቶች ሊሆኑ ይችላሉን?,ቢጫ ቆዳ ወይም ዓይኖች፣ ጠቆር ያለ ሽንት፣ ሸክላ ቀለም ያለው የአንጀት እንቅስቃሴዎች የጉበት በሽታ  A  ምልክቶች ሊሆኑ ይችላሉ።,አው። ቢጫ ቆዳ ወይም ዓይኖች፣ ጠቆር ያለ ሽንት፣ ሸክላ ቀለም ያለው የአንጀት እንቅስቃሴዎች የጉበት በሽታ  A  ምልክቶች ሊሆኑ ይችላሉ።
የጉበት በሽታ  A  ምልክቶች ከመቼ ጀምሮ ሊታዩ ይችላሉ?,በሽታው ከተጋለጠ ከ2 እስከ 6 ሳምንታት ውስጥ ምልክቶች ሊታዩ ይችላሉ። የጉበት በሽታ A ካለበት አንድ ሰው ከባድ ህመም ሊሰማው ይችላል።,በሽታው ከተጋለጠ ከ2 እስከ 6 ሳምንታት ውስጥ ምልክቶች ሊታዩ ይችላሉ
የጉበት በሽታ  A  ምልክቶች በምን የእድሜ ክልል ሊታዩ ይችላሉ?,ልጆች ብዙ ጊዜ ምልክቶቹ አይታይባቸውም፣ አዋቂዎች ላይ ግን ይታያል፡፡ ምልክቱ ሳይታይብዎት HAVን ማሰራጨት ይችላሉ፡፡,ልጆች ብዙ ጊዜ ምልክቶቹ አይታይባቸውም፣ አዋቂዎች ላይ ግን ይታያል፡፡ ምልክቱ ሳይታይብዎት HAVን ማሰራጨት ይችላሉ፡፡
የጉበት በሽታ A ሞት ሊያስከትል ይችላልን?,የጉበት በሽታ A የጉበት ከጥቅም ውጪ መሆንን እና ሞትን ሊያስከትል ይችላል፣ ቢሆንም ይህ ያልተለመደ ሲሆን የሚከሰተውም የ 50 አመት እድሜ እና ከዚያ በላይ በሆኑ ሰዎች እና በሌላ የጉበት በሽታ፣ ማለትም በጉበት በሽታ B ወይም C የተጠቁ ሰዎች ላይ ነው፡,አው
የጉበት በሽታ A ክትባቶች የተሰጡት ከመቼ ጀምሮ ነው?,የጉበት በሽታ A ክትባቶች የተሰጡት በዩናይትድ ሰቴትስ ከ 1996 ጀምሮ ነው፡፡,የጉበት በሽታ A ክትባቶች የተሰጡት በዩናይትድ ሰቴትስ ከ1996 ጀምሮ ነው፡፡
የጉበት በሽታ A ክትባቶች መስጠት የጀምረች ሀገር ማን ትባላለች?,የጉበት በሽታ A ክትባቶች የተሰጡት በዩናይትድ ሰቴትስ ከ 1996 ጀምሮ ነው፡፡,ዩናይትድ ሰቴትስ
የጉበት በሽታ A ክትባቶች መስጠት ከተጀመረ ጀምሮ የማህደሩ ቁጥር ምን ያህል ቀንሷል?,"በ ዩ.ኤስ. በየአመቱ የሚገለፀው የማህደር ቁጥር ከ 31,000 ማህደሮች ወደ 1,500 ማህደሮች ቀንሷል፡፡","በ ዩ.ኤስ. በየአመቱ የሚገለፀው የማህደር ቁጥር ከ 31,000 ማህደሮች ወደ 1,500 ማህደሮች ቀንሷል፡፡"
የጉበት በሽታ A ክትባት ምን አይነት ክትባት ነው?,የጉበት በሽታ A ክትባት ደካማ (የሞተ) መድሃኒት ነው፡ ፡ ለዘላቂ ጥበቃ2 ጊዜ መከተብ ያስፈልግዎታል፡፡ እነዚህ ክትባቶች በትንሹ በ 6 ወራት ያህል መራራቅ አለባቸው፡፡,የጉበት በሽታ A ክትባት ደካማ (የሞተ) መድሃኒት ነው፡ ፡ ለዘላቂ ጥበቃ2 ጊዜ መከተብ ያስፈልግዎታል፡፡ 
የጉበት በሽታ A ክትባት በየስንት ወር ልዩነት መከተብ አስፈላጊ ነው?,የጉበት በሽታ A ክትባት ደካማ (የሞተ) መድሃኒት ነው፡ ፡ ለዘላቂ ጥበቃ2 ጊዜ መከተብ ያስፈልግዎታል፡፡ እነዚህ ክትባቶች በትንሹ በ 6 ወራት ያህል መራራቅ አለባቸው፡፡,የጉበት በሽታ A ክትባቶች በትንሹ በ 6 ወራት ያህል መራራቅ አለባቸው፡፡
ልጆች የጉበት በሽታ A ክትባትን መቼ መከተብ አስፈላጊ ነው?,ልጆች በተደጋጋሚ የሚከተቡት በመጀመርያ እና በሁለተኛው ልደታቸው (12 እስከ 23 ወራቶች) መሃል ነው፡፡,ልጆች በተደጋጋሚ የሚከተቡት በመጀመርያ እና በሁለተኛው ልደታቸው (12 እስከ 23 ወራቶች) መሃል ነው፡፡
ታዳጊዎች የጉበት በሽታ A ክትባትን መቼ መከተብ አስፈላጊ ነው?,ታዳጊዎች የጉበት በሽታ A ክትባትን ከ 23 ወራት በኋላ ማግኘት ይችላሉ፡,ታዳጊዎች የጉበት በሽታ A ክትባትን ከ 23 ወራት በኋላ ማግኘት ይችላሉ፡
ከዚህ በፊት የጉበት በሽታ A ክትባት ያልወሰዱ ሰዎች ክትባት መውሰድ ይችላሉን?,ከዚህ በፊት ያልተከተቡ አዋቂዎች እና ከጉበት በሽታ A መጠበቅ የሚፈልጉ ክትባቱን ማግኘት ይችላሉ,አው።ከዚህ በፊት ያልተከተቡ አዋቂዎች እና ከጉበት በሽታ A መጠበቅ የሚፈልጉ ክትባቱን ማግኘት ይችላሉ
የጉበት በሽታ A ክትባትን በምን ምክንያቶች ማግኘት አስፈላጊ ነው?,"የጉበት በሽታ A ቋሚ ወደ ሆኑባቸው ሃገሮች የሚጓዙ ከሆነ፣ወንድ ሆነው ከሌላ ወንድ ጋር ግብረ ስጋ ግንኙነትን
ከፈፀሙ፡ህገ ወጥ መድሃኒቶችን ከተጠቀሙ፣ ለረጅም ጊዜ የቆየ የጉበት በሽታ እንደ የጉበት በሽታ B
የጉበት በሽታ C ካለብዎ፡በደም መርጋት ክምችት ክትትል ሲደረግልዎ ከነበረ፡ በጉበት በሽታ A በተጠቃ እንስሳ ላይ ሲሰሩ ከነበረ ወይም
በጉበት በሽታ A የምርምር ቤተ ሙከራ ውስጥ፣ የጉበት በሽታ A ቋሚ ከሆነበት ሃገር የመጣ አለም አቀፋዊ
ማደጎ ከሆነ ሰው ጋር የግል ቅርብ የሆነ ንክኪ እንደሚኖርዎ
የሚጠብቁ ከሆነ","የጉበት በሽታ A ቋሚ ወደ ሆኑባቸው ሃገሮች የሚጓዙ ከሆነ፣ወንድ ሆነው ከሌላ ወንድ ጋር ግብረ ስጋ ግንኙነትን
ከፈፀሙ፡ህገ ወጥ መድሃኒቶችን ከተጠቀሙ፣ ለረጅም ጊዜ የቆየ የጉበት በሽታ እንደ የጉበት በሽታ B
የጉበት በሽታ C ካለብዎ፡በደም መርጋት ክምችት ክትትል ሲደረግልዎ ከነበረ፡ በጉበት በሽታ A በተጠቃ እንስሳ ላይ ሲሰሩ ከነበረ ወይም
በጉበት በሽታ A የምርምር ቤተ ሙከራ ውስጥ፣ የጉበት በሽታ A ቋሚ ከሆነበት ሃገር የመጣ አለም አቀፋዊ
ማደጎ ከሆነ ሰው ጋር የግል ቅርብ የሆነ ንክኪ እንደሚኖርዎ
የሚጠብቁ ከሆነ"
የጉበት በሽታ A ክትባትን ከሌሎች የክትባት አይነቶች ጋር መስጠት ጉዳት ሊኖረው ይችላልን?,የጉበት በሽታ A ክትባትን ከሌሎች ክትባቶች ጋር አብሮ መስጠቱ ስለሚያስከትለው ስጋት በተመለከተ የሚታወቅ ነገር የለም፡፡,የጉበት በሽታ A ክትባትን ከሌሎች ክትባቶች ጋር አብሮ መስጠቱ ስለሚያስከትለው ስጋት በተመለከተ የሚታወቅ ነገር የለም፡፡
የታሸገ ውሃ ከቧንቧ ውሃ የበለጠ ደህንነቱ የተጠበቀ ነውን?,የታሸገ ውሃ ከቧንቧ ውሃ የበለጠ አስተማማኝ ነው ብሎ ለማመን ምንም ምክንያት የለም። የቧንቧ ውሃ እና የታሸገ ውሃ በአጠቃላይ ተመሳሳይ የጥራት ደረጃዎች አላቸው።,የታሸገ ውሃ ከቧንቧ ውሃ የበለጠ አስተማማኝ ነው ብሎ ለማመን ምንም ምክንያት የለም። የቧንቧ ውሃ እና የታሸገ ውሃ በአጠቃላይ ተመሳሳይ የጥራት ደረጃዎች አላቸው።
የቧንቧ ውሃ እና የታሸገ ውሃ ደንቦች እንዴት ይነጻጸራሉ?,የህዝብ ቧንቧ ውሃ ስርዓት የሚተዳደረው በአሜሪካ የአካባቢ ጥበቃ ኤጀንሲ (EPA) በንፁህ የመጠጥ ውሃ ህግ መሰረት ነው። የሚኒሶታ የጤና ዲፓርትመንት (ኤምዲኤች) ለደህንነት ሲባል በመደበኛነት የህዝብ ቧንቧ ውሃን EPA የዚህ ምርመራ ውጤት ለህዝብ EPA የመጠጥ ውሃ ብክለት ሊያስከትል ስለሚችለው የጤና ጉዳት መረጃን ይፈልጋል፣ የውሃው ምንጭ፣ እና ደንቦችን ማክበር ለህዝብ እንዲደርስ ይፈልጋል።,"የህዝብ ቧንቧ ውሃ ስርዓት የሚተዳደረው በአሜሪካ የአካባቢ ጥበቃ ኤጀንሲ (EPA) በንፁህ የመጠጥ ውሃ ህግ መሰረት ነው። የሚኒሶታ የጤና ዲፓርትመንት (ኤምዲኤች) ለደህንነት ሲባል በመደበኛነት የህዝብ ቧንቧ ውሃን EPA የዚህ ምርመራ ውጤት ለህዝብ EPA የመጠጥ ውሃ ብክለት ሊያስከትል ስለሚችለው የጤና ጉዳት መረጃን ይፈልጋል፣ የውሃው ምንጭ፣ እና ደንቦችን ማክበር ለህዝብ እንዲደርስ ይፈልጋል።የታሸገ ውሃ በአሜሪካ ምግብ እና የመድሀኒት 
አስተዳደር (FDA) እንደ ምግብ ምርት ቁጥጥር 
ይደረግበታል። "
የህዝብ ቧንቧ ውሃ ስርዓት የሚተዳደረው በማን ነው?,"የህዝብ ቧንቧ ውሃ ስርዓት የሚተዳደረው በአሜሪካ የአካባቢ ጥበቃ ኤጀንሲ (EPA) በንፁህ የመጠጥ ውሃ ህግ መሰረት ነው። የሚኒሶታ የጤና ዲፓርትመንት (ኤምዲኤች) ለደህንነት ሲባል በመደበኛነት የህዝብ ቧንቧ ውሃን EPA የዚህ ምርመራ ውጤት ለህዝብ EPA የመጠጥ ውሃ ብክለት ሊያስከትል ስለሚችለው የጤና ጉዳት መረጃን ይፈልጋል፣ የውሃው ምንጭ፣ እና ደንቦችን ማክበር ለህዝብ እንዲደርስ ይፈልጋል።የታሸገ ውሃ በአሜሪካ ምግብ እና የመድሀኒት 
አስተዳደር (FDA) እንደ ምግብ ምርት ቁጥጥር 
ይደረግበታል። ",የህዝብ ቧንቧ ውሃ ስርዓት የሚተዳደረው በአሜሪካ የአካባቢ ጥበቃ ኤጀንሲ (EPA) በንፁህ የመጠጥ ውሃ ህግ መሰረት ነው።
የታሸገ ውሃ በአሜሪካ  ምግብ እና የመድሀኒት አስተዳደር ቁጥጥር ይደረግበታልን?,የታሸገ ውሃ በአሜሪካ ምግብ እና የመድሀኒት አስተዳደር (FDA) እንደ ምግብ ምርት ቁጥጥር ይደረግበታል። FDA የታሸጉ የውሃ ኩባንያዎች ለውሃ ጥራት ምርመራ የተመሰከረላቸው ላቦራቶሪዎችን እንዲጠቀሙ ወይም የፈተና ውጤቶችን ሪፖርት እንዲያደርጉ አያስገድድም። FDA ንጥረ ነገሮችን እና የአመጋገብ መረጃዎችን ለመዘርዘር የታሸገ የውሃ መለያዎችን አይፈልግም።,አው። የታሸገ ውሃ በአሜሪካ  ምግብ እና የመድሀኒት አስተዳደር እንደ ምግብ ምርት ቁጥጥር ይደረግበታል።
የታሸገ ውሃ ከየት ነው የሚመጣው?,,የታሸገ ውሃ ከተለያዩ ምንጮች የሚመጣ ሲሆን ከቧንቧ ውሃ ጋር ተመሳሳይ የሆኑ ብዙ ምንጮችን ጨምሮ። አንዳንድ ጊዜ በጠርሙስ ውስጥ ሊገዙት የሚችሉት ውሃ በቀላሉ የህዝብ የቧንቧ ውሃ ነው። 
የታሸገ ውሃ እንዴት ምልክት ይደረግበታል?,"በታሸገ ውሃ ላይ ያሉት መለያዎች ህጋዊ መስፈርቶችን ማሟላት አለባቸው። ለውሃው ምንጭ፣ ይዘት፣ ጥራት እና አጠቃቀም መለያ መስፈርቶች አሉ። መለያዎች ምርቱን በትክክል የሚያንፀባርቁ መሆናቸውን ለማረጋገጥ እነዚህ መስፈርቶች የተቀመጡ ናቸው። ለምሳሌ, በጠርሙሱ ላይ ያለው መለያ ""ምንጭ ውሃ"" የሚል ከሆነ, ውሃው ከምንጭ መምጣት አለበት።","በታሸገ ውሃ ላይ ያሉት መለያዎች ህጋዊ መስፈርቶችን ማሟላት አለባቸው። ለውሃው ምንጭ፣ ይዘት፣ ጥራት እና አጠቃቀም መለያ መስፈርቶች አሉ። መለያዎች ምርቱን በትክክል የሚያንፀባርቁ መሆናቸውን ለማረጋገጥ እነዚህ መስፈርቶች የተቀመጡ ናቸው። ለምሳሌ, በጠርሙሱ ላይ ያለው መለያ ""ምንጭ ውሃ"" የሚል ከሆነ, ውሃው ከምንጭ መምጣት አለበት።"
በታሸገ ውሃ ላይ ያሉት መለያዎች ህጋዊነት አላቸው ወይ? ,በታሸገ ውሃ ላይ ያሉት መለያዎች ህጋዊ መስፈርቶችን ማሟላት አለባቸው። ለውሃው ምንጭ፣ ይዘት፣ ጥራት እና አጠቃቀም መለያ መስፈርቶች አሉ።,በታሸገ ውሃ ላይ ያሉት መለያዎች ህጋዊ መስፈርቶችን ማሟላት አለባቸው። ለውሃው ምንጭ፣ ይዘት፣ ጥራት እና አጠቃቀም መለያ መስፈርቶች አሉ።
በታሸገ ውሃ ላይ ያሉት መለያዎች ምን ምን መስፈርቶችን ሊይዙ ይችላሉ?,በታሸገ ውሃ ላይ ያሉት መለያዎች ህጋዊ መስፈርቶችን ማሟላት አለባቸው። ለውሃው ምንጭ፣ ይዘት፣ ጥራት እና አጠቃቀም መለያ መስፈርቶች አሉ።,ለውሃው ምንጭ፡ ይዘት፡ ጥራትና አጠቃቀም መለያ መስፈርቶች አሉት።
የታሸገ ውሃ መጠጣት መቼ ይመከራል?,በአንዳንድ ሁኔታዎች የታሸገ ውሃ ምርጥ ምርጫ ሊሆን ይችላል ለምሳሌ፥-ደህንነቱ የተጠበቀ አቅርቦት በማይኖርበት ጊዜ፡ በተፈጥሮ አደጋ ወቅት፡ የእርስዎ የህዝብ ውሃ ስርዓት ሊበከል እንደሚችል ካሳወቀዎት፡ በምርመራው የግል የጉድጓድ ውሃዎ መበከል ካሳየ እና በመጠጥ ውሃዎ ውስጥ ያለውን ብክለት ለመፍታት ህክምና ከሌለዎት።,በአንዳንድ ሁኔታዎች የታሸገ ውሃ ምርጥ ምርጫ ሊሆን ይችላል ለምሳሌ፥-ደህንነቱ የተጠበቀ አቅርቦት በማይኖርበት ጊዜ፡ በተፈጥሮ አደጋ ወቅት፡ የእርስዎ የህዝብ ውሃ ስርዓት ሊበከል እንደሚችል ካሳወቀዎት፡ በምርመራው የግል የጉድጓድ ውሃዎ መበከል ካሳየ እና በመጠጥ ውሃዎ ውስጥ ያለውን ብክለት ለመፍታት ህክምና ከሌለዎት።
የጥርስ መበስበስን ለመቀነስ ምን ይጠቅማል?,የጥርስ መበስበስን ለመቀነስ ፍሎራይድ አስፈላጊ አካል ነው። ፍሎራይድ የመጀመሪያ ጥርሳቸውን ከሚያገኙ ሕፃናት አንስቶ እስከ አዋቂዎች ድረስ ለሁሉም ሰው አስፈላጊ ነው።,የጥርስ መበስበስን ለመቀነስ ፍሎራይድ አስፈላጊ አካል ነው። ፍሎራይድ የመጀመሪያ ጥርሳቸውን ከሚያገኙ ሕፃናት አንስቶ እስከ አዋቂዎች ድረስ ለሁሉም ሰው አስፈላጊ ነው።
በሕዝብ ውሃ ውስጥ ፍሎራይድ መጨመር ለምን ይጠቅማል?,በሕዝብ ውሃ ውስጥ ፍሎራይድ መጨመር የጥርስ መበስበስን ለመካላከል እና የአፍ ጤንነትን ለማሻሻል ውጤታማ የህዝብ ጤና እርምጃ ነው። በሚኒሶታ ውስጥ፡ ከማዘጋጃ ቤት የህዝብ ውሃ ስርዓት የሚገኘው ውሃ ሁልጊዜ ፍሎራይድ አለው።,በሕዝብ ውሃ ውስጥ ፍሎራይድ መጨመር የጥርስ መበስበስን ለመካላከል እና የአፍ ጤንነትን ለማሻሻል ውጤታማ የህዝብ ጤና እርምጃ ነው። በሚኒሶታ ውስጥ፡ ከማዘጋጃ ቤት የህዝብ ውሃ ስርዓት የሚገኘው ውሃ ሁልጊዜ ፍሎራይድ አለው።
 ፍሎራይድ የታሸገ ውሃ ላይ መኖሩን ማወቅ ለምን ይጠቅማል?,የታሸገ ውሃ ከገዙ ምን ያህል ፍሎራይድ ካለ በውሃ ውስጥ እንዳለ ማወቅ አስፈላጊ ነው። አንዳንድ ኩባንያዎች ወደ ምርታቸው ፍሎራይድ ይጨምራሉ እና መጠኑ በመለያው ላይ መካተት አለበት።,የታሸገ ውሃ ከገዙ ምን ያህል ፍሎራይድ ካለ በውሃ ውስጥ እንዳለ ማወቅ አስፈላጊ ነው። አንዳንድ ኩባንያዎች ወደ ምርታቸው ፍሎራይድ ይጨምራሉ እና መጠኑ በመለያው ላይ መካተት አለበት።
የፕላስቲክ ጠርሙሶች እንደገና ለመጠቀም ደህና ናቸው?,"MDH አንድ ጌዜ ጥቅም ላይ የዋሉ የፕላስቲክ ጠርሙሶችን እንደገና መጠቀምን አይመክርም።እንደገና ጥቅም ላይ የዋሉ ጠርሙሶች በባክቴሪያ እና 
ሌሎች በሽታ አምጪ ተህዋሲያን የተበከሉ ሊሆኑ 
ይችላሉ ። ጠርሙሶቹን እንደገና መጠቀም ሰዎችን 
ለእነዚህ ጤናማ ያልሆኑ ረቂቅ ተሕዋስያን ሊያጋልጥ 
ይችላል። በቆሻሻ መጣያዎቻችን ውስጥ ያለውን 
የቆሻሻ መጣያ መጠን ለመቀነስ ባዶ ጠርሙሶች 
እንደገና ጥቅም ላይ መዋል አለባቸው።. ","MDH አንድ ጌዜ ጥቅም ላይ የዋሉ የፕላስቲክ ጠርሙሶችን እንደገና መጠቀምን አይመክርም።እንደገና ጥቅም ላይ የዋሉ ጠርሙሶች በባክቴሪያ እና 
ሌሎች በሽታ አምጪ ተህዋሲያን የተበከሉ ሊሆኑ 
ይችላሉ ። ጠርሙሶቹን እንደገና መጠቀም ሰዎችን 
ለእነዚህ ጤናማ ያልሆኑ ረቂቅ ተሕዋስያን ሊያጋልጥ 
ይችላል። በቆሻሻ መጣያዎቻችን ውስጥ ያለውን 
የቆሻሻ መጣያ መጠን ለመቀነስ ባዶ ጠርሙሶች 
እንደገና ጥቅም ላይ መዋል አለባቸው።. "
የታሸገ ውሃ ለምን ያህል ጊዜ ይቆያል?,FDA የታሸገ ውሃ በትክክል ከተመረተ እና ካልተከፈተ ያልተገደበ የመቆያ ህይወት እንዳለው ይቆጠራል።የታሸገ ውሃ ላይ ኩባንያዎች ጣዕም እና ጠረን ስጋቶች ምክንያት በጠርሙሱ ላይ ቀን መጨመር ሊመርጡ ይችላሉ፡ ለደህንነት አይደለም።,FDA የታሸገ ውሃ በትክክል ከተመረተ እና ካልተከፈተ ያልተገደበ የመቆያ ህይወት እንዳለው ይቆጠራል።የታሸገ ውሃ ላይ ኩባንያዎች ጣዕም እና ጠረን ስጋቶች ምክንያት በጠርሙሱ ላይ ቀን መጨመር ሊመርጡ ይችላሉ፡ ለደህንነት አይደለም።
የታሸገ ውሃ የት መቀመጥ አለበት?,የትታሸገ ውሃ በቀጥታ ከፀሐይ ብርሃን ርቆ በቀዝቃዛ ቦታ መቀመጥ አለበት,የትታሸገ ውሃ በቀጥታ ከፀሐይ ብርሃን ርቆ በቀዝቃዛ ቦታ መቀመጥ አለበት
የደም ግፊት ምንድን ነው?,የደም ግፊት ማለት ልባችን ደም ወደ ሰውነታችን ሲረጭ የሚፈጠረው ግፊት ነው።,የደም ግፊት ማለት ልባችን ደም ወደ ሰውነታችን ሲረጭ የሚፈጠረው ግፊት ነው።
የአእምሮ ህመም ምልክቶችን ዘርዝር,የተራዘመ ሃዘንተኝነት፤ የተዘበራረቀ ሃሳብ መከሰት፤ትኩረት ማድረግ አለመቻል፤ ከመጠን ያለፈ ፍራቻ እና የጥፋተኝነት ስሜት መኖር፤ የስሜት በከፍተኛ ሁኔታ መዋዠቅ,የተራዘመ ሃዘንተኝነት፤ የተዘበራረቀ ሃሳብ መከሰት፤ትኩረት ማድረግ አለመቻል፤ ከመጠን ያለፈ ፍራቻ እና የጥፋተኝነት ስሜት መኖር፤ የስሜት በከፍተኛ ሁኔታ መዋዠቅ
በራስ መተማመን ማለት ምን ጥቅም አለዉ? ,በራስ የመተማመን ስሜት ሲኖርዎትም በተሰማሩበት ሥራ ላይ የበለጠ ስኬታማ እንዲሆኑ ከፍተኛ እርዳታ አለው።,በራስ የመተማመን ስሜት ሲኖርዎትም በተሰማሩበት ሥራ ላይ የበለጠ ስኬታማ እንዲሆኑ ከፍተኛ እርዳታ አለው።
በራስ መተማመንን ለመገንባት የሚረዱ ብዙ ነገሮች ምንምን ናቸዉ?,አለባበስዎ ጥሩ ይሁን፣ሲራመዱ ፍጥነት በተሞላበት ሁኔታ ይራመዱ፣ ሃሳብዎን ይግለፁ እና ስፖርታዊ እንቅስቃሴ ማድረግ ልምድዎ ይሁን፡፡,አለባበስዎ ጥሩ ይሁን፣ሲራመዱ ፍጥነት በተሞላበት ሁኔታ ይራመዱ፣ ሃሳብዎን ይግለፁ እና ስፖርታዊ እንቅስቃሴ ማድረግ ልምድዎ ይሁን፡፡
በራስ መተማመን ማለት ምን ማለት ነዉ? ,በራስ መተማመን ማለት ስለ ክህሎትዎና እና ችሎታዎችዎ ለራስዎ የሚኖርዎ አመለካከት ነው፡፡,በራስ መተማመን ማለት ስለ ክህሎትዎና እና ችሎታዎችዎ ለራስዎ የሚኖርዎ አመለካከት ነው፡፡
በራስ መተማመንዎ ዝቅተኛ ነዉ ማለት ምን ማለት ነዉ? ,በራስ መተማመንዎ ዝቅተኛ ከሆነ የመጠራጠር ስሜት ይሰማዎታል፤ ግድየለሽ ወይም ታዛዥ ይሆናሉ፤በሌሎች ላይ እምነት ማጣት ወይም ሌሎች ሰዎችን ለማመን ይቸገራሉ፤ የበታችነት ስሜት ይሰማዎታል፡፡,በራስ መተማመንዎ ዝቅተኛ ከሆነ የመጠራጠር ስሜት ይሰማዎታል፤ ግድየለሽ ወይም ታዛዥ ይሆናሉ፤በሌሎች ላይ እምነት ማጣት ወይም ሌሎች ሰዎችን ለማመን ይቸገራሉ፤ የበታችነት ስሜት ይሰማዎታል፡፡
ዝቅተኛ በራስ የመተማመን ስሜት ምክነያት ምንድን ነዉ?,ዝቅተኛ በራስ የመተማመን ስሜት ከተለያዩ ልምዶች የሚመጣ ሊሆን ይችላል። ለምሳሌ ድጋፍ በማይሰጥና በማያበረታታ ማህበረሰብ ውስጥ ያደጉ ከሆነ፣ እራስዎን በጣም በተጋነነ መልኩ ከመዘኑ፣ ወይም ውድቀትን ከፈሩ በራስ መተማመን ዝቅተኛ ይሆናል፡፡ ,ዝቅተኛ በራስ የመተማመን ስሜት ከተለያዩ ልምዶች የሚመጣ ሊሆን ይችላል። ለምሳሌ ድጋፍ በማይሰጥና በማያበረታታ ማህበረሰብ ውስጥ ያደጉ ከሆነ፣ እራስዎን በጣም በተጋነነ መልኩ ከመዘኑ፣ ወይም ውድቀትን ከፈሩ በራስ መተማመን ዝቅተኛ ይሆናል፡፡ 
በራስ የመተማመን ስሜትን እንዴት መጨመር ይቻላል?,"ያለዎትን ጥንካሬ መገንዘብና ማጎልበት ላይ ትኩረት ያድረጉ። ለሚያደርጉት ጥረት እና እምርታ እራስዎን ያጀግኑ፣ያወድሱ ፡፡
","ያለዎትን ጥንካሬ መገንዘብና ማጎልበት ላይ ትኩረት ያድረጉ። ለሚያደርጉት ጥረት እና እምርታ እራስዎን ያጀግኑ፣ያወድሱ ፡፡
"
የኩላሊት በሽታ ምልክቶች ምን ምን ናቸው?,የእግር፣ የቁርጭምጭሚት ወይም የፊት እብጠት፡የሽንት መጠን መቀነስ ወይም ቀለም መቀየር፡ቶሎ ቶሎ መደከም እና ትንፋሽ ማጠር፡የምግብ ፍላጎት መቀነስ እና ማቅለሽለሽ፡በጀርባ በኩል (በኩላሊት አካባቢ) የሚሰማ ህመም,የእግር፣ የቁርጭምጭሚት ወይም የፊት እብጠት፡የሽንት መጠን መቀነስ ወይም ቀለም መቀየር፡ቶሎ ቶሎ መደከም እና ትንፋሽ ማጠር፡የምግብ ፍላጎት መቀነስ እና ማቅለሽለሽ፡በጀርባ በኩል (በኩላሊት አካባቢ) የሚሰማ ህመም
ለእንቅልፍ እጦት አጋላጮች ዘርዝር ,ለእንቅልፍ እጦት አጋላጮች ጭንቀት፣ህመም፣የስሜት ወይም የአካል አለመመቸት እና የአካባቢ ተፅዕኖ ,ለእንቅልፍ እጦት አጋላጮች ጭንቀት፣ህመም፣የስሜት ወይም የአካል አለመመቸት እና የአካባቢ ተፅዕኖ 
ለእንቅልፍ እጦትን እንዴት መከላከል ይቻላል?,"ጠዋት ላይ በተመሳሳይ ሰአት ለመንቃት መሞከር እና ሊያነቃቁን የሚችሉ ነገሮችን መገደብ ወይም መተው
","ጠዋት ላይ በተመሳሳይ ሰአት ለመንቃት መሞከር እና ሊያነቃቁን የሚችሉ ነገሮችን መገደብ ወይም መተው
"
የአእምሮ እድገት ውስንነት ማለት ምን ማለት ነዉ?,የአእምሮ እድገት ውስንነት ማለት አንድ ልጅ ያለው ትምህርት የመቀበልና የማስታወስ አቅም ፣ የማገናዘብ ፣ ውሳኔ የመወሰን ፣ ችግር የመፍታት ፣ ከሌሎች ጋር ያለው የመግባባት እና ራስን የመርዳት ክህሎት ከእድሜው ከሚጠበቀው በታች ሲሆን ነው።,የአእምሮ እድገት ውስንነት ማለት አንድ ልጅ ያለው ትምህርት የመቀበልና የማስታወስ አቅም ፣ የማገናዘብ ፣ ውሳኔ የመወሰን ፣ ችግር የመፍታት ፣ ከሌሎች ጋር ያለው የመግባባት እና ራስን የመርዳት ክህሎት ከእድሜው ከሚጠበቀው በታች ሲሆን ነው።
የአእምሮ እድገት ውስንነት ያለባቸው የአእምሮ ምጥቀት ስንት ነዉ?,የአእምሮ እድገት ውስንነት ያለባቸው የአእምሮ ምጥቀት ከ 70 በታች ነው።  ,የአእምሮ እድገት ውስንነት ያለባቸው የአእምሮ ምጥቀት ከ 70 በታች ነው።  
የአእምሮ እድገት ውስንነት ምልክቶቹ መቸ መታየት ይጀምራሉ?,ከተወለዱ ጀምሮ ት/ት እስከሚጀምሩ ባለው እድሜ ሊታወቅ ይችላል።,ከተወለዱ ጀምሮ ት/ት እስከሚጀምሩ ባለው እድሜ ሊታወቅ ይችላል።
የአእምሮ እድገት ውስንነት ምልክቶች ምንምን ናቸዉ?,በየእለቱ የሚያዩትን የህይወት እንቅስቃሴ የመረዳት እና የመተግበር ውስንነት መኖር,በየእለቱ የሚያዩትን የህይወት እንቅስቃሴ የመረዳት እና የመተግበር ውስንነት መኖር
"የአእምሮ እድገት ውስንነት መንስኤ ምንምን ነዉ?
",በዘር ሊከሰት ይችላል፣በፅንስ ወቅት እናት አልኮል መጠጣት እና በፅንስ ወቅት ሊወሰዱ የማይገባቸው መድሃኒቶች መውሰድ,በዘር ሊከሰት ይችላል፣በፅንስ ወቅት እናት አልኮል መጠጣት እና በፅንስ ወቅት ሊወሰዱ የማይገባቸው መድሃኒቶች መውሰድ
የአእምሮ እድገት ውስነት እንዳይከሰት መከላከያዉ ምንድን ነዉ?,በእርግዝና ወቅት አስፈላጊውን የህክምና ክትትል ፣ ምርመራ እና የባለሞያ ምክር በማግኘት ,በእርግዝና ወቅት አስፈላጊውን የህክምና ክትትል ፣ ምርመራ እና የባለሞያ ምክር በማግኘት 
ኩላሊትን እንዴት መጠበቅ ይቻላል,በቂ ውሃ በየቀኑ መጠጣት፡የደም ግፊትና የስኳር መጠንን መቆጣጠር፡ያለ ሐኪም ትዕዛዝ የህመም ማስታገሻ መድኃኒቶችን አለመውሰድ፡የጨው አጠቃቀምን መቀነስ፡ሲጋራ አለማጨስ,በቂ ውሃ በየቀኑ መጠጣት፡የደም ግፊትና የስኳር መጠንን መቆጣጠር፡ያለ ሐኪም ትዕዛዝ የህመም ማስታገሻ መድኃኒቶችን አለመውሰድ፡የጨው አጠቃቀምን መቀነስ፡ሲጋራ አለማጨስ
አእምሮ እድገት ውስንነት ስንት ደረጃዎች አሉት?,አራት,አራት
ጭንቀት ምንድን ነው?,ጭንቀት ነገሮች እና ሁኔታዎች ከቁጥጥራችን እንደወጡ ስናስብ የሚፈጠር ስሜት ነው፡፡,ጭንቀት ነገሮች እና ሁኔታዎች ከቁጥጥራችን እንደወጡ ስናስብ የሚፈጠር ስሜት ነው፡፡
የጭንቀት ምንጮች ምንድን ናቸው?,"ስነ ልቦናዊ እና አካላዊ
","ስነ ልቦናዊ እና አካላዊ
"
የጭንቀት ውጤቶችን አብራራ,የሰውነት ድካም፣ከፍተኛ የራስ ምታት፣ብስጭት እና የምግብ ፍላጎት መዛባት,የሰውነት ድካም፣ከፍተኛ የራስ ምታት፣ብስጭት እና የምግብ ፍላጎት መዛባት
ጭንቀትን መፍትሄዉ ምንድን ነዉ?,የቁጣ ስሜቶቻችንን መለየት፣የአካል ብቃት እንቅስቃሴ ማድረግ እና ማኅበራዊ ሕይወት ውስጥ ንቁ ተሳትፎ ማድረግ,የቁጣ ስሜቶቻችንን መለየት፣የአካል ብቃት እንቅስቃሴ ማድረግ እና ማኅበራዊ ሕይወት ውስጥ ንቁ ተሳትፎ ማድረግ
ለአንጎል ጎጂ የሆኑ ልማዶች ምንምን ናቸዉ?,ቁርስ አለመመገብ፣በህመም ወቅት በቂ እረፍት እና ሲጋራ ማጤስ,ቁርስ አለመመገብ፣በህመም ወቅት በቂ እረፍት እና ሲጋራ ማጤስ
ጭንቀት እና ድብርት ውስጥ በምንሆንበት ወቅት እቤት ዉስጥ ህክምናዉ ምንድን ነዉ?,የተለያዩ ቫይታሚን፣ ንጥረ ነገሮችን፣ ጤናማ የቅባት አይነት የያዙ ምግቦች እንዲሁም ሰውነታችን ያጠራቀመውን ምግብ በአግባቡ እንዲጠቀም የሚያደርጉ ጭንቀትና ድብርትን ለማስወገድ ያግዛሉ፡፡ ,የተለያዩ ቫይታሚን፣ ንጥረ ነገሮችን፣ ጤናማ የቅባት አይነት የያዙ ምግቦች እንዲሁም ሰውነታችን ያጠራቀመውን ምግብ በአግባቡ እንዲጠቀም የሚያደርጉ ጭንቀትና ድብርትን ለማስወገድ ያግዛሉ፡፡ 
ብቸኝነት ምንድን ነዉ?,ብቸኝነት በዋነኝነት የሚገለጸው ከሰዎች ጋር ጥብቅ ግንኙነት በማጣት ነው።,ብቸኝነት በዋነኝነት የሚገለጸው ከሰዎች ጋር ጥብቅ ግንኙነት በማጣት ነው።
ብቸኝነት የሚሰማቸው ሰዎች ምልክቶች ምንምን ናቸዉ?,ደም ግፊት እንዲጨምር ያደርጋል፣አካል ብቃት እንቅስቃሴ አለማዘውተርን ያስከትላል፣የአእምሮ ፍጥነት ይቀንሳል፡፡,ደም ግፊት እንዲጨምር ያደርጋል፣አካል ብቃት እንቅስቃሴ አለማዘውተርን ያስከትላል፣የአእምሮ ፍጥነት ይቀንሳል፡፡
የማህበራዊ እንቅስቃሴ ፍራቻ ምንድን ነዉ?,ይህ አይነቱ የፎቢያ ችግር ያለባቸው ሰዎች ማህበራዊ እንቅስቃሴ ማድረግ ፣ በሚደረግባቸው ስፍራዎች ላይ መገኘት አጥብቀው ይፈራሉ።,ይህ አይነቱ የፎቢያ ችግር ያለባቸው ሰዎች ማህበራዊ እንቅስቃሴ ማድረግ ፣ በሚደረግባቸው ስፍራዎች ላይ መገኘት አጥብቀው ይፈራሉ።
የማህበራዊ እንቅስቃሴ ፍራቻ ምክነያት ምንድን ነዉ?,የአካባቢያዊ ሁኔታ እና አስተዳድግ ,የአካባቢያዊ ሁኔታ እና አስተዳድግ 
የማህበራዊ እንቅስቃሴ ፍራቻ መፍትሄዉ ምንድን ነዉ?,የስነ አእምሮ ምክሮች እንዲያገኙ ማድረግ,የስነ አእምሮ ምክሮች እንዲያገኙ ማድረግ
አንቅልፍ ለአእምሮ ጤና ጥቅሞችን አብራራ,በምንተኛበት ጊዜ ሰውነታችን ቢያርፍም አእምሯችን ትውስታዎቻችንን ያደራጃል፡፡ስለዚህ ጥሩ አንቅልፍ ማግኘት ጥሩ የማስታወስ ችሎታ እንዲኖረን ያደርጋል፡፡,በምንተኛበት ጊዜ ሰውነታችን ቢያርፍም አእምሯችን ትውስታዎቻችንን ያደራጃል፡፡ስለዚህ ጥሩ አንቅልፍ ማግኘት ጥሩ የማስታወስ ችሎታ እንዲኖረን ያደርጋል፡፡
ጥሩ እንቅልፍ ለማግኘት የሚጠቅሙን ምግቦች ምንምን ናቸዉ?,ዝንጅብል፣የካሞሚል ሻይ፣ወተት,ዝንጅብል፣የካሞሚል ሻይ፣ወተት
ከ18 አመት በላይ የሆነው ማንኛውም ሰው በቀን ስንት ሰአት እንዲተኛ ይመከራል?,ከሰባት እስከ ዘጠኝ ሰአት,ከሰባት እስከ ዘጠኝ ሰአት
የሚጥል ህመም ምንድን ነዉ?,የሚጥል የአንጎል በሽታ ወይም ኢፒለፕሲ የማይተላለፍ የአዕምሮ ህመም ሲሆን ጤናማ ባልሆነ የአንጎል የኤሌክትሪክ ንዝረት የተነሳ በተደጋጋሚ ራስን መሳት መዉደቅ እና የመሳሰሉ ምልክቶች የሚገለጽ የህመም አይነት ነዉ፡፡,የሚጥል የአንጎል በሽታ ወይም ኢፒለፕሲ የማይተላለፍ የአዕምሮ ህመም ሲሆን ጤናማ ባልሆነ የአንጎል የኤሌክትሪክ ንዝረት የተነሳ በተደጋጋሚ ራስን መሳት መዉደቅ እና የመሳሰሉ ምልክቶች የሚገለጽ የህመም አይነት ነዉ፡፡
የሚጥል ህመም ምክነያት ምንድን ነዉ?,ከወሊድ ጋራ ተያይዞ በአንጎል ላይ የሚከሰቱ ጉዳቶች፤በተለያዩ አደጋዎችና ከደም ግፊት እና ኢንፌክሺኖች ጋራ በተያያዘ ሊከሰት ይችላል፡፡ በአንዳነድ ሰዎች ላይም ምክንያቱ ላይታዎቅ ይችላል፡፡,ከወሊድ ጋራ ተያይዞ በአንጎል ላይ የሚከሰቱ ጉዳቶች፤በተለያዩ አደጋዎችና ከደም ግፊት እና ኢንፌክሺኖች ጋራ በተያያዘ ሊከሰት ይችላል፡፡ በአንዳነድ ሰዎች ላይም ምክንያቱ ላይታዎቅ ይችላል፡፡
የደም ግፊት ህመም ምንድን ነዉ?,የደም ግፊት ህመም ልብ ከልክ በላይ እንዲሠራ በማድረግና የደም ሥር ግድግዳን በማገንተር እንደልብ እንዳይለጠጥ በማድረግ በልብ፣ በኩላሊትና አንጎል ላይ ከፍተኛ ጉዳት የሚያስከትል ህመም ነው፡፡,የደም ግፊት ህመም ልብ ከልክ በላይ እንዲሠራ በማድረግና የደም ሥር ግድግዳን በማገንተር እንደልብ እንዳይለጠጥ በማድረግ በልብ፣ በኩላሊትና አንጎል ላይ ከፍተኛ ጉዳት የሚያስከትል ህመም ነው፡፡
የደም ግፊት ጨመረ የሚባለው መቸ ነዉ?,አንድ አዋቂ ሰው የደም ግፊት ጨመረ የሚባለው የሲስቶሊክ ደም ግፊቱ 140 mmHgና ከዚያ በላይ ሲሆን ወይም ”የዲያስቶሊክ” የደም ግፊቱ 90mmHg ና ከዚያ በላይ ሲሆን ነው::,አንድ አዋቂ ሰው የደም ግፊት ጨመረ የሚባለው የሲስቶሊክ ደም ግፊቱ 140 mmHgና ከዚያ በላይ ሲሆን ወይም ”የዲያስቶሊክ” የደም ግፊቱ 90mmHg ና ከዚያ በላይ ሲሆን ነው::
የደም ግፊት ምልክቱን አብራራ,ራስ ምታት፣ የትንፋሽ ማጠር፣ የአፍንጫ መድማት(ነስር),ራስ ምታት፣ የትንፋሽ ማጠር፣ የአፍንጫ መድማት(ነስር)
የደም ግፊት መንስኤ ምንድን ነዉ?,"የኩላሊት ችግር ካለ, የታይሮይድ ችግር ካለ የደም ስር ላይ ከውልደት ጀምሮ ችግር ካለ ","የኩላሊት ችግር ካለ, የታይሮይድ ችግር ካለ የደም ስር ላይ ከውልደት ጀምሮ ችግር ካለ "
የደም ግፊት ምርመራ እንዴት ነዉ?,በደም ግፊት መለኪያ መሳሪያ ክንድ ላይ መለካት,በደም ግፊት መለኪያ መሳሪያ ክንድ ላይ መለካት
የደም ግፊት ህክምናዉ ምንድን ነዉ?,"ሽንት የሚያሸኑ መድሀኒቶች፣ የደም ስርን የሚለጥጥ ወይም የሚያሰፋ መድሀኒት፣ የደም ስር ጡንቻ የሚያላላ     
","ሽንት የሚያሸኑ መድሀኒቶች፣ የደም ስርን የሚለጥጥ ወይም የሚያሰፋ መድሀኒት፣ የደም ስር ጡንቻ የሚያላላ     
"
የደም ግፊት መከላከያዉ ምንድን ነዉ?,"የምግብ ስርዓት ላይ ጨው መቀነስ፣ የአካል ብቃት እንቅስቃሴ መስራት፣ አለማጨስ፣ መጠጥ መቀነስ
","የምግብ ስርዓት ላይ ጨው መቀነስ፣ የአካል ብቃት እንቅስቃሴ መስራት፣ አለማጨስ፣ መጠጥ መቀነስ
"
ደም ግፊት ካለብዎት ተመራጭ ምግቦች ምንምን ናቸዉ?,አረንጓዴ ቅጠል ያላቸው አትክልቶች፣ አረንጓዴ ሻይ,አረንጓዴ ቅጠል ያላቸው አትክልቶች፣ አረንጓዴ ሻይ
ደም ግፊት ካለብዎት ተመራጭ ያልሆኑ ምግቦች ምንምን ናቸዉ?,ቀይ ሥጋ፣ ስኳር፣ ጨው፣ አልኮል ,ቀይ ሥጋ፣ ስኳር፣ ጨው፣ አልኮል 
መካንነት ማለት ምን ማለት ነዉ? ,መካንነት ማለት ቢያንስ ለአንድ አመት ያህል መከራ አድርገው ለማርገዝ አለመቻል ነው። ,መካንነት ማለት ቢያንስ ለአንድ አመት ያህል መከራ አድርገው ለማርገዝ አለመቻል ነው። 
የወንድ መካንነት ምክነያት ምንድን ነዉ?,የወንድ የዘር ፍሬ ቁጥር መቀነስ፣ የብልት ከተለመደው ውጭ መሆን (ችግር) እና የስሜት ጣሪያ ላይ ለመድረስ መቸገር የተለመድ የወንድ መካንነት መነሾ ምክንያቶች ናቸው።,የወንድ የዘር ፍሬ ቁጥር መቀነስ፣ የብልት ከተለመደው ውጭ መሆን (ችግር) እና የስሜት ጣሪያ ላይ ለመድረስ መቸገር የተለመድ የወንድ መካንነት መነሾ ምክንያቶች ናቸው።
የሴት መካንነት ምክነያት ምንድን ነዉ?,ኢንዶሜትሪዮሲስ፣ ፖሊሲስቲክ ኦቫሪ ሲንድረም እና የመውለጃ ዕድሜ ከፍ ማለት የእንቁላል ብዛትና ጥራትን ይቀንሰዋል።,ኢንዶሜትሪዮሲስ፣ ፖሊሲስቲክ ኦቫሪ ሲንድረም እና የመውለጃ ዕድሜ ከፍ ማለት የእንቁላል ብዛትና ጥራትን ይቀንሰዋል።
የሴት መካንነት ምልክቱ ምንድን ነዉ?,የወር አበባ ኡደት መቀየር ወይም የሴት ዘር መፈልፈል,የወር አበባ ኡደት መቀየር ወይም የሴት ዘር መፈልፈል
የወንድ መካንነት ምልክቱ ምንድን ነዉ?,የብልት ህመም፣ መጓጐል ወይም ላብ (ማላብ)።,የብልት ህመም፣ መጓጐል ወይም ላብ (ማላብ)።
ለመካንነት ወደ ህክምና ተቋም መሄድ ያለብን መቸ ነው?,ዕድሜያቸው ከ 35 ዓመት በታች ከሆነና ለማርገዝ ወይም ጽንስ ለመቋጠር ለአንድ ዓመት ያህል ሙከራ ካደረጉና ካልተሳካ።,ዕድሜያቸው ከ 35 ዓመት በታች ከሆነና ለማርገዝ ወይም ጽንስ ለመቋጠር ለአንድ ዓመት ያህል ሙከራ ካደረጉና ካልተሳካ።
ስትሮክን ግለጽ,አንጎል ማግኘት ያለበትን ኦክስጅን በአንጎል ውስጥ ደም በመፍሰስ ወይም የደም ቧንቧ በረጋ ደም እና በስብ በመዘጋቱ ምክንያት ሳያገኝ ሲቀር የሚፈጠር ነው። ,አንጎል ማግኘት ያለበትን ኦክስጅን በአንጎል ውስጥ ደም በመፍሰስ ወይም የደም ቧንቧ በረጋ ደም እና በስብ በመዘጋቱ ምክንያት ሳያገኝ ሲቀር የሚፈጠር ነው። 
የስትሮክ ምክነያት ምንድን ነዉ?,ስትሮክ የሚከሰተዉ በተወሰነ የአንጎላችን ክፍል ያለዉ የደም ዝዉዉር በተለያዩ ምክንያቶች በድንገት ሲቋረጥ ነዉ፡፡ ,ስትሮክ የሚከሰተዉ በተወሰነ የአንጎላችን ክፍል ያለዉ የደም ዝዉዉር በተለያዩ ምክንያቶች በድንገት ሲቋረጥ ነዉ፡፡ 
የስትሮክ ምክነያት ምን ሊከሰት ይችላል?,በአንጎላችን ክፍል ዉስጥ ከፍተኛ ጉዳት ይከሰታል ይኸዉም ፤ የመንቀሳቀስ፣ የመናገር፣ የፊት መጣመም፣ ራስመሳት፣ የእይታ ችግር እና የመሳሰሉት በድንገት ሉከሰቱ ይችላሉ፡፡ ,በአንጎላችን ክፍል ዉስጥ ከፍተኛ ጉዳት ይከሰታል ይኸዉም ፤ የመንቀሳቀስ፣ የመናገር፣ የፊት መጣመም፣ ራስመሳት፣ የእይታ ችግር እና የመሳሰሉት በድንገት ሉከሰቱ ይችላሉ፡፡ 
የስትሮክ መንስኤ ምንድን ነዉ?,ከፍተኛ ደም ግፊት፣ አቴሮስክለሮሲስ እና አርቲሪያል ፊብሪሌሽን አይነት የልብ በሽታዎች ናቸው። ,ከፍተኛ ደም ግፊት፣ አቴሮስክለሮሲስ እና አርቲሪያል ፊብሪሌሽን አይነት የልብ በሽታዎች ናቸው። 
ስትሮክ ከተፈጠረ ጀምሮ በየደቂቃው ስንት የአእምሮ ሴሎች ይሞታሉ?,ሁለት ሚሊዮን,ሁለት ሚሊዮን
ስትሮክን መከላከያዉ ምንድን ነዉ?,የመጀመሪያ እና ቀዳሚው የመከላከያ መንገድ ስለስትሮክ በሽታ ምንነት እና ስለሚያስከትለው ጉዳት ማወቅ ነው፡፡,የመጀመሪያ እና ቀዳሚው የመከላከያ መንገድ ስለስትሮክ በሽታ ምንነት እና ስለሚያስከትለው ጉዳት ማወቅ ነው፡፡
የስትሮክ ምርመራዎች ምንምን ናቸዉ?,ሙሉ የደም ምርመራ፣ሲቲ ስካን,ሙሉ የደም ምርመራ፣ሲቲ ስካን
የስትሮክ ህክምናዉ ምንድን ነዉ?,የረጋ ደም የሚሰብሩ መድሀኒቶች፣ ቀጭን ቱቦ በጭንቅላት የደም ቧንቧ በማስገባት የረጋውን ደም ማውጣት,የረጋ ደም የሚሰብሩ መድሀኒቶች፣ ቀጭን ቱቦ በጭንቅላት የደም ቧንቧ በማስገባት የረጋውን ደም ማውጣት
ብጉር ምንድን ነዉ?,ብጉር በሰዉነት ቆዳ ላይ የሚከሰት ችግር ሲሆን የላብ መዉጪያ ቀዳዳዎች በስብ፣ በሞቱ የቆዳ ሴሎችና አንዳንድ ጊዜ ደግሞ በባክቴሪያዎች በሚደፈንበት ወቅት የሚመጣ ነዉ፡፡ ,ብጉር በሰዉነት ቆዳ ላይ የሚከሰት ችግር ሲሆን የላብ መዉጪያ ቀዳዳዎች በስብ፣ በሞቱ የቆዳ ሴሎችና አንዳንድ ጊዜ ደግሞ በባክቴሪያዎች በሚደፈንበት ወቅት የሚመጣ ነዉ፡፡ 
ለብጉር መከሰት ምክንያቶች ምንምን ናቸዉ?,የስብ ከመጠን በላይ መመረት፣የሞቱ የቆዳ ሴሎች በአግባቡ ያለመወገድ,የስብ ከመጠን በላይ መመረት፣የሞቱ የቆዳ ሴሎች በአግባቡ ያለመወገድ
የብጉር አጋላጮች ምንምን ናቸዉ?,ለሰዉነት ሆርሞን መለዋወጥ ምክንት የሆኑ ነገሮች በሚኖሩበት ወቅት,ለሰዉነት ሆርሞን መለዋወጥ ምክንት የሆኑ ነገሮች በሚኖሩበት ወቅት
የብጉር ህክምናዉ ምንድን ነዉ?,የብጉር ህክምና የስብ መመረትን መቀነስ፣የቆዳ ሴሎች ቶሎ ቶሎ እንዲቀያየሩ በማድረግ,የብጉር ህክምና የስብ መመረትን መቀነስ፣የቆዳ ሴሎች ቶሎ ቶሎ እንዲቀያየሩ በማድረግ
ብጉርን መከላከያዉ ምንድን ነዉ?,ለብጉር ተጋላጭ የሆኑ ቦታዎችን በቀን ሁለት ጊዜ መታጠብ,ለብጉር ተጋላጭ የሆኑ ቦታዎችን በቀን ሁለት ጊዜ መታጠብ
ብጉር በስንት የእድሜ ክልል ያሉ ሰዎችን ያጠቃል?,በአስራዎቹ እድሜ ክልል ያሉ ሰዎችን በብዛት ያጠቃል።,በአስራዎቹ እድሜ ክልል ያሉ ሰዎችን በብዛት ያጠቃል።
ብጉር ምልክቱ ምንድን ነዉ?,ህመም ያላቸው መግል የያዙ ከቆዳ ስር ያሉ እባጮች,ህመም ያላቸው መግል የያዙ ከቆዳ ስር ያሉ እባጮች
ብጉር ያለበት ሰዉ ምን አይነት ጥንቀቄ ያድርግ?,ቡግሩን መነካካት፣ተጭኖ እንዲፈርስ ማድረግ እየተባባሰ እንዲሄድ እና ጠባሳ እንዲፈጥር ያደርጋል,ቡግሩን መነካካት፣ተጭኖ እንዲፈርስ ማድረግ እየተባባሰ እንዲሄድ እና ጠባሳ እንዲፈጥር ያደርጋል
ብጉር ያለበት ሰው ምን መመገብ አለበት?,"በብዛት ፍራፍሬን፤ጥራጥሬን እና አትክልቶችን መመገብ ጤናማ ቆዳ እንዲኖረን ያደርጋል
","በብዛት ፍራፍሬን፤ጥራጥሬን እና አትክልቶችን መመገብ ጤናማ ቆዳ እንዲኖረን ያደርጋል
"
ቡጉንጅ ምንድን ነዉ?,ቡጉንጅ አንድ ቦታ ላይ የሚከሰት እባጭ ሲሆን የፈሳሽ ክምች የያዘ ነው፡፡,ቡጉንጅ አንድ ቦታ ላይ የሚከሰት እባጭ ሲሆን የፈሳሽ ክምች የያዘ ነው፡፡
የቡጉንጅ መንስኤ ምንድን ነዉ?,ስታፊሎ ኮከስ በተሰኘ ባክቴሪያ፣ ንፅናው በጎደለ መርፌ መወጋት,ስታፊሎ ኮከስ በተሰኘ ባክቴሪያ፣ ንፅናው በጎደለ መርፌ መወጋት
ቡጉንጅ በብዛት የሚወጣባቸው ቦታዎችን ዘርዝር,"የሚመጣው ወደ ቅባት ዕጢ፣ ወደ ላብ ዕጢ፣ ጸጉር ወደ ሚበቅልበት ቦታ 
","የሚመጣው ወደ ቅባት ዕጢ፣ ወደ ላብ ዕጢ፣ ጸጉር ወደ ሚበቅልበት ቦታ 
"
የቡጉንጅ ምልክቱ ምንድን ነዉ?,ከሌላው የአካል ክፍል ተለይቶ ያበጠ እንደመቅላት ያለና በውስጡ ቢጫ መግል የያዘ እባጭ መኖር,ከሌላው የአካል ክፍል ተለይቶ ያበጠ እንደመቅላት ያለና በውስጡ ቢጫ መግል የያዘ እባጭ መኖር
"የቡግንጅ በሽታ በቤት ውስጥ እንዴት ማከም ይቻላል?

",የግል ንፅህና በአግባቡ መጠበቅ,የግል ንፅህና በአግባቡ መጠበቅ
ታይፎይድ መንስኤዉ ምንድን ነዉ?,ህመሙ የሚከሰተዉ ሳልሞኔላ ታይፊ በሚባል የባክቴሪ አይነት ሲሆን ህመሙ ከታማሚዉ ሰዉ ወደ ጤነኛዉ ሰዉ በተበከለ ዉሃና ምግብ አማካይነት ይተላለፋል፡፡,ህመሙ የሚከሰተዉ ሳልሞኔላ ታይፊ በሚባል የባክቴሪ አይነት ሲሆን ህመሙ ከታማሚዉ ሰዉ ወደ ጤነኛዉ ሰዉ በተበከለ ዉሃና ምግብ አማካይነት ይተላለፋል፡፡
የታይፎይድ በሽታ ምልክቱን ዘርዝር, ከፍተኛ ትኩሳት ፣ድካም ፣የሆድህመም፣ራስ ምታት፣የምግብ ፍላጎት መቀነስ, ከፍተኛ ትኩሳት ፣ድካም ፣የሆድህመም፣ራስ ምታት፣የምግብ ፍላጎት መቀነስ
የታይፎይድ በሽታ ምልክቶቹ መቸ ይታያል?,ምልክቶቹ በሶስት ሳምንታት ውስጥ ይታያሉ ,ምልክቶቹ በሶስት ሳምንታት ውስጥ ይታያሉ 
ታይፈስ ምንድን ነው?,ታይፊስ ከአንድ ወይም ከዚያ በላይ በሆነ ሪኬትቲክ ባክቴሪያ ውስጥ በመያዝ የሚመጣ በሽታ ነው ፡፡ ,ታይፊስ ከአንድ ወይም ከዚያ በላይ በሆነ ሪኬትቲክ ባክቴሪያ ውስጥ በመያዝ የሚመጣ በሽታ ነው ፡፡ 
ታይፈስ ምልክቱነን ጥቀስ,የሆድ ህመም ፣ ሽፍታ ፣ ከፍተኛ፣ትኩሳት ፣ ሳል ፣ ራስ ምታት ፣የመገጣጠሚያ እና የጡንቻ ህመም,የሆድ ህመም ፣ ሽፍታ ፣ ከፍተኛ፣ትኩሳት ፣ ሳል ፣ ራስ ምታት ፣የመገጣጠሚያ እና የጡንቻ ህመም
የታይፎይድ በሽታ ህክምናዉ ምንድን ነዉ?,የታይፎይድ ሕክምና ፈሳሾችን እና ኤሌክትሮላይቶችን እንዲሁም ዝቅተኛ ደረጃ ያላቸው አንቲባዮቲኮችን በመስጠት ይታከማል ፡፡,የታይፎይድ ሕክምና ፈሳሾችን እና ኤሌክትሮላይቶችን እንዲሁም ዝቅተኛ ደረጃ ያላቸው አንቲባዮቲኮችን በመስጠት ይታከማል ፡፡
የታይፎይድ በሽታ መከላከያዉ ምንድን ነዉ?,"የግል ንጽሕናን በሚገባ መጠበቅ፣ከሽንት ቤት ሲወጡ እጅን በሳሙና እና በውሀ መታጠብ
","የግል ንጽሕናን በሚገባ መጠበቅ፣ከሽንት ቤት ሲወጡ እጅን በሳሙና እና በውሀ መታጠብ
"
የጥቁር አዝሙድን ጥቅም ዘርዝር,ጥቁር አዝሙድ ለሆድ ትላትል፣ለፀጉር መሳሳት፣ለደረቅ ሳል፣ለዓይን ህመም እና ለእይታ ችግር,ጥቁር አዝሙድ ለሆድ ትላትል፣ለፀጉር መሳሳት፣ለደረቅ ሳል፣ለዓይን ህመም እና ለእይታ ችግር
የቀረፋን ጥቅም ዘርዝር,ቀረፋ እንደ ሳል፣ ጉንፋን፣ የምግብ መፈጨት ችግር፣ የጡንቻ መሳሳብን የመሳሰሉት ችግሮች ለመቅረፍ ይረዳል፡፡ ,ቀረፋ እንደ ሳል፣ ጉንፋን፣ የምግብ መፈጨት ችግር፣ የጡንቻ መሳሳብን የመሳሰሉት ችግሮች ለመቅረፍ ይረዳል፡፡ 
የቅርንፉድ ጥቅም ዘርዝር,ቅርንፉድ ለሳል እና ጉንፋን በሽታዎች፣አፋችን ንጹህና ጥሩ ማዕዛ እንዲኖረው ያደርጋል፡፡,ቅርንፉድ ለሳል እና ጉንፋን በሽታዎች፣አፋችን ንጹህና ጥሩ ማዕዛ እንዲኖረው ያደርጋል፡፡
የአብሽ ጥቅም ዘርዝር,አብሽ ለቆዳ፣ለጸጉር እና የተለያዩ የጤና ጠቀሜታዎች ይጠቅማል፡፡,አብሽ ለቆዳ፣ለጸጉር እና የተለያዩ የጤና ጠቀሜታዎች ይጠቅማል፡፡
ኤች.አይ.ቪ ምንድን ነዉ?,ኤች.አይ.ቪ ማለት በሽታ ተከላካይ የሆኑ ነጭ የደም ሴሎችን በተለይም ሲዲ ፎር ሊንፎሳይትስ የተባሉትን በመቀነስ ቀስ በቀስ የሰውነታችንን በሽታ የመከላከል አቅም አዳክሞ ለሌሎች ተደራራቢ በሽታዎች አሳልፎ የሚሰጥ የሰውን ልጅ ብቻ የሚያጠቃ ቫይረስ ነው፡፡ ,ኤች.አይ.ቪ ማለት በሽታ ተከላካይ የሆኑ ነጭ የደም ሴሎችን በተለይም ሲዲ ፎር ሊንፎሳይትስ የተባሉትን በመቀነስ ቀስ በቀስ የሰውነታችንን በሽታ የመከላከል አቅም አዳክሞ ለሌሎች ተደራራቢ በሽታዎች አሳልፎ የሚሰጥ የሰውን ልጅ ብቻ የሚያጠቃ ቫይረስ ነው፡፡ 
አንድ ሰው ኤች.አይ.ቪ እንዳለበት በምን ይታወቃል?,አንድ ሰው ኤች.አይ.ቪ በደሙ ውስጥ መኖሩ ሊታወቅ የሚችለው በደም ምርመራ ብቻ ነው፡፡ ,አንድ ሰው ኤች.አይ.ቪ በደሙ ውስጥ መኖሩ ሊታወቅ የሚችለው በደም ምርመራ ብቻ ነው፡፡ 
የኤች.አይ.ቪ መተላለፊያ መንገዶች ምንምን ናቸው?,ጥንቃቄ የጎደለው የግብረ ሥጋ ግንኙነት፣ የተለገሠ ደም ሳይመረመር ለሌላ ሕመምተኛ ከተሰጠ ,ጥንቃቄ የጎደለው የግብረ ሥጋ ግንኙነት፣ የተለገሠ ደም ሳይመረመር ለሌላ ሕመምተኛ ከተሰጠ 
ኤች.አይ.ቪ የማይተላለፍባቸው መንገዶች ዘርዝር,አብሮ በመስራት፣ አብሮ በመብላትና በመጠጣት,አብሮ በመስራት፣ አብሮ በመብላትና በመጠጣት
ኤች.አይ.ቪ ምልክቱ ምንድን ነዉ?,ማቅለሽለሽ፣ ማስመለስ እና ተቅማጥ ,ማቅለሽለሽ፣ ማስመለስ እና ተቅማጥ 
የጆሮ ህመም ምንድን ነዉ?,የጆሮ ኢንፌክሽን በባክቴሪያ እና በቫይረስ አማካኝነት የሚከሰት ነው ፡፡ ,የጆሮ ኢንፌክሽን በባክቴሪያ እና በቫይረስ አማካኝነት የሚከሰት ነው ፡፡ 
የጆሮ ህመም በቤት ዉስጥ ህክምናዉ ምንድን ነዉ?,ጨው፣ ቀይ እና ነጭ ሽንኩርት፣ የወይራ ዘይት፣ ለብ ያለ ውሃ እና የማንጎ ቅጠልን በመጠቀም ማከም እና ፈውስ ማግኘት ይቻላል።,ጨው፣ ቀይ እና ነጭ ሽንኩርት፣ የወይራ ዘይት፣ ለብ ያለ ውሃ እና የማንጎ ቅጠልን በመጠቀም ማከም እና ፈውስ ማግኘት ይቻላል።
የጆሮ ህመም ምልክቱ ምንድን ነዉ?,"ከፍተኛ የጆሮ ህመም፣የጆሮ የመደፈን ስሜት፣ከጆሮ የሚወጣ ፈሳሽ
","ከፍተኛ የጆሮ ህመም፣የጆሮ የመደፈን ስሜት፣ከጆሮ የሚወጣ ፈሳሽ
"
የጆሮ ህመም መንስኤ ዘርዝር,ከፍተኛ ነፋስ፣የጆሮ ማዳመጫዎች፣የጆሮ አፀዳድ ሁኔታችን በጣም ወደ ውስጥ ገብተን የምናፀዳ ከሆነ,ከፍተኛ ነፋስ፣የጆሮ ማዳመጫዎች፣የጆሮ አፀዳድ ሁኔታችን በጣም ወደ ውስጥ ገብተን የምናፀዳ ከሆነ
የጆሮ ህመም መፍትሄዉ ምንድን ነዉ?,የጆሮ እርጥበትን ማስወገድ(መከላከል)፣ህመምን (ግፊቱን) ለማስታገስ ቀጥ ብሎ መቀመጥ,የጆሮ እርጥበትን ማስወገድ(መከላከል)፣ህመምን (ግፊቱን) ለማስታገስ ቀጥ ብሎ መቀመጥ
ኤርፎን አዘወትሮ መጠቀም የሚያስከትላቸው የጤና ጉዳቶችን ዘርዝር,ለጆሮ ኢንፌክሽን እንድንጋለጥ ያደርጋል፣ኢርፎን ጆራችን ላይ በምንሰካበት ወቅት የአየር መተላለፊያውን ይዘጋብናል ስለዚህ በቂ አየር እንዳይዘዋወር ያደርጋል በዚህ ምክንያት የጆሮ ቀዳዶች ላይ ጉዳት ይደርሳል።,ለጆሮ ኢንፌክሽን እንድንጋለጥ ያደርጋል፣ኢርፎን ጆራችን ላይ በምንሰካበት ወቅት የአየር መተላለፊያውን ይዘጋብናል ስለዚህ በቂ አየር እንዳይዘዋወር ያደርጋል በዚህ ምክንያት የጆሮ ቀዳዶች ላይ ጉዳት ይደርሳል።
የጆሮ ጩኸት ማለት ምን ማለት ነዉ?,የጆሮ ጬኸት ማለት ምንም አይነት ድምጽ በአካባቢው ላይ ሳይኖር ነገር ግን ጆሮአችን ውስጥ የምንሰማው ድምጽ ሲኖር ማለት ነው።,የጆሮ ጬኸት ማለት ምንም አይነት ድምጽ በአካባቢው ላይ ሳይኖር ነገር ግን ጆሮአችን ውስጥ የምንሰማው ድምጽ ሲኖር ማለት ነው።
የማዲያት ምክነያት ምንድን ነዉ?,ማዲያት አብዛኛውን ግዜ የሚከሰተው በሆርሞኖች መዛባት ምክንያት ነው፡፡,ማዲያት አብዛኛውን ግዜ የሚከሰተው በሆርሞኖች መዛባት ምክንያት ነው፡፡
የማዲያት ህክምናዉ ምንድን ነዉ?,ሎሚ፡- አሲድ እና ቪታሚን ሲ ስላለው ቆሻሻን በማውጣት ቆዳን ይጠግናል፡፡ ,ሎሚ፡- አሲድ እና ቪታሚን ሲ ስላለው ቆሻሻን በማውጣት ቆዳን ይጠግናል፡፡ 
የማዲያት መከላከያዉ ምንድን ነዉ?,ራስን ከፀሀይ ጨረርና ቆዳን ከሚጐዱ ኮስሞቲክስ ማራቅ,ራስን ከፀሀይ ጨረርና ቆዳን ከሚጐዱ ኮስሞቲክስ ማራቅ
የኪንታሮት ምክነያት ምንድን ነዉ?,ለረጅም ሰዓታት በመፀዳጃ ቤት መቀመጥ,ለረጅም ሰዓታት በመፀዳጃ ቤት መቀመጥ
የኪንታሮት ምልክቱ ምንድን ነዉ?,ሕመም ወይንም አለመመቸት፣በፊንጢጣ አካባቢ እብጠት ናቸዉ፡፡,ሕመም ወይንም አለመመቸት፣በፊንጢጣ አካባቢ እብጠት ናቸዉ፡፡
ኪንታሮት የሚያስከትለው ተያያዥ ጉዳቶች ምንምን ናቸዉ?,ኪንታሮት ለውስጣዊ ሄሞሮይድ የሚደርሰው የደም ፍሰት መጠን ሲቀንስ ከፍተኛ የሆነ ሕመምን ያስከትላል፡፡ ,ኪንታሮት ለውስጣዊ ሄሞሮይድ የሚደርሰው የደም ፍሰት መጠን ሲቀንስ ከፍተኛ የሆነ ሕመምን ያስከትላል፡፡ 
የኪንታሮት የቤት ዉስጥ ህክምናዉ ምንምን ናቸዉ?,በፋይበር የበለፀጉ ምግቦችን ማዘውተር - አትክልት፣ፍራፍሬዎችን መመገብ ሠገራን በማለስለስ ማስማጥ እንዳይኖር ያድርጋል፡፡,በፋይበር የበለፀጉ ምግቦችን ማዘውተር - አትክልት፣ፍራፍሬዎችን መመገብ ሠገራን በማለስለስ ማስማጥ እንዳይኖር ያድርጋል፡፡
ትኩሳት ማለት ምን ማለት ነዉ?,ትኩሳት የሚባለው የሰዉነት ሙቀት ከኖርማል በላይ ከፍ ሲል ወይም ሲጨምር ነዉ፡፡ ,ትኩሳት የሚባለው የሰዉነት ሙቀት ከኖርማል በላይ ከፍ ሲል ወይም ሲጨምር ነዉ፡፡ 
ትኩሳት ምልክቱን ዘርዝር,ማላብ፣የራስ ምታት፣የምግብ ፍላጎት መቀነስ,ማላብ፣የራስ ምታት፣የምግብ ፍላጎት መቀነስ
የትኩሳትዎ መጠን በጣም ከፍተኛ የሚባለዉ ስንት ነዉ?,ከ39.4°C እስከ 41.1°C,ከ39.4°C እስከ 41.1°C
የትኩሳት አጋላጮች ምንምን ናቸዉ?,የቫይረስ ኢንፌክሽን፣የባክቴሪያል እንፌክሽን፣በከፍተኛ ሙቀት፣ የፀሃይ ቃጠሎ,የቫይረስ ኢንፌክሽን፣የባክቴሪያል እንፌክሽን፣በከፍተኛ ሙቀት፣ የፀሃይ ቃጠሎ
በትኩሳት ምክንያት ሊከሰቱ የሚችሉ ጉዳቶች ዘርዝር ,ከፍተኛ ደረጃ የደረሰ የሰዉነት ድርቀት፣መቃዠት,ከፍተኛ ደረጃ የደረሰ የሰዉነት ድርቀት፣መቃዠት
በትኩሳት መፍትሄዉ ምንድን ነዉ?,በቂ ፈሳሽ መዉሰድ፡- ትኩሳት የሰዉነትዎ ፈሳሽ እንዲቀንስ ስለሚያደርግ,በቂ ፈሳሽ መዉሰድ፡- ትኩሳት የሰዉነትዎ ፈሳሽ እንዲቀንስ ስለሚያደርግ
ጋንግሪን ማለት ምን ማለት ነዉ?,ጋንግሪን አንድ የሰውነት ክፍል ደም አጥሮት ምግብና ኦክስጅን አልደርሰው ብሎ  ከሙሉ አካላችን ተለይቶ የተወሰነ የሰውነታችን ክፍል እየሞተ ወይም በድን እየሆነ መምጣት ማለት ነው፡፡,ጋንግሪን አንድ የሰውነት ክፍል ደም አጥሮት ምግብና ኦክስጅን አልደርሰው ብሎ  ከሙሉ አካላችን ተለይቶ የተወሰነ የሰውነታችን ክፍል እየሞተ ወይም በድን እየሆነ መምጣት ማለት ነው፡፡
ጋንግሪን ምልክቶች ምንምን ናቸዉ?,የደም ዝውውር መቋረጥ,የደም ዝውውር መቋረጥ
የጋንግሪን ምክነያት ምንምን ናቸዉ?,የደም ስር ጥበት፣የቁስል ማመርቀዝ ወይም ኢንፌክሽን ከተፈጠረ,የደም ስር ጥበት፣የቁስል ማመርቀዝ ወይም ኢንፌክሽን ከተፈጠረ
ጋንግሪን ህክምናዉ ምንድን ነዉ?,ጋንግሪን የሞተ የአካል ክፍል በመሆኑ የተጠቃውን በድን አካል ማስወገድ ብቻ ነው,ጋንግሪን የሞተ የአካል ክፍል በመሆኑ የተጠቃውን በድን አካል ማስወገድ ብቻ ነው
የትርፍ አንጀት ምክነያት ምንድን ነዉ?,የትርፍ አንጀት ሕመም የሚመጣው በትርፍ አንጀትና በትልቁ አንጀት መካከል የሚገኘው አንገት ሲዘጋ ነው፡፡,የትርፍ አንጀት ሕመም የሚመጣው በትርፍ አንጀትና በትልቁ አንጀት መካከል የሚገኘው አንገት ሲዘጋ ነው፡፡
ትርፍ አንጀት ምልክቱ ምንድን ነዉ?,ከእምብርት አካባቢ ጀምሮ ወደ ታችኛው የቀኝ የሆድ ክፍል የሚወርድ የህመም ስሜት,ከእምብርት አካባቢ ጀምሮ ወደ ታችኛው የቀኝ የሆድ ክፍል የሚወርድ የህመም ስሜት
ትርፍ አንጀት ህክምናዉ ምንድን ነዉ?,በቀዶ ጥገና የትርፍ አንጀቱን ቆርጦ ማውጣት ,በቀዶ ጥገና የትርፍ አንጀቱን ቆርጦ ማውጣት 
የሚጥል በሽታ ማለት ምን ማለት ነዉ?,የሚጥል በሽታ የአእምሮአችን ህዋሳት ከትክክለኛው ስርአት በተለየና በበዛ መልኩ ሲነቃቁ የሚከሰት በሽታ ነው። ,የሚጥል በሽታ የአእምሮአችን ህዋሳት ከትክክለኛው ስርአት በተለየና በበዛ መልኩ ሲነቃቁ የሚከሰት በሽታ ነው። 
አንድ ሰው የሚጥል በሽታ አለበት ለማለት ምልክቶቹ ቢያንስ ስንት ጊዜ መከሰት ይኖርባቸዋል?,ሁለት,ሁለት
የሚጥል በሽታ ምልክቱ ምንድን ነዉ?,ክስተቱ ከቁጥጥር ውጪ የሆነ ማንቀጥቀጥና ራስን መሳት ያስከትላል፡፡ ,ክስተቱ ከቁጥጥር ውጪ የሆነ ማንቀጥቀጥና ራስን መሳት ያስከትላል፡፡ 
የሚጥል በሽታ መንስኤ ምንድን ነዉ?,ከዘር የመጣ ከሆነ፣ተፈጥሮአዊ በሆነ የአዕምሮ እክል,ከዘር የመጣ ከሆነ፣ተፈጥሮአዊ በሆነ የአዕምሮ እክል
የሚጥል በሽታ ያጋጠመውን ሰው ለመርዳት ምን እናድርግ?,ጭንቅላቱን አለመዘቅዘቅ ወይም አስጨንቆ አለመያዝ,ጭንቅላቱን አለመዘቅዘቅ ወይም አስጨንቆ አለመያዝ
ቶንሲል ማለት ምን ማለት ነዉ?,ቶንሲል በባክቴሪያ ወይም በቫይረስ አማካኝነት የሚከሰት ሲሆን የቶንሲል እጢዎችን የማሳበጥና ጉሮሮን የመከርከር ባህሪ አለው። ,ቶንሲል በባክቴሪያ ወይም በቫይረስ አማካኝነት የሚከሰት ሲሆን የቶንሲል እጢዎችን የማሳበጥና ጉሮሮን የመከርከር ባህሪ አለው። 
ቶንሲል ምልክቱ ምንድን ነዉ?,ከምላሱ ኋላ በግራና ቀኝ የጉሮሮ ግድግዳዎች ላይ እብጠትና ቅላት ይታያል፡፡,ከምላሱ ኋላ በግራና ቀኝ የጉሮሮ ግድግዳዎች ላይ እብጠትና ቅላት ይታያል፡፡
የቶንሲል መንስኤ ምንድን ነዉ?,ከቶንሲል ጀርባ ያሉ አካላት ላይ መግል መያዝ፣የሳንባ ምች (ኒሞኒያ),ከቶንሲል ጀርባ ያሉ አካላት ላይ መግል መያዝ፣የሳንባ ምች (ኒሞኒያ)
የቶንሲል ህክምናዉ ምንድን ነዉ?,የቶንሲል ህመምን የተለያዩ መድሃኒቶችን በመውሰድ መዳን የሚቻል ሲሆን፣ ብዙ ጊዜ በቤት ውስጥ በሚዘጋጁ ነገሮች በቀላሉ ማከም እንደሚቻል ይታወቃል።,የቶንሲል ህመምን የተለያዩ መድሃኒቶችን በመውሰድ መዳን የሚቻል ሲሆን፣ ብዙ ጊዜ በቤት ውስጥ በሚዘጋጁ ነገሮች በቀላሉ ማከም እንደሚቻል ይታወቃል።
የአባላዘር በሸታዎች ማለት ምን ማለት ነዉ?,የአባላዘር በሸታዎች ማለት በግብረ ሥጋ ግንኙነት ወይም በጠለቀ አካላዊ ንክኪ የሚተላለፉ በሽታዎች ናቸው ፡፡,የአባላዘር በሸታዎች ማለት በግብረ ሥጋ ግንኙነት ወይም በጠለቀ አካላዊ ንክኪ የሚተላለፉ በሽታዎች ናቸው ፡፡
የአባላዘር በሸታዎች መተላለፊያ መንገዱ ምንድን ነዉ?,የአባላዘር በሽታዎች የአባላዘር በሽታ ከያዘው ሰው ወደ ጤነኛ ሰው በወሲብ ወቅት ይተላለፋሉ ,የአባላዘር በሽታዎች የአባላዘር በሽታ ከያዘው ሰው ወደ ጤነኛ ሰው በወሲብ ወቅት ይተላለፋሉ 
የአባላዘር በሸታዎች አይነቶችን ዘርዝር,ጨብጥ፣ቂጥኝ፣ከርክር,ጨብጥ፣ቂጥኝ፣ከርክር
የአባላዘር በሸታዎች ምልክቱ ምንድን ነዉ?,ብልት ቆዳ ላይ የሚፈጠር ውሃ ያዘለ ወይም የጎደጎደ ቁስል,ብልት ቆዳ ላይ የሚፈጠር ውሃ ያዘለ ወይም የጎደጎደ ቁስል
የአባላዘር በሸታዎች መፍትሄዉ ምንድን ነዉ?,የአባላዘር በሽታዎች በመድኀኒት የሚድኑ ሲሆን ይህም የሚሆነው የወሲብ ጓደኛችንም ተመርምሮ እና የታዘዘልንን መድኀኒት ጨርሰን ስንወስድ ነው፡፡ ,የአባላዘር በሽታዎች በመድኀኒት የሚድኑ ሲሆን ይህም የሚሆነው የወሲብ ጓደኛችንም ተመርምሮ እና የታዘዘልንን መድኀኒት ጨርሰን ስንወስድ ነው፡፡ 
የወገብ ህመም ምክነያት ምንድን ነዉ?,የወገብ አጥንት መዛነፍ፣ የመገጣጠሚያ አካባቢዎች መቆጣት፣ለብዙ ሰዓት መቆም,የወገብ አጥንት መዛነፍ፣ የመገጣጠሚያ አካባቢዎች መቆጣት፣ለብዙ ሰዓት መቆም
የወገብ ህመም ሲፈጠር ወደ ሀኪም መሄድ የሚያስፈልጉ ጊዜዎችን ዘርዘር,ህመሙ በጣም እየባሰ መሄድና በእረፍት ወይንም በአቀማመጥ የማይሻል ከሆነ,ህመሙ በጣም እየባሰ መሄድና በእረፍት ወይንም በአቀማመጥ የማይሻል ከሆነ
የወገብ ህመም ህክምናዉ ምንድን ነዉ?,የእንቅሳቃሴ ህክምና (ፊዚዮቴራፒ) በማድረግ ማስተካከል ይቻላል፡፡,የእንቅሳቃሴ ህክምና (ፊዚዮቴራፒ) በማድረግ ማስተካከል ይቻላል፡፡
የወገብ ህመም መከላከያዉ ምንድን ነዉ?,በተቻለዎት መጠን ይንቀሳቀሳሉ ምክንያቱም እንቅስቃሴ ባደረጉ ቁጥር የወገብ ህመም የመሻል እድሉ እየጨመረ ይሄዳል፡፡,በተቻለዎት መጠን ይንቀሳቀሳሉ ምክንያቱም እንቅስቃሴ ባደረጉ ቁጥር የወገብ ህመም የመሻል እድሉ እየጨመረ ይሄዳል፡፡
መርዝ ምንድን ነዉ?,መርዝ ወደ ሰውነት ውስጥ ሲገባ ወይም ቆዳ ላይ ሲያርፍ፣ ወደ ደም ስሮች ሰርጎ በመግባትና ሕዋሳትን በመመረዝ የጤና መታወክ ወይም የሞት አደጋ ሊያስከትል ይችላል፡፡ ,መርዝ ወደ ሰውነት ውስጥ ሲገባ ወይም ቆዳ ላይ ሲያርፍ፣ ወደ ደም ስሮች ሰርጎ በመግባትና ሕዋሳትን በመመረዝ የጤና መታወክ ወይም የሞት አደጋ ሊያስከትል ይችላል፡፡ 
የመርዝ አጋላጮች ምንምን ናቸዉ?,ማንኛውም ሰው በመብላት ወይም በመጠጣት፣ በማሽተት፣ በንክኪ፣ በመወጋት ወይም በመነደፍ ለመመረዝ አደጋ ሊጋለጥ ይችላል፡፡ ,ማንኛውም ሰው በመብላት ወይም በመጠጣት፣ በማሽተት፣ በንክኪ፣ በመወጋት ወይም በመነደፍ ለመመረዝ አደጋ ሊጋለጥ ይችላል፡፡ 
መርዝ ህክምናዉ ምንድን ነዉ?,ለመመረዝ አደጋ የሚሰጠው የሕክምና እርዳታ የመርዙን በሰውነት ውስጥ መሰራጨት ለመቀነስ ወይም ለማስወገድ እንዲሁም የትንፋሽ መቋረጥ ለደረሰበት ግለሰብ የሰው ሰራሽ አተነፋፈስ እርዳታ ለመስጠት ነው፡፡ ,ለመመረዝ አደጋ የሚሰጠው የሕክምና እርዳታ የመርዙን በሰውነት ውስጥ መሰራጨት ለመቀነስ ወይም ለማስወገድ እንዲሁም የትንፋሽ መቋረጥ ለደረሰበት ግለሰብ የሰው ሰራሽ አተነፋፈስ እርዳታ ለመስጠት ነው፡፡ 
ጥንቃቄ የሚያስፈልጋቸው የታወቁ የመርዝ አይነቶችን ዘርዝር,"የአይጥ መርዝ፣ዲዲቲና ተመሳሳይ የተባይ ማጥፊያ መድኃኒቶች፣
","የአይጥ መርዝ፣ዲዲቲና ተመሳሳይ የተባይ ማጥፊያ መድኃኒቶች፣
"
መርዝ መከላከያዉ ምንድን ነዉ?,መርዛማ ነገሮችን በሰውነት ውስጥ ለማርከስ ወይም ለመምጠጥ ከሻይ(ታኒክ አሲድ ስላለው) እና ከከሰል ማዘጋጀት እንችላለን፤ ,መርዛማ ነገሮችን በሰውነት ውስጥ ለማርከስ ወይም ለመምጠጥ ከሻይ(ታኒክ አሲድ ስላለው) እና ከከሰል ማዘጋጀት እንችላለን፤ 
አልማዝ ባለጭራ ምንድን ነዉ?,በግማሽ የሰውነት ክፍል ላይ በድንገት የሚወጣ ሽፍታ ሲሆን በአገራችን አባባሉ ሳይንሳዊ መሰረት ባይኖረውም አልማዝ ባለጭራ እየተባለ ይጠራል፤,በግማሽ የሰውነት ክፍል ላይ በድንገት የሚወጣ ሽፍታ ሲሆን በአገራችን አባባሉ ሳይንሳዊ መሰረት ባይኖረውም አልማዝ ባለጭራ እየተባለ ይጠራል፤
የአልማዝ ባለጭራ መንስኤ ምንድን ነዉ?,ኸርፐስ እየተባለ የሚጠራው በሽታ በዓለማችን በስፋት የሚከሰት ሲሆን መንስኤው የቫይረስ ልክፍት ነው፤ ,ኸርፐስ እየተባለ የሚጠራው በሽታ በዓለማችን በስፋት የሚከሰት ሲሆን መንስኤው የቫይረስ ልክፍት ነው፤ 
የአልማዝ ባለጭራ ምልክቱ ምንምን ነዉ?,ሽፍታው ውኃ ቋጥሮ በጣም የሚያም ነው፤ አብዛኛውን ጊዜ በጀርባ፣ በማጅራት፣ በደረት ወይም በፊት ላይ ይወጣል፡፡ ,ሽፍታው ውኃ ቋጥሮ በጣም የሚያም ነው፤ አብዛኛውን ጊዜ በጀርባ፣ በማጅራት፣ በደረት ወይም በፊት ላይ ይወጣል፡፡ 
የአልማዝ ባለጭራ ህክምናዉ ምንድን ነዉ?,የፀረ ቫይረስ መድኃኒቶች ሊታዘዙና ሊወሰዱ ይችላሉ፡፡,የፀረ ቫይረስ መድኃኒቶች ሊታዘዙና ሊወሰዱ ይችላሉ፡፡
የአልማዝ ባለጭራ የት ሊከሰት ይችላል?,በአፍ አካባቢ፣በፆታ ብልቶች,በአፍ አካባቢ፣በፆታ ብልቶች
የአጥንት መሳሳት ችግር ምንድን ነዉ?,የአጥንት መሳሳት ችግር በሁሉም  የህብረተሰብ  ክፍሎች  ላይ  ሊከሰት የሚችል የበሽታ አይነት ነው ። ብዙ ጊዜ በዚህ ምክንያት ሊከሰት የሚችለው የአጥንት መሰበር አደጋ  በዳሌ ፣ በእጅ አንጓ ፣ በአከርካሪ  አጥንት አካባቢዎች ላይ ነው ።,የአጥንት መሳሳት ችግር በሁሉም  የህብረተሰብ  ክፍሎች  ላይ  ሊከሰት የሚችል የበሽታ አይነት ነው ። ብዙ ጊዜ በዚህ ምክንያት ሊከሰት የሚችለው የአጥንት መሰበር አደጋ  በዳሌ ፣ በእጅ አንጓ ፣ በአከርካሪ  አጥንት አካባቢዎች ላይ ነው ።
የአጥንት መሳሳት ችግር ስንት ዓመት የሆናቸው የህብረተሰብ ክፍሎች ላይ የመከሰት እድሉ ሰፊ ነዉ?,ከ 50 እስከ 60 ዓመት ,ከ 50 እስከ 60 ዓመት 
የአጥንት መሳሳት ችግር ምክነያት ምንድን ነዉ?,የአጥንት መገጣጠሚያዎች ችግር 60 በመቶ ያህል የሚሆነው የሚመጣው በቤተሰብ የዘር ሐረግ መሃል ሊኖር በሚችል ተመሳሳይ ችግር ምክንያት ነው ፡፡,የአጥንት መገጣጠሚያዎች ችግር 60 በመቶ ያህል የሚሆነው የሚመጣው በቤተሰብ የዘር ሐረግ መሃል ሊኖር በሚችል ተመሳሳይ ችግር ምክንያት ነው ፡፡
የአጥንት መሳሳት ችግር ምልክቱ ምንድን ነዉ?,ጡንቻዎችን የመለብለብ ስሜት መኖር፣በመገጣጠሚያዎች አካባቢ በተለይ በታፈነና በቀዝቃዛ የአየር ሁኔታዎች ወቅት የሚኖር የህመም ስሜት,ጡንቻዎችን የመለብለብ ስሜት መኖር፣በመገጣጠሚያዎች አካባቢ በተለይ በታፈነና በቀዝቃዛ የአየር ሁኔታዎች ወቅት የሚኖር የህመም ስሜት
የአጥንት መሳሳት ችግር መከላከያዉ ምንድን ነዉ?,የሠውነት ክብደትን መቆጣጠር፣የአካል ብቃት እንቅስቃሴዎችን ማድረግ ,የሠውነት ክብደትን መቆጣጠር፣የአካል ብቃት እንቅስቃሴዎችን ማድረግ 
የአጥንት መሳሳት ችግር መንስኤ ዘርዝር ,የሆርሞን መዛባት፣የቫይታሚን ዲ እጥረት  እና ካልሲየም መጠን ማነስ ,የሆርሞን መዛባት፣የቫይታሚን ዲ እጥረት  እና ካልሲየም መጠን ማነስ 
ነጭ የደም ህዋስ ማነስ ምን ማለት ነወ? ,"ነጭ የደም ህዋስ ማነስ ማለት የሰውነት በሽታ ተከላካይ ህዋስ በደማችን መኖር ከለበት ከ4,000-11,000ማይክሮ ሊትር የደም ህዋስ ከ 4,000 ማይክሮ ሊትር በታች ሲሆን ነው። ","ነጭ የደም ህዋስ ማነስ ማለት የሰውነት በሽታ ተከላካይ ህዋስ በደማችን መኖር ከለበት ከ4,000-11,000ማይክሮ ሊትር የደም ህዋስ ከ 4,000 ማይክሮ ሊትር በታች ሲሆን ነው። "
ነጭ የደም ህዋስ ማነስ ሲባል ስንት ካነሰ ነዉ? ,"ከ 4,000 ማይክሮ ሊትር በታች ሲሆን","ከ 4,000 ማይክሮ ሊትር በታች ሲሆን"
ነጭ የደም ህዋስ ማነስ ምክነያት ምንምን ነዉ?,"የአመመጋገብ ችግር፣አልኮልን ከመጠን ባለፈ መውሰድ,የጣፈያ ችግር,የደም የካንሰር","የአመመጋገብ ችግር፣አልኮልን ከመጠን ባለፈ መውሰድ,የጣፈያ ችግር,የደም የካንሰር"
ነጭ የደም ህዋስ ማነስ ምልክቱ ምንምን ነዉ?,በተደጋጋሚ በኤንፌክሽን መያዝ፣ ሳል፣የሰዉነት መቀላትየመሳሰሉት ናቸው,በተደጋጋሚ በኤንፌክሽን መያዝ፣ ሳል፣የሰዉነት መቀላትየመሳሰሉት ናቸው
ነጭ የደም ህዋስ ማነስ መፍትሄዉ ምንምን ነዉ?,እርጎ፣ ጎመን፣ ብርቱካን፣ሎሚ፣የአበባ ጎመን፣ ኦሜጋ 3 ፋቲ አሲድ፣ዚንክ የመሳሰሉትን መመገብ,እርጎ፣ ጎመን፣ ብርቱካን፣ሎሚ፣የአበባ ጎመን፣ ኦሜጋ 3 ፋቲ አሲድ፣ዚንክ የመሳሰሉትን መመገብ
ነጭ የደም ህዋሰ ሴል ምንድን ነዉ?,ነጭ የደም ህዋሰ ሴል በሽታ አምጪ ተዋስያን ሰውነታችን ገብተው ለበሽታ እንዳያጋልጡን ይከላከላሉ። ,ነጭ የደም ህዋሰ ሴል በሽታ አምጪ ተዋስያን ሰውነታችን ገብተው ለበሽታ እንዳያጋልጡን ይከላከላሉ። 
የነጭ የደም ህዋስ መጨመር መንስኤ ምንምን ነዉ?,ማጨስ፣አለርጂ፣ከመጠን በላይ የሰውነት እንቅስቃሴ,ማጨስ፣አለርጂ፣ከመጠን በላይ የሰውነት እንቅስቃሴ
የነጭ የደም ህዋስ መጨመር የሚባለዉ ስንት በላይ ሲሆን ነዉ?,11000 በላይ ,11000 በላይ 
የነጭ የደም ህዋስ መጨመር ምልክቱ ምንምን ነዉ?,ክብደት መቀነስ፣ትኩሳት፣ማታ ላብ፣ድካም,ክብደት መቀነስ፣ትኩሳት፣ማታ ላብ፣ድካም
የነጭ የደም ሕዋስ ብዛት እንዲጨምር የሚያደርጉ ምግቦችን ዘርዝር,ነጭ ሽንኩርት፣ስፒናች፣ፓፓያ ቅጠል፣ቫይታሚኖች       ,ነጭ ሽንኩርት፣ስፒናች፣ፓፓያ ቅጠል፣ቫይታሚኖች       
ቀይ የደም ህዋስ መጨመር ማለት ምን ማለት ነዉ? ,ቀይ የደም ህዋስ መጨመር ማለት ትክክለኛ ከሆነ በደም ስሮች ውስጥ ቀይ የደም ህዋስ ማሰራጨት በተለያየ ምክንያት እንዲጨምር ሲያደርግ ነው አንዳንድ ጊዜ ይህ በሚጨምርበት ጊዜ ተያይዞ ሄሞግሎቢን እና ሄናቶክራይት እንዲጨምር ያደርገዋል።,ቀይ የደም ህዋስ መጨመር ማለት ትክክለኛ ከሆነ በደም ስሮች ውስጥ ቀይ የደም ህዋስ ማሰራጨት በተለያየ ምክንያት እንዲጨምር ሲያደርግ ነው አንዳንድ ጊዜ ይህ በሚጨምርበት ጊዜ ተያይዞ ሄሞግሎቢን እና ሄናቶክራይት እንዲጨምር ያደርገዋል።
ቀይ የደም ህዋስ መጨመር ምክነያት ምንምን ነዉ?,ዝቅተኛ የደም ኦክስጅን መጠን መኖር፣እጢ ካለ፣የልብ ህመም,ዝቅተኛ የደም ኦክስጅን መጠን መኖር፣እጢ ካለ፣የልብ ህመም
ቀይ የደም ህዋስ መጨመር ምልክቱ ምንምን ነዉ?,ድካም ፣ትኩረት ማጣት፣ትንፋሽ ማጠር,ድካም ፣ትኩረት ማጣት፣ትንፋሽ ማጠር
ቀይ የደም ህዋስ መጨመር ህክምናዉ ምንድን ነዉ?,የሄሞግሎቢን እና የሄማቶክሪት መጨመር ካለ ደማቸው ተቀድቶ እንዲቀንስ ያደርጋል ,የሄሞግሎቢን እና የሄማቶክሪት መጨመር ካለ ደማቸው ተቀድቶ እንዲቀንስ ያደርጋል 
የቀይ የደም ህዋስ ለምን ይጨምራል?,በቀይ የደም ህዋስ ምርት ሂደት ውስጥ ችግር ሲኖር፣ በሌላ ህመሞች ምክንያት ወይም ውስጣዊ ችግር ምክንያት,በቀይ የደም ህዋስ ምርት ሂደት ውስጥ ችግር ሲኖር፣ በሌላ ህመሞች ምክንያት ወይም ውስጣዊ ችግር ምክንያት
የእንቅልፍ ማጣት ችግር ምክንያቶች ምንምን ናቸዉ?,ጭንቀት፣ ፍራቻ/ስጋት እና ድብርት ካለብዎት,ጭንቀት፣ ፍራቻ/ስጋት እና ድብርት ካለብዎት
የእንቅልፍ ማጣት ችግር መፍትሄዉ ምንምን ነዉ?,የአካል ብቃት እንቅስቃሴ ማድረግ፣የቀን እንቅልፍ/ሸለብታን መቀነስ ወይም ማስወገድ,የአካል ብቃት እንቅስቃሴ ማድረግ፣የቀን እንቅልፍ/ሸለብታን መቀነስ ወይም ማስወገድ
የእንቅልፍ ማጣት ችግር መከላከያዉ ምንድን ነዉ?,በእንቅልፍ ሰዓት ብዙ ከመመገብና መጠጥ ከመጠጣት መቆጠብ,በእንቅልፍ ሰዓት ብዙ ከመመገብና መጠጥ ከመጠጣት መቆጠብ
ጉንፋን ምንድን ነዉ?,ጉንፋን የላይኛው የመተንፈሻ አካልን (አፍንጫን፣ጉሮሮሮን) የሚያጠቃ በቫይረስ ኢንፌክሽን አማካይነት የሚመጣ የህመም አይነት ነዉ፡፡,ጉንፋን የላይኛው የመተንፈሻ አካልን (አፍንጫን፣ጉሮሮሮን) የሚያጠቃ በቫይረስ ኢንፌክሽን አማካይነት የሚመጣ የህመም አይነት ነዉ፡፡
ጉንፋን በብዛት የሚያጠቃዉ ስንት እድሜ ያላቸዉን ነዉ?,ከአምስት አመት በታች ለህመሙ በብዛት የተጋለጡ ናቸዉ፡፡,ከአምስት አመት በታች ለህመሙ በብዛት የተጋለጡ ናቸዉ፡፡
ጉንፋን ለማስያዝ የሚችሉ ስንት የቫይረስ ዝርያዎች ነዉ?,ከ200 በላይ የቫይረስ ዝርያዎች ,ከ200 በላይ የቫይረስ ዝርያዎች 
አዋቂዎች በአብዛኛው ስንት ጊዜ ያህል በጉንፋን ይያዛሉ?,አራት ጊዜ,አራት ጊዜ
ልጆች በአብዛኛው ስንት ጊዜ ያህል በጉንፋን ይያዛሉ?,አስር ጊዜ,አስር ጊዜ
ጉንፋን የሚያስከትለው የጤና ችግር ምንድን ነዉ?,የጆሮ ኢንፌክሽን ችግሮች ሲያጋጥሟቸው ይታያል፡፡ ,የጆሮ ኢንፌክሽን ችግሮች ሲያጋጥሟቸው ይታያል፡፡ 
ጉንፋን ለምን ደጋግሞ ይከሰታል?,በየጊዜው በጉንፋን እየተያዙ የሚተኙ ሰዎች በሽታን የመከላከል አቅማቸው የተዳከመ መሆኑን የሚያሳይ ነው፡፡ ,በየጊዜው በጉንፋን እየተያዙ የሚተኙ ሰዎች በሽታን የመከላከል አቅማቸው የተዳከመ መሆኑን የሚያሳይ ነው፡፡ 
ጉንፋን መድኀኒት አለው?,ጉንፋንን ሊያድን የሚችል መድኀኒት አለመኖሩን Journal of Medicine ጠቁሟል፡፡ ,ጉንፋንን ሊያድን የሚችል መድኀኒት አለመኖሩን Journal of Medicine ጠቁሟል፡፡ 
ጉንፋን ህክምናዉ ምንምን ነዉ?,ብዙ ፈሳሾችን መውሰድ፣ ውሃ፣ የፍራፍሬ ጭማቂዎች፣ ሾርባ፣ ሻይና አጥሚት መሰል ትኩስ መጠጦችን ቶሎ ቶሎ መጠጣት ,ብዙ ፈሳሾችን መውሰድ፣ ውሃ፣ የፍራፍሬ ጭማቂዎች፣ ሾርባ፣ ሻይና አጥሚት መሰል ትኩስ መጠጦችን ቶሎ ቶሎ መጠጣት 
ጉንፋን መፍትሄዎችን ዘርዝር,ነጭ ሽንኩርት፣ቀረፋ፣ዝንጅብል፣ማር፣ሎሚ,ነጭ ሽንኩርት፣ቀረፋ፣ዝንጅብል፣ማር፣ሎሚ
ጉንፋን መከላከያዉ ምንድን ነዉ?,በየዕለቱ የራስንም ሆነ የመኖሪያዎን ንጽህና መጠበቅና አካባቢን ማጽዳት,በየዕለቱ የራስንም ሆነ የመኖሪያዎን ንጽህና መጠበቅና አካባቢን ማጽዳት
የቶንሲል እጢ ምንድን ነዉ?,የቶንሲል እጢዎች በጉሮሮ ግራና ቀኝ የሚገኙ ሁለት እጢዎች ሲሆኑ፥ የተለያዩ ባክቴሪያዎችና ቫይረሶች ወደ ሰውነታችን ዘልቀው እንዳይገቡ ይከላከላሉ። ,የቶንሲል እጢዎች በጉሮሮ ግራና ቀኝ የሚገኙ ሁለት እጢዎች ሲሆኑ፥ የተለያዩ ባክቴሪያዎችና ቫይረሶች ወደ ሰውነታችን ዘልቀው እንዳይገቡ ይከላከላሉ። 
የጉሮሮ ሕመም ምንድን ነዉ?,የጉሮሮ ሕመም በቫይረስ ወይም በባክቴሪያ ኢንፌክሽን ምክንያት የሚከሰት ሲሆን እነዚህ ቫይረስና ባክቴሪያዎች በአፍና በአፍንጫችን አድርገው በመግባትም ጭምር የጉሮሮ ሕመምን ያስከትላሉ፡፡,የጉሮሮ ሕመም በቫይረስ ወይም በባክቴሪያ ኢንፌክሽን ምክንያት የሚከሰት ሲሆን እነዚህ ቫይረስና ባክቴሪያዎች በአፍና በአፍንጫችን አድርገው በመግባትም ጭምር የጉሮሮ ሕመምን ያስከትላሉ፡፡
የጉሮሮ ሕመም ምልክቶች ምንምን ናቸው?,የጉሮሮ መከርከር፣ለመዋጥ መቸገር፣ትኩሳት,የጉሮሮ መከርከር፣ለመዋጥ መቸገር፣ትኩሳት
የጉሮሮ ሕመም መፍትሄዉ ምንምን ነዉ?,ትኩስ ፈሳሽ መውሰድ፡- ሻይ፤ ወተት፤ አጥሚት,ትኩስ ፈሳሽ መውሰድ፡- ሻይ፤ ወተት፤ አጥሚት
የጉሮሮ ሕመም ህክምናዉ ምንድን ነዉ?,በባክቴሪያ ምክንያት የሚከሰትን የጉሮሮ ሕመም ሕክምና ቦታ በመሄድ ባክቴሪያ አጥፊ መድኃኒቶችን (Antibiotics) መውሰድ ተገቢ ነው፡፡,በባክቴሪያ ምክንያት የሚከሰትን የጉሮሮ ሕመም ሕክምና ቦታ በመሄድ ባክቴሪያ አጥፊ መድኃኒቶችን (Antibiotics) መውሰድ ተገቢ ነው፡፡
መሃንነት ማለት ምን ማለት ነዉ?,ባልና ሚስት በሳምንት ቢያንስ ሶስት ቀናት ግንኙነት እያደረጉ ለአንድ አመት ከቆዩና በዚህ ግዜ ውስጥ እርግዝና ካልተፈጠረ መሃንነት ይባላል። ,ባልና ሚስት በሳምንት ቢያንስ ሶስት ቀናት ግንኙነት እያደረጉ ለአንድ አመት ከቆዩና በዚህ ግዜ ውስጥ እርግዝና ካልተፈጠረ መሃንነት ይባላል። 
ለሴቶች መሃንነት መንስኤ ምንድን ነዉ? ,እንቁላሎችን ወደ ማህጸን የሚያስተላልፉ ትቦዎች ወይም ማህጸኑ በጠባሳነት መጎዳት,እንቁላሎችን ወደ ማህጸን የሚያስተላልፉ ትቦዎች ወይም ማህጸኑ በጠባሳነት መጎዳት
ለወንዶች መሃንነት መንስኤ ምንድን ነዉ?,ሰውነታቸው የሚያመርተው ስፐርም ቁጥር በቂ አለመሆን፣ ወይም የተሰሩት ስፐርሞች ቀልጣፋነት ማነስ።,ሰውነታቸው የሚያመርተው ስፐርም ቁጥር በቂ አለመሆን፣ ወይም የተሰሩት ስፐርሞች ቀልጣፋነት ማነስ።
ለወንዶች መሃንነት ህክምናዉ ምንድን ነዉ?,የዘር ፍሬ አመራረት አጋዥ መድሃኒቶች,የዘር ፍሬ አመራረት አጋዥ መድሃኒቶች
ለመሃንነት ዶክተር መሄድ ያለብዎ መቸ ነው? ,ባልና ሚስት ያለመከላከያ በቂ  የግብረ ሥጋ ግንኙነት እየፈጸሙ  ለ 1 ዓመት ከቆዩ  በኋላ ማርገዝ ያልቻሉ ከሆነ ,ባልና ሚስት ያለመከላከያ በቂ  የግብረ ሥጋ ግንኙነት እየፈጸሙ  ለ 1 ዓመት ከቆዩ  በኋላ ማርገዝ ያልቻሉ ከሆነ 
ለወንዶች መሃንነት ምርመራዎች ምንምን ናቸዉ?,የደም ምርመራዎች (የሆርሞን ምርመራ)፣የዘር ፍሬዎ መጠን የመለካት ምርመራ,የደም ምርመራዎች (የሆርሞን ምርመራ)፣የዘር ፍሬዎ መጠን የመለካት ምርመራ
ለወንዶች መሃንነት ምልክቱ ምንምን ነዉ?,"የግንኙነት ፍላጎት ምቀነስ፣የወንድ የዘር ፍሬ ላይ ህመም ወይም እብጠት መኖር
","የግንኙነት ፍላጎት ምቀነስ፣የወንድ የዘር ፍሬ ላይ ህመም ወይም እብጠት መኖር
"
ለሴቶች መሃንነት ምርመራዎች ምንምን ናቸዉ?,የሚዛባ የወር አበባ መኖር ወይም አለመኖር፣በሰውነት ውስጥ ያሉ አንዳንድ ሆርሞኖች መዛባት,የሚዛባ የወር አበባ መኖር ወይም አለመኖር፣በሰውነት ውስጥ ያሉ አንዳንድ ሆርሞኖች መዛባት
ሳምባ ምች ኒሞኒያ ማለት ምን ማለት ነዉ? ,ሳምባ ምች(ኒሞኒያ) ማለት የሳምባችን የታችኛው እና የመጨረሻው ክፍል መቆጣት እና መታመም ነው:: ,ሳምባ ምች(ኒሞኒያ) ማለት የሳምባችን የታችኛው እና የመጨረሻው ክፍል መቆጣት እና መታመም ነው:: 
ሳምባ ምች(ኒሞኒያ) መንስኤ ምንምን ነዉ?,የሳንባ ምች በቫይረስ፣ በባክቴሪያ ወይም በፈንገስ ሊከሰት ይችላል ፡፡,የሳንባ ምች በቫይረስ፣ በባክቴሪያ ወይም በፈንገስ ሊከሰት ይችላል ፡፡
ልጆችን ለሳምባ ምች(ኒሞኒያ) የሚያጋልጡ ነገሮች ዘርዝር,የቫይታሚን ዲ እጥረት(ሪኬትስ)፦ በተለይ ፀሐይ በደምብ ያልሞቁ ህፃናት ለሳምባ ምች ተጋላጭ ናቸው::,የቫይታሚን ዲ እጥረት(ሪኬትስ)፦ በተለይ ፀሐይ በደምብ ያልሞቁ ህፃናት ለሳምባ ምች ተጋላጭ ናቸው::
ልጆች ሳምባምች(ኒሞኒያ) እንዳይዛቸው ምን እናድርግ?,ክትባት፣ቤት ዉስጥ ማንኛዉም ጭስ አለማጨስ፣ቤት ዉስጥ በቂ የ አየር ዝውውር እንዲሮር ማድረግ,ክትባት፣ቤት ዉስጥ ማንኛዉም ጭስ አለማጨስ፣ቤት ዉስጥ በቂ የ አየር ዝውውር እንዲሮር ማድረግ
ሳምባ ምች(ኒሞኒያ) ህክምናዉ ምንድን ነዉ?,የቫይረስ የሳንባ ምች በሽታ ካለብዎ ሐኪምዎ ለማከም የፀረ-ቫይረስ መድሃኒት ሊያዝዙ ይችላሉ፡፡,የቫይረስ የሳንባ ምች በሽታ ካለብዎ ሐኪምዎ ለማከም የፀረ-ቫይረስ መድሃኒት ሊያዝዙ ይችላሉ፡፡
ሳምባ ምች(ኒሞኒያ) መከላከያዉ ምንድን ነዉ?,የሳንባ ምች በሽታን ለመከላከል የተሻለው መንገድ ክትባት ነው፡፡,የሳንባ ምች በሽታን ለመከላከል የተሻለው መንገድ ክትባት ነው፡፡
የጸጉር መነቃቀል ማለት ምን ማለት ነዉ?,የጸጉር መነቃቀል በዘር የሚወረስ ከሆነ የፀጉር መነቃቀል ችግር እንዲከሰት ከሚያደርጉት  ምክንያቶች መካከል ይህ በዋናነት የሚጠቀስ ነው።,የጸጉር መነቃቀል በዘር የሚወረስ ከሆነ የፀጉር መነቃቀል ችግር እንዲከሰት ከሚያደርጉት  ምክንያቶች መካከል ይህ በዋናነት የሚጠቀስ ነው።
የጸጉር መነቃቀል መንስኤ ምንድን ነዉ?,የሆርሞን መለዋወጥና ያለመመጣጠን ጊዜያዊ የሆነ የፀጉር መነቃቀል እና መሳሳት ችግር ሊያስከስት ይችላል፡፡ ,የሆርሞን መለዋወጥና ያለመመጣጠን ጊዜያዊ የሆነ የፀጉር መነቃቀል እና መሳሳት ችግር ሊያስከስት ይችላል፡፡ 
ያለ እድሜያችን የሚከሰተው የፀጉር ሽበት ምክንያቱ ምንምን ነው? ,ከባድ ጭንቀት፣በዘር ,ከባድ ጭንቀት፣በዘር 
የጸጉር መነቃቀል መፍትሄዉ ምንምን ነዉ?,የእግር ጉዞ፣ጭማቂዎችን መጠጣት፣የካሮት ጭማቂ መጠጣት ,የእግር ጉዞ፣ጭማቂዎችን መጠጣት፣የካሮት ጭማቂ መጠጣት 
የጸጉር መነቃቀል መከላከያዉ ምንድን ነዉ?,ዘይት መቀባት የዘንባባና የለውዝ ዘይት እንዲሁም የሎሚ ጭማቂ የፀጉር ቀለም መንጣትን ለመከላከል ከድሮ ጀምሮ ጥቅም ላይ ውለዋል።  ,ዘይት መቀባት የዘንባባና የለውዝ ዘይት እንዲሁም የሎሚ ጭማቂ የፀጉር ቀለም መንጣትን ለመከላከል ከድሮ ጀምሮ ጥቅም ላይ ውለዋል።  
ቫይታሚን ማለት ምን ማለት ነዉ?,ቫይታሚኖች ሰውነታችንን ዕድገት ተፋጠነ ለማደስረግ፣ ከበሽታ ለመከላከል፣ ከውጥረት እና ተያያዥ ችግሮች ሰውታችንን ለመጠበቅ ያግዛሉ,ቫይታሚኖች ሰውነታችንን ዕድገት ተፋጠነ ለማደስረግ፣ ከበሽታ ለመከላከል፣ ከውጥረት እና ተያያዥ ችግሮች ሰውታችንን ለመጠበቅ ያግዛሉ
ቫይታሚን ከየት እናገኛለን?,ከምንመገባቸው ምግቦችና መጠጦች፣በፋብሪካ ተመርተው በእንክብል መልክ አልያም በፈሳሽ ሸሮች መልክ እየተሰሩ በጥቅም ላይ የሚውሉ የቫይታሚን አይነቶችም አሉ፡፡,ከምንመገባቸው ምግቦችና መጠጦች፣በፋብሪካ ተመርተው በእንክብል መልክ አልያም በፈሳሽ ሸሮች መልክ እየተሰሩ በጥቅም ላይ የሚውሉ የቫይታሚን አይነቶችም አሉ፡፡
ቫይታሚን ሲ ምንድን ነዉ?,ቫይታሚን ሲ በሽታ የመከላከል እቅማችንን የሚጨምር ሲሆን፥ በተጨማሪም በሰውነታችን ውስጥ ላሉ የሴሎችን እድገት ጠቀሜታ አለው። ,ቫይታሚን ሲ በሽታ የመከላከል እቅማችንን የሚጨምር ሲሆን፥ በተጨማሪም በሰውነታችን ውስጥ ላሉ የሴሎችን እድገት ጠቀሜታ አለው። 
ቫይታሚን ጥቅሞች ምንምን ናቸዉ?,"የበሽታ የመከላከል አቅምን ያጎለብታል፣ውስብስብ ለሆነ በሽታ የመጠቃት እድላችንን ይቀንሳል፣የደም ግፊትን ለመቆጣጠር ይረዳል 

","የበሽታ የመከላከል አቅምን ያጎለብታል፣ውስብስብ ለሆነ በሽታ የመጠቃት እድላችንን ይቀንሳል፣የደም ግፊትን ለመቆጣጠር ይረዳል 

"
ቫይታሚን ሲ ሊይዙ የሚችሉ ምግቦችን ዘርዝር,ብርቱካን፣ሎሚ፣የአበባ ጎመን፣ፓፓያ፣ኢንጆሪ፣ቲማቲም ,ብርቱካን፣ሎሚ፣የአበባ ጎመን፣ፓፓያ፣ኢንጆሪ፣ቲማቲም 
የቫይታሚን ሲ እጥረት ምልክቱ ምንምን ነዉ?,የቫይታሚን ሲ እጥረትም ለሰውነት ቆዳ በሽታ፣ የአፍ ውስጥ ህመም እንደ የመንጋጋ ችግር፣ የጥርስ ህመም እንዲሁም የመገጣጠሚያ አካላት ማላብ፣ የጸጉር መነቃቀል፣የአፍንጫ መድማት ወይም ነስር እና ሌሎች ተመሳሳይ ችግሮችን ሊያስከትልብን ይችላል።,የቫይታሚን ሲ እጥረትም ለሰውነት ቆዳ በሽታ፣ የአፍ ውስጥ ህመም እንደ የመንጋጋ ችግር፣ የጥርስ ህመም እንዲሁም የመገጣጠሚያ አካላት ማላብ፣ የጸጉር መነቃቀል፣የአፍንጫ መድማት ወይም ነስር እና ሌሎች ተመሳሳይ ችግሮችን ሊያስከትልብን ይችላል።
የቫይታሚን እጥረት ምልክቱ ምንምን ነዉ?,የእጅ ጥፍር መፈረካከስ፣የእግር ስትራፖ፣የድካም ስሜት፣የአጥንት ስብራት,የእጅ ጥፍር መፈረካከስ፣የእግር ስትራፖ፣የድካም ስሜት፣የአጥንት ስብራት
ቫይታሚን ዲ ምንድን ነዉ?,ቫይታሚን ዲ በሽታ የመከላከል አቅምን ለማሳደግ፣ የህዋሳት እድገትን ለማፋጠን እና ለአጥንት ጥንካሬ ከፍተኛ ጠቀሜታ አለው። ,ቫይታሚን ዲ በሽታ የመከላከል አቅምን ለማሳደግ፣ የህዋሳት እድገትን ለማፋጠን እና ለአጥንት ጥንካሬ ከፍተኛ ጠቀሜታ አለው። 
ቫይታሚን ዲ ከየት እናገኛለን?,የፀሃይ ብርሃን በማግኘት እና አመጋገባችን በማስተካከል ቫይታሚን ዲ ማግኘት እንችላለን። ,የፀሃይ ብርሃን በማግኘት እና አመጋገባችን በማስተካከል ቫይታሚን ዲ ማግኘት እንችላለን። 
ቫይታሚን ዲ እጥረት ምልክቱ ምንምን ነዉ?,የማየት አቅም መቀነስ፣የአጥንት እና ጡንቻ ህመም፣ድካም እና አቅም ማጣት፣ጥሩ ያልሆነ ስሜት ,የማየት አቅም መቀነስ፣የአጥንት እና ጡንቻ ህመም፣ድካም እና አቅም ማጣት፣ጥሩ ያልሆነ ስሜት 
ቫይታሚን ኤ ምንድን ነዉ?,እይታዎ የተሟላና የተስተካከለ እንዲሆን ይረዳዎታል፡፡ ,እይታዎ የተሟላና የተስተካከለ እንዲሆን ይረዳዎታል፡፡ 
የቫይታሚን ኤ መገኛዎችን ዘርዝር,ወተት፣ጉበት፣ብርቱካን፣አበባ ጎመን፣ካሮት ,ወተት፣ጉበት፣ብርቱካን፣አበባ ጎመን፣ካሮት 
ቫይታሚን ኤ ጥቅሞች ምንምን ናቸዉ?,ለአይን ጤንነት፣የተሟላ የበሽታ መቋቋም ችሎታ፣የሳንባ እና የኩላሊት ጤንነት ላይ ሚና አለው።,ለአይን ጤንነት፣የተሟላ የበሽታ መቋቋም ችሎታ፣የሳንባ እና የኩላሊት ጤንነት ላይ ሚና አለው።
ቫይታሚን ኤ በመድሃኒት መልክ ይሸጣል?,በክኒን መልኩ የሚሸጡ ቫይታሚን ኤ ውጤቶች በብዛት ይገኛሉ። ,በክኒን መልኩ የሚሸጡ ቫይታሚን ኤ ውጤቶች በብዛት ይገኛሉ። 
ቫይታሚን ኤ ሲያንስ ምን ምልክት ይታያል?,የቫይታሚን ኤ  እጥረት ዋንኛ ምልክት የአይን ህመም ነው። ,የቫይታሚን ኤ  እጥረት ዋንኛ ምልክት የአይን ህመም ነው። 
ቫይታሚን ኤ ሲበዛ ይጎዳል?,ፕሪፎርምድ ቫይታሚን ኤ ከልክ በላይ ሲወሰድ የማዞር፣ የማቅለሽለሽ፣ እንዲሁም የራስ ምታት ስሜት እንዲሰማ ሊያደርግ ይችላል። ,ፕሪፎርምድ ቫይታሚን ኤ ከልክ በላይ ሲወሰድ የማዞር፣ የማቅለሽለሽ፣ እንዲሁም የራስ ምታት ስሜት እንዲሰማ ሊያደርግ ይችላል። 
ቫይታሚን ቢ-1 ምንድን ነዉ?,ሰውነት ጉልበት እንዲያገኝ፤ የተሟላ እድገት እና ጤንነት እንዲኖር ቫይታሚን ቢ-1 ያስፈልጋል,ሰውነት ጉልበት እንዲያገኝ፤ የተሟላ እድገት እና ጤንነት እንዲኖር ቫይታሚን ቢ-1 ያስፈልጋል
ቫይታሚን ቢ-1 ጥቅሞች ምንምን ናቸዉ?,ቫይታሚን ቢ-1 ለስኳር በሽታ፣ ከስኳር በሽታ ጋር ተያይዞ ለሚመጣ የነርቭ ህመም፣ ለልብ ድካም ፣ እና ለአልዛሜር በሽታ  ያለውን ጥቅም እየመረመሩ ይገኛሉ። ,ቫይታሚን ቢ-1 ለስኳር በሽታ፣ ከስኳር በሽታ ጋር ተያይዞ ለሚመጣ የነርቭ ህመም፣ ለልብ ድካም ፣ እና ለአልዛሜር በሽታ  ያለውን ጥቅም እየመረመሩ ይገኛሉ። 
ቫይታሚን ቢ-1 ሊይዙ የሚችሉ ምግቦችን ዘርዝር,"ስንዴ ገብስ እና የመሳሰሉ ጥራጥሬዎች፣ስጋ እና አሳ፣ለውዝ ባቄላ ሶያ አተር 
","ስንዴ ገብስ እና የመሳሰሉ ጥራጥሬዎች፣ስጋ እና አሳ፣ለውዝ ባቄላ ሶያ አተር 
"
ቫይታሚን ቢ-1 በመድሃኒት መልክ ይሸጣል?,በክኒን መልክ መውሰድ ካስፈለገ ቫይታሚን ቢ-1 በክኒን መልክ ተዘጋጅቶ ይሸጣል።,በክኒን መልክ መውሰድ ካስፈለገ ቫይታሚን ቢ-1 በክኒን መልክ ተዘጋጅቶ ይሸጣል።
በሰውነት የቫይታሚን ቢ-1 እጥረት ሲኖር ምን ምልክት ይታያል?,የትንፋሽ ማጠር፣  ለመናገር መቸገር፣ የእግር መደንዘዝ ናቸው። ,የትንፋሽ ማጠር፣  ለመናገር መቸገር፣ የእግር መደንዘዝ ናቸው። 
ለቫይታሚን ቢ-1 እጥረት ሊያጋልጡ የሚችሉትን ዘርዝር,የአልኮል መጠጥ ማዘውተር፣የእድሜ መግፋት (ከስልሳአምስት አመት እድሜ በላይ)፣የስኳር በሽታ,የአልኮል መጠጥ ማዘውተር፣የእድሜ መግፋት (ከስልሳአምስት አመት እድሜ በላይ)፣የስኳር በሽታ
ቫይታሚን ቢ-1 ከሚመከረው መጠን በላይ ቢወሰድ ለሰውነት ጉዳት አለው?,በከፍተኛ የቫይታሚን ቢ-1 በመውሰድ  ምክንያት የሚመጣ የጤና ጉዳት  ያልተለመደ ነው። ,በከፍተኛ የቫይታሚን ቢ-1 በመውሰድ  ምክንያት የሚመጣ የጤና ጉዳት  ያልተለመደ ነው። 
የአፍንጫ አለርጂ ምንድን ነዉ?,አንድ ግለሰብ የአለርጂ ችግር ካለበት ወደ አፍንጫ የሚገቡ አንዳንድ የሚቆጠቁጡ አካላት ሲገጥሙት የመቆጥቆጥ ስሜት በአፍንጫ ዉስጥ ይፈጠራል። ,አንድ ግለሰብ የአለርጂ ችግር ካለበት ወደ አፍንጫ የሚገቡ አንዳንድ የሚቆጠቁጡ አካላት ሲገጥሙት የመቆጥቆጥ ስሜት በአፍንጫ ዉስጥ ይፈጠራል። 
የአፍንጫ አለርጂ መነሻ ምክነያት ምንምን ነዉ?,"አቧራ፣የአበባ መፈንዳት፣ሰዉነት የሚለቃቸው አንዳንድ ንጥረ ቅመሞች
","አቧራ፣የአበባ መፈንዳት፣ሰዉነት የሚለቃቸው አንዳንድ ንጥረ ቅመሞች
"
የአፍንጫ አለርጂ ምልክቱ ምንምን ነዉ?,የአፍንጫ፣የአፍ አካባቢ፣የጉሮሮ፣የቆዳ ወይም የሌሎች የአካል ክፍሎች መቆጥቆጥ,የአፍንጫ፣የአፍ አካባቢ፣የጉሮሮ፣የቆዳ ወይም የሌሎች የአካል ክፍሎች መቆጥቆጥ
የአፍንጫ አለርጂ መከላከያዉ ምንድን ነዉ?,"በተለይ ፊትን ከመንካት በፊት አጅን መታጠብ፣በችግሩ ከተያዙ ሰዎች በተቻለ መጠን ለመራቅ መሞከር  
","በተለይ ፊትን ከመንካት በፊት አጅን መታጠብ፣በችግሩ ከተያዙ ሰዎች በተቻለ መጠን ለመራቅ መሞከር  
"
የአፍንጫ አለርጂ ጉዳቱ ምንድን ነዉ?,የአፍንጫ መደፈንንና የንፍጥ መብዛትን ያስክትላል።,የአፍንጫ መደፈንንና የንፍጥ መብዛትን ያስክትላል።
የአፍ ዉስጥ ፈንገስ መንስኤ ምንድን ነዉ?,"የበሽታ የመከላከል አቅም መዳከም,ለረጅም ጊዜ አንቲባዮቲክ መድሀኒቶች መጠቀም","የበሽታ የመከላከል አቅም መዳከም,ለረጅም ጊዜ አንቲባዮቲክ መድሀኒቶች መጠቀም"
የአፍ ዉስጥ ፈንገስ  ምልክቱ ምንምን ነዉ?,በአፍ ዙሪያ መቅላት፣ለማኘክ ፣ለመዋጥ መቸገር,በአፍ ዙሪያ መቅላት፣ለማኘክ ፣ለመዋጥ መቸገር
የአፍ ዉስጥ ፈንገስ  የቤት ዉስጥ ህክምናዉ ምንድን ነዉ?,በደቃቅ ጨው ለአንድ ደቂቃ በጥርስ ብሩሽ ምላስን መቦረሽ፡፡ ከዚያም በሙቅ ውሀ በደንብ መታጠብ፡፡ ,በደቃቅ ጨው ለአንድ ደቂቃ በጥርስ ብሩሽ ምላስን መቦረሽ፡፡ ከዚያም በሙቅ ውሀ በደንብ መታጠብ፡፡ 
የደረት ውጋት ምልክቱ ምንድን ነዉ?,ቀስፎ የሚይዝ የደረት ውጋት አንዳንድ ጊዜ ወደ አገጭ፣ ጫንቃ፣ ጨጓራ እና ክንድ የማሰራጨት ህመም,ቀስፎ የሚይዝ የደረት ውጋት አንዳንድ ጊዜ ወደ አገጭ፣ ጫንቃ፣ ጨጓራ እና ክንድ የማሰራጨት ህመም
የደረት ውጋት መንስኤ ምንምን ነዉ?,የስኳር በሽታና/ከአሁን በፊት የልብ ጡንቻ መለብለብ የደረሰበት ሰው/፣ደም ግፊት፣የኮሌስትሮል መጠን መጨመር,የስኳር በሽታና/ከአሁን በፊት የልብ ጡንቻ መለብለብ የደረሰበት ሰው/፣ደም ግፊት፣የኮሌስትሮል መጠን መጨመር
የእግር እብጠት ማለት ምን ማለት ነዉ?,ይህ ችግር የሚጀምረው ፈሳሽ በሰውነታችን የተለያዩ ክፍሎች በሚከማችበት ጊዜ ሲሆን እብጠት እንዲፈጠር ያደርጋል ይህ እብጠት በህክምና ቋንቋ Edema ይባላል፡፡,ይህ ችግር የሚጀምረው ፈሳሽ በሰውነታችን የተለያዩ ክፍሎች በሚከማችበት ጊዜ ሲሆን እብጠት እንዲፈጠር ያደርጋል ይህ እብጠት በህክምና ቋንቋ Edema ይባላል፡፡
የእግር እብጠት ምልክቱ ምንድን ነዉ?,እብጠት እንዲፈጠር ያደርጋል ይህ እብጠት በህክምና ቋንቋ Edema ይባላል፡፡,እብጠት እንዲፈጠር ያደርጋል ይህ እብጠት በህክምና ቋንቋ Edema ይባላል፡፡
የእግር እብጠት የቤት ዉስጥ ህክምናዉ ምንምን ነዉ?,የውሃ ፈውስ፣መታሸት፣ጨው፣እግርን ከፍ አድርጎ መተኛት,የውሃ ፈውስ፣መታሸት፣ጨው፣እግርን ከፍ አድርጎ መተኛት
እግር ፈንገስ ምንድን ነዉ?,የእግር ፈንገስ በፈንገስ አማካኝነት የሚከሰት ሲሆን በአብዛኛው የሚጀምረው በእግር አውራ ጣት ነው፡፡,የእግር ፈንገስ በፈንገስ አማካኝነት የሚከሰት ሲሆን በአብዛኛው የሚጀምረው በእግር አውራ ጣት ነው፡፡
እግር ፈንገስ ብዙ ጊዜ እንዴት ይከሰታል?,በዋነኝነት የሚከሰተው እግራቸውን የሚያልባቸው ሰዎች ላይ እና የሚያጣብቅ ጫማ የሚያደርጉ ሰዎች ላይ ነው፡፡,በዋነኝነት የሚከሰተው እግራቸውን የሚያልባቸው ሰዎች ላይ እና የሚያጣብቅ ጫማ የሚያደርጉ ሰዎች ላይ ነው፡፡
እግር ፈንገስ መንስኤ ምንምን ነዉ?,ፈንገሶች፣የረጠበ ካልሲ ማድረግ፣የረጠበ ጫማ ማድረግ,ፈንገሶች፣የረጠበ ካልሲ ማድረግ፣የረጠበ ጫማ ማድረግ
እግር ፈንገስ ምልክቱ ምንምን ነዉ?,ነጣ ያሉ ቀያይ ነጠብጣቦች፣የእግር ሽታ፣ውሀ የቋጠሩ እባጮች,ነጣ ያሉ ቀያይ ነጠብጣቦች፣የእግር ሽታ፣ውሀ የቋጠሩ እባጮች
እግር ፈንገስ ህክምናዉ ምንድን ነዉ?,መፍትሄው እንደ ፈንገሱ የእድገት ደረጃ ቢለያይም በሀኪም ትዛዞች የሚሰጡ የጸረ ፈንገስ መድህኒቶችን መጠቀም,መፍትሄው እንደ ፈንገሱ የእድገት ደረጃ ቢለያይም በሀኪም ትዛዞች የሚሰጡ የጸረ ፈንገስ መድህኒቶችን መጠቀም
እግር ፈንገስ የቤት ዉስጥ ህክምናዉ ምንምን ነዉ?,የእግር ንጽህናን መጠበቅ፣የጫማንና የካሊሲን ንጽህናን መጠበቅ,የእግር ንጽህናን መጠበቅ፣የጫማንና የካሊሲን ንጽህናን መጠበቅ
የኮሶ ትል ማለት ምን ማለት ነዉ? ,የኮሶ ትል ማለት የአንጀት ጥገኛ ተዋስ ነው። የኮሶ ትል እራሱን ችሎ መኖር አይችልም የሰው እና እንስሳ ሆድ ውስጥ ሲገባ ህይውት ይኖረዋል።,የኮሶ ትል ማለት የአንጀት ጥገኛ ተዋስ ነው። የኮሶ ትል እራሱን ችሎ መኖር አይችልም የሰው እና እንስሳ ሆድ ውስጥ ሲገባ ህይውት ይኖረዋል።
የኮሶ ትል መንስኤ ምንድን ነዉ?,የኮሶ እንቁላል በሚከተሉት መንገዶች ሰውነት ውስጥ ሊገባ ይችላል።,የኮሶ እንቁላል በሚከተሉት መንገዶች ሰውነት ውስጥ ሊገባ ይችላል።
የኮሶ ትል ምልክቱ ምንምን ነዉ?,የድካም ስሜት፣ የሆድ ህመም፣ ኪሎ መቀነስ እና ተቅማጥ ሰገራ ውስጥ የኮሶ ትል እንቁላል,የድካም ስሜት፣ የሆድ ህመም፣ ኪሎ መቀነስ እና ተቅማጥ ሰገራ ውስጥ የኮሶ ትል እንቁላል
የኮሶ ትል መከላከያዉ ምንድን ነዉ?,የእንስሳ እና የሰውን ሰገራ በአግባቡ ማስወገድ ይገባል።,የእንስሳ እና የሰውን ሰገራ በአግባቡ ማስወገድ ይገባል።
የኮሶ ትል ስንት ሜትር ነዉ?,አስራ አምስት ሜትር,አስራ አምስት ሜትር
የኩላሊት እጥበት ማለት ምን ማለት ነዉ? ,የኩላሊት እጥበት ማለት ኩላሊት በተለያዩ ምክንየት ችግር ደርሶበት ማስወገድ ያልቻለውን ቆሻሻ እና ትርፍ ፈሳሾችን ከደም ውስጥ የሚያስወግድ የህክምና አይነት ነው። ,የኩላሊት እጥበት ማለት ኩላሊት በተለያዩ ምክንየት ችግር ደርሶበት ማስወገድ ያልቻለውን ቆሻሻ እና ትርፍ ፈሳሾችን ከደም ውስጥ የሚያስወግድ የህክምና አይነት ነው። 
የኩላሊት እጥበት እንዴት ይከናወናል? ,የኩላሊት እጥበት የሚከናወነው ዲያሊሴት በተባለ የተለየ ፈሳሽ ነው።,የኩላሊት እጥበት የሚከናወነው ዲያሊሴት በተባለ የተለየ ፈሳሽ ነው።
የከባድ እኩላሊት ህመም ምልክቱ ምንምን ነዉ?,"የደም ማነስ፣ደም የተቀላቀለበት ሽንት፣የጠቆረ ሽንት
","የደም ማነስ፣ደም የተቀላቀለበት ሽንት፣የጠቆረ ሽንት
"
የኩላሊት በሽታ ስንት ደረጃዎች አሉት?,አምስት,አምስት
የኩላሊት ጤንነት የሚታወቅበት መለኪያ ምን ይባላል?,ጂኤፍአር ሬት(GFR rate) የኩላሊት ጤንነት የሚታወቅበት መለኪያ ነው። የጂኤፍአር መጠን የኩላሊታችንን ጤነንት ይናገራል።,ጂኤፍአር ሬት(GFR rate) የኩላሊት ጤንነት የሚታወቅበት መለኪያ ነው። የጂኤፍአር መጠን የኩላሊታችንን ጤነንት ይናገራል።
የኩላሊት በሽታ ህክምናዉ ምንድን ነዉ?,ኩላሊት በሽታን የሚያድን መድሃኒት የለም። ነገር ግን የተለያዩ ህክምናዎች በሽታውን ለመቆጣጠር አገልግሎት ላይ ይውላሉ።,ኩላሊት በሽታን የሚያድን መድሃኒት የለም። ነገር ግን የተለያዩ ህክምናዎች በሽታውን ለመቆጣጠር አገልግሎት ላይ ይውላሉ።
አብዛኛው የኩላሊት በሽታ ታካሚ በሽታው ከ ስንት ከስቴጅ አያልፍበትም?,ከሁለት,ከሁለት
የኩላሊት በሽታ የሚያስታግሱ መድሃኒቶችን ጥቀስ,ኩላሊት መስራት ሲያቆምና ሰውነት ውስጥ መርዛማ ንጥረ ነገሮች ሲከማቹ ታካሚው የማቅለሽለሽ ወይም የመታመም ስሜት ይሰማዋል። በዚህ ግዜ እንደ ሳይክሊዛይን አይነት መድሃኒቶች ህመምን ያስታግሳሉ።,ኩላሊት መስራት ሲያቆምና ሰውነት ውስጥ መርዛማ ንጥረ ነገሮች ሲከማቹ ታካሚው የማቅለሽለሽ ወይም የመታመም ስሜት ይሰማዋል። በዚህ ግዜ እንደ ሳይክሊዛይን አይነት መድሃኒቶች ህመምን ያስታግሳሉ።
ዳያሊሲስ ማለት ምን ማለት ነወ?,ዳያሊሲስ በማሽን የሚደረግ የሰውነት ቆሻሻን ማጥራት ስራ ነው። ,ዳያሊሲስ በማሽን የሚደረግ የሰውነት ቆሻሻን ማጥራት ስራ ነው። 
ስንት አይነት የዳያሊሲስ አይነት አለ?,ሁለት፡፡ ሂሞዳያሊሲስ እና ፔሪቶኒያል ዳያሊሲስ ,ሁለት፡፡ ሂሞዳያሊሲስ እና ፔሪቶኒያል ዳያሊሲስ 
ሂሞዳያሊሲስ የዳያሊሲስ ምንድን ነዉ?,ሂሞዳያሊሲስ የዳያሊሲስ አይነት ደም ከሰውነታችን ፓምፕ እየተደረገ በማሽን ውስጥ አልፎ እየተጣራ እንዲገባ የሚደረግበት ህክምና ነው።,ሂሞዳያሊሲስ የዳያሊሲስ አይነት ደም ከሰውነታችን ፓምፕ እየተደረገ በማሽን ውስጥ አልፎ እየተጣራ እንዲገባ የሚደረግበት ህክምና ነው።
ፔሪቶኒያል ዳያሊሲስ ምንድን ነዉ?,ፔሪቶኒያል ዳያሊሲስ የታካሚው ደም በራሱ ሆድ ውስጥ እንዲጣራ ይደረጋል። ,ፔሪቶኒያል ዳያሊሲስ የታካሚው ደም በራሱ ሆድ ውስጥ እንዲጣራ ይደረጋል። 
ኩላሊት ንቅለ-ተከላ ምንድን ነዉ?,ከኩላሊት መስራት ማቆም በቀር ሌላ ኩላሊትን የሚጎዳ በሽታ ለሌላቸው ታካሚዎች ኩላሊት ንቅለ-ተከላ ከዳያሊሲስ የተሻለ አማራጭ ነው። ,ከኩላሊት መስራት ማቆም በቀር ሌላ ኩላሊትን የሚጎዳ በሽታ ለሌላቸው ታካሚዎች ኩላሊት ንቅለ-ተከላ ከዳያሊሲስ የተሻለ አማራጭ ነው። 
ለኩላሊት ንቅለ-ተከላ ምን ያስፈልጋል?,ኩላሊት ለጋሹ እና ተቀባዩ ተመሳሳይ የደም አይነት፣ የሴል ሰርፌስ ፕሮቲን እና አንቲቦዲ ሊኖራቸው ይገባል። ,ኩላሊት ለጋሹ እና ተቀባዩ ተመሳሳይ የደም አይነት፣ የሴል ሰርፌስ ፕሮቲን እና አንቲቦዲ ሊኖራቸው ይገባል። 
የኩላሊት እጥበት መቸ ይደረጋል?  ,የኩላሊቱ ተግባር 15 % ወይም ከዚያ በታች ሲሆን ,የኩላሊቱ ተግባር 15 % ወይም ከዚያ በታች ሲሆን 
የኩላሊት በሽታ ምልክቱ ምንምን ነዉ?,ትንፋሽ ማጠር፣የድካም ስሜት፣የጡንቻ ቁርጥማት፣ማቅለሽለሽና ማስመለስ፣የሰውነት እብጠት,ትንፋሽ ማጠር፣የድካም ስሜት፣የጡንቻ ቁርጥማት፣ማቅለሽለሽና ማስመለስ፣የሰውነት እብጠት
የኩላሊት በሽታ መከላከያዉ ምንድን ነዉ?,የጨው አጠቃቀማችንን መቆጣጠር ይኖርብናል። ፖታሲየም እና ፎስፈረስ ያልቸው ምግቦችንም መቀነስ ይኖርብናል።,የጨው አጠቃቀማችንን መቆጣጠር ይኖርብናል። ፖታሲየም እና ፎስፈረስ ያልቸው ምግቦችንም መቀነስ ይኖርብናል።
የኩላሊት በሽታ መነሻ ምንድን ነዉ?,አብዛኛው ግዜ የኩላሊት ጉዳት የሚመጣው ሰውነታችን ባስተናገደው የረጅም ግዜ በሽታ ነው። ,አብዛኛው ግዜ የኩላሊት ጉዳት የሚመጣው ሰውነታችን ባስተናገደው የረጅም ግዜ በሽታ ነው። 
የኩላሊት በሽታ መንስኤ ምንምን ነዉ?,በቤተሰባችን ውስጥ የኩላሊት በሽታ ታሪክ፣አቲሮስክለሮሲስ፣የሽንት ፊኛ መዘጋት,በቤተሰባችን ውስጥ የኩላሊት በሽታ ታሪክ፣አቲሮስክለሮሲስ፣የሽንት ፊኛ መዘጋት
የኩላሊት በሽታ ምርመራዎች ምንምን ናቸዉ?,ደም ምርመራ፣ሽንት ምርመራ፣ክላሊት ስካን,ደም ምርመራ፣ሽንት ምርመራ፣ክላሊት ስካን
የኩላሊት ኢንፌክሽን ማለት ምን ማለት ነወ? ,የኩላሊት ኢንፌክሽን ማለት በሽንት ቧንቧ ላይ በሚደርስ ችግር የሚከሰት ህመም,የኩላሊት ኢንፌክሽን ማለት በሽንት ቧንቧ ላይ በሚደርስ ችግር የሚከሰት ህመም
የኩላሊት ኢንፌክሽን መንስኤ ምንምን ነዉ?,የኩላሊት ጠጠር፣የሽንት ቧንቧ መዘጋት፣የሽንት ቧንቧ ኢንፌክሽን፣በቂ ውሀ አለመጠጣት ,የኩላሊት ጠጠር፣የሽንት ቧንቧ መዘጋት፣የሽንት ቧንቧ ኢንፌክሽን፣በቂ ውሀ አለመጠጣት 
የኩላሊት ኢንፌክሽን ምልክቱ ምንድን ነዉ?,ከእምብርት በታች የሆድ ህመም፣በተደጋጋሚ ሽንት መሽናት፣ሽንት በሚሸናበት ወቅት ማቃጠል,ከእምብርት በታች የሆድ ህመም፣በተደጋጋሚ ሽንት መሽናት፣ሽንት በሚሸናበት ወቅት ማቃጠል
ኩላሊት ምንድን ነዉ?,ኩላሊት መርዛማ ንጥረ ነገሮችን ከሰውነት ለማስወገድ ትርፍ ውሃን ከደም ውስጥ ለመቀነስና የደም ግፊትን ለመቆጣጠር ይረዳሉ፡፡ ,ኩላሊት መርዛማ ንጥረ ነገሮችን ከሰውነት ለማስወገድ ትርፍ ውሃን ከደም ውስጥ ለመቀነስና የደም ግፊትን ለመቆጣጠር ይረዳሉ፡፡ 
ሰዎች ስንት ኩላሊት አሏቸው?,ሁለት,ሁለት
የኩላሊት ተግባራትን ዘርዝር,የውሀና ንጥረ ነገሮችን ሚዛን( እንደ ጨው፣ፖታሽየምና ፎስፈረስ ያሉትን) ይጠብቃል፣ከምግብ መፈጨት፣ከአካል እንቅስቃሴ ወይም ለኬሚካሎች ከተጋለጡ በኋላ ሚኖሩትን ቆሻሻዎች ከደም ውስጥ ያስወግዳል፡፡,የውሀና ንጥረ ነገሮችን ሚዛን( እንደ ጨው፣ፖታሽየምና ፎስፈረስ ያሉትን) ይጠብቃል፣ከምግብ መፈጨት፣ከአካል እንቅስቃሴ ወይም ለኬሚካሎች ከተጋለጡ በኋላ ሚኖሩትን ቆሻሻዎች ከደም ውስጥ ያስወግዳል፡፡
የምግብ መመረዝ ምንምን ነዉ?,የምግብ መመረዝ የምንለው የሕመሙ ዓይነት የሚከሰተው  በቫይረስ ፣ በባክቴሪያ ፣ እና በፓራሳይት አማካኝነት የተበከለን ምግብ በምንመገብበት ወቅት  ነው  ፡፡ ,የምግብ መመረዝ የምንለው የሕመሙ ዓይነት የሚከሰተው  በቫይረስ ፣ በባክቴሪያ ፣ እና በፓራሳይት አማካኝነት የተበከለን ምግብ በምንመገብበት ወቅት  ነው  ፡፡ 
የምግብ መመረዝ ምልክቱ ምንምን ነዉ?,"ማቅለሽለሽ፣ማሽመለሽ፣ደም የቀላቀለ ተቅማጥ
","ማቅለሽለሽ፣ማሽመለሽ፣ደም የቀላቀለ ተቅማጥ
"
የምግብ መመረዝ መፍትሄዉ ምንምን ነዉ?,ከፍተኛ የውሀ ጥማት ፣ የአፍ መድረቅ  ፣ የድካም ስሜት ፣ ማዞር እና አነስተኛ የውሀ ሽንት ካለ ሀኪም ጋር መቅረቦን አይዘንጉ።,ከፍተኛ የውሀ ጥማት ፣ የአፍ መድረቅ  ፣ የድካም ስሜት ፣ ማዞር እና አነስተኛ የውሀ ሽንት ካለ ሀኪም ጋር መቅረቦን አይዘንጉ።
የምግብ መመረዝ ምርመራዎች ምንምን ናቸዉ?,"የደም ምርመራ፣የሰገራ ምርመራ
","የደም ምርመራ፣የሰገራ ምርመራ
"
የምግብ መመረዝ ህክምናዉ ምንድን ነዉ?,በተለያዩ ምክንያት ያጡትን ፈሳሽ መተካት ,በተለያዩ ምክንያት ያጡትን ፈሳሽ መተካት 
የምግብ መመረዝ መከላከያዉ ምንድን ነዉ?,እጅን በአግባቡ መታጠብ እንዲሁ የምግብ ማብሰያን እና መመገቢያ ቁሳቁሶችን በንፅህና መጠበቅ ,እጅን በአግባቡ መታጠብ እንዲሁ የምግብ ማብሰያን እና መመገቢያ ቁሳቁሶችን በንፅህና መጠበቅ 
ለልጆች የጸሃይ ብርሃን እጥረት ምልክቱ ምንምን ነዉ?,የእግር በተገቢው ቅርጽ አለማደግ፣የጭንቅላት የሚሸፍነው ክፍል ያልጠነከረ መሆን ,የእግር በተገቢው ቅርጽ አለማደግ፣የጭንቅላት የሚሸፍነው ክፍል ያልጠነከረ መሆን 
ሪኬትስ ምንድን ነዉ?,ሪኬትስ በቫይታሚን ዲ እጥረት ምክንያት የሚፈጠር የአጥንት ችግር ሲሆን አጥንትን የሳሳ እና የደከመ እንዲሆን ያደርጋል ። ,ሪኬትስ በቫይታሚን ዲ እጥረት ምክንያት የሚፈጠር የአጥንት ችግር ሲሆን አጥንትን የሳሳ እና የደከመ እንዲሆን ያደርጋል ። 
ለልጆች የጸሃይ ብርሃን እጥረት መንስኤ ምንምን ነዉ?,ቫይታሚን ዲ ያነሰው ምግብ መመገብ፣ጸሃይ በተገቢው አለማግኘት,ቫይታሚን ዲ ያነሰው ምግብ መመገብ፣ጸሃይ በተገቢው አለማግኘት
ለልጆች የጸሃይ ብርሃን እጥረት መከላከያዉ ምንድን ነዉ?,ልጆችን ጸሃይ ማስሞቅ፣የቫይታሚን ሰፕሊመንት መስጠት ,ልጆችን ጸሃይ ማስሞቅ፣የቫይታሚን ሰፕሊመንት መስጠት 
ጡት ማጥባት የማይችሉ ከሆነ ለህፃናት ምን ይሰጣቸዉ?,ጡት ማጥባት የማይችሉ ከሆነ የቆርቆሮ ወተቶችን (ፎርሙላ ወተትን) መጠቀም ይቻላል፡፡,ጡት ማጥባት የማይችሉ ከሆነ የቆርቆሮ ወተቶችን (ፎርሙላ ወተትን) መጠቀም ይቻላል፡፡
ልጆች ስንት ወር ጡት ብቻ እንዲወስዱ ይመከራል?,ጤናማ ህፃናት እስከ 6 ወር ድረስ ዉሃ፣ ጭማቂም ይሁን ሌላ ፈሳሾችም ቢሆን አያስፈልጋቸዉም፡፡,ጤናማ ህፃናት እስከ 6 ወር ድረስ ዉሃ፣ ጭማቂም ይሁን ሌላ ፈሳሾችም ቢሆን አያስፈልጋቸዉም፡፡
አዲስ የተወለደ ልጅዎ በቀን ስንት ጊዜ መመገብ ይገበዋል?,ከስምንት እስከ አስራ ሁለት ጊዜ ,ከስምንት እስከ አስራ ሁለት ጊዜ 
ህፃኑ ምግብ ሲፈልግ/ሲራብ ምልክቱ ምንምን ነዉ?,ህፃኑ ምግብ ሲፈልግ/ሲራብ የመወራጨት፣ መጥባት ምልክቶችንና ከንፈሮቹን ማንቀሳቀስ ይጀምራል፡፡ ,ህፃኑ ምግብ ሲፈልግ/ሲራብ የመወራጨት፣ መጥባት ምልክቶችንና ከንፈሮቹን ማንቀሳቀስ ይጀምራል፡፡ 
ልጆች የጠዋት የፀሃይ ብርሃን ሙሉ ሰዉነቱን ስንት ደቂቃ ማሞቅ አለብን?,በየቀኑ የጠዋት የፀሃይ ብርሃን ሙሉ ሰዉነቱን ከሆነ ከ10-15 ደቂቃዎች ማሞቅ፡፡,በየቀኑ የጠዋት የፀሃይ ብርሃን ሙሉ ሰዉነቱን ከሆነ ከ10-15 ደቂቃዎች ማሞቅ፡፡
ልጆች የጠዋት የፀሃይ ብርሃን ጭንቅላቱን፣ እጅና እግሮቹን ስንት ደቂቃ ማሞቅ አለብን?,ጭንቅላቱን፣ እጅና እግሮቹን ለ30 ደቂቃዎች ያህል ማሞቅ ያስፈልጋል፡፡,ጭንቅላቱን፣ እጅና እግሮቹን ለ30 ደቂቃዎች ያህል ማሞቅ ያስፈልጋል፡፡
ህፃናት ላይ በተደጋጋሚ ቶንሲል የሚከሰተው ለምንድን ነዉ?,ቶንሲል ልትጠቃ የምትችለው ስትረብቶኮከስ ባክቴሪያ አማካኝነት ነው በዚህም ህፃናት ላይ በተደጋጋሚ ሊከሰት ይችላል ከሰው ወደ ሰው የመተላለፍ አቅሙ ከፍተኛ ስለሆነ በተደጋጋሚ እንዲጠቁ ይሆናል፡፡ ,ቶንሲል ልትጠቃ የምትችለው ስትረብቶኮከስ ባክቴሪያ አማካኝነት ነው በዚህም ህፃናት ላይ በተደጋጋሚ ሊከሰት ይችላል ከሰው ወደ ሰው የመተላለፍ አቅሙ ከፍተኛ ስለሆነ በተደጋጋሚ እንዲጠቁ ይሆናል፡፡ 
የጎሮሮ ህመም ምልክቱ ምንምን ነዉ?,ትኩሳት፣መጥፎ የአፍ ጠረን፣ለመዋጥ መቸገር,ትኩሳት፣መጥፎ የአፍ ጠረን፣ለመዋጥ መቸገር
የጎሮሮ ህመም መፍትሄዉ ምንድን ነዉ?,እንዳይደጋገም መከላከል ቀዝቃዛ ነገሮችን እንዳይወስዱ መጠበቅ፣ ያለበት ሰው ካለ እንዳያስተላልፍ መጠበቅ,እንዳይደጋገም መከላከል ቀዝቃዛ ነገሮችን እንዳይወስዱ መጠበቅ፣ ያለበት ሰው ካለ እንዳያስተላልፍ መጠበቅ
የጎሮሮ ህመም የበቤተት ዉስጥ መፍትሄዉ ምንምን ነዉ?,ለብ ያለ ውሀ በጨው መጉመጥመጥ፣ሻይ በማር መጠጣት,ለብ ያለ ውሀ በጨው መጉመጥመጥ፣ሻይ በማር መጠጣት
ህፃናት ላይ የሚከሰት ሆድ ቁርጠት ምንድን ነዉ?,የልጆች የሆድ ቁርጠት የምንለው ከ3 ሳምንታት የሚበልጥ ጊዜ በሳምንት ከ3 ቀናት ለሚበልጥ ጊዜ የሚኖር ህመም ሲኖር ነው።ቁርጠት ,የልጆች የሆድ ቁርጠት የምንለው ከ3 ሳምንታት የሚበልጥ ጊዜ በሳምንት ከ3 ቀናት ለሚበልጥ ጊዜ የሚኖር ህመም ሲኖር ነው።ቁርጠት 
የቁርጠት ምክነያት ምንምን ነዉ?,እየዳበሩ በሚሄዱ ጡንቻዎች፣ጋዝ (ወተት ሲጠባ አብሮት ወደ ሆዱ የሚገባ አየር)፣የወተት አለመስማማት,እየዳበሩ በሚሄዱ ጡንቻዎች፣ጋዝ (ወተት ሲጠባ አብሮት ወደ ሆዱ የሚገባ አየር)፣የወተት አለመስማማት
የቁርጠት ህክምናዉ ምንምን ነዉ?,"ሆድን ቀስ እያሉ መዳበስ፣ሞቅ ባለ ውሀ ገላን ማጠብ
","ሆድን ቀስ እያሉ መዳበስ፣ሞቅ ባለ ውሀ ገላን ማጠብ
"
የቁርጠት መከላከያዉ ምንምን ነዉ?,"ህፃንን ጡት ወይም ጡጦ ካጠቡ በኋላ ማስገሳት፣ህፃንን ጡት ወይም ጡጦ በሚጠባበት ጊዜ ባዶ አየር እንዳይወስዱ መከታተል
","ህፃንን ጡት ወይም ጡጦ ካጠቡ በኋላ ማስገሳት፣ህፃንን ጡት ወይም ጡጦ በሚጠባበት ጊዜ ባዶ አየር እንዳይወስዱ መከታተል
"
የቁርጠት ምልክቱ ምንድን ነዉ?,በተመሳሳይ ሰአት ከፍተኛ ለቅሶ ማሰማት ,በተመሳሳይ ሰአት ከፍተኛ ለቅሶ ማሰማት 
ልጄ መቸ ምግብ መጀመር አለበት ? ,ስድስት ወር ሲሞላቸዉ,ስድስት ወር ሲሞላቸዉ
ህፃናት ጊዜው ሳይደርስ ምግብ ማስጀመር የሚያመጣው ተፅእኖ ምንድን ነዉ?,ትንታ እንዲፈጠር ያደርጋል ምክንያቱም የልጆች አካል  ያልጠነከረ ስለሆነ፣ማግኘት ያለባቸውን ካሎሪን እንዳያገኙ ያደርጋል ,ትንታ እንዲፈጠር ያደርጋል ምክንያቱም የልጆች አካል  ያልጠነከረ ስለሆነ፣ማግኘት ያለባቸውን ካሎሪን እንዳያገኙ ያደርጋል 
ህፃናት ጊዜውን አሳልፎ ምግብ እንዲወስዱ ማድረግ የሚያመጣው ተፅእኖ ምንድን ነዉ?,"ክብደታቸው ከሚጠበቀው በታች ይሆናል፣የአይረን እጥረት ስለሚያጋጥማቸው ለደም ማነስ ይጋለጣሉ 
","ክብደታቸው ከሚጠበቀው በታች ይሆናል፣የአይረን እጥረት ስለሚያጋጥማቸው ለደም ማነስ ይጋለጣሉ 
"
በህፃናት ላይ የሚከሰት ሳል ምልክቱ ምንምን ነዉ?,በመተንፈሻ አካባቢ መጨናነቅ߹ትንፋሽ ማጠር ߹ ትኩሳት እና ከመጠን በላይ ላብ ,በመተንፈሻ አካባቢ መጨናነቅ߹ትንፋሽ ማጠር ߹ ትኩሳት እና ከመጠን በላይ ላብ 
በህፃናት ላይ የሚከሰት ሳል መንስኤ ምንምን ነዉ?,ጉንፋን፣የሳንባ ምች፣አስም፣ብሮንካተስ,ጉንፋን፣የሳንባ ምች፣አስም፣ብሮንካተስ
በህፃናት ላይ የሚከሰት የአስም በሽታ ምንድን ነዉ?,አስም የምንለው በልጆች ላይ የሚከሰት የመተንፈሻ አካላት እንዲሁም ሳንባ ላይ የሚደርስ የብግነት ወይም የመቆጣት ስሜት ,አስም የምንለው በልጆች ላይ የሚከሰት የመተንፈሻ አካላት እንዲሁም ሳንባ ላይ የሚደርስ የብግነት ወይም የመቆጣት ስሜት 
በህፃናት ላይ የሚከሰት የአስም በሽታ መንስኤ ምንድን ነዉ?,"በዘር የሚመጣ የአስም በሽታ፣ለሲጋራ ጭስ እንዲሁም ለአየር ብክለት መጋለጥ
","በዘር የሚመጣ የአስም በሽታ፣ለሲጋራ ጭስ እንዲሁም ለአየር ብክለት መጋለጥ
"
ህፃናት ላይ የሚከሰት የአስም በሽታ ምልክቱ ምንምን ነዉ?,"ተደጋጋሚ የሆነ ሳል፣አየር በሚያስወጡ ጊዜ ያልተለመደ ድምጽ መስማት
","ተደጋጋሚ የሆነ ሳል፣አየር በሚያስወጡ ጊዜ ያልተለመደ ድምጽ መስማት
"
ልጆች የእድገት ደረጃ ከ12ኛ ወር እስከ ሁለት ዓመት ምልክቱ ምንድን ነዉ?,ልጆች የሚያሳዩት እድገት በጣም ብዙ ለውጥ ይዞ ይመጣል። ,ልጆች የሚያሳዩት እድገት በጣም ብዙ ለውጥ ይዞ ይመጣል። 
ልጆች በሁለተኛ ዓመት ልደታቸው ስንት ቃላት ማለት ይችላሉ?,ከሃምሳ እስከ መቶ,ከሃምሳ እስከ መቶ
ጨቅላ ህፃናት የተወለዱ ጊዜ በቀን ውስጥ ስንት ሰዓታት ይተኛሉ?,ከአስራ ስድስት እስከ ሃያ ሰዓት,ከአስራ ስድስት እስከ ሃያ ሰዓት
የጨቅላ ህፃናት ቢጫ መሆን ማለት ምን ማለት ነዉ?,የጨቅላ ህፃን ቢጫ መሆን የሚከሰተዉ የህፃኑ ከመጠን ያለፈና ቢጫ መልክ ያለዉ ቢሊሩቢን የሚባለዉ ኬሚካል በህፃኑ ደም ዉስጥ መኖር ነዉ፡፡,የጨቅላ ህፃን ቢጫ መሆን የሚከሰተዉ የህፃኑ ከመጠን ያለፈና ቢጫ መልክ ያለዉ ቢሊሩቢን የሚባለዉ ኬሚካል በህፃኑ ደም ዉስጥ መኖር ነዉ፡፡
የጨቅላ ህፃናት ቢጫ መሆን ምልክቱ ምንምን ነዉ?,በልጅዎ የእግር፣እጅና ሆድ አካባቢ ባለዉ ቆዳ ላይ ቢጫ መሆኑ ካለ,በልጅዎ የእግር፣እጅና ሆድ አካባቢ ባለዉ ቆዳ ላይ ቢጫ መሆኑ ካለ
የጨቅላ ህፃናት ቢጫ መሆን መንስኤ ምንድን ነዉ?,በቂ ወተት ሳያገኙ ቀርተዉ የፈሳሽ እጥረት የገጠማቸዉ ወይም የካሎሪ አወሳሰዳቸዉ አነስተኛ ከሆነ ለቢጫነቱ መከሰት ምክንያት ይሆናል፡፡ ,በቂ ወተት ሳያገኙ ቀርተዉ የፈሳሽ እጥረት የገጠማቸዉ ወይም የካሎሪ አወሳሰዳቸዉ አነስተኛ ከሆነ ለቢጫነቱ መከሰት ምክንያት ይሆናል፡፡ 
የጨቅላ ህፃናት ቢጫ መሆን የቤት ዉስጥ ህክምናዉ ምንድን ነዉ?,ልጅዎን በበቂ መጠን መመገብ,ልጅዎን በበቂ መጠን መመገብ
የጨቅላ ህፃናት ቢጫ መሆን መከላከያዉ ምንድን ነዉ?,በበቂ መጠን መመገብ የጨቅላ ህፃናትን ቢጫነት ለመከላከል ያገለግላል፡፡ ,በበቂ መጠን መመገብ የጨቅላ ህፃናትን ቢጫነት ለመከላከል ያገለግላል፡፡ 
የህጻናት የኤሌክትሮኒክስ መጠቀም ጉዳቱ ምንምን ነዉ?,ህጻናት እንደ ላፕቶፕ፣ ታብሌት እና ስማርት ስልኮችን አዘውትረው የሚጠቀሙ ከሆነ ለተለያዩ የማህበራዊ እና የጤና ጉዳቶች ሊዳርጋቸው ይችላል።  ,ህጻናት እንደ ላፕቶፕ፣ ታብሌት እና ስማርት ስልኮችን አዘውትረው የሚጠቀሙ ከሆነ ለተለያዩ የማህበራዊ እና የጤና ጉዳቶች ሊዳርጋቸው ይችላል።  
የህጻናት የኤሌክትሮኒክስ መጠቀም የጉዳት ምልክቱ ምንምን ነዉ?,የአእምሮ እድገት እክል፣የተዛባ የማህበራዊ ግንኙነት፣ከመጠን ያለፈ ውፍረት፣የእንቅልፍ ማነስ,የአእምሮ እድገት እክል፣የተዛባ የማህበራዊ ግንኙነት፣ከመጠን ያለፈ ውፍረት፣የእንቅልፍ ማነስ
ከ አንድ ዓመት በታች ላሉ ህፃናት መሰጠት የሌለባቸው ምግቦች ዘርዝር,ማር፣ቸኮሌት፣ስኳር፣ያልተፈጩ ፍራፍሬዎችና ጥራጥሬዎች,ማር፣ቸኮሌት፣ስኳር፣ያልተፈጩ ፍራፍሬዎችና ጥራጥሬዎች
ከ አንድ ዓመት በታች ላሉ ህፃናት መሰጠት የሌለባቸው መጠጦች ዘርዝር,ሻይ ፣ ቡና ፣ ለስላሳ መጠጦች,ሻይ ፣ ቡና ፣ ለስላሳ መጠጦች
የህፃናት ጆሮ ኢንፌክሽን ምንድን ነዉ?,በለጋ እድሜ ላይ ያሉ ህፃናት ጆሮዋቸውን መጎተት ከውስጥ ጆሮ ኢንፌክሽን አንዱ ምልክት ነው። ,በለጋ እድሜ ላይ ያሉ ህፃናት ጆሮዋቸውን መጎተት ከውስጥ ጆሮ ኢንፌክሽን አንዱ ምልክት ነው። 
የህፃናት ጆሮ ኢንፌክሽን አጋላጮች ምንምን ናቸዉ?,አስተኝቶ ልጅን ማጥባት፣የእንጀራ እናት ጡጦን አብዝቶ መጠቀም,አስተኝቶ ልጅን ማጥባት፣የእንጀራ እናት ጡጦን አብዝቶ መጠቀም
የህፃናት ጆሮ ኢንፌክሽን ምልክቱ ምንምን ነዉ?,ጆሮን መጎተት፣የጆሮ ህመም፣መነጫነጭ,ጆሮን መጎተት፣የጆሮ ህመም፣መነጫነጭ
በጊዜ ያልታከመ የጆሮ ኢንፌክሽን ጉዳቱ ምንድን ነዉ?,በጊዜ ያልታከመ የጆሮ ኢንፌክሽን ለታምቡር መቀደድና ለማጅራት ገትር ለመስማት ችግር ሊዳርግ ይችላል፡፡,በጊዜ ያልታከመ የጆሮ ኢንፌክሽን ለታምቡር መቀደድና ለማጅራት ገትር ለመስማት ችግር ሊዳርግ ይችላል፡፡
የተመጣጠነ ምግብ ማለት ምን ማለት ነዉ? ,የተመጣጠነ ምግብ ማለት መሰረታዊ የሆኑ የምግብ ክፍሎችን የሚያካትት ነው፡፡,የተመጣጠነ ምግብ ማለት መሰረታዊ የሆኑ የምግብ ክፍሎችን የሚያካትት ነው፡፡
ሳምባ ምች ምንድን ነዉ?,ሳምባ ምች(ኒሞኒያ) ማለት የሳምባችን የታችኛው እና የመጨረሻው ክፍል መቆጣት እና መታመም ነው:: ,ሳምባ ምች(ኒሞኒያ) ማለት የሳምባችን የታችኛው እና የመጨረሻው ክፍል መቆጣት እና መታመም ነው:: 
ሳምባ ምች(ኒሞኒያ) መንስኤው ምንምን ነው?,"በቫይረስ, በባክቴርያ, በፕሮቶዝዋ አልፎ አልፎም በፓራሳይት አማካኝነት ሊመጣ ይቻላል","በቫይረስ, በባክቴርያ, በፕሮቶዝዋ አልፎ አልፎም በፓራሳይት አማካኝነት ሊመጣ ይቻላል"
ልጆችን ለሳም ባምች(ኒሞኒያ) የሚያጋልጡ ነገሮችን ዘርዝር,የላይኛው የትንፋሽ አካላት ኢንፌክሽን ለምሳሌ ጉፋን፤ የቶንሲል ኢንፌክሽን ,የላይኛው የትንፋሽ አካላት ኢንፌክሽን ለምሳሌ ጉፋን፤ የቶንሲል ኢንፌክሽን 
ሳምባ ምች(ኒሞኒያ) ምልክቱ ምንምን ነዉ?,ቶሎ ቶሎ መተንፈስ፣ትንፋሽ ማጠር እና ለመተፈስ መቸገረ፣ትኩሳት,ቶሎ ቶሎ መተንፈስ፣ትንፋሽ ማጠር እና ለመተፈስ መቸገረ፣ትኩሳት
አንገር ማለት ምን ማለት ነዉ?,አንገር አንድ እናት ነፍሰ ጡር ከሆነችበት 16ኛዉ የእርግዝና ሳምንት ጀምሮ በወለደች እስከ መጀመሪያዎቹ 7 ቀናት የሚመነጨዉ ቢጫማ የእናት ጡት ወተት ነዉ፡፡,አንገር አንድ እናት ነፍሰ ጡር ከሆነችበት 16ኛዉ የእርግዝና ሳምንት ጀምሮ በወለደች እስከ መጀመሪያዎቹ 7 ቀናት የሚመነጨዉ ቢጫማ የእናት ጡት ወተት ነዉ፡፡
እናት የአንገር ወተት በብዛት እንድታመነጭ የሚረዱ ዘዴዎችነን ዘርዝር,"እናት በቂ የሆኑ ምግቦችን ሞቅ ባለ ፈሳሽ መልክ እንድትወስድ ማበረታታት፣ጡት ከማጥባቷ በፊት ሙቅ ሻዉር መዉሰድ
","እናት በቂ የሆኑ ምግቦችን ሞቅ ባለ ፈሳሽ መልክ እንድትወስድ ማበረታታት፣ጡት ከማጥባቷ በፊት ሙቅ ሻዉር መዉሰድ
"
የእናት ጡት ወተት ምንድን ነዉ?,የእናት ጡት ወተት እናት ሰውነት ውስጥ የተሰራ (አንቲ ቦዲ) ሲሆን ሕፃንን ከኢንፌክሽን የሚጠብቅ ነገር አለው። ,የእናት ጡት ወተት እናት ሰውነት ውስጥ የተሰራ (አንቲ ቦዲ) ሲሆን ሕፃንን ከኢንፌክሽን የሚጠብቅ ነገር አለው። 
ኤች አይቪ(HIV) ያላት እናት ቫይረሱ ወደ ሕፃን እንዳይተላለፍ ምን ይደረጋል?,ኤች አይቪ(HIV) ያላት እናት ቫይረሱ ወደ ሕፃን እንዳይተላለፍ የሚያረግ መድኃኒት መውሰድ ትችላለች። ,ኤች አይቪ(HIV) ያላት እናት ቫይረሱ ወደ ሕፃን እንዳይተላለፍ የሚያረግ መድኃኒት መውሰድ ትችላለች። 
እናት ኤች አይቪ(HIV) እያላት ጡት ማጥባት ትችላለች?,የኤች አይቪ(HIV) መድሐኒት እናት እና ልጅ ሲወስዱ እናት ጡት በምታጠባበት ጊዜ ኤች አይቪ(HIV) ወደ ሕፃኑ እንዳይተላለፍ ይረዳል። ,የኤች አይቪ(HIV) መድሐኒት እናት እና ልጅ ሲወስዱ እናት ጡት በምታጠባበት ጊዜ ኤች አይቪ(HIV) ወደ ሕፃኑ እንዳይተላለፍ ይረዳል። 
የልጆች የሽንት ቧንቧ ኢንፌክሽን ምንድን ነዉ?,የሽንት ቧንቧ ኢንፌክሽን የምንለው ከኩላሊት እስከ የውሃ ሽንት ማስወገጃ ጫፍ ድረስ የሚከሰተውን የኢንፌክሽን ዓይነት ነው፡፡,የሽንት ቧንቧ ኢንፌክሽን የምንለው ከኩላሊት እስከ የውሃ ሽንት ማስወገጃ ጫፍ ድረስ የሚከሰተውን የኢንፌክሽን ዓይነት ነው፡፡
የልጆች የሽንት ቧንቧ ኢንፌክሽን ምልክቱ ምንምን ነዉ?,"ቶሎ ቶሎ ሽንት መሽናት፣በሽንት መሽናት ጊዜ ህመም መሰማት ወይም ማልቀስ
","ቶሎ ቶሎ ሽንት መሽናት፣በሽንት መሽናት ጊዜ ህመም መሰማት ወይም ማልቀስ
"
የልጆች የሽንት ቧንቧ ኢንፌክሽን መከላከያዉ ምንድን ነዉ?,ልጅዎ በቂ ፈሳሽ እንዲወሰድ ያበረታቱት,ልጅዎ በቂ ፈሳሽ እንዲወሰድ ያበረታቱት
የጡት ወተት ጥቅምን ዘርዝር,የጡት ወተት እጅግ ምርጡ ተፈጥሯዊ ምግብ ነው; ተመጣጣኝ የሆነ ፕሮቲን ፣ስብ ፣ካርቦሀይድሬት፣ ሚኔራል እና ቫይታሚን አለዉ,የጡት ወተት እጅግ ምርጡ ተፈጥሯዊ ምግብ ነው; ተመጣጣኝ የሆነ ፕሮቲን ፣ስብ ፣ካርቦሀይድሬት፣ ሚኔራል እና ቫይታሚን አለዉ
"እናት ጡት በማጥባት ምን ጥቅሞች ታገኛለች?
","ከወሊድ በኋላ ለሚፈጠር ከፍተኛ የደም መፍሰስ ተጋላጭነት ይቀንሳል፣በእናት እና ልጅ መካከል ያለውን ትስስር ይጨምራል
","ከወሊድ በኋላ ለሚፈጠር ከፍተኛ የደም መፍሰስ ተጋላጭነት ይቀንሳል፣በእናት እና ልጅ መካከል ያለውን ትስስር ይጨምራል
"
ክትባት ማለት ምን ማለት ነዉ?,ክትባት ማለት ለመከላከል የፈለግነውን ተህዋሲ የደከመ፣የሞተ፣የተህዋሲውን ክፍል፣የተህዋሲውን የተሻረ መርዝ በመጠቀም የሰውነታችን የመከላከያ መድህንን በማንቃት በተህዋሲው በምንያዝበት ጊዜ እንዳንታመም ወይም ህመሙ ቀላል የሚደረግበት ፍቱን መንገድ ነው።,ክትባት ማለት ለመከላከል የፈለግነውን ተህዋሲ የደከመ፣የሞተ፣የተህዋሲውን ክፍል፣የተህዋሲውን የተሻረ መርዝ በመጠቀም የሰውነታችን የመከላከያ መድህንን በማንቃት በተህዋሲው በምንያዝበት ጊዜ እንዳንታመም ወይም ህመሙ ቀላል የሚደረግበት ፍቱን መንገድ ነው።
በክትባት መከላከል የምንችላቸው በሽታዎች ዘርዝር,የሳምባ ነቀርሳ፣የኩፍኝ በሽታ፣የመንጋጋ ቆልፍ በሽታ,የሳምባ ነቀርሳ፣የኩፍኝ በሽታ፣የመንጋጋ ቆልፍ በሽታ
ክትባቶች እንዴት ሊሰጡ ይችላሉ?,ክትባቶች በአፍ ወይም በመርፌ ሊሰጡ ይችላሉ።,ክትባቶች በአፍ ወይም በመርፌ ሊሰጡ ይችላሉ።
የክትባቶች የጎንዮሽ ጉዳት ምንምን ነዉ?,"ቀላል እና በብዛት የሚያጋጥሙ፣መጠነኛ ትኩሳት፣መርፌ የተዋጋበት ቦታ ማበጥ፣መቅላት ፣ማመም
","ቀላል እና በብዛት የሚያጋጥሙ፣መጠነኛ ትኩሳት፣መርፌ የተዋጋበት ቦታ ማበጥ፣መቅላት ፣ማመም
"
የተቅማጥ ህመም በህፃናት ምንድን ነዉ?,ተቅማጥ ማለት ከ3 ጊዜ በላይ በ24 ስዓት ውስጥ ቀጠን ያለ ሰገራ ወይም አንድ ውሀ የሆነ ሰገራ ማስቀመጥ ነው። ,ተቅማጥ ማለት ከ3 ጊዜ በላይ በ24 ስዓት ውስጥ ቀጠን ያለ ሰገራ ወይም አንድ ውሀ የሆነ ሰገራ ማስቀመጥ ነው። 
የከሰል ጭስ ጉዳትነን ዘርዝር,የማይመለስ/የማይድን የአዕምሮ ጉዳት ማምጣት,የማይመለስ/የማይድን የአዕምሮ ጉዳት ማምጣት
በካርቦን ሞኖ ኦክሳይድ መመረዝ /በጭስ መታፈን ምንድን ነዉ?,"ካርቦን ሞኖ ኦክሳይድ ከለር፣ ሽታና ጣዕም የሌለዉ ከከሰል፣ከተሎከሰ የጋዝ ምድጃ፣ እንጨትና፣ ሌሎች የሃይል ምንጮች/ማገዶዎች የሚወጣ የጋዝ አይነት ነዉ፡፡ 
","ካርቦን ሞኖ ኦክሳይድ ከለር፣ ሽታና ጣዕም የሌለዉ ከከሰል፣ከተሎከሰ የጋዝ ምድጃ፣ እንጨትና፣ ሌሎች የሃይል ምንጮች/ማገዶዎች የሚወጣ የጋዝ አይነት ነዉ፡፡ 
"
በካርቦን ሞኖ ኦክሳይድ ጋዝ መመረዝ ምልክቱ ምንምን ነዉ?,"የራስ ምታት፣መደካከም፣መዝለፍለፍ፣ማቅለሽለሽና ማስታወክ
","የራስ ምታት፣መደካከም፣መዝለፍለፍ፣ማቅለሽለሽና ማስታወክ
"
በካርቦን ሞኖ ኦክሳይድ ጋዝ መመረዝ መከላከያዉ ምንድን ነዉ?,ክፍሉ አየር በደንብ እንዲዘዋወርበት ማድረግ,ክፍሉ አየር በደንብ እንዲዘዋወርበት ማድረግ
ህፃናት ላይ የላሽ ምክነያት ምንድን ነዉ?,ህፃናት ላይ የሚታየው የራስ ፀጉር መመለጥ ምክንያቱ የፈንገስ ,ህፃናት ላይ የሚታየው የራስ ፀጉር መመለጥ ምክንያቱ የፈንገስ 
አዋቂዎች ላይ የላሽ ምክነያት ምንድን ነዉ?,በተፈጥሮ የተለያዩ በሽታዎችን የሚከላከልው የሰዉነት በሽታ መከላከያ ስርዓት ሴሎች የሰውነት ፀጉርን በሚያጠቁበት ጊዜ ላሽ ይከሰታል::,በተፈጥሮ የተለያዩ በሽታዎችን የሚከላከልው የሰዉነት በሽታ መከላከያ ስርዓት ሴሎች የሰውነት ፀጉርን በሚያጠቁበት ጊዜ ላሽ ይከሰታል::
የላሽ በሽታ አይነቶችን ዘርዝር,ከአነስተኛ የራስ ቅል ፀጉር መመለጥ እስከ ሙሉ የራስ ቅል ፀጉር መመለጥ ከዚያም በከፋ መልኩ በሁሉም የሰዉነት ክፍሎች የሚገኝ ጸጉር መመለጥ,ከአነስተኛ የራስ ቅል ፀጉር መመለጥ እስከ ሙሉ የራስ ቅል ፀጉር መመለጥ ከዚያም በከፋ መልኩ በሁሉም የሰዉነት ክፍሎች የሚገኝ ጸጉር መመለጥ
የላሽ ህክምናዉ ምንድን ነዉ?,ላሽ ሙሉ በሙሉ ፈዉስ የለዉም፤ መጠነኛ ላሽ ካለባቸዉ 5 ሰዎች ዉስጥ 4ቱ በአንድ አመት ጊዜ ዉስጥ ያለምንም ህክምና ፀጉራቸዉ ሙሉ በሙሉ ሊበቅል ይችላል፡፡,ላሽ ሙሉ በሙሉ ፈዉስ የለዉም፤ መጠነኛ ላሽ ካለባቸዉ 5 ሰዎች ዉስጥ 4ቱ በአንድ አመት ጊዜ ዉስጥ ያለምንም ህክምና ፀጉራቸዉ ሙሉ በሙሉ ሊበቅል ይችላል፡፡
የላሽ ህክምናዉ መከላከያዉ ምንድን ነዉ?,የራስ ቅል ቆዳ ለፀሃይ ብርሃን እንዳይጎዳ መሸፈን አስፈሊጊ ነዉ,የራስ ቅል ቆዳ ለፀሃይ ብርሃን እንዳይጎዳ መሸፈን አስፈሊጊ ነዉ
የልብ ህመም መጠቃታችን ምልክቱ ምንምን ነዉ?,የአንገት ህመም፣የወሲብ ችግር፣ጭው ማለት፣ ነፍስን መሳት ወይም የትንፋሽ ማጠር፣የልብ ምት መፍጠን ,የአንገት ህመም፣የወሲብ ችግር፣ጭው ማለት፣ ነፍስን መሳት ወይም የትንፋሽ ማጠር፣የልብ ምት መፍጠን 
የልብ ህመም ደረጃዎች ስንት ናቸዉ?,አራት,አራት
ደረጃ አንድ የልብ ህመም ምልክቱ ምንድን ነዉ?,እዚህ ደረጃ ላይ ያሉ የልብ ታማሚዎች ምንም አይነት ምልክት አያሳዩም ,እዚህ ደረጃ ላይ ያሉ የልብ ታማሚዎች ምንም አይነት ምልክት አያሳዩም 
ደረጃ አንድ የልብ ህመም ህክምናዉ ምንምን ነዉ?,የአኗኗር አዴን ማስተካከል፣ የልብ መድሀኒቶችን መውሰድ፣ ክትትል ማድረግ,የአኗኗር አዴን ማስተካከል፣ የልብ መድሀኒቶችን መውሰድ፣ ክትትል ማድረግ
ደረጃ ሁለት የልብ ህመም ምልክቱ ምንምን ነዉ?,እዚህ ደረጃ ላይ ያሉ ሰዎች እረፍት በሚያደርጉበት ሰአት ምንም አይነት ምልክት አያሳዩም ሆኖም የእለት እለት እንቅስቃሴ ላይ ሲሆኑ የመድከም፣ የልብ ምት መፍጠን እንዲሁም አየር ማጠር ሊያጋጥማቸው ይችላል፡፡,እዚህ ደረጃ ላይ ያሉ ሰዎች እረፍት በሚያደርጉበት ሰአት ምንም አይነት ምልክት አያሳዩም ሆኖም የእለት እለት እንቅስቃሴ ላይ ሲሆኑ የመድከም፣ የልብ ምት መፍጠን እንዲሁም አየር ማጠር ሊያጋጥማቸው ይችላል፡፡
ደረጃ ሁለት የልብ ህመም ህክምናዉ ምንድን ነዉ?,የአኗኗር ዘዴን ማስተካከል፣ የልብ ህመም መድሀኒቶችን መውሰድ እና ክትትል ማድረግ ናቸው፡፡,የአኗኗር ዘዴን ማስተካከል፣ የልብ ህመም መድሀኒቶችን መውሰድ እና ክትትል ማድረግ ናቸው፡፡
ደረጃ ሶስት የልብ ህመም ምልክቱ ምንድን ነዉ?,በዚኛው የልብ ህመምደረጃ ላይ ሰዎች ቀላል የሆኑ የእለት እንቅስቃሴዎችን ማለትም ለምሳሌ እንደልብስ መቀየር፣ ምግብ መመገብ ያሉ ተግባራትን በሚያከናውኑበት ሰአት ከፍተኛ የሆነ ድካም፣ የልብ ምት መጨመር እንዲሁም አየር ማጠር ያጋጥማቸዋል፡፡,በዚኛው የልብ ህመምደረጃ ላይ ሰዎች ቀላል የሆኑ የእለት እንቅስቃሴዎችን ማለትም ለምሳሌ እንደልብስ መቀየር፣ ምግብ መመገብ ያሉ ተግባራትን በሚያከናውኑበት ሰአት ከፍተኛ የሆነ ድካም፣ የልብ ምት መጨመር እንዲሁም አየር ማጠር ያጋጥማቸዋል፡፡
ደረጃ ሶስት የልብ ህመም ህክምናዉ ምንድን ነዉ?,በአብዛኛው ቀዶ ህክምና የሚያሻው ደረጃ ነው እንዲሁም ትንሽ ውስብስብነትም ይታይበታል፡፡,በአብዛኛው ቀዶ ህክምና የሚያሻው ደረጃ ነው እንዲሁም ትንሽ ውስብስብነትም ይታይበታል፡፡
ደረጃ አራት የልብ ህመም ምልክቱ ምንድን ነዉ?,ሰዎች የዚህ የልብ ህመም ደረጃ ላይ ሲደርሱ ማንናውንም እንቅስቃሴ ማከናወን ይሳናቸዋል፡፡ እረፍት አድርገውም ቢሆን እንኳን የተለያዩ ምልክቶችን ያሳያሉ፡፡,ሰዎች የዚህ የልብ ህመም ደረጃ ላይ ሲደርሱ ማንናውንም እንቅስቃሴ ማከናወን ይሳናቸዋል፡፡ እረፍት አድርገውም ቢሆን እንኳን የተለያዩ ምልክቶችን ያሳያሉ፡፡
ደረጃ አራት የልብ ህመም ህክምናዉ ምንድን ነዉ?,እዚህ ደረጃ የደረሱ ሰዎች በህክምና መዳን አይችሉም ሆኖም ሌሎች እድሜያቸውን ለማራዘም የሚጠቅማቸውን ድጋፎች ይደረግላቸዋል፡፡,እዚህ ደረጃ የደረሱ ሰዎች በህክምና መዳን አይችሉም ሆኖም ሌሎች እድሜያቸውን ለማራዘም የሚጠቅማቸውን ድጋፎች ይደረግላቸዋል፡፡
የሬውማቲክ የልብ ህመም ምንድን ነዉ?,የሬውማቲክ የልብ ህመም ገሩፕ ኤ በሚባሉ የሰተሪፐቶኮከስ የባክቴሪያ ኢነፌክሽን ምክንያት አማካኝነት በሚከሰት የጉሮሮ ቁስለት (ቶንሲላይትስ) አማካኝነት የሚመጣ የልብ ህመም ነዉ፡፡ ,የሬውማቲክ የልብ ህመም ገሩፕ ኤ በሚባሉ የሰተሪፐቶኮከስ የባክቴሪያ ኢነፌክሽን ምክንያት አማካኝነት በሚከሰት የጉሮሮ ቁስለት (ቶንሲላይትስ) አማካኝነት የሚመጣ የልብ ህመም ነዉ፡፡ 
ለልብ ህመም የማይመከሩ ምግቦች ምንድን ናቸዉ?,በፕሮቲን የበለጸጉ ምግቦች ,በፕሮቲን የበለጸጉ ምግቦች 
የልብ ጤናን ለመጠበቅ የሚረዱ ምግቦችነን ዘርዝር,ነጭ ሽንኩርት፣ቲማቲም፣ዘይታማ አሳ፣ቀረፋ፣አረንጓዴ ሻይ,ነጭ ሽንኩርት፣ቲማቲም፣ዘይታማ አሳ፣ቀረፋ፣አረንጓዴ ሻይ
ለልብ ህመም መከላከያዉ ምንምን ነዉ?,በየቀኑ የአካል ብቃት እንቅስቃሴ ማድረግ፣ጤናማ ሥነ ልቦና፣ሲጋራ ማጨስ ማቆም፣የተመጣጠነ ምግብ መመገብ,በየቀኑ የአካል ብቃት እንቅስቃሴ ማድረግ፣ጤናማ ሥነ ልቦና፣ሲጋራ ማጨስ ማቆም፣የተመጣጠነ ምግብ መመገብ
የልብ እና ከልብ ጋር ተያያዥነት ያላቸው በሽታዎች ዘርዝር,የአንጎል እና የኩላሊት የደም ቧንቧ በሽታዎች፤የራሱ የልብ በሽታዎች፣የደም ግፊት በሽታ ,የአንጎል እና የኩላሊት የደም ቧንቧ በሽታዎች፤የራሱ የልብ በሽታዎች፣የደም ግፊት በሽታ 
የልብ እና ከልብ ጋር ተያያዥነት ያላቸው በሽታዎች መንስኤ ምንድን ነዉ?,የደም ቧንቧ መጥበብ (መደንደን),የደም ቧንቧ መጥበብ (መደንደን)
የልብ ድካም ማለት ምን ማለት ነዉ?,የልብ ድካም ለብዙ ጊዜ የሚቆይ ህሙም ሲሆን ካልታከመ ከጊዜ ወደ ጊዜ እየጨመረ የሚሄድ ህመም ሲሆን ልብ ለሰውነታችን በቂ የሆነ ደም ማድረስ አለመቻል ነው። ,የልብ ድካም ለብዙ ጊዜ የሚቆይ ህሙም ሲሆን ካልታከመ ከጊዜ ወደ ጊዜ እየጨመረ የሚሄድ ህመም ሲሆን ልብ ለሰውነታችን በቂ የሆነ ደም ማድረስ አለመቻል ነው። 
ልብ ስንት ክፍሎች አሉት?,አራት,አራት
የልብ ድካም አጋላጭ ሁኔታዎች ምንምን ናቸዉ?,ልብ የደም ስር መጥበብ፣ደም ግፊት ህመም፣ልብ ቋት መዝጊያዎች ችግር,ልብ የደም ስር መጥበብ፣ደም ግፊት ህመም፣ልብ ቋት መዝጊያዎች ችግር
የልብ ድካም ምልክቱ ምንምን ነዉ?,ሳል በተለይም በማታ የሚጨመር፣ጋደም ሲሉ ማፈን፣በማታ የትንፋሽ ማጠር እና የማሳል መጨመር,ሳል በተለይም በማታ የሚጨመር፣ጋደም ሲሉ ማፈን፣በማታ የትንፋሽ ማጠር እና የማሳል መጨመር
የልብ ድካም ምርመራዎች ምንምን ናቸዉ?,አካላሊ ምርመራ ፦ የደም ግፊፉ ምርመራ ፣ የልብ ምት ምርመራ ፣ የሳምባ ምርመራ,አካላሊ ምርመራ ፦ የደም ግፊፉ ምርመራ ፣ የልብ ምት ምርመራ ፣ የሳምባ ምርመራ
የልብ ድካም መከላከያዉ ምንምን ነዉ?,"ከፍተኛ ደም ግፊትን መቆጣጠርና ህክምና ማድረግ፣ስኳር በሽታን መቆጣጠር፣ሲጋራ አለማጨስ
","ከፍተኛ ደም ግፊትን መቆጣጠርና ህክምና ማድረግ፣ስኳር በሽታን መቆጣጠር፣ሲጋራ አለማጨስ
"
ድንገተኛ የልብ ህመም ምንድን ነዉ?,ከልብ ጋር የተያያዘ የደረት ህመም የሚከሰተው ወደልብ ጡንቻ የሚሄደው ደም በመቀነሱ ልብ ተገቢውን ኦክስጅን ሳታገኝ ስትቀር ነው።ይህም የልብ የደም ስር በስብ መጠራቀም ምክንያት ሲጠብ፣ ሙሉ በሙሉ ሲዘጋ ወይም የደም ስር በድንገት ሲኮማተር ነው።,ከልብ ጋር የተያያዘ የደረት ህመም የሚከሰተው ወደልብ ጡንቻ የሚሄደው ደም በመቀነሱ ልብ ተገቢውን ኦክስጅን ሳታገኝ ስትቀር ነው።ይህም የልብ የደም ስር በስብ መጠራቀም ምክንያት ሲጠብ፣ ሙሉ በሙሉ ሲዘጋ ወይም የደም ስር በድንገት ሲኮማተር ነው።
ድንገተኛ የልብ ህመም አጋላጮች ምንምን ናቸዉ?,"የደም ግፊት፣የስኳር ህመም፣ማጨስ፣ክብደት መጨመር
","የደም ግፊት፣የስኳር ህመም፣ማጨስ፣ክብደት መጨመር
"
ሰው አጠገባችን በሌለበት ድንገተኛ የልብ ድካም ቢያጋጥመን ምን እናድርግ?,በተደጋጋሚና በሃይል እያሳልን መቆየት፡፡,በተደጋጋሚና በሃይል እያሳልን መቆየት፡፡
የመንጋጋ ቆልፍ ወይም የቲታነስ በሽታ ምንምን ነዉ?,የመንጋጋ ቆልፍ ወይም የቲታነስ በሽታ በአፈር፣ በአቧራ ብናኝ፣ በፍግና በብረት ዝገቶች ላይ ከሚገኙ ቆሻሻዎች ውስጥ ከሚኖር ክሎስትሪዲየም ቲታኒ ከተባለ የባክቴሪያ አባል ነው፡፡,የመንጋጋ ቆልፍ ወይም የቲታነስ በሽታ በአፈር፣ በአቧራ ብናኝ፣ በፍግና በብረት ዝገቶች ላይ ከሚገኙ ቆሻሻዎች ውስጥ ከሚኖር ክሎስትሪዲየም ቲታኒ ከተባለ የባክቴሪያ አባል ነው፡፡
የመንጋጋ ቆልፍ ወይም የቲታነስ በሽታ መንስኤ ምንድን ነዉ?,የቴታነስ ህመም የሚመጣዉ ክሎስትሪዲየም ቴታኒ በሚባል ባክቴሪያ ሲሆን ባክቴሪያዉ በአፈር፣ በአቧራ/ቡናኝና የእንስሳት አይነምድር ዉስጥ ይገኛል፡፡ባክቴሪያዉ ቁስል ባለበት ቦታ በሚገባበት ወቅት እዚያ ቦታ በማደግና ቶክሲኖችን ወደ ነርቮች በመልቀቅ ነርቮችን ስራቸዉን በአግባቡ እንዳይሰሩ ያደርጋል፡፡,የቴታነስ ህመም የሚመጣዉ ክሎስትሪዲየም ቴታኒ በሚባል ባክቴሪያ ሲሆን ባክቴሪያዉ በአፈር፣ በአቧራ/ቡናኝና የእንስሳት አይነምድር ዉስጥ ይገኛል፡፡ባክቴሪያዉ ቁስል ባለበት ቦታ በሚገባበት ወቅት እዚያ ቦታ በማደግና ቶክሲኖችን ወደ ነርቮች በመልቀቅ ነርቮችን ስራቸዉን በአግባቡ እንዳይሰሩ ያደርጋል፡፡
የመንጋጋ ቆልፍ ወይም የቲታነስ በሽታ ህክምናዉ ምንድን ነዉ?,ዋነኛ ሕክምናው የቲታነስ መድኀን ክትባት ሲሆን በመርፌ የሚሰጥ ነው,ዋነኛ ሕክምናው የቲታነስ መድኀን ክትባት ሲሆን በመርፌ የሚሰጥ ነው
የመንጋጋ ቆልፍ ወይም የቲታነስ በሽታ መከላከያዉ ምንምን ነዉ?,ለመከላከልም ህፃናት ከአንድ ዓመት በታች እያሉ ሙሉ ለሙሉ ማስከተብ፣ ተጋላጭ በሆኑ አካባቢዎች የሚኖሩ ሰዎች ቀድመው ቢከተቡ እንዲሁም ነብሰጡሮች ንፅህናውን በጠበቀ መልኩ በሆስፒታል ቢወልዱ የሚመከር ነው። ክትባቱን መውሰድ ከስጋት ያድናል፡፡,ለመከላከልም ህፃናት ከአንድ ዓመት በታች እያሉ ሙሉ ለሙሉ ማስከተብ፣ ተጋላጭ በሆኑ አካባቢዎች የሚኖሩ ሰዎች ቀድመው ቢከተቡ እንዲሁም ነብሰጡሮች ንፅህናውን በጠበቀ መልኩ በሆስፒታል ቢወልዱ የሚመከር ነው። ክትባቱን መውሰድ ከስጋት ያድናል፡፡
የመንጋጋ ቆልፍ ወይም የቲታነስ በሽታ ምልክቱ ምንምን ነዉ?,"በመንጋጋ ጡንቻዎች ላይ የመኮማተርና የመድረቅ/የመቆለፍ ስሜት መከሰት፣የአንገት ጡንቻዎች መገተር፣የመዋጥ ችግር
","በመንጋጋ ጡንቻዎች ላይ የመኮማተርና የመድረቅ/የመቆለፍ ስሜት መከሰት፣የአንገት ጡንቻዎች መገተር፣የመዋጥ ችግር
"
ሱስ ምንድን ነዉ?,ሱስ አምጪ ንጥረ ነገሮች መጠቀም ለተለያዩ ተላላፊም የሆኑና ተላላፊ ያልሆኑ ችግሮች የሚጋልጥ መሆኑ ይታወቃል፡፡ ,ሱስ አምጪ ንጥረ ነገሮች መጠቀም ለተለያዩ ተላላፊም የሆኑና ተላላፊ ያልሆኑ ችግሮች የሚጋልጥ መሆኑ ይታወቃል፡፡ 
የሱስ አይነቶችን ዘርዝር,አነቃቂ፣አደንዛዥ,አነቃቂ፣አደንዛዥ
የሱስ ጉዳቶችን ዘርዝር,ሰነ-ልቦናዊ ጉዳቶች፣ማህበራዊ ጉዳቶች፣ኢኮኖሚያዊ ጉዳቶች፣አካላዊ ጉዳቶች ,ሰነ-ልቦናዊ ጉዳቶች፣ማህበራዊ ጉዳቶች፣ኢኮኖሚያዊ ጉዳቶች፣አካላዊ ጉዳቶች 
የሱስ መፍትሄዉ ምንድን ነዉ?,"በመጀመሪያ ሱስ የሚታከም የአእምሮ በሽታ መሆኑን በማመን ለመታከም ዝግጁ መሆን
","በመጀመሪያ ሱስ የሚታከም የአእምሮ በሽታ መሆኑን በማመን ለመታከም ዝግጁ መሆን
"
ጫት ለረጅም ጊዜያት የሚቅሙ ሰዎች የሚገጥሟቸው የጤና እንከኖችን ዘርዝር,"የጥርስ መበስበስ፣የምግብ ፍላጎት መቀነስ፣የስሜት መረበሽ፣ከፍተኛ የድካም ስሜት
","የጥርስ መበስበስ፣የምግብ ፍላጎት መቀነስ፣የስሜት መረበሽ፣ከፍተኛ የድካም ስሜት
"
የጫት ሱሰኝነትን ለማቆም መደረግ ያለባቸው ነገሮች ዘርዝር,"በተቻለ መጠን ተመሳሳይ የሱስ ችግር ካለባቸው የህብረተሰብ ክፍሎች መራቅ
","በተቻለ መጠን ተመሳሳይ የሱስ ችግር ካለባቸው የህብረተሰብ ክፍሎች መራቅ
"
ስነት ምን ማለት ነዉ? ,ስነት ማለት የረጅም ወይም የአጭር ጊዜ የአካል፣ የአእምሮ፣ የማሰብ፣ የማየት፣ የመስማት እና የሌሎች የአካልና የስሜት ሕዋሳት መጎዳት ነው፡፡ ,ስነት ማለት የረጅም ወይም የአጭር ጊዜ የአካል፣ የአእምሮ፣ የማሰብ፣ የማየት፣ የመስማት እና የሌሎች የአካልና የስሜት ሕዋሳት መጎዳት ነው፡፡ 
አካል ጉዳት ምንድን ነዉ?,የረጅም ወይም የአጭር ጊዜ የአካል፣ የአእምሮ፣ የማሰብ፣ የማየት፣ የመስማት እና የሌሎች የአካልና የስሜት ሕዋሳት መጎዳት,የረጅም ወይም የአጭር ጊዜ የአካል፣ የአእምሮ፣ የማሰብ፣ የማየት፣ የመስማት እና የሌሎች የአካልና የስሜት ሕዋሳት መጎዳት
የስነት መንስኤዎችን ዘርዝር,ከባበያዊ፣ መልከዓ ምድራዊ/ ቁስ አካላዊ፣ የአመለካከት፣ ተቋማዊ፣ የተግባቦት ተግዳሮቶች,ከባበያዊ፣ መልከዓ ምድራዊ/ ቁስ አካላዊ፣ የአመለካከት፣ ተቋማዊ፣ የተግባቦት ተግዳሮቶች
የስነት አይነቶችን ዘርዝር,"ማየት መሳን (በከፊልና ሙሉ በሙሉ ማየት መሳን)፣መስማት መሳን (በከፊልና ሙሉ በሙሉ የመስማት መሳን)፣የእንቅስቃሴ አካል ጉዳት እና የመሳሰሉት
","ማየት መሳን (በከፊልና ሙሉ በሙሉ ማየት መሳን)፣መስማት መሳን (በከፊልና ሙሉ በሙሉ የመስማት መሳን)፣የእንቅስቃሴ አካል ጉዳት እና የመሳሰሉት
"
ፎረፎር ምንድን ነዉ?,ፎረፎር ብዙ ጊዜ የሚከሰትና የራስ ቆዳ እየተቀረፈ እንዲፈረፈር፣ እነዲላላጥና እንዲራገፍ የሚያደርግ የራስ ቆዳ ችግር ነዉ፡፡  ,ፎረፎር ብዙ ጊዜ የሚከሰትና የራስ ቆዳ እየተቀረፈ እንዲፈረፈር፣ እነዲላላጥና እንዲራገፍ የሚያደርግ የራስ ቆዳ ችግር ነዉ፡፡  
ፎረፎር አጋላጮች ምንምን ናቸዉ?,ጭንቅላት ላይ የሚያድጉ ባክቴርያ እና ፈንገሶች የበሽታው መንስኤ ሊሆኑ ይችላሉ።,ጭንቅላት ላይ የሚያድጉ ባክቴርያ እና ፈንገሶች የበሽታው መንስኤ ሊሆኑ ይችላሉ።
ፎረፎር ምልክቱ ምንድን ነዉ?,በሽታው የጭንቅላታችን ቆዳ እንዲደርቅ እና እንዲያሳክከን ያደርጋል።,በሽታው የጭንቅላታችን ቆዳ እንዲደርቅ እና እንዲያሳክከን ያደርጋል።
ፎረፎር መከላከያዉ ምንድን ነዉ?,በተለያዩ ሻምፖዎች እና ሳሙናዎች መታጠብ,በተለያዩ ሻምፖዎች እና ሳሙናዎች መታጠብ
ፎረፎር ህክምናዉ ምንድን ነዉ?,ፎረፎርን ለማከም የሚረዱ የሻምፖ አይነቶችን በመጠቀም ችግሩ እንዲቃለል ማድረግ ይችላል፡፡,ፎረፎርን ለማከም የሚረዱ የሻምፖ አይነቶችን በመጠቀም ችግሩ እንዲቃለል ማድረግ ይችላል፡፡
ፎረፎር በቤት ዉስጥ መፍትሄዉ ምንምን ነዉ?,የኮኮናት ዘይት፣የመጋገርያ እርሾ፣የወይራ ዘይት፣የሎሚ ጭማቂ ጸረ ፈንገስ የሆነ አሲዳማዊ ይዘት አለው። ,የኮኮናት ዘይት፣የመጋገርያ እርሾ፣የወይራ ዘይት፣የሎሚ ጭማቂ ጸረ ፈንገስ የሆነ አሲዳማዊ ይዘት አለው። 
አልዛይመርን ተርጉም,የማሰታወስ ችሎታን መታወክን ጨምሮ ሌሎች የተያያዙ ችግርችን በማሰከተል ቀዳሚ ደረጃ ላይ የሚገኝ በሽታ ነው፡፡,የማሰታወስ ችሎታን መታወክን ጨምሮ ሌሎች የተያያዙ ችግርችን በማሰከተል ቀዳሚ ደረጃ ላይ የሚገኝ በሽታ ነው፡፡
አልዛይመር መንስኤ ምንድን ነዉ?,በሽታው በቤተሰብ ማለትም በዘር የሚታላለፍ ነዉ,በሽታው በቤተሰብ ማለትም በዘር የሚታላለፍ ነዉ
አልዛይመር ምልክቱ ምንድን ነዉ?,የመርሳት ወይም የመዘንጋት ሁኔታዎች ,የመርሳት ወይም የመዘንጋት ሁኔታዎች 
የአልዛይመር ምርመራዎች ምንድን ናቸዉ?,የተለያዪ አእመሮንና አንጎልን የሚመለከቱ ምርመራዎች ይደረጋሉ፡፡ ,የተለያዪ አእመሮንና አንጎልን የሚመለከቱ ምርመራዎች ይደረጋሉ፡፡ 
አልዛይመር ህክምናዉ ምንድን ነዉ?,ይህን በሽታ የሚያድን ህክምና በአሁኑ ጊዜ የለም፡፡ በሽታውን  የሚያዘገዩ መድሃኒቶች ቢኖሮም በሽታውን መመለስ አይችሉም፡፡ ,ይህን በሽታ የሚያድን ህክምና በአሁኑ ጊዜ የለም፡፡ በሽታውን  የሚያዘገዩ መድሃኒቶች ቢኖሮም በሽታውን መመለስ አይችሉም፡፡ 
ነስርን ተርጉም,ነስር ማለት ደም በአፍንጫ መፍሰስ ሲሆን በጣም በሰፊው የሚገኝ ችግር ነው። ,ነስር ማለት ደም በአፍንጫ መፍሰስ ሲሆን በጣም በሰፊው የሚገኝ ችግር ነው። 
ነስር በስንት ይከፈላል?,በሁለት- ከፊተኛው የአፍንጫችን ክፍል የሚመጣ ነስር (ቀዳሚ ነስር) እና ከኋለኛው የአፍንጫችን ክፍል የሚመጣ ነስር (የኋላ ነስር),በሁለት- ከፊተኛው የአፍንጫችን ክፍል የሚመጣ ነስር (ቀዳሚ ነስር) እና ከኋለኛው የአፍንጫችን ክፍል የሚመጣ ነስር (የኋላ ነስር)
ነስር ምልክቱ ምንድን ነዉ?,በአፍንጫ ላይ ከውጭ የሚከሰት አደጋ ወይንም አፍንጫ በመጎርጎር ምክንያት,በአፍንጫ ላይ ከውጭ የሚከሰት አደጋ ወይንም አፍንጫ በመጎርጎር ምክንያት
ነስር ህክምናዉ ምንድን ነዉ?,ሁለቱም የአፍንጫ ቀዳዳዎች በአውራ ጣትዎ እና በጠቋሚ ታትም ግጥም አድርጎ ለአስር ደቂቃ ይዞ ማቆየት,ሁለቱም የአፍንጫ ቀዳዳዎች በአውራ ጣትዎ እና በጠቋሚ ታትም ግጥም አድርጎ ለአስር ደቂቃ ይዞ ማቆየት
ነስር ከተከሰተ በኋላ ወደ ሐኪም መሄድ የሚያስፈልገው መቸ ነው?,አፍንጫዎን ለ 10 ደቂቃ ያህል ይዘው ቆይተው ነስሩ የሚያቆም ካልሆነ,አፍንጫዎን ለ 10 ደቂቃ ያህል ይዘው ቆይተው ነስሩ የሚያቆም ካልሆነ
ለነስር ሐኪምዎን ማማከር የሚያስፈልገው መቸ ነው?,በተደጋጋሚ ነስር የሚያስቸግርዎ ከሆነ,በተደጋጋሚ ነስር የሚያስቸግርዎ ከሆነ
ነስር ምርመራዎች ምንድን ናቸዉ?,ከባድ እና በተደጋጋሚ የተከሰተ እንዲሁም ሌሎች ተያያዥ ምልክቶች ካሉ ሙሉ የደም ምርመራ ሊያስፈልግ ይችላል።,ከባድ እና በተደጋጋሚ የተከሰተ እንዲሁም ሌሎች ተያያዥ ምልክቶች ካሉ ሙሉ የደም ምርመራ ሊያስፈልግ ይችላል።
ነስር መከላከያዉ ምንምን ነዉ?,"ሙቅ ሻወር አለመውሰድ፣አለመነካካት፣ድርቀትን መከላከል
","ሙቅ ሻወር አለመውሰድ፣አለመነካካት፣ድርቀትን መከላከል
"
የራስ ምታት ህመም ማለት ምን ማለት ነዉ?,በአንጐላችን ውስጥ የሚገኙ የደምስሮች በተለያዩ ምክንያቶች ቀድሞ ከነበራቸው መጠን ሲጨምሩና ሲቀንሱ፣ ሲያብጡና ሲለጠጡ ለራስ ምታት ህመም ይዳርጋሉ፡፡ ,በአንጐላችን ውስጥ የሚገኙ የደምስሮች በተለያዩ ምክንያቶች ቀድሞ ከነበራቸው መጠን ሲጨምሩና ሲቀንሱ፣ ሲያብጡና ሲለጠጡ ለራስ ምታት ህመም ይዳርጋሉ፡፡ 
ራስምታት ስንት ክፍሎች አሉት?,ሶስት፡ ማይግሪን ሄዴክ፣ቴንሽን ሄዴክ፣ክላስተር ሄዴክ,ሶስት፡ ማይግሪን ሄዴክ፣ቴንሽን ሄዴክ፣ክላስተር ሄዴክ
ማይግሪን ሄዴክ ማለት ምን ማለት ነዉ?,ይህ ራስ ምታት በአንደኛው የጭንቅላታችን ክፍል ላይ ይበረታል፡፡ ,ይህ ራስ ምታት በአንደኛው የጭንቅላታችን ክፍል ላይ ይበረታል፡፡ 
ማይግሪን ህመሙ ከጀመረ እስኪጠፋ ድረስ ስንት ሰዓታትን ሊወስድ ይችላል?,ከ4-72 ሰዓታትን ,ከ4-72 ሰዓታትን 
ማይግሪን ምልክቱ ምንምን ነዉ?,እንቅልፍ እንቅልፍ ማለት፣ መደበት፣ መዛል፣ አብዝቶ ማዛጋትና መቁነጥነጥ ዋንኞቹ ናቸው፡፡ ,እንቅልፍ እንቅልፍ ማለት፣ መደበት፣ መዛል፣ አብዝቶ ማዛጋትና መቁነጥነጥ ዋንኞቹ ናቸው፡፡ 
ማይግሪን ራስ ምታቱ ከጀመረኝ በኋላ ምን ላደርግ እችላለሁ? ,"አንዴ ራስ ምታቱ ከጀመረህ በኋላ መድሃኒት በመውሰድ ፀጥ እና ጨለም ያለ ቦታ ላይ እረፍት አድርግ፡፡ ቀዝቃዛ ነገር ለምሳሌ በፎጣ የተጠቀለለ በረዶ ግምባርህ ላይ ማድረግ እንዲሁም ቡና መጠጣት ሊረዳህ ይችላል፡፡
","አንዴ ራስ ምታቱ ከጀመረህ በኋላ መድሃኒት በመውሰድ ፀጥ እና ጨለም ያለ ቦታ ላይ እረፍት አድርግ፡፡ ቀዝቃዛ ነገር ለምሳሌ በፎጣ የተጠቀለለ በረዶ ግምባርህ ላይ ማድረግ እንዲሁም ቡና መጠጣት ሊረዳህ ይችላል፡፡
"
ማይግሪን መከላከያዉ ምንምን ነዉ?,ጭንቀትን ማስወገድ፣ ምግብ በሰአቱ መብላት፣ እንቅልፍ በልኩ መተኛት፣ አልኮል መጠጦችን ማስወገድ ,ጭንቀትን ማስወገድ፣ ምግብ በሰአቱ መብላት፣ እንቅልፍ በልኩ መተኛት፣ አልኮል መጠጦችን ማስወገድ 
ማይግሪን ህክምናዉ ምንድን ነዉ?,ምንም እኳን በሽታው የማይድን ቢሆንም በአሁኑ ጊዜ ብዙ መድሃኒቶች እየተፈበረኩ ሲሆን ከብቃታቸው አንፃር ስናይም በጣም ጥሩ ናቸው፡፡ ,ምንም እኳን በሽታው የማይድን ቢሆንም በአሁኑ ጊዜ ብዙ መድሃኒቶች እየተፈበረኩ ሲሆን ከብቃታቸው አንፃር ስናይም በጣም ጥሩ ናቸው፡፡ 
ማይግሪን መንስኤ ምንድን ነዉ?,ማይግሪን በዘር የመተላለፍ ዕድል አለው፡፡,ማይግሪን በዘር የመተላለፍ ዕድል አለው፡፡
ቴንሽን ሄዴክ ምንድን ነዉ?,በጭንቅላትና በአንገት አካባቢ የመደደርና የመጫጫን ሁኔታን ይፈጥራል፡፡ ,በጭንቅላትና በአንገት አካባቢ የመደደርና የመጫጫን ሁኔታን ይፈጥራል፡፡ 
ቴንሽን ሄዴክ ህክምናዉ ምንምን ነዉ?,የቴንሽን ራስምታትን ለማከም፣ ለቀላል ሚግሬይን የተጠቀሱትን ያለ ሐኪም ትዕዛዝ የሚወሰዱ መድሃኒቶች መጠቀም ይቻላል፡፡ ,የቴንሽን ራስምታትን ለማከም፣ ለቀላል ሚግሬይን የተጠቀሱትን ያለ ሐኪም ትዕዛዝ የሚወሰዱ መድሃኒቶች መጠቀም ይቻላል፡፡ 
ክላስተር ሄዴክ ምንድን ነዉ?,ህመሙ በተለይም በዓይን አካባቢ በስፋት ይገለፃል፡፡,ህመሙ በተለይም በዓይን አካባቢ በስፋት ይገለፃል፡፡
ክላስተር ሄዴክ መንስኤ ምንድን ነዉ?,ጊዜ በፈረቃ በሚሰሩና የእንቅልፍ ሰዓታቸውን በአግባቡ በማይጠቀሙ ሰዎች ላይ ይከሰታል፡፡ አልኮል መጠጣትና ሲጋራ ማጨስም ለዚህ ህመም መከሰት ምክንያቶች ይሆናሉ፡፡,ጊዜ በፈረቃ በሚሰሩና የእንቅልፍ ሰዓታቸውን በአግባቡ በማይጠቀሙ ሰዎች ላይ ይከሰታል፡፡ አልኮል መጠጣትና ሲጋራ ማጨስም ለዚህ ህመም መከሰት ምክንያቶች ይሆናሉ፡፡
ክላስተር ሄዴክ ህክምናዉ ምንድን ነዉ?,አንድ ጊዜ የጀመረውን ህመም ለማስቆም መቶ በመቶ የሆነ የኦክስጅን ጋዝ ከ 8-10 ሊትር በደቂቃ ለዚሁ በተዘጋጀ ማስክ አማካይነት ከ 10-15 በመተንፈስ፣ ጎን ለጎንም ወይም ዝርያ መድሃኒቶች መውሰድ ፍቱን ነው፡፡,አንድ ጊዜ የጀመረውን ህመም ለማስቆም መቶ በመቶ የሆነ የኦክስጅን ጋዝ ከ 8-10 ሊትር በደቂቃ ለዚሁ በተዘጋጀ ማስክ አማካይነት ከ 10-15 በመተንፈስ፣ ጎን ለጎንም ወይም ዝርያ መድሃኒቶች መውሰድ ፍቱን ነው፡፡
ክላስተር ሄዴክ ምልክቱ ምንምን ነዉ?,ዓይን ቀይ ይሆናል (ደም ይለብሳል)፣ ዕንባ በብዛት ያመጣል፣ አፍንጫ አካባቢ የማቃጠል ስሜት ይኖራል፡፡ ,ዓይን ቀይ ይሆናል (ደም ይለብሳል)፣ ዕንባ በብዛት ያመጣል፣ አፍንጫ አካባቢ የማቃጠል ስሜት ይኖራል፡፡ 
በራስ ምታት ህመም ከሚገለጡ ከባድ የጤና ችግሮች መካከል ዘርዝር,በራስ ምታት ህመም ከሚገለጡ ከባድ የጤና ችግሮች መካከል፣ ድንገተኛና ከፍተኛ ደረጃ ላይ የደረሰ የደም ግፊት፣ ማጅራት ገትር፣ ዐይናችን ውስጥ የሚፈጠር ድንገተኛ የፈሳሽ ግፊት መጨመር (ግላኮማ)፣ በአንጎላችን ውስጥ የሚፈጠር ብግነት፣ ,በራስ ምታት ህመም ከሚገለጡ ከባድ የጤና ችግሮች መካከል፣ ድንገተኛና ከፍተኛ ደረጃ ላይ የደረሰ የደም ግፊት፣ ማጅራት ገትር፣ ዐይናችን ውስጥ የሚፈጠር ድንገተኛ የፈሳሽ ግፊት መጨመር (ግላኮማ)፣ በአንጎላችን ውስጥ የሚፈጠር ብግነት፣ 
የራስምታት የሚያመጡ የተለያዩ ምክንያቶችን ዘርዝር,"በጭንቅላት ላይ የደረሰ አደጋ፣የአንጎል ደም ስሮች ውስጥ የሚከሰት መጓጎል፣የአንጎል የደም ስሮች መለጠጥ፣ መሳሳትና መፈንዳት 
","በጭንቅላት ላይ የደረሰ አደጋ፣የአንጎል ደም ስሮች ውስጥ የሚከሰት መጓጎል፣የአንጎል የደም ስሮች መለጠጥ፣ መሳሳትና መፈንዳት 
"
"ራስ ምታት መቸ ሊያሰጋኝ ይገባል?

",ከአንድ ሳምንት በላይ ከቆየ,ከአንድ ሳምንት በላይ ከቆየ
በጭንቀት ምክንያት የሚመጣ እራስ ምታት ምንድን ነው?,ህመሙ በጣም የማይጠና ሲሆን ከመውጋት ይልቅ የጭንቅላትን ሁሉንም አካባቢ የሚሸፍን የመጠዝጠዝ ስሜት አለው፡፡ ,ህመሙ በጣም የማይጠና ሲሆን ከመውጋት ይልቅ የጭንቅላትን ሁሉንም አካባቢ የሚሸፍን የመጠዝጠዝ ስሜት አለው፡፡ 
በጭንቀት ምክንያት የሚመጣ ራስ ምታት ምልክቶች ምንድን ናቸው?,በሁሉም የጭንቅላትአካባቢ እኩል የሚሰማ በጣም ከባድ ያልሆነ የመጠዝጠዝ አይነት ህመም ዋና ምልክቱ ነው፡፡ ,በሁሉም የጭንቅላትአካባቢ እኩል የሚሰማ በጣም ከባድ ያልሆነ የመጠዝጠዝ አይነት ህመም ዋና ምልክቱ ነው፡፡ 
በጭንቀት ምክንያት የሚመጣ ራስ ምታት እንዴት ልከላከል እችላለሁ?,የሚያዝናኑ እና ሊያፍታቱህ የሚችሉ የተለያዩ እንቅስቃሴዎችን አድርግ፡፡ ,የሚያዝናኑ እና ሊያፍታቱህ የሚችሉ የተለያዩ እንቅስቃሴዎችን አድርግ፡፡ 
በጭንቀት ምክንያት የሚመጣ ራስ ምታትን ምን አይነት መድሃኒቶችን በመጠቀም ህመሙን ልቀንስ እችላለሁ?,በተደጋጋሚ በወሰድካቸው ቁጥር መድሃኒቱ ላይ ያለህ ጥገኝነት እየጨመረ ይሄዳል፡፡ ከዛም አልፎ መውሰድ በምታቆምበት ጊዜ የሚነሳ አይነት ራስ ምታት ልታተርፍ ትችላለህ፡፡,በተደጋጋሚ በወሰድካቸው ቁጥር መድሃኒቱ ላይ ያለህ ጥገኝነት እየጨመረ ይሄዳል፡፡ ከዛም አልፎ መውሰድ በምታቆምበት ጊዜ የሚነሳ አይነት ራስ ምታት ልታተርፍ ትችላለህ፡፡
ማይግሪን ከወንዶች ይልቅ ሴቶችን ስንት እጥፍ ያህል ያጠቃል?                                       ,በሦስት እጥፍ ,በሦስት እጥፍ 
ለማይግሪን የሚያጋልጡ ምግቦችን ዘርዝር,ቀይ የወይን ጠጅ፣ቸኮሌት፣አይስክሬምና ሌሎች ቀዝቃዛ ምግቦች፣ካፌን,ቀይ የወይን ጠጅ፣ቸኮሌት፣አይስክሬምና ሌሎች ቀዝቃዛ ምግቦች፣ካፌን
ራስ መሳት ማለት ምን ማለት ነዉ? , ራስ መሳት ማለት ድንገታዊ የሆነ መዝለፍልፍ እና ነፍስ ያለማወቅ ሲኖርና ወዲያዉኑ ሙሉ በሙሉ ሲመለስ እና መልሶ ሲነቃ ነዉ፡፡ , ራስ መሳት ማለት ድንገታዊ የሆነ መዝለፍልፍ እና ነፍስ ያለማወቅ ሲኖርና ወዲያዉኑ ሙሉ በሙሉ ሲመለስ እና መልሶ ሲነቃ ነዉ፡፡ 
ራስ መሳትን ሊያመጡ ከሚችሉ ችግሮችን ዘርዝር,ራስ መሳትን ሊያመጡ ከሚችሉ ችግሮች ዉስጥ የደም ስኳር መጠን መቀነስ፣ ቶሎ ቶሎ መተንፈስ፣ የሚጥል ህመምና ሌሎችም ሁኔታዎች ሊሆኑ ይችላሉ፡፡,ራስ መሳትን ሊያመጡ ከሚችሉ ችግሮች ዉስጥ የደም ስኳር መጠን መቀነስ፣ ቶሎ ቶሎ መተንፈስ፣ የሚጥል ህመምና ሌሎችም ሁኔታዎች ሊሆኑ ይችላሉ፡፡
ራስ መሳትን መንስኤ ምንድን ነዉ?,ለተወሰነ ሰኮንድም ቢሆን በቂ ኦክሲጂን ያለዉ ደም ወደ አዕምሮያችን ሳይደርስ ቀርቶ ቢቋረጥ እራስን መሳት/ ሲንኮፕ ይከሰታል፡፡ ,ለተወሰነ ሰኮንድም ቢሆን በቂ ኦክሲጂን ያለዉ ደም ወደ አዕምሮያችን ሳይደርስ ቀርቶ ቢቋረጥ እራስን መሳት/ ሲንኮፕ ይከሰታል፡፡ 
ራስ መሳትን ህክምናዉ ምንድን ነዉ?,በአጠቃላይ ሲታይ ለራስ መሳት/ሲንኮፕ ሊደረግ የሚችል ህክምና እንደ መሰረታዊ መንስኤዉ ይለያያል፡፡ ,በአጠቃላይ ሲታይ ለራስ መሳት/ሲንኮፕ ሊደረግ የሚችል ህክምና እንደ መሰረታዊ መንስኤዉ ይለያያል፡፡ 
ከተቀመጡበት ወይም ከተኙበት ድንገት ሲነሱ ለራስ መሳት የሚጋለጡ ሰዎች መፍትሄዉ ምንድን ነዉ?,በሚነሱበት ወቅት ባንዴ ሳይሆን ቀስ በቀስና በዝግታ ,በሚነሱበት ወቅት ባንዴ ሳይሆን ቀስ በቀስና በዝግታ 
ሽፈራው ማለት ምን ማለት ነዉ?,ሁሉም የተክሉ ክፍሎች ሥሩ፣ ልጡ፣ ግንዱ፣ ቅጠሉ፣ አበባውና የተፈለፈለው የህክምና እሴት አላቸው። ,ሁሉም የተክሉ ክፍሎች ሥሩ፣ ልጡ፣ ግንዱ፣ ቅጠሉ፣ አበባውና የተፈለፈለው የህክምና እሴት አላቸው። 
የሽፈራው ጥቅሞችን ዘርዝር,"የሰውነት መገጣጠሚያ ለሚያሳምም በሽታ፣ ለሆድ መታወክ፣ ለሪህ በሽታ የሽፈራው ዘር ዘይት ጠቃሚ ነው።

","የሰውነት መገጣጠሚያ ለሚያሳምም በሽታ፣ ለሆድ መታወክ፣ ለሪህ በሽታ የሽፈራው ዘር ዘይት ጠቃሚ ነው።

"
ቦምብ ወይም ማንኛው አይነት ፍንዳታ አደጋ ለመቀነስ ምን እናድርግ?,"የሥራ ቦታዎን፣ የትምህርት ቤትዎን እና የሚኖሩበት አከባቢ የአደጋ ጊዜ እርምጃዎችን ይወቁ።
","የሥራ ቦታዎን፣ የትምህርት ቤትዎን እና የሚኖሩበት አከባቢ የአደጋ ጊዜ እርምጃዎችን ይወቁ።
"
አንድ ሰው ቦምብ ሊያፈነዳ መሆኑን ከጠረጠርን ምን እናድርግ?,አከባቢውን በፍጥነት ለቀው ይሂዱ።,አከባቢውን በፍጥነት ለቀው ይሂዱ።
የቲቢ በሽታ ምንድን ነዉ?,ቲቢ ተላላፊ በሽታ ሲሆን በባህሪው ቀስ በቀስ እያለ እያደገ የሚሄድ በመሆኑ ድንገተኛና አጣዳፊ ከሚባሉት የበሽታ ዓይነቶች ክፍል የሚመደብ አይደለም፡፡ ,ቲቢ ተላላፊ በሽታ ሲሆን በባህሪው ቀስ በቀስ እያለ እያደገ የሚሄድ በመሆኑ ድንገተኛና አጣዳፊ ከሚባሉት የበሽታ ዓይነቶች ክፍል የሚመደብ አይደለም፡፡ 
የቲቢ በሽታ መንስኤ ምንምን ነዉ?,"የቲቢ በሽታ መንስኤም በዓይን የማይታይ ረቂቅ ተህዋስ ወይም ጀርም፣በቂና የተመጣጠነ ምግብ አለማግኘት፣ በቂ የአየር ዝውውር በሌላቸው ክፍሎች ውስጥ ተፋፍጎ መኖር
","የቲቢ በሽታ መንስኤም በዓይን የማይታይ ረቂቅ ተህዋስ ወይም ጀርም፣በቂና የተመጣጠነ ምግብ አለማግኘት፣ በቂ የአየር ዝውውር በሌላቸው ክፍሎች ውስጥ ተፋፍጎ መኖር
"
የቲቢ በሽታ መተላለፊያ መንገዶችን ዘርዝር,የቲቢ በሽታ በዋናነት የሚተላለፈው በሳንባ ቲቢ የተጠቃና ሕክምና ያልወሰደ በተለይም በአክታ ምርመራ የቲቢ በሽታ አምጪ ባክቴሪያ የተገኘበት ሕመምተኛ ሲስል፣ ሲያነጥስ፣ ሲነጋገር ወዘተ.,የቲቢ በሽታ በዋናነት የሚተላለፈው በሳንባ ቲቢ የተጠቃና ሕክምና ያልወሰደ በተለይም በአክታ ምርመራ የቲቢ በሽታ አምጪ ባክቴሪያ የተገኘበት ሕመምተኛ ሲስል፣ ሲያነጥስ፣ ሲነጋገር ወዘተ.
የቲቢ በሽታ ዓይነቶች ስንት ናቸዉ?,ሁለት- በሽታው የሚጠቃውን አካል መነሻ በማድረግ የሳንባ ቲቢ እና ከሳንባ ውጭ የሆነ የቲቢ በሽታ በመባል ይከፈላል፡፡ ,ሁለት- በሽታው የሚጠቃውን አካል መነሻ በማድረግ የሳንባ ቲቢ እና ከሳንባ ውጭ የሆነ የቲቢ በሽታ በመባል ይከፈላል፡፡ 
የቲቢ በሽታ ምልክቱ ምንድን ነዉ?,ሁለት ሳምንትና ከዚያ በላይ ለሆነ ጊዜ የዘለቀ ሳል ነው፡፡ ሳሉ አክታ ያለውና ደም የቀላቀለ ወይም ያልቀላቀለ ወይም ደረቅ ሊሆን ይችላል፡፡ ,ሁለት ሳምንትና ከዚያ በላይ ለሆነ ጊዜ የዘለቀ ሳል ነው፡፡ ሳሉ አክታ ያለውና ደም የቀላቀለ ወይም ያልቀላቀለ ወይም ደረቅ ሊሆን ይችላል፡፡ 
"ከቲቢ ሕሙማን ቤተሰብ ምን ይጠበቃል ?
","የቲቢ ታካሚ የታዘዙለትን መድኃኒቶች ሳያቋርጥ በመውሰድ ከበሽታው እንዲፈወስ ማበረታታትና መከታተል
","የቲቢ ታካሚ የታዘዙለትን መድኃኒቶች ሳያቋርጥ በመውሰድ ከበሽታው እንዲፈወስ ማበረታታትና መከታተል
"
"ከቲቢ ሕሙማን ደጋፊዎች ምን ይጠበቃል ?
","ከጤና ኤክስቴንሽን ሠራተኛዋ/ባለሙያዋ ትምህርትና ሙያዊ ድጋፍ ማግኘት
","ከጤና ኤክስቴንሽን ሠራተኛዋ/ባለሙያዋ ትምህርትና ሙያዊ ድጋፍ ማግኘት
"
መዳኒቶችን የተለማመደ ቲቢ በሽታ ማለት ምን ማለት ነወ? ,መዳኒቶችን  የተለማመደ ቲቢ በሽታ ማለት ቲቢን ለማከም ተብሎ ለሚሰጡ መዳኒቶች ለውጥ ሳያመጣ ሲቀር ነው ፡፡ ,መዳኒቶችን  የተለማመደ ቲቢ በሽታ ማለት ቲቢን ለማከም ተብሎ ለሚሰጡ መዳኒቶች ለውጥ ሳያመጣ ሲቀር ነው ፡፡ 
መዳኒቶችን የተለማመደ ቲቢ በሽታ መንስኤ ምንምን ነዉ?,"የመሻል ስሜት ሲሰማን የታዘዘልንን መዳኒት ማቆረጥ፣መዳኒትን በአግባቡ አለመውሰድ፣አስፈላጊውን ህክምና በአግባቡ አለማድረግ 
","የመሻል ስሜት ሲሰማን የታዘዘልንን መዳኒት ማቆረጥ፣መዳኒትን በአግባቡ አለመውሰድ፣አስፈላጊውን ህክምና በአግባቡ አለማድረግ 
"
መዳኒቶችን የተለማመደ ቲቢ በሽታ ምልክቱ ምንምን ነዉ?,"የድካም ስሜት፣ማሳል፣የደረት አካባቢ ህመም፣የሰውነት  ክብደት መቀነስ 
","የድካም ስሜት፣ማሳል፣የደረት አካባቢ ህመም፣የሰውነት  ክብደት መቀነስ 
"
መዳኒቶችን የተለማመደ ቲቢ በሽታ ህክምናዉ ምንድን ነዉ?,"ህክምናውን በሚገባ ማድረግ፣ለቲቢ ተብለው የታዘዘልንን መዳኒት በአግባቡ መውሰድ
","ህክምናውን በሚገባ ማድረግ፣ለቲቢ ተብለው የታዘዘልንን መዳኒት በአግባቡ መውሰድ
"
መዳኒቶችን የተለማመደ ቲቢ በሽታ መከላከያዉ ምንድን ነዉ?,የበሽታ የመከላከል አቅማችንን ማጎልበት,የበሽታ የመከላከል አቅማችንን ማጎልበት
የአልኮል ጉዳቶችን ዘርዝር,የአዕምሮ መመሳቀል፣ የስኳር እና ጉበት በሽታ፣ ሱስኝነት እና መሰል ጉዳቶች አልኮልን ከማዘውተር የተነሳ የሚከሰቱ የጤና እክሎች ናቸው። ,የአዕምሮ መመሳቀል፣ የስኳር እና ጉበት በሽታ፣ ሱስኝነት እና መሰል ጉዳቶች አልኮልን ከማዘውተር የተነሳ የሚከሰቱ የጤና እክሎች ናቸው። 
አስም ምንድን ነዉ?,አስም የመተንፈሻ አካላት በሽታ ሲሆን የአየር ቧንቧዎች መጥበብን በማስከተል በአተነፋፈስ ላይ ችግር ያመጣል፡፡,አስም የመተንፈሻ አካላት በሽታ ሲሆን የአየር ቧንቧዎች መጥበብን በማስከተል በአተነፋፈስ ላይ ችግር ያመጣል፡፡
አስም ምልክቱ ምንምን ነዉ?,ረዘም ላለ ጊዜ የቆየ ሳል፤ አየር ማጠርና በሚተነፍሱበት ጊዜ የሚሰማ ሲር ሲር የሚል ድምፅ ዋነኞቹ የአስም መገለጫ ምልክቶች ናቸው፡፡ ,ረዘም ላለ ጊዜ የቆየ ሳል፤ አየር ማጠርና በሚተነፍሱበት ጊዜ የሚሰማ ሲር ሲር የሚል ድምፅ ዋነኞቹ የአስም መገለጫ ምልክቶች ናቸው፡፡ 
አስም መንስኤ ምንድን ነዉ?,ሲጋራ ማጨስ እና ሌሎች ኬሚካሎችም አስምን ሊያስከስቱ ይችላሉ፡፡ ,ሲጋራ ማጨስ እና ሌሎች ኬሚካሎችም አስምን ሊያስከስቱ ይችላሉ፡፡ 
አስምን የሚያስነሱ አሊያም የሚያባብሱ ነግሮችን ዘርዝር,ሽቶ፣ ሳቅ፣ የአየር ለውጥ ፣ ሙቀት እና ጭንቀት ህመሙን ያባብስባቸዋል፡፡,ሽቶ፣ ሳቅ፣ የአየር ለውጥ ፣ ሙቀት እና ጭንቀት ህመሙን ያባብስባቸዋል፡፡
የአስም ህመምተኛ ሰው እራሱን እንዴት ሊንከባከብ ይችላል?,ቪታሚን ሲ እና ቪታሚን ኤን የያዙ ምግቦችን ለምሳሌ ፍራፍሬ እና አትክልትን ፣ቲማቲም፣ ቃሪያ፣ ጥቅል ጎመን መመገብ,ቪታሚን ሲ እና ቪታሚን ኤን የያዙ ምግቦችን ለምሳሌ ፍራፍሬ እና አትክልትን ፣ቲማቲም፣ ቃሪያ፣ ጥቅል ጎመን መመገብ
አስምን የሚያስነሱ አለርጅዎችን ዘርዝር,"ጉንፋን፣የሲጋራና የማገዶ ጭስ፣የአየር ብክለት አቧራ፣ቅዝቃዜ ወይም የአየር መለዋወጥ
","ጉንፋን፣የሲጋራና የማገዶ ጭስ፣የአየር ብክለት አቧራ፣ቅዝቃዜ ወይም የአየር መለዋወጥ
"
የአስም መድሃኒቶች በስንት ይከፈላሉ?,"በሁለት- ቋሚ የረጅም ጊዜ አስም መቆጣጠሪያ መድሃኒቶች፣ጊዜያዊ ማስታገሻ መድሃኒቶች
","በሁለት- ቋሚ የረጅም ጊዜ አስም መቆጣጠሪያ መድሃኒቶች፣ጊዜያዊ ማስታገሻ መድሃኒቶች
"
ቋሚ የረጅም ጊዜ አስም መቆጣጠሪያ መድሃኒቶችን ዘርዝር,የአየር ቧንቧዎች ከመቆጣትና ከማበጥ ይከላከላሉ፣ ይቀንሳሉ፡፡ ,የአየር ቧንቧዎች ከመቆጣትና ከማበጥ ይከላከላሉ፣ ይቀንሳሉ፡፡ 
ጊዜያዊ ማስታገሻ መድሃኒቶችን ዘርዝር,"የአስም ምልክቶች በከፍተኛና አደገኛ ደረጃ ሲሆን የትንፋሽ ማጠር ለመቆጣጠር የሚረዱ መድሃኒቶች ናቸው፡፡
","የአስም ምልክቶች በከፍተኛና አደገኛ ደረጃ ሲሆን የትንፋሽ ማጠር ለመቆጣጠር የሚረዱ መድሃኒቶች ናቸው፡፡
"
የአስም መባባስ ምልክቶችን ዘርዝር,"ጠቋሚ ምልክቶችን መገንዘብ የስፈልጋል፣የደረት መወጠር፣ትንፋሽ ማጠር፣ሌሊት ከእንቅልፍ መንቃት
","ጠቋሚ ምልክቶችን መገንዘብ የስፈልጋል፣የደረት መወጠር፣ትንፋሽ ማጠር፣ሌሊት ከእንቅልፍ መንቃት
"
አደገኛ የአስም መባባስ ምልክቶች ዘርዝር,"በሚገባ ለመናገር ያለመቻል፣በሚገባ መራመድ ያለመቻል፣አየር ፍለጋ ማጣጣር
","በሚገባ ለመናገር ያለመቻል፣በሚገባ መራመድ ያለመቻል፣አየር ፍለጋ ማጣጣር
"
አደገኛ የአስም መባባስ ምልክቶች ሲታዩ መወሰድ የሚገባቸው እርምጃዎችን ዘርዝር,"አስምዎን ካስነሳብዎት አለርጂ ይራቁ፣ፈጣንና ጊዜያዊ ማስታገሻ መድሃኒት ወዲያውኑ ይውሰዱ
","አስምዎን ካስነሳብዎት አለርጂ ይራቁ፣ፈጣንና ጊዜያዊ ማስታገሻ መድሃኒት ወዲያውኑ ይውሰዱ
"
የአስም በሽታን ሊቀሰቅሱ ከሚችሉ ነገሮች ውስጥ ዘርዝር,ሲጋራ ማጤስ፣የአየር ብክለት፣በረሮዎች፣የቤት እንስሳት,ሲጋራ ማጤስ፣የአየር ብክለት፣በረሮዎች፣የቤት እንስሳት
የህክምና ባለሙያዎን ማማከር የሚገባዎ መቸ ነዉ?,የህመምዎ ምልክቶች እየተባባሱ ከመጡ የህክምና ባለሙያዎን ማማከር ያስፈልጋል፡፡,የህመምዎ ምልክቶች እየተባባሱ ከመጡ የህክምና ባለሙያዎን ማማከር ያስፈልጋል፡፡
አስም እንዴት ሊመጣ ይችላል?,አስም የአካባቢያዊና ከዘር ጋር በተገናኘ ሊከሰት የሚችል የህመም አይነት ነዉ ተብሎ ይገመታል፡፡,አስም የአካባቢያዊና ከዘር ጋር በተገናኘ ሊከሰት የሚችል የህመም አይነት ነዉ ተብሎ ይገመታል፡፡
የአስም ህክምናዉ ምንድን ነዉ?,አስም በህክምና ሊድን አይችልም፡፡ ነገር ግን የህመም ምልክቶቹን ልንቆጣጠራቸዉ እንችላለን፡፡ ,አስም በህክምና ሊድን አይችልም፡፡ ነገር ግን የህመም ምልክቶቹን ልንቆጣጠራቸዉ እንችላለን፡፡ 
የአስም መከላከያዉ ምንድን ነዉ?,ቅዝቃዜ በሚኖርበት ወቅት አፍና አፍንጫን መሸፈን፣ሻጋታን ማስወገድ,ቅዝቃዜ በሚኖርበት ወቅት አፍና አፍንጫን መሸፈን፣ሻጋታን ማስወገድ
የአስም አይነቶችን ዘርዝር ,የህፃናት አስም፣በአዋቂነት የሚጀምር አስም፣ከአለርጅ ጋር የተያያዘ አስም፣ከስራ ቦታ ጋር የተያያዘ፣ከእንቅስቃሴ ጋር የተያያዘ,የህፃናት አስም፣በአዋቂነት የሚጀምር አስም፣ከአለርጅ ጋር የተያያዘ አስም፣ከስራ ቦታ ጋር የተያያዘ፣ከእንቅስቃሴ ጋር የተያያዘ
የአስም ምርመራዎች ምንምን ናቸዉ?,"ስፓይሮሜትር፣ራጅ፣የደም ምርመራ፣የቆዳ አለርጂ ምርመራ
","ስፓይሮሜትር፣ራጅ፣የደም ምርመራ፣የቆዳ አለርጂ ምርመራ
"
የአስም ህመም የሚያስከትላቸውን ዘርዝር ,"ድካም፣ከስራ መስተጓጎል፣የአእምሮ ህመም፣የሳንባ ምች እና ሌሎች የሳንባ በሽታዎች መጨመር
","ድካም፣ከስራ መስተጓጎል፣የአእምሮ ህመም፣የሳንባ ምች እና ሌሎች የሳንባ በሽታዎች መጨመር
"
"ሳይነስ ምንድን ነው? 
",ሳይነስ ከፊት ጀርባ የሚገኙት በአየር የተሞሉት ቀዳዳዎችመቁሰል ነው፡፡ ይኽ ህመም በአብዛኛው በራሱ ጊዜ የሚድን ሲሆን በአፍንጫ እና በአይን ዙሪያ ህመምን ያስከትላል፡፡ ,ሳይነስ ከፊት ጀርባ የሚገኙት በአየር የተሞሉት ቀዳዳዎችመቁሰል ነው፡፡ ይኽ ህመም በአብዛኛው በራሱ ጊዜ የሚድን ሲሆን በአፍንጫ እና በአይን ዙሪያ ህመምን ያስከትላል፡፡ 
ሳይነስን ለማከም የሚረዱ ተፈጥሮአዊ መንገዶች መንገዶችን ዘርዝር ,ቀይ ጥሬ ሚጥሚጣ፣ዕርድ፣ነጭ ሽንኩርት፣ቀረፋ፣ዝንጅብል,ቀይ ጥሬ ሚጥሚጣ፣ዕርድ፣ነጭ ሽንኩርት፣ቀረፋ፣ዝንጅብል
ሳይነስ ምልክቱ ምንምን ነዉ?,"የሳይነስ በሽታ አፍንጫ በፈሳሽ መታፈን፣የፊት ህመም፣እራስ ምታት ይኖረዋል 
","የሳይነስ በሽታ አፍንጫ በፈሳሽ መታፈን፣የፊት ህመም፣እራስ ምታት ይኖረዋል 
"
ለሳይነስ የቤት ዉስጥ ህክምና ምንምን ነው? ,"በቂ እረፍት ማድረግ፣ፈሳሽ በበቂ መጠን መዉሰድ፣ሲተኙ ትራስዎን ከፍ ማድረግ
","በቂ እረፍት ማድረግ፣ፈሳሽ በበቂ መጠን መዉሰድ፣ሲተኙ ትራስዎን ከፍ ማድረግ
"
የቀይ ሽንኩርትን ጥቅም ዘርዝር,የፀጉር እድገትን ያሻሽላል፣የደም ስኳርን ያመጣጥናል፣ካንሰርን ይከላከላል፣ጠንካራ የበሽታ መከላከል አቅም ይገነባል,የፀጉር እድገትን ያሻሽላል፣የደም ስኳርን ያመጣጥናል፣ካንሰርን ይከላከላል፣ጠንካራ የበሽታ መከላከል አቅም ይገነባል
የቀይ ስርን ጥቅም ዘርዝር,በየቀኑ ቀይ ስርን በጥሬው መመገብ አልያም አንድ ብርጭቆ የቀይ ስር ጭማቂ መጠጣት የደም ግፊትን ለመቆጣጠር እና ወደ ተለመደው ሁኔታ እንዲመለስ ያግዛል።,በየቀኑ ቀይ ስርን በጥሬው መመገብ አልያም አንድ ብርጭቆ የቀይ ስር ጭማቂ መጠጣት የደም ግፊትን ለመቆጣጠር እና ወደ ተለመደው ሁኔታ እንዲመለስ ያግዛል።
የነጭ ሽንኩርትን ጥቅም ዘርዝር,ነጭ ሽንኩርት የተለያዩ በሽታዎችን ቀድሞ ለመከላከልና የተከሰተን በሽታም ለማከም እጅግ አስፈላጊው አትክልት ነው። ,ነጭ ሽንኩርት የተለያዩ በሽታዎችን ቀድሞ ለመከላከልና የተከሰተን በሽታም ለማከም እጅግ አስፈላጊው አትክልት ነው። 
ነጭ ሽንኩርትን መጠቀም የሚከለከሉትን ዘርዝር ,ቀደ ጥገና የሚያደርጉ ሰዎች፣ዝቅተኛ የደም ግፊት ያለባቸው ሰዎች፣የጉበት ህመምተኞች፣የአይን ህመም ያለባቸው ሰዎች፣ነብሰ ጡር እና የሚያጠቡ እናቶች,ቀደ ጥገና የሚያደርጉ ሰዎች፣ዝቅተኛ የደም ግፊት ያለባቸው ሰዎች፣የጉበት ህመምተኞች፣የአይን ህመም ያለባቸው ሰዎች፣ነብሰ ጡር እና የሚያጠቡ እናቶች
የቲማቲም ድልህ ጥቅም ዘርዝር,ለልብ ጤንነት፣የጡት ካንሰርን ይከላከላል፣ለአጥንት ጤንነት፣ለቆዳ ውበት፣የወንድ የዘር ፍሬ መጠን ይጨምራል,ለልብ ጤንነት፣የጡት ካንሰርን ይከላከላል፣ለአጥንት ጤንነት፣ለቆዳ ውበት፣የወንድ የዘር ፍሬ መጠን ይጨምራል
የጥቅል ጎመን ጥቅም ዘርዝር,ጥቅል ጎመን አረንዴ ተክሎችን መመገብ ለካንሰር ተጋላጭነትን ይቀንሳል፡፡ ,ጥቅል ጎመን አረንዴ ተክሎችን መመገብ ለካንሰር ተጋላጭነትን ይቀንሳል፡፡ 
የቆስጣ ጥቅም ዘርዝር,ቆስጣ ቆስጣን መመገብ የጉበት፣ የአንጀት፣ የማህፀን እና የፕሮስቴት ካንሰር ተጋላጭነትን እንደሚቀንስ ጥናቶች የሚያሳዩ ሲሆን ከነዚህም በተጨማሪ ለጡንቻ መዳበር ጠቃሚነት አለዉ፡፡ ,ቆስጣ ቆስጣን መመገብ የጉበት፣ የአንጀት፣ የማህፀን እና የፕሮስቴት ካንሰር ተጋላጭነትን እንደሚቀንስ ጥናቶች የሚያሳዩ ሲሆን ከነዚህም በተጨማሪ ለጡንቻ መዳበር ጠቃሚነት አለዉ፡፡ 
የሠላጣን ጥቅም ዘርዝር,ሠላጣን መመገብ ለደም ግፊት ህመምተኞችና ከፍተኛ የሠዉነት ክብደት ላላቸዉ ሠዎች የሚመከር ሲሆን የደም ዉስጥ ስር መጠንንም ይቀንሳል፡፡,ሠላጣን መመገብ ለደም ግፊት ህመምተኞችና ከፍተኛ የሠዉነት ክብደት ላላቸዉ ሠዎች የሚመከር ሲሆን የደም ዉስጥ ስር መጠንንም ይቀንሳል፡፡
የቃርያን ጥቅም ዘርዝር,"በሽታን የመከላከል አቅምን ማዳበር፣የምግብ መፈጨት ሂደትን ያፋጥናል፣ጉንፋን፣ሳል፣እንዲሁም የሳንባ ካንሰርን የመከላከል አቅም አለው።
","በሽታን የመከላከል አቅምን ማዳበር፣የምግብ መፈጨት ሂደትን ያፋጥናል፣ጉንፋን፣ሳል፣እንዲሁም የሳንባ ካንሰርን የመከላከል አቅም አለው።
"
የድንችን ጥቅም ዘርዝር ,"ለደምግፊት፣ለካንሰር፣ለኩላሊት
","ለደምግፊት፣ለካንሰር፣ለኩላሊት
"
የጤናአዳምን ጥቅም ዘርዝር ,ጤናአዳም በጡንቻ ላይ የሚያጋጥም ሕመምን፣ ውጥረትንና በወር አበባ ወቅት የሚያጋጥም ሕመምን የማርገብ ሁኔታ አለዉ,ጤናአዳም በጡንቻ ላይ የሚያጋጥም ሕመምን፣ ውጥረትንና በወር አበባ ወቅት የሚያጋጥም ሕመምን የማርገብ ሁኔታ አለዉ
የጤናዳም የጎንዮሽ ጉዳት ዘርዝር,ከጤናዳም የሚወጣው ዘይት በሰውነት ላይ በቀጥታ ከተጠቀምን ሰውነት ውኃ ሊቋጥር እንዲሁም ሊቀላ ይችላል፤ በከፍተኛ መጠን ከተጠቀምነው ደግሞ የሰውነት መመረዝ ሊያከትል ይችላል,ከጤናዳም የሚወጣው ዘይት በሰውነት ላይ በቀጥታ ከተጠቀምን ሰውነት ውኃ ሊቋጥር እንዲሁም ሊቀላ ይችላል፤ በከፍተኛ መጠን ከተጠቀምነው ደግሞ የሰውነት መመረዝ ሊያከትል ይችላል
ከጤናዳም የሚገኘው ዘይት በብዛት ከተወሰደ ሊያስከትል ይችላል?,ውርጃ,ውርጃ
የካሮት የጤና ጥቅም ዘርዝር,"የአይናችንን ጤንነት ይጠብቃል፣የጉበት የመስራት አቅም ያጎለብታል፣ከካንሰርን ይከላከልልናል
","የአይናችንን ጤንነት ይጠብቃል፣የጉበት የመስራት አቅም ያጎለብታል፣ከካንሰርን ይከላከልልናል
"
የዝንጅብል ሻይ የጤና ዘርዝር,"በመኪና ሲጓዙ ለሚያስመልሳቸው ሰዎች በጣም ጠቃሚ ነው፣ከማይግሬን የራስ ህመም ይገላግልዎታል፣በወር አበባ ጊዜ የሚከሰት ቁርጠትን ይቀንሳል፡፡
","በመኪና ሲጓዙ ለሚያስመልሳቸው ሰዎች በጣም ጠቃሚ ነው፣ከማይግሬን የራስ ህመም ይገላግልዎታል፣በወር አበባ ጊዜ የሚከሰት ቁርጠትን ይቀንሳል፡፡
"
አደጋ ማለት ምን ማለት ነዉ? ,አደጋ ማለት አውሎ ንፋስ የቀላቀለ ዝናብ፣ የቤት ቃጠሎ፣ ጎርፍ ወይም የቦምብ ጥቃት ሊሆን ይችላል። ,አደጋ ማለት አውሎ ንፋስ የቀላቀለ ዝናብ፣ የቤት ቃጠሎ፣ ጎርፍ ወይም የቦምብ ጥቃት ሊሆን ይችላል። 
በድንገተኛ አደጋ ጊዜ ህመምን ከምን እንከላከል? ,"ወደ ከባድ ህመም ሊመሩ የሚችሉ ኢንፌክሽኖችን የሚያስከትሉ እንደ ባክቴሪያ፣ ቫይረሶች፣ ፈንገሶች እና ጥገኛዎች ያሉ ጀርሞች። 
","ወደ ከባድ ህመም ሊመሩ የሚችሉ ኢንፌክሽኖችን የሚያስከትሉ እንደ ባክቴሪያ፣ ቫይረሶች፣ ፈንገሶች እና ጥገኛዎች ያሉ ጀርሞች። 
"
የመጀመሪያ ደረጃ ቃጠሎ ማለት ምን ማለት ነዉ?,የመጀመሪያ ደረጃ ቃጠሎ የላይኛው ቆዳ ቃጠሎ ይህም ቆዳ የመቅላት ሁኔታ እና ህመም ይኖዋል።,የመጀመሪያ ደረጃ ቃጠሎ የላይኛው ቆዳ ቃጠሎ ይህም ቆዳ የመቅላት ሁኔታ እና ህመም ይኖዋል።
እንቅርት ማለት ምን ማለት ነዉ?,እቅርት ማለት የታይሮይድ ዕጢ በመጠን ከተለመደዉ በላይ ሲያድግ ማለት ነዉ።,እቅርት ማለት የታይሮይድ ዕጢ በመጠን ከተለመደዉ በላይ ሲያድግ ማለት ነዉ።
እንቅርት ምልክቱ ምንምን ነዉ?,"የሚታይ የአንገት ላይ እብጠት፣ጉሮሮዎ ላይ የመወጠር ስሜት መኖር
","የሚታይ የአንገት ላይ እብጠት፣ጉሮሮዎ ላይ የመወጠር ስሜት መኖር
"
እንቅርት መንስኤዉ ምንድን ነዉ?,የአዮዲን እጥረት- በአገራችን በዋነኝነት የሚጠቀስ የእንቅርት መንስኤ ነው,የአዮዲን እጥረት- በአገራችን በዋነኝነት የሚጠቀስ የእንቅርት መንስኤ ነው
እቅርት በሚያመርተው የታይሮይድ ሆርሞን መጠን በስንት ይከፈላል?,በሶስት,በሶስት
የእቅርት ጉዳቶችን ዘርዝር,እቅርት በጣም ካደገ የመተንፈሻ አካልን ወይም የምግብ መዋጫ ቧንቧን በመዝጋት ሳል፣ ለመዋጥ መቸገር ፣ ለመተንፈስ መቸገር ና ጊዜያዊ ወይም ሊመለስ የማይችል የጎረነነ ድምፅ ሊያመጣ ይችላል ።,እቅርት በጣም ካደገ የመተንፈሻ አካልን ወይም የምግብ መዋጫ ቧንቧን በመዝጋት ሳል፣ ለመዋጥ መቸገር ፣ ለመተንፈስ መቸገር ና ጊዜያዊ ወይም ሊመለስ የማይችል የጎረነነ ድምፅ ሊያመጣ ይችላል ።
እቅርት ምርመራዎች ምንምን ናቸዉ?, አልትራሳውንድ፤ ሲቲ ስካን፤ ናሙና መዉሰድ እና ሌሎችም  ምርመራዎች ይሆናሉ , አልትራሳውንድ፤ ሲቲ ስካን፤ ናሙና መዉሰድ እና ሌሎችም  ምርመራዎች ይሆናሉ 
እቅርት መከላከያዉ ምንድን ነዉ?,እቅርት ብዙዉን ጊዜ የሚመጣዉ በአይወዲን እጥረት ስለሆነ አወዳይዝድ የሆነ ጨዉ በመጠቀም መከላከል ይቻላል ።,እቅርት ብዙዉን ጊዜ የሚመጣዉ በአይወዲን እጥረት ስለሆነ አወዳይዝድ የሆነ ጨዉ በመጠቀም መከላከል ይቻላል ።
እቅርት ህክምናዉ ምንምን ነዉ?,"የታይሮይድ ዕጢዉ የሚያመነጨዉ ሆርሞን መጠን ማነስ/መብዛት ካለዉ መድሃኒቶች ሊጀመርልዎ ይችላል፣የቀዶ ጥገና
","የታይሮይድ ዕጢዉ የሚያመነጨዉ ሆርሞን መጠን ማነስ/መብዛት ካለዉ መድሃኒቶች ሊጀመርልዎ ይችላል፣የቀዶ ጥገና
"
እንፉሌንዛ ምንድን ነዉ?,እንፉሌንዛ በኢንፉሉዌንዛ ቫይረስ አማካይነት የሚተላለፍና የመተንፈሻ አካላትን ( አፍንጫ ቶኒስል፣ ሳንባ) የሚያጠቃ የህመም አይነት ነዉ፡፡ ,እንፉሌንዛ በኢንፉሉዌንዛ ቫይረስ አማካይነት የሚተላለፍና የመተንፈሻ አካላትን ( አፍንጫ ቶኒስል፣ ሳንባ) የሚያጠቃ የህመም አይነት ነዉ፡፡ 
ስንት እድሜ ያለዉ ማንኛዉም ሰዉ በየዓመቱ የእንፉሉዌንዛ ቫይረስ ክትባት ማግኘት አለበት?,ከ6 ወርና ከዚያ በላይ የሆኑ ,ከ6 ወርና ከዚያ በላይ የሆኑ 
እድሜያቸው ስንት አመት የሆኑ ህፃናት የእንፉሉዌንዛ ቫይረስ በይበልጥ የመጠቃት እድል አላቸው?,ከአምስት ዓመት (5) በታች ,ከአምስት ዓመት (5) በታች 
ትኩሳት የሚከሰተው የሰውነት ሙቀት ስንት ሲሆን ነዉ?,ትኩሳት የሚከሰተው የሰውነት ሙቀት ከመቶ ዲግሪ ፋራናይት (37 ዲግሪ ሴንቲግሬድ) በላይ ወይም (እኩል)ሲሆን ነው፡፡,ትኩሳት የሚከሰተው የሰውነት ሙቀት ከመቶ ዲግሪ ፋራናይት (37 ዲግሪ ሴንቲግሬድ) በላይ ወይም (እኩል)ሲሆን ነው፡፡
እንፉሌንዛ ምልክቱ ምንምን ነዉ?,"ትኩሳት/ብርድ ብርድ ማለት፣የጉሮሮ መቁሰል፣የጡንቻ ህመም፣ድካም
","ትኩሳት/ብርድ ብርድ ማለት፣የጉሮሮ መቁሰል፣የጡንቻ ህመም፣ድካም
"
እንፉሌንዛ ወረርሽኝ የተጠቁ ሰዎች ምን ያህል በህመሙ ሊጎዱ ይችላሉ?,አንዳንድ ሰዎች በጣም ይታመማሉ ሌሎች ደግሞ ጉዳት አይሰማቸውም። በህመሙ የተጠቁ በርካታ ሰዎች በሐኪም ሳይመረመሩና መድኃኒት ሳይወስዱ ይፈወሳሉ። ,አንዳንድ ሰዎች በጣም ይታመማሉ ሌሎች ደግሞ ጉዳት አይሰማቸውም። በህመሙ የተጠቁ በርካታ ሰዎች በሐኪም ሳይመረመሩና መድኃኒት ሳይወስዱ ይፈወሳሉ። 
እንፉሌንዛ ወረርሽኝ የተጠቁ ሰዎች መቸ ሊያስተላልፍ ይችላሉ?,ብዙ ሰዎች በሽታውን የሚያስተላልፉት የበሽታው ምልክት ከመታየቱ 1 ቀን በፊትና ከታየ በኋላ አምስት እስከ ሰባት ባለው ጊዜ ውስጥ ነው።,ብዙ ሰዎች በሽታውን የሚያስተላልፉት የበሽታው ምልክት ከመታየቱ 1 ቀን በፊትና ከታየ በኋላ አምስት እስከ ሰባት ባለው ጊዜ ውስጥ ነው።
እንፉሌንዛ መከላከያዉ ምንምን ነዉ?,"ክትባት መውሰድ፣በህመሙ ከተያዙ ሰዎች መሸሽ አለብህ።
","ክትባት መውሰድ፣በህመሙ ከተያዙ ሰዎች መሸሽ አለብህ።
"
እንፉሌንዛን ለማከም የሚያስችሉ መድሃኒቶች አሉን?,ፀረ-ቫይረስ የሚባሉ መድኃኒቶች ወረርሽኙን ለማዳን ይረዳሉ። ,ፀረ-ቫይረስ የሚባሉ መድኃኒቶች ወረርሽኙን ለማዳን ይረዳሉ። 
ወረርሺኝ ማለት ምን ማለት ነዉ?,በርካታ ሰዎች በአንድ ግዜ በበሽታ ሲያዙ ወረርሺኝ ተከሰተ ይባላል።,በርካታ ሰዎች በአንድ ግዜ በበሽታ ሲያዙ ወረርሺኝ ተከሰተ ይባላል።
የኢፍሉዌንዛ ወረርሺኝ የሚከሰተው መቸ ነዉ?,የኢፍሉዌንዛ ወረርሺኝ የሚከሰተው በርካታ ሰዎች ሲታመሙ ወይም በአዲስ ኢንፍሉዌንዛ ቫይረስ ሲጠቁ ነው። ,የኢፍሉዌንዛ ወረርሺኝ የሚከሰተው በርካታ ሰዎች ሲታመሙ ወይም በአዲስ ኢንፍሉዌንዛ ቫይረስ ሲጠቁ ነው። 
የኢንፍሉዌንዛ ቫይረስ የሚሰራጨው እንዴት ነዉ?,የኢንፍሉዌንዛ ቫይረስ የሚሰራጨው ኢንፍሉዌንዛ ያለበት ሰው ሲያስል ወይም ሲያስነጥስ ነው። ,የኢንፍሉዌንዛ ቫይረስ የሚሰራጨው ኢንፍሉዌንዛ ያለበት ሰው ሲያስል ወይም ሲያስነጥስ ነው። 
የኢንፍሉዌንዛ ቫይረስ መንስኤ ምንምን ነዉ?,ቫይረሱ ያለበትን ቁስ በእጅ ነክቶ መልሶ አይንን፣ አፍንጫን ወይም አፍን መነካካት ለቫይረሱ ተጋላጭ ያደርጋል። ,ቫይረሱ ያለበትን ቁስ በእጅ ነክቶ መልሶ አይንን፣ አፍንጫን ወይም አፍን መነካካት ለቫይረሱ ተጋላጭ ያደርጋል። 
እርግዝና ምንድን ነዉ?,እርግዝና ከጽንስ መፈጠር ጀምሮ እስከ ልጅ መውለድ ባለው ጊዜ ውስጥ ብዙ ሂደቶችን ያልፋል። ,እርግዝና ከጽንስ መፈጠር ጀምሮ እስከ ልጅ መውለድ ባለው ጊዜ ውስጥ ብዙ ሂደቶችን ያልፋል። 
ጽንስ ምንድን ነዉ?,"የወንድ የዘር ፈሳሽ በሴቷ ብልት ውስጥ በተፈጥሮአዊ የግብረ ስጋ ግንኙነት ወይም በሰውሰራሽ መንገድ ከፈሰሰ በኋላ በሚሊዮን የሚቆጠሩ የዘር ህዋሶች ከታችኛው የሴቷ የብልት ክፍል ወደላይ በመዋኘት በሴቷ የዘር ማስተላለፊያ ቱቦ ውስጥ የተዘጋጀ እንቁላል ካገኙ በእንቁላሉ ዙሪያ ያለውን ቅርፊት ለመስበር ይሞክራሉ።
","የወንድ የዘር ፈሳሽ በሴቷ ብልት ውስጥ በተፈጥሮአዊ የግብረ ስጋ ግንኙነት ወይም በሰውሰራሽ መንገድ ከፈሰሰ በኋላ በሚሊዮን የሚቆጠሩ የዘር ህዋሶች ከታችኛው የሴቷ የብልት ክፍል ወደላይ በመዋኘት በሴቷ የዘር ማስተላለፊያ ቱቦ ውስጥ የተዘጋጀ እንቁላል ካገኙ በእንቁላሉ ዙሪያ ያለውን ቅርፊት ለመስበር ይሞክራሉ።
"
የቆዳ መለጠጥ ምንድን ነዉ?,በእርግዝና ወቅት በሚጨምሩት ኪሎ ምክንያት የቆዳ መለጠጥ ምልክት በሰውነታቸው ላይ ይወጣባቸዋል። ,በእርግዝና ወቅት በሚጨምሩት ኪሎ ምክንያት የቆዳ መለጠጥ ምልክት በሰውነታቸው ላይ ይወጣባቸዋል። 
መንታ እርግዝና እንዴት ይፈጠራል?,መንታ እርግዝና የሚፈጠረው እንቁላል በሚለቀቅበት ወቅት (ovulation) ሁለት እንቁላሎችን አዘጋጅተሽ እነርሱ ከሁለት የወንድ የዘር ህዋሶች ጋር ስለተዳቀሉ ወይም አንድ እንቁላል ከአንድ የዘር ህዋስ ጋር ተዳቅላ የፈጠረቻት የፅንስ ህዋስ ለሁለት ተከፍላ ሁለት ፅንሶች በመስራቷ ነው።,መንታ እርግዝና የሚፈጠረው እንቁላል በሚለቀቅበት ወቅት (ovulation) ሁለት እንቁላሎችን አዘጋጅተሽ እነርሱ ከሁለት የወንድ የዘር ህዋሶች ጋር ስለተዳቀሉ ወይም አንድ እንቁላል ከአንድ የዘር ህዋስ ጋር ተዳቅላ የፈጠረቻት የፅንስ ህዋስ ለሁለት ተከፍላ ሁለት ፅንሶች በመስራቷ ነው።
"በማህፀን ውስጥ የጽንስ አቀማመጥ እንዴት ነዉ?

",ጽንስ በማህፀን ውስጥ የተለያዩ አቀማመጦች ይኖሩታል፡፡ እስከ 36ኛው ሳምንት ድረስ ማህፀን ውስጥ በቂ ቦታ ስለሚኖር ጽንሱ እንደፈለገው ይገለባበጣል፡፡,ጽንስ በማህፀን ውስጥ የተለያዩ አቀማመጦች ይኖሩታል፡፡ እስከ 36ኛው ሳምንት ድረስ ማህፀን ውስጥ በቂ ቦታ ስለሚኖር ጽንሱ እንደፈለገው ይገለባበጣል፡፡
የህጻኑ (ፅንሱ) የሆድ ውስጥ እንቅስቃሴ ምን ያመለክታል?,የልጅሽ እንቅስቃሴ ልጅሽ እድገት እያሳየ እንደሆነ ያመላክታል፡፡ በተጨማሪም ከአንቺ ጋር ያለውን ግንኙነት ያጠነክርልሻል።,የልጅሽ እንቅስቃሴ ልጅሽ እድገት እያሳየ እንደሆነ ያመላክታል፡፡ በተጨማሪም ከአንቺ ጋር ያለውን ግንኙነት ያጠነክርልሻል።
ለወር አበባ መጥፋት ምክነያት ምንድን ነዉ?,ለወር አበባ መጥፋት ወይም መዘግየት ዋነኛ ምክንያት እርግዝና ቢሆንም ከእርግዝና በተጨማሪም የተለያዩ ምክንያቶች ይጠቀሳሉ።,ለወር አበባ መጥፋት ወይም መዘግየት ዋነኛ ምክንያት እርግዝና ቢሆንም ከእርግዝና በተጨማሪም የተለያዩ ምክንያቶች ይጠቀሳሉ።
እርግዝና የሚፈጠረው መንስኤ ምንድን ነዉ?,እርግዝና የሚፈጠረው በወንዱ ዘርና በሴቷ ዘር ግንኙነት መንስኤነት ነው፡፡,እርግዝና የሚፈጠረው በወንዱ ዘርና በሴቷ ዘር ግንኙነት መንስኤነት ነው፡፡
በእርግዝና ወቅት የጀርባ ህመም ምንድን ነዉ?,በእርግዝና ወቅት የጀርባ ህመም የሚጠበቅ ነገር ሲሆን በአለማችን ላይ ከ50-70% የሚሆኑ ነፍሰ ጡር ሴቶች የጀርባ ህመም ይከሰትባቸዋል፡፡,በእርግዝና ወቅት የጀርባ ህመም የሚጠበቅ ነገር ሲሆን በአለማችን ላይ ከ50-70% የሚሆኑ ነፍሰ ጡር ሴቶች የጀርባ ህመም ይከሰትባቸዋል፡፡
በእርግዝና ወቅት የጀርባ ህመም መንስኤው ምንምን ነዉ?,"የክብደት መጨመር፣የአቋም መዛባት(ሆድ እየገፋ በመጣ ቁጥር ጀርባ ላይ ተጽእኖ እንዲፈጥር ያደርጋል)፣የሆርሞን መቀያየር
","የክብደት መጨመር፣የአቋም መዛባት(ሆድ እየገፋ በመጣ ቁጥር ጀርባ ላይ ተጽእኖ እንዲፈጥር ያደርጋል)፣የሆርሞን መቀያየር
"
እርግዝና ወቅት የጀርባ ህመምን እንዴት ማስታገስ እችላለሁ?,"እረፍት ማድረግ፣ሙቅ ውሃ ወይም በረዶ ጀርባ ላይ መያዝ
","እረፍት ማድረግ፣ሙቅ ውሃ ወይም በረዶ ጀርባ ላይ መያዝ
"
እርግዝና ወቅት የጀርባ ህመምን መከላከያዉ ምንድን ነዉ?,"ሲቀመጡ ቀጥ ብሎ ትከሻን ቀና አድርጎ መቀመጥ፣የአካል ብቃት እንቅስቃሴዎችን ከጤና ባለሞያዎች ጋር በመመካከር መተግበር
","ሲቀመጡ ቀጥ ብሎ ትከሻን ቀና አድርጎ መቀመጥ፣የአካል ብቃት እንቅስቃሴዎችን ከጤና ባለሞያዎች ጋር በመመካከር መተግበር
"
የመወለጃ ጊዜ አልፏል የሚባለው ምንድን ነዉ?,የመወለጃ ጊዜ አልፏል የሚባለው ህጻኑ በአርባ ሁለት (42)  ሳምንታት የጽንስ ጊዜ (ከሚጠበቀው የመውለጃ ቀን ከሁለት ሳምንት በኋላ) ካልተወለደ የመውለጃ ቀን አልፏል ይባላል።,የመወለጃ ጊዜ አልፏል የሚባለው ህጻኑ በአርባ ሁለት (42)  ሳምንታት የጽንስ ጊዜ (ከሚጠበቀው የመውለጃ ቀን ከሁለት ሳምንት በኋላ) ካልተወለደ የመውለጃ ቀን አልፏል ይባላል።
የመውለጃ ቀን የሚያልፍበት ምክንያት  ምንድን ነዉ?,"እርግዝናው የመጀመሪያዋ ከሆነ ወይም ከዚህ እርግዝና በፊት የመውለጃ ቀን አልፎባት ከነበረ በዚህ እርግዝናም የመውለጃ ቀን የማለፍ እድሉ ሰፊ ነው።
","እርግዝናው የመጀመሪያዋ ከሆነ ወይም ከዚህ እርግዝና በፊት የመውለጃ ቀን አልፎባት ከነበረ በዚህ እርግዝናም የመውለጃ ቀን የማለፍ እድሉ ሰፊ ነው።
"
እርግዝና 42 ሳምንታት ቢያልፈው ችግሩ ምንድን ነው? ,እርግዝና አርባ ሁለት (42) ሳምንታት ቢያልፈው ችግሩ ምንድን ነው? ከ አርባ ሁለት (42) ሳምንታት በኋላ የተወለዱ ህጻናት ለተለያዩ ችግሮች የተጋለጡ ናቸው ፦ ,እርግዝና አርባ ሁለት (42) ሳምንታት ቢያልፈው ችግሩ ምንድን ነው? ከ አርባ ሁለት (42) ሳምንታት በኋላ የተወለዱ ህጻናት ለተለያዩ ችግሮች የተጋለጡ ናቸው ፦ 
"በተጠበቀው የመውለጃ ቀን ካልተወለደ ምን የተለየ ክትትል ያስፈልጋል?

",በተጠበቀው የመውለጃ ቀንዎ ካልወለዱ ዶክተርዎ የልጅዎን ጤንነት ለመፈተሽ ምርመራ ያደርጋሉ።,በተጠበቀው የመውለጃ ቀንዎ ካልወለዱ ዶክተርዎ የልጅዎን ጤንነት ለመፈተሽ ምርመራ ያደርጋሉ።
በተጠበቀው የመውለጃ ቀን ካልተወለደ ምርመራዎች ምንድን ናቸዉ?,"ምርመራዎቹ፣የልጅዎ የልብ ምት፣የልጅዎ ትንፋሽና እንቅስቃሴዎች፣የሽርት ውሃ መጠን
","ምርመራዎቹ፣የልጅዎ የልብ ምት፣የልጅዎ ትንፋሽና እንቅስቃሴዎች፣የሽርት ውሃ መጠን
"
ዶክተርዎ ወዲያውኑ ልጅዎን እንዲወልዱ ከወሰነ ስንት አማራጮች ይኖራሉ?,"ሁለት አማራጮች ይኖራሉ- አንደኛው ምጥ እንዲመጣ የሚያደርግ መድሃኒት በመስጠት አምጠው እንዲወልዱ ማድረግ ሲሆን ሁለተኛው ደግሞ በቀዶ ጥገና መገላገል ነው፣ በቀዶ ጥገና መዉለድ
","ሁለት አማራጮች ይኖራሉ- አንደኛው ምጥ እንዲመጣ የሚያደርግ መድሃኒት በመስጠት አምጠው እንዲወልዱ ማድረግ ሲሆን ሁለተኛው ደግሞ በቀዶ ጥገና መገላገል ነው፣ በቀዶ ጥገና መዉለድ
"
"በቀዶ ጥገና ለመውለድ አስገዳጅ ሊሆኑ ይችላሉ የሚባሉትን ዘርዝር

",ምጥ ለማምጣት የተሰጡ መድሃኒቶች ካልሰሩ፣ህጻኑ በጣም ትልቅ ከሆነ እና በማህፀን በኩል በደህና ለመውጣት አስቸጋሪ የሚሆን ከሆነ,ምጥ ለማምጣት የተሰጡ መድሃኒቶች ካልሰሩ፣ህጻኑ በጣም ትልቅ ከሆነ እና በማህፀን በኩል በደህና ለመውጣት አስቸጋሪ የሚሆን ከሆነ
"ከተጠበቀው የመውለጃው ቀን በኋላ ከተወለደ ጤናማ ይሆናል?

",ከተጠበቀው የመውለጃ ቀናቸው በኋላ የተወለዱ ብዙዎቹ ሕፃናት ጤናማ ናቸው። ይሁን እንጂ ከተጠበቀው ቀን በኋላ የተወለዱ ሕፃናት በተወለዱበት ጊዜ ትንሽ የተለየ መልክ ሊኖራቸው ይችላል፦ ረጅምና ቀጭን ክንዶች ወይም እግሮች,ከተጠበቀው የመውለጃ ቀናቸው በኋላ የተወለዱ ብዙዎቹ ሕፃናት ጤናማ ናቸው። ይሁን እንጂ ከተጠበቀው ቀን በኋላ የተወለዱ ሕፃናት በተወለዱበት ጊዜ ትንሽ የተለየ መልክ ሊኖራቸው ይችላል፦ ረጅምና ቀጭን ክንዶች ወይም እግሮች
ህጻናት ይህችን ዓለም በስንት መንገድ ይቀላቀላሉ? ,በሁለት- በምጥ ወይም ደግሞ በኦፕሬሽን ,በሁለት- በምጥ ወይም ደግሞ በኦፕሬሽን 
በኦፕሬሽን መውለድ ጥቅሙ ምንድን ነዉ?,በአስቸጋሪ ሁኔታ ውስጥ ያሉ እናቶችን እና የጽንስን ህይወት ይታደጋል፡፡ እናቶች በምጥ ወቅት ሊሰማቸው የሚችለውን የተራዘመ ስቃይ ያስቀራል።,በአስቸጋሪ ሁኔታ ውስጥ ያሉ እናቶችን እና የጽንስን ህይወት ይታደጋል፡፡ እናቶች በምጥ ወቅት ሊሰማቸው የሚችለውን የተራዘመ ስቃይ ያስቀራል።
በኦፕሬሽን መውለድ ጉዳቱ ምንድን ነዉ?,ጽንሱን ለማውጣት የሚቀደደው የሰውነት ከፍል ለመዳን ጊዜ ይወስዳል፤ በሰውነት ላይ ጥሎት የሚያልፈው ጠባሳም በቀላሉ የሚድን አይደለም።,ጽንሱን ለማውጣት የሚቀደደው የሰውነት ከፍል ለመዳን ጊዜ ይወስዳል፤ በሰውነት ላይ ጥሎት የሚያልፈው ጠባሳም በቀላሉ የሚድን አይደለም።
ከማህጸን ውጪ የሚፈጠር እርግዝና ምንድን ነዉ?,ይህ የእርግዝና አይነት ከመደበኛው ማለትም ከመሃጸን ውጪ በማህጸን ትቦ ወይም በሆድ ውስት ሲከሰት ነው።,ይህ የእርግዝና አይነት ከመደበኛው ማለትም ከመሃጸን ውጪ በማህጸን ትቦ ወይም በሆድ ውስት ሲከሰት ነው።
ከማህጸን ውጪ የሚፈጠር እርግዝና ምልክቱ ምንምን ነዉ?,"አነስተና የሆነ ከማህጸን የሚወጣ ደም፣ከህመም ጋር የተደባለቀ ማቅለሽለሽ እና ማስመለስ፣ከፍተኛ የሆነ የሆድ ቁርጠት
","አነስተና የሆነ ከማህጸን የሚወጣ ደም፣ከህመም ጋር የተደባለቀ ማቅለሽለሽ እና ማስመለስ፣ከፍተኛ የሆነ የሆድ ቁርጠት
"
ከማህጸን ውጪ የሚፈጠር እርግዝና መንስኤ ምንምን ነዉ?,"የአባላዘር በሽታ፣በቀዶ ህክምና ምክንያት የመጣ የማህጸን ጠባሳ፣ከዚህ በፊት ተመሳሳይ የሆነ ነገር ገጥሞ ከነበረ
","የአባላዘር በሽታ፣በቀዶ ህክምና ምክንያት የመጣ የማህጸን ጠባሳ፣ከዚህ በፊት ተመሳሳይ የሆነ ነገር ገጥሞ ከነበረ
"
አንድ ሴት አርግዛ ከሆነ በመጀመሪያው ሳምንት ምልክቶችን ዘርዝር,"ማቅለሽለሽ፣የጡቶች መጠን መጨመርና የህመም ሰሜት፣ከወትሮው በተለየ ቶሎ ቶሎ መሽናት
","ማቅለሽለሽ፣የጡቶች መጠን መጨመርና የህመም ሰሜት፣ከወትሮው በተለየ ቶሎ ቶሎ መሽናት
"
በእርግዝና የመጨረሻዎቹ ሳምንታት ውስጥ የሚታዩ ምልክቶችን ዘርዝር,"ቃር ወይም ምግብ ቶሎ አለመፈጨት፣የሆድ ድርቀት፣ትንፋሽ ማጠር
","ቃር ወይም ምግብ ቶሎ አለመፈጨት፣የሆድ ድርቀት፣ትንፋሽ ማጠር
"
"አደገኛ የእርግዝና ምልክቶች የሚባሉትን ዘርዝር

",ከብልት ደም መፍሰስ፣ የእንሽርት ውሃ መፍሰስ፣የጽንሱ እንቅስቃሴ መቀነስ፣ሃይለኛ ቁርጠት ፣ከፍተኛ ድካም ወይም ማዞር   ,ከብልት ደም መፍሰስ፣ የእንሽርት ውሃ መፍሰስ፣የጽንሱ እንቅስቃሴ መቀነስ፣ሃይለኛ ቁርጠት ፣ከፍተኛ ድካም ወይም ማዞር   
በእርግዝና ወቅት የሚመከሩ ምግቦችን ዘርዝር,በእርግዝና ወቅት ንጥረ ነገር ላይ ያተኩሩ ጤናማ የእርግዝና አመጋገብ እንደ አትክልት፣ፍራፍሬ መመገብ  አስፈላጊ ነው።,በእርግዝና ወቅት ንጥረ ነገር ላይ ያተኩሩ ጤናማ የእርግዝና አመጋገብ እንደ አትክልት፣ፍራፍሬ መመገብ  አስፈላጊ ነው።
ነፍሰጡር እናቶች ነፍሰጡር ካልሆኑ እናቶች ጋር ሲነፃፀሩ የብረት ማዕድን ስንት እጥፍ ያስፈልጋቸዋል?,ሁለት- ይህም ለልጅዎ ኦክሲጂን ለማቅረብ ተጨማሪ ደም ስለሚያስፈልግ ይኸን ለመስራት ያገለግላል፡፡በእርግዝናዎ ,ሁለት- ይህም ለልጅዎ ኦክሲጂን ለማቅረብ ተጨማሪ ደም ስለሚያስፈልግ ይኸን ለመስራት ያገለግላል፡፡በእርግዝናዎ 
ምጥ መጀመሩን የምናረጋግጥበት ምልክቱ ምንድን ነዉ?,"ጽንሱ ወደ ወገብ አጥንታችን ዘልቆ መግባት፣የማህፀን ፈሳሽ መጨመር
","ጽንሱ ወደ ወገብ አጥንታችን ዘልቆ መግባት፣የማህፀን ፈሳሽ መጨመር
"
"በምጥ ጊዜ ሉከሰቱ ስለሚችሉ ችግሮች ዘርዝር 

",የእንሽርት ውሀ መፍሰስ ነገርግን ምጥ ያለመኖር፣በምጥ ሰአት የፅንስ አቀማመጥ ትክክል አለመሆን፣ከወሊድ በፊት ከማህፀን ደም መፍሰስ ,የእንሽርት ውሀ መፍሰስ ነገርግን ምጥ ያለመኖር፣በምጥ ሰአት የፅንስ አቀማመጥ ትክክል አለመሆን፣ከወሊድ በፊት ከማህፀን ደም መፍሰስ 
ምጥ ስንት አይንት ነዉ?,ምጥ ሁለት አይነት ሲሆን የመጀመሪያው የውሸት ምጥ ወይም በተለሞዶ መንገድ ጠራጊው ሲባል ሁለተኛው ደግሞ መውለጃሽ ሲደርስ የሚጀምርሽ እውነተኛ ምጥ ነው ፡፡ ,ምጥ ሁለት አይነት ሲሆን የመጀመሪያው የውሸት ምጥ ወይም በተለሞዶ መንገድ ጠራጊው ሲባል ሁለተኛው ደግሞ መውለጃሽ ሲደርስ የሚጀምርሽ እውነተኛ ምጥ ነው ፡፡ 
የእውነተኛ ምጥ ምልክቱ ምንድን ነዉ?,የእንሽርት ውሀ መፍስስ ዋነኛው ምልክት ነው፡፡,የእንሽርት ውሀ መፍስስ ዋነኛው ምልክት ነው፡፡
የእንሽርት ውሀ ምንድን ነዉ?,የእንሽርት ውሀ ልጅን ከቦ ከአደጋ የሚጠብቀው ፈሳሽ ነው፡፡ ልጅን እንዲወጣ መፍስስ አለበት፡፡ ,የእንሽርት ውሀ ልጅን ከቦ ከአደጋ የሚጠብቀው ፈሳሽ ነው፡፡ ልጅን እንዲወጣ መፍስስ አለበት፡፡ 
"መንገድ ጠራጊ (የውሸት ምጥ) ምልክቱ ምንድን ነዉ?
",በወር አበባ ጊዜ የሚሰማንን አይነት የሆድ ቁርጠት መሰማት ፡፡ በአብዛኛው ጊዜ ገላን በመታጠብና እረፍት በማድረግ ስሜቱን ማጥፋት ይቻላል፡፡  ,በወር አበባ ጊዜ የሚሰማንን አይነት የሆድ ቁርጠት መሰማት ፡፡ በአብዛኛው ጊዜ ገላን በመታጠብና እረፍት በማድረግ ስሜቱን ማጥፋት ይቻላል፡፡  
ምጥ ስንት ደረጃዎች አሉት?,ምጥ ሶስት ደረጃዎች ሲኖሩት የማህፀንሽ በር ልጁን ለማስወጣት የሚዘጋጅበት ደረጃ ነው። ,ምጥ ሶስት ደረጃዎች ሲኖሩት የማህፀንሽ በር ልጁን ለማስወጣት የሚዘጋጅበት ደረጃ ነው። 
"ቅድመ ምጥ ወይም ደረጃ አንድ ምንድን ነዉ?

",የማህፀን በር ከ0 እስከ 4 ሴንቲ ሜትር ይከፍታል,የማህፀን በር ከ0 እስከ 4 ሴንቲ ሜትር ይከፍታል
ዋናው ምጥ ወይም ደረጃ ሁለት ምንድን ነዉ?,የማህፀንሽ በር ከ5 እስከ 9 ሴንቲ ሜትር ይከፈታል,የማህፀንሽ በር ከ5 እስከ 9 ሴንቲ ሜትር ይከፈታል
ደረጃ ሶስት ምጥ ምንድን ነዉ?,የማህፀን በር ከ9 እስከ 10 ሴንት ሜትር ይከፈታል,የማህፀን በር ከ9 እስከ 10 ሴንት ሜትር ይከፈታል
"የእንግዴ ልጅ መውጣት ምንድን ነዉ?

",ልጅሽ ከተወለደች በኃላ የእንግዴ ልጁ ከማህፀንሽ ግድግዳ በመላቀቅ ወደ ውጪ ይወጣል።,ልጅሽ ከተወለደች በኃላ የእንግዴ ልጁ ከማህፀንሽ ግድግዳ በመላቀቅ ወደ ውጪ ይወጣል።
"በምጥ መዉለድ ከሚሰጣቸው ጥቅሞች ዘርዝር

",አጭር የሆስፒታል ቆይታ፣የደም መፍሰስ፣ ጠባሳና ኢንፌክሽን አያመጣም,አጭር የሆስፒታል ቆይታ፣የደም መፍሰስ፣ ጠባሳና ኢንፌክሽን አያመጣም
የማህፀን ፈንገስ ኢንፌክሽን ምንድን ነዉ?,የማህፀን ፈንገስ ኢንፌክሽን እጅግ በጣም የተለመደ እና ከ4 ሴቶች በ3ቱ ላይ በዕድሜ ዘመናቸው ቢያንስ አንዴ የሚከሰት የሕመም ዓይነት ነው፡፡ ,የማህፀን ፈንገስ ኢንፌክሽን እጅግ በጣም የተለመደ እና ከ4 ሴቶች በ3ቱ ላይ በዕድሜ ዘመናቸው ቢያንስ አንዴ የሚከሰት የሕመም ዓይነት ነው፡፡ 
"የማህፀን ፈንገስ ኢንፌክሽን በምን ምክንያት ይከሰታል?

",ፀረ ባክቴሪያ መውሰድ፣እርግዝና፣በሕክምና ያልተስተካከለ የስኳር ሕመም ካለብን,ፀረ ባክቴሪያ መውሰድ፣እርግዝና፣በሕክምና ያልተስተካከለ የስኳር ሕመም ካለብን
"ለማህፀን ፈንገስ ኢንፌክሽን ተጋላጭነት የሚጨምሩ ሁኔታዎች ምንምን ናቸው?
","ፀረባክቴሪያ በመውሰድ ላይ ያለች ሴት፣የኤስትሮጂን ሆርሞን መጠን መጨመር፣ እርጉዝ (ነፍሰጡር) ሴቶች እና የኤስትሮጂን መጠኑ ከፍተኛ የሆነ የወሊድ መቆጣጠሪያ የሚወስዱ ሴቶች
","ፀረባክቴሪያ በመውሰድ ላይ ያለች ሴት፣የኤስትሮጂን ሆርሞን መጠን መጨመር፣ እርጉዝ (ነፍሰጡር) ሴቶች እና የኤስትሮጂን መጠኑ ከፍተኛ የሆነ የወሊድ መቆጣጠሪያ የሚወስዱ ሴቶች
"
"የማህፀን ፈንገስ ኢንፌክሽን ምልክቶች ምንምን ናቸው?

",በማህፀን አካባቢ ማሳከክ፣የውሃሽንት በማስወጣትና በግብረ ሥጋ ግንኙነት ጊዜ የማቃጠል ስሜት,በማህፀን አካባቢ ማሳከክ፣የውሃሽንት በማስወጣትና በግብረ ሥጋ ግንኙነት ጊዜ የማቃጠል ስሜት
"ከባድ የሆነ የማህፀን ፈንገስ ኢንፌክሽን መኖሩን የሚያመለክቱ ሁኔታዎች ምንምን ናቸው?

",ከፍተኛ የሆነ የማህፀን ማሳከክ፣ማበጥ እና መቅላት መኖር,ከፍተኛ የሆነ የማህፀን ማሳከክ፣ማበጥ እና መቅላት መኖር
"የማህፀን ፈንገስ ኢንፌክሽንን እንዴት መከላከል ይቻላል?

",የማያጠብቁ (ዘና የሚያደርጉ) ሱሪዎችን መልበስ፣ከጥጥ የተሠሩ የውስጥ ሱሪዎችን መልበስ,የማያጠብቁ (ዘና የሚያደርጉ) ሱሪዎችን መልበስ፣ከጥጥ የተሠሩ የውስጥ ሱሪዎችን መልበስ
የማህፀን ፈንገስ ኢንፌክሽን መፍትሄዉ ምንድን ነዉ?,የሕመሙን ምልክቶች እንዳስተዋሉ ወደሕክምና ቦታ በመሄድ ለሕክምና የሚሆን መድኃኒት በመውሰድና በሚገባ በመጠቀም ከሕመሙ ነፃ መሆን ይችላሉ፡፡,የሕመሙን ምልክቶች እንዳስተዋሉ ወደሕክምና ቦታ በመሄድ ለሕክምና የሚሆን መድኃኒት በመውሰድና በሚገባ በመጠቀም ከሕመሙ ነፃ መሆን ይችላሉ፡፡
አንዲት እርጉዝ ሴት ምጧ ሲመጣ ምን እቃዎች ይዛ ብትመጣ ይመከራል? ,ለኦፕሬሽን የምትዘጋጁ ከሆነ ከለሊቱ 6ሰዓት በኋላ ምግብና ማንኛውም መጠጥ ማቆም ያስፈልጋል፡፡ ይህም ማደንዘዣ በሚሰጥበት ግዜ ትንታ ወይም ምግብ ወደላይ ቢያስመልስ ወደ ሳንባ እንዳይገባ ለመከላከል ይጠቅማል፡፡,ለኦፕሬሽን የምትዘጋጁ ከሆነ ከለሊቱ 6ሰዓት በኋላ ምግብና ማንኛውም መጠጥ ማቆም ያስፈልጋል፡፡ ይህም ማደንዘዣ በሚሰጥበት ግዜ ትንታ ወይም ምግብ ወደላይ ቢያስመልስ ወደ ሳንባ እንዳይገባ ለመከላከል ይጠቅማል፡፡
ለአንዲት እርጉዝ ሴት የሚያሰፈልጉ ዕቃዎች ዘርዝር,የጽዳት መገልገያዎች (ሶፍት ሳሙና ጥርስ ብሩሽ ማበጠሪያ መታሻ ፎጣ ሞዴስ)ውስጥ ልብስ (ፓንት ካልሲ ኮፍያ)ጋቢ ወይም ወፍራም ሹራብ,የጽዳት መገልገያዎች (ሶፍት ሳሙና ጥርስ ብሩሽ ማበጠሪያ መታሻ ፎጣ ሞዴስ)ውስጥ ልብስ (ፓንት ካልሲ ኮፍያ)ጋቢ ወይም ወፍራም ሹራብ
ለእርጉዝ ሴቶች የተከለከሉ ምግቦች ዘርዝር,ጉበት፣ቡና፣በሂደት ያለፈ ሥጋ፣ሳላድ፣በበቂ ሁኔታ ያልበሰለ ሥጋ እና ጥሬ የአሳ ሥጋ፣አልኮል,ጉበት፣ቡና፣በሂደት ያለፈ ሥጋ፣ሳላድ፣በበቂ ሁኔታ ያልበሰለ ሥጋ እና ጥሬ የአሳ ሥጋ፣አልኮል
በእርግዝና ጊዜ በጣም አስፈላጊ የሆኑ ምግቦች ዘርዝር,ሳርዲን፣ምስር ክክ ፣እርጎ፣ስፒናሽ፣ለውዝ፣አቮካዶ,ሳርዲን፣ምስር ክክ ፣እርጎ፣ስፒናሽ፣ለውዝ፣አቮካዶ
እርግዝና በ18 ሳምንታት ውስጥ የሚያሳያቸው ምልክቶች ዘርዝር,"የሽልእንቅስቃሴ፣በተደጋጋሚ የማስታወክ፣የማቅለሽለሽ፣የእግር ደም ስር ማበጥ፣የባት/የእግር መሸማቀቅ
","የሽልእንቅስቃሴ፣በተደጋጋሚ የማስታወክ፣የማቅለሽለሽ፣የእግር ደም ስር ማበጥ፣የባት/የእግር መሸማቀቅ
"
በእርግዝና ወቅት በሴቾች ላይ የሚያሳዩት ለውጥ ዘርዝር,የስነ-ባህሪ ለውጥ ፣ ከተለመደው ውጪ መሆን,የስነ-ባህሪ ለውጥ ፣ ከተለመደው ውጪ መሆን
"በወር አበባ ጊዜ የግብረ ሥጋ ግንኙነት ቢደረግ እርግዝና ይከሰት ይሆን?

",የወር አበባን በምታይ ጊዜ የግብረ ሥጋ ግንኙነት የምታደርግ ሴት የማርገዝ ዕድሏ የቀነሰ ቢሆንም ሙሉ በሙሉ ግን አይከሰትምለማለት አይቻልም፡፡ ,የወር አበባን በምታይ ጊዜ የግብረ ሥጋ ግንኙነት የምታደርግ ሴት የማርገዝ ዕድሏ የቀነሰ ቢሆንም ሙሉ በሙሉ ግን አይከሰትምለማለት አይቻልም፡፡ 
"ጡት ማጥባት እርግዝናን ይከላከላል?

",ጡት ማጥባት የእንቁላል መፈጠርን የሚከላከል ቢሆንም የሚቆይበት ጊዜ ግን ለጥቂት ወራት ብቻ ስለሆነ ሰውነት ወደቀድሞ ሁኔታው በሚመለስ ጊዜ የማርገዝ ዕድልም አብሮ ስለሚመለስ ጡት ማጥባት እርግዝናን የሚከላከልብት ጊዜ ውስን መሆኑን መገንዘብ ያስፈልጋል፡፡,ጡት ማጥባት የእንቁላል መፈጠርን የሚከላከል ቢሆንም የሚቆይበት ጊዜ ግን ለጥቂት ወራት ብቻ ስለሆነ ሰውነት ወደቀድሞ ሁኔታው በሚመለስ ጊዜ የማርገዝ ዕድልም አብሮ ስለሚመለስ ጡት ማጥባት እርግዝናን የሚከላከልብት ጊዜ ውስን መሆኑን መገንዘብ ያስፈልጋል፡፡
"የመጀመሪያ ጊዜ የግብረ ሥጋ ግንኙነት ማድረግ ላልተፈለገ እርግዝና ያጋልጣል?
",አዎን! ለመጀመሪያ ጊዜ የሚደረግ የግብረ ሥጋ ግንኙነት ላልተፈለገ እርግዝና ላያጋላጥ ይችላል ብለው የሚያስቡ አንዳንዶች ያሉ ቢሆንም ይህ ከእውነት የራቀ ነው፡፡ ,አዎን! ለመጀመሪያ ጊዜ የሚደረግ የግብረ ሥጋ ግንኙነት ላልተፈለገ እርግዝና ላያጋላጥ ይችላል ብለው የሚያስቡ አንዳንዶች ያሉ ቢሆንም ይህ ከእውነት የራቀ ነው፡፡ 
"የወሊድ መቆጣጠሪያዎች ምን ያህል እርግዝናን ይከላከላሉ?
",የወሊድ መቆጣጠሪያዎች በትክክለኛው መንገድ ከተተገበሩ ከ90% በላይ የሚሆን የመከላከያ አቅም ያላቸው ሲሆን ተአቅቦ ግን ጥርጥር የሌለው አማራጭ ነው፡፡ ,የወሊድ መቆጣጠሪያዎች በትክክለኛው መንገድ ከተተገበሩ ከ90% በላይ የሚሆን የመከላከያ አቅም ያላቸው ሲሆን ተአቅቦ ግን ጥርጥር የሌለው አማራጭ ነው፡፡ 
"የወሊድ መቆጣጠሪያ እንክብሎችን መውሰድ ወዲያውኑ እርግዝናን ይከላከላል?
",የወሊድ መቆጣጠሪያ እንክብሎች አጠቃቀም እና የሚወሰዱበትን ጊዜ በሚገባ ማወቅ እርግዝናን ለመከላከል ጠቃሚ ነው፡፡ ,የወሊድ መቆጣጠሪያ እንክብሎች አጠቃቀም እና የሚወሰዱበትን ጊዜ በሚገባ ማወቅ እርግዝናን ለመከላከል ጠቃሚ ነው፡፡ 
"ሁሉም የወሊድ መቆጣጠሪያዎች ከአባለዘር በሽታዎች ይከላከሉ ይሆን?

",ከወሊድ መቆጣጠሪያዎች ውስጥ ኮንዶምን መጠቀም ብቻ ከአባላዘር በሽታ ራስን መከላከል የሚቻልበት ዋነኛው መንገድ ነው፡፡,ከወሊድ መቆጣጠሪያዎች ውስጥ ኮንዶምን መጠቀም ብቻ ከአባላዘር በሽታ ራስን መከላከል የሚቻልበት ዋነኛው መንገድ ነው፡፡
"የወሊድ መቆጣጠሪያ እንክብሎች የሰውነት ክብደት ይጨምራሉ?
",አንዳንድ ሴቶች የሰውነት ክብደት መጨመርን እንዳስከተለባቸው የሚናገሩ ሲሆን ምክንያቱም የምግብ ፍላጎትን መጨመርን ማስከተሉና ፈሳሽ በሰውነታችን እንዲቀመጥ ማድረጉ መሆኑን ጥናቶች ያሳያሉ፡፡ ,አንዳንድ ሴቶች የሰውነት ክብደት መጨመርን እንዳስከተለባቸው የሚናገሩ ሲሆን ምክንያቱም የምግብ ፍላጎትን መጨመርን ማስከተሉና ፈሳሽ በሰውነታችን እንዲቀመጥ ማድረጉ መሆኑን ጥናቶች ያሳያሉ፡፡ 
"የወሊድ መቆጣጠሪያን መጠቀም መሃንነትን ያስከትላል?

",አያስከትልም! ሆርሞኖችን በውስጣቸው የያዙ የወሊድ መቆጣጠሪያዎች ለረጅም ጊዜ ከተወሰዱ መሃንነትን ያስከትላሉ ተብሎ የሚታሰብ ቢሆንም እነዚህን የወሊድ መቆጣጠሪያዎች መካንነትን እንደማያስከትሉ ሊያውቁት የሚገባ እውነታ ነው፡፡,አያስከትልም! ሆርሞኖችን በውስጣቸው የያዙ የወሊድ መቆጣጠሪያዎች ለረጅም ጊዜ ከተወሰዱ መሃንነትን ያስከትላሉ ተብሎ የሚታሰብ ቢሆንም እነዚህን የወሊድ መቆጣጠሪያዎች መካንነትን እንደማያስከትሉ ሊያውቁት የሚገባ እውነታ ነው፡፡
"ሾተላይን መከላከል እንዴት ይቻላል?
",የሾተላይ የመጀመሪያ ደረጃ መከላከል የሚጀምረው RH Negative ሴቶችን ለRH Positive ደም ከመጋለጣቸው በፊት Anti-D ( ሮጋም – ከፅንሱ ወደ እናት የደም ስር የሚገባውን የልጁን የደም ህዋሳት የሚያጠፋ ፀረ-እንግዳጨሲሆን የእንግዴ ለጁን ማለፍ ግን አይችልም ) መስጠት ነው፡፡ ,የሾተላይ የመጀመሪያ ደረጃ መከላከል የሚጀምረው RH Negative ሴቶችን ለRH Positive ደም ከመጋለጣቸው በፊት Anti-D ( ሮጋም – ከፅንሱ ወደ እናት የደም ስር የሚገባውን የልጁን የደም ህዋሳት የሚያጠፋ ፀረ-እንግዳጨሲሆን የእንግዴ ለጁን ማለፍ ግን አይችልም ) መስጠት ነው፡፡ 
የሾተላይ ህክምና ዘርዝር,"1. የደም ዓይነቷ አር ኤች ኔጋቲቭ (Rh-) የሆነች እናት ሕክምናዋ በሆስፒታል ውስጥ መሆን አለበት። 2. በደሟ ውስጥ ያለውን የንጥረ-ነገር መጠን መለካትና የጽነሷን የጉዳት መጠን በማየትብዙ ሳይጎዳ እንዲወለድ ማድረግ። 3. በሀገራችን በቅርቡ የተጀመረው ጽንሱ በማህጸን ውስጥ እያለ ደም በመለገስ እንዲያድግና እንዲወለድ ማስቻል።
","1. የደም ዓይነቷ አር ኤች ኔጋቲቭ (Rh-) የሆነች እናት ሕክምናዋ በሆስፒታል ውስጥ መሆን አለበት። 2. በደሟ ውስጥ ያለውን የንጥረ-ነገር መጠን መለካትና የጽነሷን የጉዳት መጠን በማየትብዙ ሳይጎዳ እንዲወለድ ማድረግ። 3. በሀገራችን በቅርቡ የተጀመረው ጽንሱ በማህጸን ውስጥ እያለ ደም በመለገስ እንዲያድግና እንዲወለድ ማስቻል።
"
"የእርግዝና ክፍለ-ጊዜዎችን ዘርዝር
 


",አንድ ጤነኛ እርግዝና ካለፈው የወር አበባዎ የመጀመሪያ ቀን (LMP) አንስቶ እስከ ህጻኑ መወለድ ድረስ 40 ሳምንታት ይቆያል ፡፡ እሱ በሦስት ደረጃዎች ይከፈላል ፣  በመባል ይጠራሉ-የመጀመሪያ 3ወር ፣ ሁለተኛው 3ወር እና ሦስተኛው 3ወር፡፡ ፅንሱ በዚህ ጊዜ ውስጥ ብዙ ለውጦችን ይለወጣል።,አንድ ጤነኛ እርግዝና ካለፈው የወር አበባዎ የመጀመሪያ ቀን (LMP) አንስቶ እስከ ህጻኑ መወለድ ድረስ 40 ሳምንታት ይቆያል ፡፡ እሱ በሦስት ደረጃዎች ይከፈላል ፣  በመባል ይጠራሉ-የመጀመሪያ 3ወር ፣ ሁለተኛው 3ወር እና ሦስተኛው 3ወር፡፡ ፅንሱ በዚህ ጊዜ ውስጥ ብዙ ለውጦችን ይለወጣል።
የመጀመሪያ 3ወር ክፍለ ጊዜ ምንድን ነዉ?,የሆርሞን ለውጦች በሰውነት ውስጥ ያሉትን ሁሉንም የሰውነት ክፍሎች ይነካል፡፡ ,የሆርሞን ለውጦች በሰውነት ውስጥ ያሉትን ሁሉንም የሰውነት ክፍሎች ይነካል፡፡ 
የመጀመሪያ 3ወር ምልክቱ ምንምን ነዉ?,"ከፍተኛ ድካም፣የጡቶች ማበጥ አንዳንዴ ህመም ሊኖር ይችላል፣ማጥወልወል እና/ወይም ማስታወክ
","ከፍተኛ ድካም፣የጡቶች ማበጥ አንዳንዴ ህመም ሊኖር ይችላል፣ማጥወልወል እና/ወይም ማስታወክ
"
"ሁለተኛው 3ወር ምልክቱ ምንምን ነዉ?
 
",የጀርባ፣ የሆድ ፣ የብሽሽት ወይም የጭን ህመም፣,የጀርባ፣ የሆድ ፣ የብሽሽት ወይም የጭን ህመም፣
የመጨረሻው 3ወር ምልክቱ ምንምን ነዉ?,"የቁርጭምጭሚቶች ፣ የጣቶች እና የፊት እብጠት። (ብዙ ክብደት ከጨመሩ ወዲያውኑ ለሐኪምዎ ይደውሉ, የግፊት ምልክት ሊሆን ይችላል) ፣
","የቁርጭምጭሚቶች ፣ የጣቶች እና የፊት እብጠት። (ብዙ ክብደት ከጨመሩ ወዲያውኑ ለሐኪምዎ ይደውሉ, የግፊት ምልክት ሊሆን ይችላል) ፣
"
"ነፍሰጡር ከሆንኩ የሄፓታይተስ ቢ ምርመራ ማድረግ አለብኝ?

",አዎ! ሁሉም ነፍሰ ጡር እናቶች የሄፓታይተስ ቢ ምርመራ ማድረግ አለባቸው! ነፍሰ ጡር ከሆንሽ ዶክተርሽ የሄፓታይተስ ቢ ምርመራ እንዳደረገልሽ አርግጠኛ ሁኚበፊት ልጅሽ ከመወለዱ፡፡,አዎ! ሁሉም ነፍሰ ጡር እናቶች የሄፓታይተስ ቢ ምርመራ ማድረግ አለባቸው! ነፍሰ ጡር ከሆንሽ ዶክተርሽ የሄፓታይተስ ቢ ምርመራ እንዳደረገልሽ አርግጠኛ ሁኚበፊት ልጅሽ ከመወለዱ፡፡
"የሄፓታይተስ ቢ ምርመራዎች ለነፍሰጡር እናቶች በጣም አስፈላጊ የሆኑት ለምንድን ነው?
",የሄፓታይተስ ቢ ምርመራ ውጤትሽ ፖዘቲቭ ሆኖ ነፍሰጡር ከሆንሽ፤ ቫይረሱ በእርግዝና እና በወሊድ ግዜ አዲስ ወደሚወለደው ህፃን ይተላለፋል፡፡ ,የሄፓታይተስ ቢ ምርመራ ውጤትሽ ፖዘቲቭ ሆኖ ነፍሰጡር ከሆንሽ፤ ቫይረሱ በእርግዝና እና በወሊድ ግዜ አዲስ ወደሚወለደው ህፃን ይተላለፋል፡፡ 
"በሄፓታይተስ ቢ መያዝ በእርግዝናዬ ላይ ተፅዕኖ ያመጣል?
",በእርግዝና ወቅት የሄፓታይተስ ቢ ኢንፌክሽን በአንቺና እና ባልተወለደው ልጅሽ ላይ ምንም ችግር ማስከተል የለበትም፡፡,በእርግዝና ወቅት የሄፓታይተስ ቢ ኢንፌክሽን በአንቺና እና ባልተወለደው ልጅሽ ላይ ምንም ችግር ማስከተል የለበትም፡፡
"ነፍሰጡር ብሆንና ሄፓታይተስ ቢ ቢኖርብኝ፣ እንዴት ነው ልጄን መጠበቅ የምችለው?
 ",ሄፓታይተስ ቢ እንዳለብዎ ከታወቀ፣ አዲስ የተወለደው ልጅዎ በማዋለጃ ክፍል ውስጥ እንዳለ ወዲያውኑ ሁለት ክትባት ሊሰጠው ይገባል፡፡,ሄፓታይተስ ቢ እንዳለብዎ ከታወቀ፣ አዲስ የተወለደው ልጅዎ በማዋለጃ ክፍል ውስጥ እንዳለ ወዲያውኑ ሁለት ክትባት ሊሰጠው ይገባል፡፡
"ሄፓታይተስ ቢ ቢኖርብኝ ልጄን ጡት ማጥባት እችላለሁ?
",ጡት ማጥባት የመያዝ እድልን ይቀንሳል፣ ምንም እንኳን ዝቅ ያለ ቢሆንም፡፡ ,ጡት ማጥባት የመያዝ እድልን ይቀንሳል፣ ምንም እንኳን ዝቅ ያለ ቢሆንም፡፡ 
የማህፀን መውጣት ማለት ምን ማለት ነዉ?,የማህፀን መውጣት ችግር ማለት የውስጠኛው የማህፀን ክፍል ቦታውን በመልቀቅ ወደ ውጭ መውጣት ማለት ,የማህፀን መውጣት ችግር ማለት የውስጠኛው የማህፀን ክፍል ቦታውን በመልቀቅ ወደ ውጭ መውጣት ማለት 
የማህፀን መውጣት መንስኤ ምንድን ነዉ?,እርግዝናና ወሊድን ተከትሎ የሚከሰትና ከማረጥ ጋር ተያይዞ የሚከሰት ናቸው,እርግዝናና ወሊድን ተከትሎ የሚከሰትና ከማረጥ ጋር ተያይዞ የሚከሰት ናቸው
የማህፀን መውጣት ምልክቱ ምንድን ነዉ?,የሽንት ምንም ሳይታወቅ መፍሰስ ወደ ዳሌ አጥንት አካባቢ ከባድነት ወይም ሙሉነት ስሜት መኖር ከማህፀን አካባቢ ያበጠ ነገር መኖር የወገብ ህመም የዳሌ አጥንት አካባቤ የግፊት ስሜት መኖር,የሽንት ምንም ሳይታወቅ መፍሰስ ወደ ዳሌ አጥንት አካባቢ ከባድነት ወይም ሙሉነት ስሜት መኖር ከማህፀን አካባቢ ያበጠ ነገር መኖር የወገብ ህመም የዳሌ አጥንት አካባቤ የግፊት ስሜት መኖር
የማህፀን መውጣት ህክምናዉ ምንድን ነዉ?,በቀዶ ጥገና የሚደረግ ህክምና ለማህፀን መውጣት ችግር መፍትሄ ነው,በቀዶ ጥገና የሚደረግ ህክምና ለማህፀን መውጣት ችግር መፍትሄ ነው
ቅድመ እርግዝና አገልግሎት ምንምን ነዉ?,ቅድመ እርግዝና አገልግሎት ከእርግዝና በፊት የሚሰጥ የህክምና አገልግሎት ሲሆን አካላዊ ፣ማህበራዊ ፣ ግለሰባዊ የአኗኗር ዘዴዎችን እነዲሁም ተጓዳኝ የህክምና ችግሮችን ለመፍታት እና በእርግዝና ጊዜ የእናትን እና የፅንስን ጤንነት ለማረጋገጥ የሚያገለግል ነው።,ቅድመ እርግዝና አገልግሎት ከእርግዝና በፊት የሚሰጥ የህክምና አገልግሎት ሲሆን አካላዊ ፣ማህበራዊ ፣ ግለሰባዊ የአኗኗር ዘዴዎችን እነዲሁም ተጓዳኝ የህክምና ችግሮችን ለመፍታት እና በእርግዝና ጊዜ የእናትን እና የፅንስን ጤንነት ለማረጋገጥ የሚያገለግል ነው።
ቅድመ እርግዝና አገልግሎት ጥቅሞችን ዘርዝር,"የእናትንና የልጅን ሞት ይቀንሳል፣ያልታሰበበትን እርግዝና ይቀንሳል፣በእርግዝና እና በወሊድ ጊዜ የሚፈጠሩ ችግሮችን ለመከላከል ይጠቅማል
","የእናትንና የልጅን ሞት ይቀንሳል፣ያልታሰበበትን እርግዝና ይቀንሳል፣በእርግዝና እና በወሊድ ጊዜ የሚፈጠሩ ችግሮችን ለመከላከል ይጠቅማል
"
"በቅድመ-እርግዝና ጊዜ የሚሰጡ አገልግሎቶችን ዘርዝር

","የሰውነት የምግብ ደረጃ ልኬታና ምክር፣የደም ማነስ እና የስኳር በሽታ ምርመራና ህክምና፣የቫይታሚን እና ንጥረ-ነገሮች ማበልጸግ
","የሰውነት የምግብ ደረጃ ልኬታና ምክር፣የደም ማነስ እና የስኳር በሽታ ምርመራና ህክምና፣የቫይታሚን እና ንጥረ-ነገሮች ማበልጸግ
"
ቅድመ እርግዝና ምርመራዎች ምንምን ናቸዉ?,"የደም ግፊት ምርመራ፣የልብ፣የኩላሊት ፣የጉበት ምርመራ
","የደም ግፊት ምርመራ፣የልብ፣የኩላሊት ፣የጉበት ምርመራ
"
ቅድመ እርግዝና አገልግሎት ከወንድ አጋር ምንምን ይጠበቃል?,"የአባላዘር በሽታዎች ምርመራ እና ህክምና፣ማጨስ፣መቃም ፣መጠጥና ሌሎች ጎጀ ድርጊቶችን ማቆም
","የአባላዘር በሽታዎች ምርመራ እና ህክምና፣ማጨስ፣መቃም ፣መጠጥና ሌሎች ጎጀ ድርጊቶችን ማቆም
"
እከክ መንስኤ ምንድን ነዉ?,መነሻው ጥቃቅን የሆኑ ነፍሳት ቆዳን በስተው ሲገቡ ነው። ,መነሻው ጥቃቅን የሆኑ ነፍሳት ቆዳን በስተው ሲገቡ ነው። 
እከክ መከላከያዉ ምንድን ነዉ?,ንጽህና በጣም አስፈላጊ ነው። መላ ሰውነትን ታጥቦ በቀን አንድ ጊዜ ልብስን መቀየር ተገቢ ነው። ልብሶች የአልጋ ልብስ ጭመር ታጥበው ፀሃይ ላይ መሰጣት ይኖርባቸዋል። የብረትም ይሁን የእንጨት አልጋዎች በነጭ ጋዝ ማጠብ ያስፈልጋል።,ንጽህና በጣም አስፈላጊ ነው። መላ ሰውነትን ታጥቦ በቀን አንድ ጊዜ ልብስን መቀየር ተገቢ ነው። ልብሶች የአልጋ ልብስ ጭመር ታጥበው ፀሃይ ላይ መሰጣት ይኖርባቸዋል። የብረትም ይሁን የእንጨት አልጋዎች በነጭ ጋዝ ማጠብ ያስፈልጋል።
እከክ የቤት ውስጥ መፍትሄዉ ምንድን ነዉ?,ነጭ ጋዝ (ፓራፊን) እና የአትክልት ዘይት,ነጭ ጋዝ (ፓራፊን) እና የአትክልት ዘይት
ኦቲዝም ምንድን ነዉ?,ኦቲዝም በህፃናት ላይ የነርቭና የእድገት ክትትል ላይ ከፍተኛ ችግር የሚፈጥር ሲሆን የልጁን ከሰዉ ጋር የሚያደርገዉን ግንኙነትና የመግባባት ችሎታ/ክህሎት  የሚጎዳ/የሚቀንስ የህመም አይነት ነዉ፡፡,ኦቲዝም በህፃናት ላይ የነርቭና የእድገት ክትትል ላይ ከፍተኛ ችግር የሚፈጥር ሲሆን የልጁን ከሰዉ ጋር የሚያደርገዉን ግንኙነትና የመግባባት ችሎታ/ክህሎት  የሚጎዳ/የሚቀንስ የህመም አይነት ነዉ፡፡
ኦቲዝም ምልክቱ ምንድን ነዉ?,ኦቲዝም  የልጆን ከሌሎች ጋር መግባባትንና የአረዳድ ሁኔታን በመጉዳት ለእድገት አስፈላጊ የሆኑ እንደ ማህበራዊ ግንኙነቶች፣መግባባትና ባህሪያቶችን ሊጎዳ ይችላል፡፡,ኦቲዝም  የልጆን ከሌሎች ጋር መግባባትንና የአረዳድ ሁኔታን በመጉዳት ለእድገት አስፈላጊ የሆኑ እንደ ማህበራዊ ግንኙነቶች፣መግባባትና ባህሪያቶችን ሊጎዳ ይችላል፡፡
ኦቲዝም አጋላጮች ምንድን ናቸዉ?,የልጅዎ ፆታ፡- ከሴቶች ይልቅ ወንዶች እስከ አራት ጊዜ እጥፍ ተጋላጭ ናቸዉ፣በቤተሰብ ዉስጥ መሰል ችግር ከነበረ,የልጅዎ ፆታ፡- ከሴቶች ይልቅ ወንዶች እስከ አራት ጊዜ እጥፍ ተጋላጭ ናቸዉ፣በቤተሰብ ዉስጥ መሰል ችግር ከነበረ
ኦቲዝም ህክምናዉ ምንድን ነዉ?,ኦቲዝምን ሊያድን የሚችል ምንም አይነት ህክምና እስከአሁን የለም፡፡ ስለሆነም የህክምናዉ ዋና አላማ ልጅዎ ላይ የሚታዩትን የህመም ምልክቶች በመቀነስ የልጅዎን እድገትና የትምህርት ሁኔታ ማሻሻል ነዉ፡፡,ኦቲዝምን ሊያድን የሚችል ምንም አይነት ህክምና እስከአሁን የለም፡፡ ስለሆነም የህክምናዉ ዋና አላማ ልጅዎ ላይ የሚታዩትን የህመም ምልክቶች በመቀነስ የልጅዎን እድገትና የትምህርት ሁኔታ ማሻሻል ነዉ፡፡
ለኦቲዝም ሊደረጉ ከሚችሉ ህክምናዎች ዘርዝር,የመግባባት ክህሎትና የባህሪ ለዉጥ ህክምናዎች፣ትምህርት፣ቤተሰብ ተኮር ህክምና፣መድሃኒት,የመግባባት ክህሎትና የባህሪ ለዉጥ ህክምናዎች፣ትምህርት፣ቤተሰብ ተኮር ህክምና፣መድሃኒት
የኪንታሮት በሽታ ምንድን ነዉ?,የኪንታሮት በሽታ የምንለው ያበጠ እና ኢንፌክሽን የፈጠረ የደም ስር በፊንጢጣ አካባቢ መኖር ነው። ,የኪንታሮት በሽታ የምንለው ያበጠ እና ኢንፌክሽን የፈጠረ የደም ስር በፊንጢጣ አካባቢ መኖር ነው። 
የኪንታሮት በሽታ መንስኤ ምንምን ነዉ?,"ሠገራን ሲያስወግዱ ለረጅም ጊዜ ማማጥ፣ለረጅም ሰዓታት በመፀዳጃ ቤት መቀመጥ
","ሠገራን ሲያስወግዱ ለረጅም ጊዜ ማማጥ፣ለረጅም ሰዓታት በመፀዳጃ ቤት መቀመጥ
"
የኪንታሮት በሽታ ምልክቱ ምንድን ነዉ?,በፊንጢጣ አካባቢ እብጠት,በፊንጢጣ አካባቢ እብጠት
"የኪንታሮት በሽታ ሃኪምዎን ማማከር የሚገባዎ መቸ ነው?
 ",በፊንጢጣ የሚወጣ ደም የሄሞሮይድ/ኪንታሮት የተለመደ ምልክት ነው፡፡,በፊንጢጣ የሚወጣ ደም የሄሞሮይድ/ኪንታሮት የተለመደ ምልክት ነው፡፡
"የኪንታሮት በሽታን በቤት ውስጥ እንዴት ማከም ይቻላል?

",በአሠር የበለፀጉ ምግቦችን አብዝቶ መመገብ፣ውሀን አብዝቶ መጠጣት በቀን ከ 8-10 ብርጭቆ,በአሠር የበለፀጉ ምግቦችን አብዝቶ መመገብ፣ውሀን አብዝቶ መጠጣት በቀን ከ 8-10 ብርጭቆ
"የኪንታሮት በሽታ የሚያስከትለው ተያያዥ ጉዳቶች ምንድን ናቸዉ?

",አኒሚያ (የደም ማነስ) ከፍተኛ የሆነ ደም በሚፈስ ጊዜ በሰውነታችን ውስጥ ኦክስጂን ተሸካሚ ቀይ የደም ሴሎች መጠን ስለሚቀንስ የድካምና ራስ የመሳት ሁኔታዎችን ያስከትላል፡፡,አኒሚያ (የደም ማነስ) ከፍተኛ የሆነ ደም በሚፈስ ጊዜ በሰውነታችን ውስጥ ኦክስጂን ተሸካሚ ቀይ የደም ሴሎች መጠን ስለሚቀንስ የድካምና ራስ የመሳት ሁኔታዎችን ያስከትላል፡፡
"የኪንታሮት በሽታ በቤት ውስጥ የሚደረጉ ሕክምናዎችን ዘርዝር

",ለብ ባለ ውሃ ከ10 -15 ደቂቃ በቀን በቀን ሁለትና ሶስት ጊዜ መዘፍዘፍ፣ሁሌም ከተፀዳዱ በኋላ በሚገባ በንፁህ ለብ ባለ ውሃ መታጠብ,ለብ ባለ ውሃ ከ10 -15 ደቂቃ በቀን በቀን ሁለትና ሶስት ጊዜ መዘፍዘፍ፣ሁሌም ከተፀዳዱ በኋላ በሚገባ በንፁህ ለብ ባለ ውሃ መታጠብ
ካንሰር ማለት ምን ማለት ነዉ? ,ካንሰር ማለት የሰውነታችን ህዋስ ያለ ቁጥጥር በሚራባበትና መደበኛ የሰወነት ክፍላችንን ዕለት ተዕለት እንቅስቃሴ በሚያውክበት ጊዜ የሚከሰት የጤና ችግር ነው፡፡ ,ካንሰር ማለት የሰውነታችን ህዋስ ያለ ቁጥጥር በሚራባበትና መደበኛ የሰወነት ክፍላችንን ዕለት ተዕለት እንቅስቃሴ በሚያውክበት ጊዜ የሚከሰት የጤና ችግር ነው፡፡ 
ካንሰር ከየት ሰውነታችን ክፍሎች ሊጀምር ይችላል? ,ከሳምባ ፣ ከጡት ፣ ከጨጓራ ፣  ከጉሮሮ ፣ከፊንጢጣ እንዲሁም ከሌሎች የሰውነት ክፍሎች ሊጀምር ይችላል ።,ከሳምባ ፣ ከጡት ፣ ከጨጓራ ፣  ከጉሮሮ ፣ከፊንጢጣ እንዲሁም ከሌሎች የሰውነት ክፍሎች ሊጀምር ይችላል ።
ካንሰር እንዴት ይመጣል?,አመጋገብ፣ደባል ሱስ፣ባክቴሪያ እና ቫይረሶች፣እድሜ,አመጋገብ፣ደባል ሱስ፣ባክቴሪያ እና ቫይረሶች፣እድሜ
"ካንሰርን ለመከላከል እንዴት ይቻላል?

",ጤናማ አመጋገብ እንዲኖረን ማድረግ፡- በተቻለን መጠን ፍራፍሬ እና አትክልቶችን መመገብ አለብን፡፡ እንዲሁም እንደ ባቄላ ያሉ ጥራጥሬዎችን ምግባችን ውስጥ ማካተት አለብን፡፡ ,ጤናማ አመጋገብ እንዲኖረን ማድረግ፡- በተቻለን መጠን ፍራፍሬ እና አትክልቶችን መመገብ አለብን፡፡ እንዲሁም እንደ ባቄላ ያሉ ጥራጥሬዎችን ምግባችን ውስጥ ማካተት አለብን፡፡ 
የማህፀን ካንሰር ምንድን ነው? ,የማህፀን ካንሰር በማህፀን ውስጥ ባለው የጡንቻ ቱቦ ውስጥ ከማህፀን ከውጫዊ የዘር ህዋስ ጋር የሚያገናኝ ያልተለመደ ካንሰር ነው ፡፡ ,የማህፀን ካንሰር በማህፀን ውስጥ ባለው የጡንቻ ቱቦ ውስጥ ከማህፀን ከውጫዊ የዘር ህዋስ ጋር የሚያገናኝ ያልተለመደ ካንሰር ነው ፡፡ 
የማህፀን ካንሰር ምልክቱ ምንድን ነዉ?,ያልተለመደ ከማህፀን የሚፈስ ደም ለምሳሌ ከግንኙነት በሆላ ወይም በማረጥ ,ያልተለመደ ከማህፀን የሚፈስ ደም ለምሳሌ ከግንኙነት በሆላ ወይም በማረጥ 
የማህፀን ካንሰር መንስኤ ምንድን ነዉ?,"እድሜያቸው ከ 60 አመት በላይ የሆኑ፣በቀዶ ጥገና ማህፀን ያስወጡ፣ለኢንፊክሽን የተጋለጡ ( ለሄውማን ፓፒሎማ ቫይረስ )የተጋለጡ
","እድሜያቸው ከ 60 አመት በላይ የሆኑ፣በቀዶ ጥገና ማህፀን ያስወጡ፣ለኢንፊክሽን የተጋለጡ ( ለሄውማን ፓፒሎማ ቫይረስ )የተጋለጡ
"
የማህፀን ካንሰር ምርመራዎች ምንምን ናቸዉ?,"የማህፀን በር ካንሰር ምርመራ፣ሲቲ እስካን (CT)፣ኤም አራይ (MRI)
","የማህፀን በር ካንሰር ምርመራ፣ሲቲ እስካን (CT)፣ኤም አራይ (MRI)
"
የማህፀን ካንሰር ህክምናዉ ምንምን ነዉ?,"የጨረር ህክምና፣በመዳኒት ወይም በመርፊ የሚሰጥ ህክምና 
","የጨረር ህክምና፣በመዳኒት ወይም በመርፊ የሚሰጥ ህክምና 
"
የማህፀን ካንሰር መከላከያዉ ምንምን ነዉ?,"ቀድሞ ግንኙነት አለመጀመር፣ከብዙ አጋሮች ጋር የግብረ ሥጋ ግንኙነት አለመፈፀም
","ቀድሞ ግንኙነት አለመጀመር፣ከብዙ አጋሮች ጋር የግብረ ሥጋ ግንኙነት አለመፈፀም
"
የደም ካንሰር ምንድን ነዉ?,"የልብ ምት ጤናማ አለመሆን፣ትኩሳት ወይም ማንቀጥቀጥ፣ከየት መጣ የማይባል የሁልጊዜ ድካም
","የልብ ምት ጤናማ አለመሆን፣ትኩሳት ወይም ማንቀጥቀጥ፣ከየት መጣ የማይባል የሁልጊዜ ድካም
"
ካንሰር የመያዝ እድልን የሚያሰፉ ምክንያቶችን ዘርዝር ,በጣም ትኩስ የሆነ ሻይ መጠጣት፣ስፖርት አለመስራት፣ውፍረት,በጣም ትኩስ የሆነ ሻይ መጠጣት፣ስፖርት አለመስራት፣ውፍረት
የጡት ካንሰር ምንድን ነዉ?,የጡት ካንሰር ከተፈጥሮአዊ ሁኔታዎች፣ ከጡት ሴሎችና ቲሹዎች መብዛት አንፃር በሴቶች ላይ በስፋት የሚታይ በሽታ,የጡት ካንሰር ከተፈጥሮአዊ ሁኔታዎች፣ ከጡት ሴሎችና ቲሹዎች መብዛት አንፃር በሴቶች ላይ በስፋት የሚታይ በሽታ
ለጡት ካንሰር አጋላጮች ምንምን ናቸዉ?,ለጡት ካንሰር አጋላጭ ሁኔታዎች፡ ሲጋራ ማጨስ፣ በቤተሰብ በጡት ካንሰር የተጠቃ ሰው መኖር፣ አልኮል መጠጣት፣ ከመጠን በላይ ውፍረት፣ እና በተደጋጋሚ ያለመከላከያ ለጨረር መጋለጥ ናቸው፡፡,ለጡት ካንሰር አጋላጭ ሁኔታዎች፡ ሲጋራ ማጨስ፣ በቤተሰብ በጡት ካንሰር የተጠቃ ሰው መኖር፣ አልኮል መጠጣት፣ ከመጠን በላይ ውፍረት፣ እና በተደጋጋሚ ያለመከላከያ ለጨረር መጋለጥ ናቸው፡፡
የጡት ካንሰር ሕመም ምልክቱ ምንድን ነዉ?,በጡት ላይና በአካባቢው የሚወጣ እባጭ፣የጡት መጠንና ቅርጽ መለያየት,በጡት ላይና በአካባቢው የሚወጣ እባጭ፣የጡት መጠንና ቅርጽ መለያየት
ካንሰርን ለመከላከል የሚጠቅሙ ምግቦችን ዘርዝር ,ነጭ ሽንኩርት፣አረንጓዴ ሻይ,ነጭ ሽንኩርት፣አረንጓዴ ሻይ
ካንሰር ህክምናዉ ምንምን ነዉ?,ኪሞቴራፒ፤ ቀዶ ጥገና እና ራዲዬሽን የመሳሰሉ የተለያዩ ህክምናዎች አሉ፡፡,ኪሞቴራፒ፤ ቀዶ ጥገና እና ራዲዬሽን የመሳሰሉ የተለያዩ ህክምናዎች አሉ፡፡
"የማህፀን ጫፍ ካንሰር ምንድን ነዉ?
 ",የማህፀን በር ካንሰር ሂውማን ፖፒሎማ ቫይረስ በተሰኘ ረቂቅ ተሕዋስ አማካኝነት የሚከሰት ነው፡፡ ,የማህፀን በር ካንሰር ሂውማን ፖፒሎማ ቫይረስ በተሰኘ ረቂቅ ተሕዋስ አማካኝነት የሚከሰት ነው፡፡ 
"የማህጸን በር ካንሰር አጋላጭ ሁኔታዎችን ዘርዝር  

","ጥንቃቄ የጎደለው የግብረ ስጋ ግንኙነት ማድረግ፣ትምባሆ መጠቀም፣
","ጥንቃቄ የጎደለው የግብረ ስጋ ግንኙነት ማድረግ፣ትምባሆ መጠቀም፣
"
የማህጸን በር ካንሰር ደረጃዎች ስንት ናቸዉ?,አምስት- ደረጃ 0፣ደረጃ 1፣ደረጃ 2፣ደረጃ 3፣ደረጃ 4,አምስት- ደረጃ 0፣ደረጃ 1፣ደረጃ 2፣ደረጃ 3፣ደረጃ 4
የማህጸን በር ካንሰር ደረጃ 0 ምንድን ነዉ?,ደረጃ 0- የመጀመሪያዎቹ ህዋሶች ከቁጥጥር ውጭ በማህጸን በር ላይ ማደግ የሚጀምሩበት ግዜ ነው ,ደረጃ 0- የመጀመሪያዎቹ ህዋሶች ከቁጥጥር ውጭ በማህጸን በር ላይ ማደግ የሚጀምሩበት ግዜ ነው 
የማህጸን በር ካንሰር ደረጃ 1 ምንድን ነዉ?,ደረጃ 1- በዚህ ግዜ ካንሰሩ የማህፀን በር ላይ ብቻ ያለ ሲሆን ይህም ሁለት ደረጃዎች አሉት,ደረጃ 1- በዚህ ግዜ ካንሰሩ የማህፀን በር ላይ ብቻ ያለ ሲሆን ይህም ሁለት ደረጃዎች አሉት
የማህጸን በር ካንሰር ደረጃ 2 ምንድን ነዉ?,ደረጃ 2- በሽታው የማህጸን በርንና ማህፀንን የሚያጠቃልልበት ሲሆን ነገር ግን ወደሌላ ሰውነት ክፍሎች አልተሰራጨም፡፡,ደረጃ 2- በሽታው የማህጸን በርንና ማህፀንን የሚያጠቃልልበት ሲሆን ነገር ግን ወደሌላ ሰውነት ክፍሎች አልተሰራጨም፡፡
የማህጸን በር ካንሰር ደረጃ 3 ምንድን ነዉ?,ደረጃ 3- የምንለው ካንሰሩ ማህጸንን አልፎ በዛ አከባቢ ያሉትን የመራቢና የብልት ክፍሎች ሲያጠቃ ነው,ደረጃ 3- የምንለው ካንሰሩ ማህጸንን አልፎ በዛ አከባቢ ያሉትን የመራቢና የብልት ክፍሎች ሲያጠቃ ነው
የማህጸን በር ካንሰር ደረጃ 4 ምንድን ነዉ?,ደረጃ 4- በዚህ ግዜ ካንሰሩ ወደ ሽንት ፊኛ አንጀት ጉበት አጥንቶችን ወይም ሳንባን ያጠቃል,ደረጃ 4- በዚህ ግዜ ካንሰሩ ወደ ሽንት ፊኛ አንጀት ጉበት አጥንቶችን ወይም ሳንባን ያጠቃል
የማህጸን በር ካንሰር ህክምናዉ ምንምን ነዉ?,"ቀዶ ጥገና፣የጨረር ህክምና እና የመድሀኒት ህክምና ናቸው፡፡
","ቀዶ ጥገና፣የጨረር ህክምና እና የመድሀኒት ህክምና ናቸው፡፡
"
የህፃናት ካንሰር ምንድን ነዉ?,የህፃናት ካንሰር በአመጣጡና በባህሪው ከአዋቂዎች የካንሰር ዓይነት በተወሰነ ደረጃ ይለያል፡፡ ,የህፃናት ካንሰር በአመጣጡና በባህሪው ከአዋቂዎች የካንሰር ዓይነት በተወሰነ ደረጃ ይለያል፡፡ 
የህፃናት ካንሰር መከላከያዉ ምንድን ነዉ?,የህፃናት ካንሰር በአብዛኛው መከላከል ባይቻልም አስቀድሞ በመለየት ተገቢውን ህክምና በማድረግ በከፍተኛ ደረጃ አክሞ ማዳን ይቻላል፡፡ ,የህፃናት ካንሰር በአብዛኛው መከላከል ባይቻልም አስቀድሞ በመለየት ተገቢውን ህክምና በማድረግ በከፍተኛ ደረጃ አክሞ ማዳን ይቻላል፡፡ 
የአፍ ካንሰር ምንድን ነዉ?,የከንፈር፣ የምላስ፣ የቶንሲል እና የጉሮሮ የማህልኛው ክፍል ካንሰር ይገኙበታል።,የከንፈር፣ የምላስ፣ የቶንሲል እና የጉሮሮ የማህልኛው ክፍል ካንሰር ይገኙበታል።
የአፍ ካንሰር መንስኤ ምንምን ነዉ?,ሲጋራ ማጨስ፣አልኮል መጠጣት፣አመጋገብ ,ሲጋራ ማጨስ፣አልኮል መጠጣት፣አመጋገብ 
የአፍ ካንሰር ምልክቱ ምንድን ነዉ?,ምላሳችን አካባቢ ወይም አፋችን ውስጥ ለረጅም ጊዜ የቆየ የህመም ስሜት፣ በከንፈራችን ላይ ወይም በአፋችን የውስጠኛው ክፍል ላይ ማበጥ፣ በአፋችን ውስጥ ቀይ ወይም ቀይና ነጭ ምልክቶች,ምላሳችን አካባቢ ወይም አፋችን ውስጥ ለረጅም ጊዜ የቆየ የህመም ስሜት፣ በከንፈራችን ላይ ወይም በአፋችን የውስጠኛው ክፍል ላይ ማበጥ፣ በአፋችን ውስጥ ቀይ ወይም ቀይና ነጭ ምልክቶች
የአፍ ካንሰር መከላከያዉ ምንድን ነዉ?,የአፍ ካንሰርን ለመከላለክ ከሚመከሩ ተግባራት ውስጥ ከቃሚው ጤናማ የሆነ የአኗኗር ዘይቤን መከተል ነው። ,የአፍ ካንሰርን ለመከላለክ ከሚመከሩ ተግባራት ውስጥ ከቃሚው ጤናማ የሆነ የአኗኗር ዘይቤን መከተል ነው። 
በካንሰር የመያዝ ዕድላችንን ለመቀነስ ልንከተላቸው የሚገባቸውነን ዘርዝር,ከትንባሆ መራቅ፣ጤነኛ የአመጋገብ ዘይቤን መከተል፣ዘወትር እንቅስቃሴ ማድረግ፣እንደ hepatitis B እና HPV ላሉ በሽታዎች ከተቻለ ክትባት መውሰድ,ከትንባሆ መራቅ፣ጤነኛ የአመጋገብ ዘይቤን መከተል፣ዘወትር እንቅስቃሴ ማድረግ፣እንደ hepatitis B እና HPV ላሉ በሽታዎች ከተቻለ ክትባት መውሰድ
ሁሉም ካንሰሮች መነሻ ምክንያታቸው ምንድን ነዉ?,ሁሉም ካንሰሮች ግን መነሻ ምክንያታቸው በሰውነታችን ሴሎች ላይ የሚከሰተው ያልተለመደ የሴሎች እድገትና መራባት ነው፡፡ ,ሁሉም ካንሰሮች ግን መነሻ ምክንያታቸው በሰውነታችን ሴሎች ላይ የሚከሰተው ያልተለመደ የሴሎች እድገትና መራባት ነው፡፡ 
የወንዶች የጡት ካንሰር በሽታ ስንት ናቸዉ?,አራት አይነት የወንዶች ጡት ካንሰር በሽታዎች አሉ፡፡ ከእነዚህ መካከልም ኢንቫሰይቭ ዳክታል ካርሲኖማ የተባለው ወንዶች ላይ በስፋት የሚታይና የጡትን ውጫዊ ክፍል የሚወር ነው፡፡,አራት አይነት የወንዶች ጡት ካንሰር በሽታዎች አሉ፡፡ ከእነዚህ መካከልም ኢንቫሰይቭ ዳክታል ካርሲኖማ የተባለው ወንዶች ላይ በስፋት የሚታይና የጡትን ውጫዊ ክፍል የሚወር ነው፡፡
ኢንቫሲይቭ ዳክታል ካርሲኖማ ምንድን ነዉ?,"ኢንቫሲይቭ ዳክታል ካርሲኖማ-ይህ የጡት ካንሰር የጡት ውጫዊውን አካል በመውረር በከፍተኛ መጠን የሚባዛና በስፋት የሚከሰት የጡት ካንሰር ነው፡፡ ከ80-90% የሚደርሰው የወንዶች ጡት ካንሰርም የዚህ አይነቱ ነው፡፡

","ኢንቫሲይቭ ዳክታል ካርሲኖማ-ይህ የጡት ካንሰር የጡት ውጫዊውን አካል በመውረር በከፍተኛ መጠን የሚባዛና በስፋት የሚከሰት የጡት ካንሰር ነው፡፡ ከ80-90% የሚደርሰው የወንዶች ጡት ካንሰርም የዚህ አይነቱ ነው፡፡

"
ኔፓል ፓጌት ዲዝዝ ማለት ምን ማለት ነዉ?,"ኔፓል ፓጌት ዲዝዝ- ከጡት የውስጠኛው ሴል አካባቢ ተነስቶ ወደ ጡት ጫፍ በመውጣት፣ በጡት ጫፍ አካባቢ ራሱን ለማባዛት የሚሰራጭ ነው፡፡ እየበዛ ሲመጣም ጠፍጣፋና ጠቆር ወዳለው የጡት ክፍል ይዛመታል፡፡ ይህ የካንሰር አይነት ከሴቶች ይልቅ በብዛት የሚያጠቃው ወንዶችን ነው፡፡
","ኔፓል ፓጌት ዲዝዝ- ከጡት የውስጠኛው ሴል አካባቢ ተነስቶ ወደ ጡት ጫፍ በመውጣት፣ በጡት ጫፍ አካባቢ ራሱን ለማባዛት የሚሰራጭ ነው፡፡ እየበዛ ሲመጣም ጠፍጣፋና ጠቆር ወዳለው የጡት ክፍል ይዛመታል፡፡ ይህ የካንሰር አይነት ከሴቶች ይልቅ በብዛት የሚያጠቃው ወንዶችን ነው፡፡
"
ዳክታል ካርሲኖማ ማለት ምን ማለት ነዉ?,"ዳክታል ካርሲኖማ-ይህ የካንሰር አይነት ፈሳሽ ሊያስተላልፍ የሚችለውን የጡት አካል የሚያጠቃ ሲሆን ወደ ውጪኛው ክፍል መጥቶ የመባዛት ሁኔታው ዝቅተኛ ነው፡፡ ይህ አይነቱ የጡት ካንሰር እንደ ኢንቫሲይቭ ዳክታል ካርሲኖማ እና እንደ ኔፓል ፓጌት ዲዝዝ በብዛት የሚከሰት አይደለም፡፡ ከአስር የወንዶች ጡት ካንሰር ህሙማን መካከል አንዱ ብቻ በዚህ አይነቱ የጡት ካንሰር ህመም ተጠቂ ይሆናል፡፡ ይህ የካንሰር አይነት በቀዶ ጥገና የመዳን እድሉ ከፍተኛ ነው፡፡
","ዳክታል ካርሲኖማ-ይህ የካንሰር አይነት ፈሳሽ ሊያስተላልፍ የሚችለውን የጡት አካል የሚያጠቃ ሲሆን ወደ ውጪኛው ክፍል መጥቶ የመባዛት ሁኔታው ዝቅተኛ ነው፡፡ ይህ አይነቱ የጡት ካንሰር እንደ ኢንቫሲይቭ ዳክታል ካርሲኖማ እና እንደ ኔፓል ፓጌት ዲዝዝ በብዛት የሚከሰት አይደለም፡፡ ከአስር የወንዶች ጡት ካንሰር ህሙማን መካከል አንዱ ብቻ በዚህ አይነቱ የጡት ካንሰር ህመም ተጠቂ ይሆናል፡፡ ይህ የካንሰር አይነት በቀዶ ጥገና የመዳን እድሉ ከፍተኛ ነው፡፡
"
ኢንሼሲይቭ ሎብላር ካርሲኖሚ ምንድን ነዉ?,ኢንሼሲይቭ ሎብላር ካርሲኖሚ- እጅግ አነስተኛ በሆነ መጠን የሚታይ የጡት ካንሰር ነው፡፡ በሴቶች ጡት ላይ ወተት የሚያመርቱ ክፍሎችን የሚያጠቃ የጡት ካንሰር አይነት ሲሆን በወንዶች ላይ የመከሰት እድሉ እጅ አነስተኛ ነው፡፡ 2% የሚሆኑት የጡት ካንሰር ታማሚ ወንዶች፤ በዚህኛው አይነት የጡት ካንሰር የተጠቁ ናቸው፡፡,ኢንሼሲይቭ ሎብላር ካርሲኖሚ- እጅግ አነስተኛ በሆነ መጠን የሚታይ የጡት ካንሰር ነው፡፡ በሴቶች ጡት ላይ ወተት የሚያመርቱ ክፍሎችን የሚያጠቃ የጡት ካንሰር አይነት ሲሆን በወንዶች ላይ የመከሰት እድሉ እጅ አነስተኛ ነው፡፡ 2% የሚሆኑት የጡት ካንሰር ታማሚ ወንዶች፤ በዚህኛው አይነት የጡት ካንሰር የተጠቁ ናቸው፡፡
የወንዶች የጡት ካንሰር በሽታ ምልክቱ ምንምን ነዉ?,በተወሰነ የጡት ቆዳ ላይ የመጠንከር ስሜት መከሰት፣የጡት ጫፍ ወደ ውስጥ መገልበጥ፣፣የሕመም ስሜት,በተወሰነ የጡት ቆዳ ላይ የመጠንከር ስሜት መከሰት፣የጡት ጫፍ ወደ ውስጥ መገልበጥ፣፣የሕመም ስሜት
የንቅሳት ቀለሞች ለካንሰር ያጋልጣሉ? ,የንቅሳቱ ማዋሃጃ ቀለም የሚዘጋጅባቸው ውህዶች ለካንሰር ተጋላጭነት የሚዳርጉ መሆናቸው,የንቅሳቱ ማዋሃጃ ቀለም የሚዘጋጅባቸው ውህዶች ለካንሰር ተጋላጭነት የሚዳርጉ መሆናቸው
"የትልቁ አንጀት ካንሰር ምንድን ነዉ?
",በምግብ ቱቦ አካል ውስጥ ከሚገኙ ካንሰሮች ውስጥ አንደኛ ሲሆን ብዙ የህመሙ አጋላጭ ሁኔታዎች አሉ። ,በምግብ ቱቦ አካል ውስጥ ከሚገኙ ካንሰሮች ውስጥ አንደኛ ሲሆን ብዙ የህመሙ አጋላጭ ሁኔታዎች አሉ። 
የትልቁ አንጀት ካንሰር መንስኤ ምንምን ነዉ?,"ቀይ ስጋ ማዘውተር፣ቅባት የበዛበት ምግብ ማብዛት፣ማጨስ፣አልኮል መጠጥ ፣
","ቀይ ስጋ ማዘውተር፣ቅባት የበዛበት ምግብ ማብዛት፣ማጨስ፣አልኮል መጠጥ ፣
"
የትልቁ አንጀት ካንሰር ምልክቱ ምንምን ነዉ?,"የደም ማነስ፣በፊንጢጣ ደም መፍሰስ፣የሆድ ህመም
","የደም ማነስ፣በፊንጢጣ ደም መፍሰስ፣የሆድ ህመም
"
የትልቁ አንጀት ካንሰር ምርመራዎች ምንምን ናቸዉ?,"ሙሉ የደም ምርመራ፣የጉበት ምርመራ፣ኮሎኖስኮፒ
","ሙሉ የደም ምርመራ፣የጉበት ምርመራ፣ኮሎኖስኮፒ
"
የትልቁ አንጀት ካንሰር ህክምናዉ ምንድን ነዉ?,እንደ ካንሰሩ ደረጃ የሚወሰን ሲሆን የቀዶ ጥገና ህክምና ለመጀመሪያዎቹ ደረጃ ከአንጀት አልፎ ላልሄደ ካንሰር ቆርጦ ማውጣ የአንጀት ካንሰር ፈዋሽ ነው።,እንደ ካንሰሩ ደረጃ የሚወሰን ሲሆን የቀዶ ጥገና ህክምና ለመጀመሪያዎቹ ደረጃ ከአንጀት አልፎ ላልሄደ ካንሰር ቆርጦ ማውጣ የአንጀት ካንሰር ፈዋሽ ነው።
ኮሌራ ምንድን ነዉ?,ኮሌራ ቪብሪዮ ኮለሪ በሚባል ባክቴሪያ አማካኝነት የሚከሰት አጣዳፊ የተቅማጥ በሽታ ነው፡፡ ,ኮሌራ ቪብሪዮ ኮለሪ በሚባል ባክቴሪያ አማካኝነት የሚከሰት አጣዳፊ የተቅማጥ በሽታ ነው፡፡ 
ኮሌራ ምልክቱ ምንድን ነዉ?,ሰዎች ማቆሚያ የሌለው የሚመስል ከባድ ተመላላሽ ተቅማጥና ትውኪያ ይኖራቸዋል,ሰዎች ማቆሚያ የሌለው የሚመስል ከባድ ተመላላሽ ተቅማጥና ትውኪያ ይኖራቸዋል
" ኮሌራ የት ነው የሚገኘው? 
", ይህ ባክቴሪያ በኮሌራ ከተለከፈ ሰው ከሚወርድ አይነ ምድር ወይም ተቅማጥ ጋር ንክኪ ባለበት ውሀ ወይም ምግብ ላይ ይገኛል፡፡ , ይህ ባክቴሪያ በኮሌራ ከተለከፈ ሰው ከሚወርድ አይነ ምድር ወይም ተቅማጥ ጋር ንክኪ ባለበት ውሀ ወይም ምግብ ላይ ይገኛል፡፡ 
ኮሌራ መንስኤ ምንድን ነዉ?,በቂ ለንፅህና የሚሆን ውሀ እጥረት ወይም አለመኖር፣ ቆሻሻ በሥነሠርአት የማይወገድበት በታ ወይ የአካባቢ ንፅህና በጎደለባቸው ቦታዎች፣ ወይም ደግሞ ለመጠጥ የሚቀርበው ውሃ በበቂ መጠን ወይም ተገቢውን ሕዋሳትን ለማስውገድ የሚጨመሩ ኬሚካሎች በማይደረግባቸው ቦታዎች ነው ኮሌራ ሊከሰት የሚችለው፡፡,በቂ ለንፅህና የሚሆን ውሀ እጥረት ወይም አለመኖር፣ ቆሻሻ በሥነሠርአት የማይወገድበት በታ ወይ የአካባቢ ንፅህና በጎደለባቸው ቦታዎች፣ ወይም ደግሞ ለመጠጥ የሚቀርበው ውሃ በበቂ መጠን ወይም ተገቢውን ሕዋሳትን ለማስውገድ የሚጨመሩ ኬሚካሎች በማይደረግባቸው ቦታዎች ነው ኮሌራ ሊከሰት የሚችለው፡፡
አንድ ሰው እንዴት ነው በኮሌራ ሊለከፍ የሚችለው? ,በኮሌራ ባክቴሪያ የተበከለ ምግብ በመብላት ወይም ውሀ በመጠጣት አንድ ሰው ወይም ሰዎች በባክቴረያው በመለከፍ በበሽታው ይያዛሉ፡፡ ,በኮሌራ ባክቴሪያ የተበከለ ምግብ በመብላት ወይም ውሀ በመጠጣት አንድ ሰው ወይም ሰዎች በባክቴረያው በመለከፍ በበሽታው ይያዛሉ፡፡ 
አንድ ሰው በባክቴሪያው ከተለከፈ በኃላ በምን ያህል ጊዜ ነው የበሽታ ስሜትና ምልክት የሚሰማው ወይም ወደ በሽታ የሚቀየርበት?, በአብዛኛው የበሽታው ምልክት የሚታየው ሰዎች በባክተሪያው ከተለከፉ ከሁለት ወይም ከሶስት ቀናት በኋላ ነው፡፡ , በአብዛኛው የበሽታው ምልክት የሚታየው ሰዎች በባክተሪያው ከተለከፉ ከሁለት ወይም ከሶስት ቀናት በኋላ ነው፡፡ 
ኮሌራ መከላከያዉ ምንድን ነዉ?,የሰውነት ድርቀት ለመከላከል በአፍ የሚጠጣ በእንግሊዝኛ oral rehydration solution (ORS) ከተገኘ ወዲያውኑ መጀመር አለበት፡፡ ,የሰውነት ድርቀት ለመከላከል በአፍ የሚጠጣ በእንግሊዝኛ oral rehydration solution (ORS) ከተገኘ ወዲያውኑ መጀመር አለበት፡፡ 
ኮሌራ ህክምናዉ ምንድን ነዉ?,የኮሌራ ህክምና ዋናው የወጣን ፈሳሽ መተካት ነው፡፡ ,የኮሌራ ህክምና ዋናው የወጣን ፈሳሽ መተካት ነው፡፡ 
የኮሮና ቫይረስ በሽታ ምንድን ነው? ,የኮሮናቫይረስ በሽታ (ኮቪድ-19) ከቀላል እስከ ከባድ የመተንፈሻ አካል ሕመም የሚያስከትል በሽታ ነው፡፡ ,የኮሮናቫይረስ በሽታ (ኮቪድ-19) ከቀላል እስከ ከባድ የመተንፈሻ አካል ሕመም የሚያስከትል በሽታ ነው፡፡ 
የኮሮና ቫይረስ በሽታ ጉዳት ዘርዝር,እንደሳንባ ምች፣ ከባድ የመተንፈሻ አካላት ሕመም ብሎም የኩላሊት ስራን በማስተጓጎል ሞትን ሊያስከትል የሚችል እና በዓለም ላይ በከፍተኛ ፍጥነት እየተስፋፋ የሚገኝ በሽታ ነው፡፡ ,እንደሳንባ ምች፣ ከባድ የመተንፈሻ አካላት ሕመም ብሎም የኩላሊት ስራን በማስተጓጎል ሞትን ሊያስከትል የሚችል እና በዓለም ላይ በከፍተኛ ፍጥነት እየተስፋፋ የሚገኝ በሽታ ነው፡፡ 
የኮሮና ቫይረስ በሽታ መተላለፊያ መንገዶች ዘርዝር,"በበሽታው የታመሙ ሰዎች በሚያስነጥሱበትና በሚያስሉበት ጊዜ ከታማሚው ሰው ከትንፋሽ ጋር በሚወጡ እርጥበት አዘል ብናኞች ወደ ጤነኛው ሰው አፍናና አፍኝጫ ሲገቡ 
","በበሽታው የታመሙ ሰዎች በሚያስነጥሱበትና በሚያስሉበት ጊዜ ከታማሚው ሰው ከትንፋሽ ጋር በሚወጡ እርጥበት አዘል ብናኞች ወደ ጤነኛው ሰው አፍናና አፍኝጫ ሲገቡ 
"
የኮሮና ቫይረስ በሽታ ምልክቱ ምንምን ነዉ?,"ትኩሳት፣ማሳል፣የትንፋሽ ማጠር፣የጉሮሮ ህመም፣ለመተንፈስ መቸገር ናቸው፡፡ 
","ትኩሳት፣ማሳል፣የትንፋሽ ማጠር፣የጉሮሮ ህመም፣ለመተንፈስ መቸገር ናቸው፡፡ 
"
የኮሮና ቫይረስ በሽታ መከላከያዉ ምንምን ነዉ?,"እጅ አለመጨባበጥ፣ አለመሳሳምና አለመተቃቀፍ ፣እጅን በሳሙናና በውሃ በየጊዜው በደንብ መታጠብ፤ 
","እጅ አለመጨባበጥ፣ አለመሳሳምና አለመተቃቀፍ ፣እጅን በሳሙናና በውሃ በየጊዜው በደንብ መታጠብ፤ 
"
የኮሮና ቫይረስ በሽታ ህክምናዉ ምንድን ነዉ?,ራስን መንከባከብ፣በዓለም ዙሪያ ያሉ ሳይንቲስቶች የኮቪድ-19 መድኃኒት ለማግኘትና ለማምረት እየሰሩ ነው።,ራስን መንከባከብ፣በዓለም ዙሪያ ያሉ ሳይንቲስቶች የኮቪድ-19 መድኃኒት ለማግኘትና ለማምረት እየሰሩ ነው።
"ኮቪድ-19 ካለበት ሰው ጋር ቅርርብ ከፈጠሩ መደረግ ያለበትን ዘርዝር
",የህክምና አገልግሎት አቅራቢዎን ወይም የኮቪድ-19 ነጻ መስመር ላይ በመደወል የት እና መቼ ምርመራ ማድረግ እንደሚችሉ ይጠይቁ። ,የህክምና አገልግሎት አቅራቢዎን ወይም የኮቪድ-19 ነጻ መስመር ላይ በመደወል የት እና መቼ ምርመራ ማድረግ እንደሚችሉ ይጠይቁ። 
ወባ ምንድን ነዉ?,የወባ በሽታ በጥገኛ ተሕዋስያን አማካኝነት የሚመጣ ለሞት የሚያደርስ በሽታ ነው።  ,የወባ በሽታ በጥገኛ ተሕዋስያን አማካኝነት የሚመጣ ለሞት የሚያደርስ በሽታ ነው።  
ወባ ምልክቱ ምንምን ነዉ?,ትኩሳት፣ ብርድ ብርድ ማለት፣ ማላብ፣ ራስ ምታት፣ የሰውነት መጓጎል፣ ማቅለሽለሽና ማስመለስ ናቸው። ,ትኩሳት፣ ብርድ ብርድ ማለት፣ ማላብ፣ ራስ ምታት፣ የሰውነት መጓጎል፣ ማቅለሽለሽና ማስመለስ ናቸው። 
የወባ በሽታ ከሰዉ ወደ ሰው እንዴት ይተላለፋል? ,አንድ ሰው አኖፊሊስ በምትባለው ሴት ትንኝ ቢነደፍ ወባ ሊይዘው ይችላል። ,አንድ ሰው አኖፊሊስ በምትባለው ሴት ትንኝ ቢነደፍ ወባ ሊይዘው ይችላል። 
ራስን ከወባ በሽታ መጠበቅ ይቻላል?,አዎ ይቻላል፡፡ ወባ በተደጋጋሚ በሚከሰትበት አካባቢ የምንኖር ከሆነ ፤ አጎበር ሁልጊዜ እና በአግባቡ መጠቀም አለብን። ,አዎ ይቻላል፡፡ ወባ በተደጋጋሚ በሚከሰትበት አካባቢ የምንኖር ከሆነ ፤ አጎበር ሁልጊዜ እና በአግባቡ መጠቀም አለብን። 
"ወባ የሚተላለፈው እንዴት ነው?
",የወባ ተሕዋስያን፣ ፕላዝሞዲያ ተብለው የሚጠሩ ባለ አንድ ሴል ፍጥረታት ሲሆኑ ወደ ሰው ደም ውስጥ የሚገቡት አኖፊሊስ በምትባለው ሴት ትንኝ ንክሻ አማካኝነት ነው። ,የወባ ተሕዋስያን፣ ፕላዝሞዲያ ተብለው የሚጠሩ ባለ አንድ ሴል ፍጥረታት ሲሆኑ ወደ ሰው ደም ውስጥ የሚገቡት አኖፊሊስ በምትባለው ሴት ትንኝ ንክሻ አማካኝነት ነው። 
"ከወባ ራስን መጠበቅ የምንችለው እንዴት ነው?

",ወባ በተደጋጋሚ በሚከሰትበት አካባቢ የምትኖር ከሆነ አጎበር ተጠቀም፣ቤት ውስጥ የሚረጭ የተባይ ማጥፊያ ተጠቀም,ወባ በተደጋጋሚ በሚከሰትበት አካባቢ የምትኖር ከሆነ አጎበር ተጠቀም፣ቤት ውስጥ የሚረጭ የተባይ ማጥፊያ ተጠቀም
አንድ ሰዉ ወባ እንዴት ሊይዘዉ ይችላል?,አንድ ሰው የበሽታው ተሸካሚ በሆነች ትንኝ አማካኝነት ወባ ሊይዘው ይችላል። ,አንድ ሰው የበሽታው ተሸካሚ በሆነች ትንኝ አማካኝነት ወባ ሊይዘው ይችላል። 
"ወባ በተደጋጋሚ ወደሚከሰትበት ቦታ ለመሄድ የምታስብ ከሆነ ምን እናድርግ?
",ጉዞ ከመጀመርህ በፊት ወቅታዊ መረጃ ለማግኘት ሞክር። በአንድ አካባቢ ያለው የወባ ዓይነት በሌላ ቦታ ካለው ሊለይ ይችላል፤ ይህ ደግሞ ውጤታማ የሆነው መድኃኒት የትኛው እንደሆነ ለመወሰን ይረዳሃል። ,ጉዞ ከመጀመርህ በፊት ወቅታዊ መረጃ ለማግኘት ሞክር። በአንድ አካባቢ ያለው የወባ ዓይነት በሌላ ቦታ ካለው ሊለይ ይችላል፤ ይህ ደግሞ ውጤታማ የሆነው መድኃኒት የትኛው እንደሆነ ለመወሰን ይረዳሃል። 
"ለወባ ህመም ተጋላጭ ዘርዝር

",በጨቅላ ህጻናት እና በልጆች ላይ፣ወባ ከሌለበት አካባቢ ወባ ወዳለብት አካባቢ የሚጓዝ ሰው፣እርጉዝ ሴቶች ,በጨቅላ ህጻናት እና በልጆች ላይ፣ወባ ከሌለበት አካባቢ ወባ ወዳለብት አካባቢ የሚጓዝ ሰው፣እርጉዝ ሴቶች 
ወባ በጊዜ ካልታከመ ምን ያስከትላል?,የተለያዩ በጣም ጠቃሚ የሆኑ የአካላችን ክፍል ከስራ ዉጭ እንዲሆኑ ያደርጋል ለምሳሌ የኩላሊት እና የጉበት  መዳከም ,የተለያዩ በጣም ጠቃሚ የሆኑ የአካላችን ክፍል ከስራ ዉጭ እንዲሆኑ ያደርጋል ለምሳሌ የኩላሊት እና የጉበት  መዳከም 
ቢጫ ወባ ምንድን ነዉ?,የሎው ፊቨር ወይም ቢጫ ወባ የሚባለው በሽታ በቫይረስ አማካኝነት የሚመጣና የመድማት ችግር የሚያስከትል በወባ ትንኝ አማካኝነት የሚተላለፍ የትኩሳት በሽታ ነው።,የሎው ፊቨር ወይም ቢጫ ወባ የሚባለው በሽታ በቫይረስ አማካኝነት የሚመጣና የመድማት ችግር የሚያስከትል በወባ ትንኝ አማካኝነት የሚተላለፍ የትኩሳት በሽታ ነው።
"የቢጫ ወባ በሽታ ምልክቶች የመጀመሪያ ከ3 እስከ 4 ቀናት የሚከሰቱን ዘርዝር

",በድንገት የሚከሰት ትኩሳት፣ብርድ ብርድ የሚል ስሜት,በድንገት የሚከሰት ትኩሳት፣ብርድ ብርድ የሚል ስሜት
ቢጫ ወባ በሽታ ምልክቶች በሁለተኛ ደረጃ የሚከሰቱን ዘርዝር,"የትኩሳት ማገርሸት፤ የሰውነት ወይም ዓይን ቢጫ መሆን
","የትኩሳት ማገርሸት፤ የሰውነት ወይም ዓይን ቢጫ መሆን
"
"የቢጫ ወባ በሽታ መከላከያ መንገዶች ዘርዝር

",በሽታው እጅግ አስተማማኝ የሆነ፤ ምንም ጉዳት የማያስከትል፣ በአንድ ጊዜ የሚወሰድና ለበሽታው የዕድሜ ልክ የሰውነት መከላከያ የሚፈጥር ክትባት በመከተብ፤ በሽታውን መከላከል ይቻላል።,በሽታው እጅግ አስተማማኝ የሆነ፤ ምንም ጉዳት የማያስከትል፣ በአንድ ጊዜ የሚወሰድና ለበሽታው የዕድሜ ልክ የሰውነት መከላከያ የሚፈጥር ክትባት በመከተብ፤ በሽታውን መከላከል ይቻላል።
የቢጫ ወባ ትንኟ እንዳትራባ መቆጣጠር መንገዶች ዘርዝር,"ለወባ መራቢያ ምቹ የሆኑ ቁሳቁሶችን ማስወገድ፣ውሃ ያቆሩ ስፍራዎችን ማጠንፈፍ /ማድረቅ/
","ለወባ መራቢያ ምቹ የሆኑ ቁሳቁሶችን ማስወገድ፣ውሃ ያቆሩ ስፍራዎችን ማጠንፈፍ /ማድረቅ/
"
"የትንኟን ንክሻ መከላከያ መንገዶች ዘርዝር

",እጀሙሉና ረጅም ልብሶችን መልበስ፣ትንኝ ማባራሪያ የሰውንት ቅባት መጠቀም,እጀሙሉና ረጅም ልብሶችን መልበስ፣ትንኝ ማባራሪያ የሰውንት ቅባት መጠቀም
ለቢጫ ወባ ህክምናዉ ምንድን ነዉ?,"ለቢጫ ወባ እስካሁን ይህ ነው የሚባል መድሀኒት የለም ነገር ግን በሽታውን ለመቋቋም እንዲሁም የሚያመጣቸውን ችግሮች የማከም አጋዥ ህክምናዎች አሉ። እነሱም፦ የአመጋገብ ሁኔታ መቆጣጠር እና የስኳር ማነስን መከላከል
","ለቢጫ ወባ እስካሁን ይህ ነው የሚባል መድሀኒት የለም ነገር ግን በሽታውን ለመቋቋም እንዲሁም የሚያመጣቸውን ችግሮች የማከም አጋዥ ህክምናዎች አሉ። እነሱም፦ የአመጋገብ ሁኔታ መቆጣጠር እና የስኳር ማነስን መከላከል
"
ለቢጫ ወባ  ክትባት ምንድን ነዉ?,"Yellow Fever vaccine – ክትባቱ 99% የመከላከል አቅም ያለው ሲሆን ክትባቱ በተወሰደ ከ7-10 ባሉ ቀናት መከላከያ antibodies ይመረታሉ ፣ የመከላከል አቅሙም እስከ 10 አመት ይዘልቃል ።
","Yellow Fever vaccine – ክትባቱ 99% የመከላከል አቅም ያለው ሲሆን ክትባቱ በተወሰደ ከ7-10 ባሉ ቀናት መከላከያ antibodies ይመረታሉ ፣ የመከላከል አቅሙም እስከ 10 አመት ይዘልቃል ።
"
የሀሞት ከረጢት ጠጠር ምንድን ነዉ?,የሀሞት ከረጢት ጠጠር ከጉበት ስር በምትገኘው አነስተኛ የሀሞት ከረጢት ውስጥ የሚፈጠሩ ጠጣር ነገሮች ናቸው ። ,የሀሞት ከረጢት ጠጠር ከጉበት ስር በምትገኘው አነስተኛ የሀሞት ከረጢት ውስጥ የሚፈጠሩ ጠጣር ነገሮች ናቸው ። 
"የሀሞት ጠጠር እንዴት ይከሰታል ?
",የሐሞት ጠጠር  በሐሞት  ከረጢት ውስጥ ወይንም ሐሞትን ወደ አንጀት  በሚወስዱት ቱቦዎች ውስጥ  የጠጠር  ክምችት ሲኖር ነው ፡፡ ,የሐሞት ጠጠር  በሐሞት  ከረጢት ውስጥ ወይንም ሐሞትን ወደ አንጀት  በሚወስዱት ቱቦዎች ውስጥ  የጠጠር  ክምችት ሲኖር ነው ፡፡ 
የሀሞት ጠጠር ምልክቱ ምንድን ነዉ?,በቀኝ ጎናችን የላይኛው ክፍል ላይ እየመጣ  የሚመለስ ወይም የማያቆርጥ  የህመም ስሜት ,በቀኝ ጎናችን የላይኛው ክፍል ላይ እየመጣ  የሚመለስ ወይም የማያቆርጥ  የህመም ስሜት 
የሀሞት ጠጠር ተጋላጭነትን ሚጨምሩ መንገዶች ዘርዝር,"የሀሞት ከረጢት ጠጠር አይነቶች
• የኮሌስትሮል ጠጠሮች ፦ እነዚህ ጠጠሮች የቢጫ-አረንጓዴ አይነት መልክ ሲኖራቸው 80% የሚደርሰውን የሀሞት ከረጢት ጠጠር ይሸፍናሉ ።
• ቀለማዊ ጠጠሮች ፦ እነዚህ ጠጠሮች አነስተኛ እና ጥቁር መልክ ያላቸው ጠጠሮች ሲሆኑ ከቢሊሩቢን የተሰሩ ናቸዉ 
","የሀሞት ከረጢት ጠጠር አይነቶች
• የኮሌስትሮል ጠጠሮች ፦ እነዚህ ጠጠሮች የቢጫ-አረንጓዴ አይነት መልክ ሲኖራቸው 80% የሚደርሰውን የሀሞት ከረጢት ጠጠር ይሸፍናሉ ።
• ቀለማዊ ጠጠሮች ፦ እነዚህ ጠጠሮች አነስተኛ እና ጥቁር መልክ ያላቸው ጠጠሮች ሲሆኑ ከቢሊሩቢን የተሰሩ ናቸዉ 
"
"የሀሞት ጠጠር መፍትሔዎች ዘርዝር

",ቅባታማ ምግቦችን መቀነስም ይገባናል፣አብዛኛውን ጊዜ የሀሞት ጠጠር ያለባቸው ሰዎች ቀዶ ጥገና በማድረግ ጠጠሩን ያስወጣሉ።,ቅባታማ ምግቦችን መቀነስም ይገባናል፣አብዛኛውን ጊዜ የሀሞት ጠጠር ያለባቸው ሰዎች ቀዶ ጥገና በማድረግ ጠጠሩን ያስወጣሉ።
የሀሞት ከረጢት ጠጠር አይነቶች ዘርዝር,የኮሌስትሮል ጠጠሮች፣ቀለማዊ ጠጠሮች ,የኮሌስትሮል ጠጠሮች፣ቀለማዊ ጠጠሮች 
የኮሌስትሮል ጠጠሮች ምንድን ናቸዉ?,የኮሌስትሮል ጠጠሮች እነዚህ ጠጠሮች የቢጫ-አረንጓዴ አይነት መልክ ሲኖራቸው 80% የሚደርሰውን የሀሞት ከረጢት ጠጠር ይሸፍናሉ ።,የኮሌስትሮል ጠጠሮች እነዚህ ጠጠሮች የቢጫ-አረንጓዴ አይነት መልክ ሲኖራቸው 80% የሚደርሰውን የሀሞት ከረጢት ጠጠር ይሸፍናሉ ።
ቀለማዊ ጠጠሮች ምንምን ናቸዉ?,ቀለማዊ ጠጠሮች እነዚህ ጠጠሮች አነስተኛ እና ጥቁር መልክ ያላቸው ጠጠሮች ሲሆኑ ከቢሊሩቢን የተሰሩ ናቸዉ ,ቀለማዊ ጠጠሮች እነዚህ ጠጠሮች አነስተኛ እና ጥቁር መልክ ያላቸው ጠጠሮች ሲሆኑ ከቢሊሩቢን የተሰሩ ናቸዉ 
የሀሞት ከረጢት ጠጠር ስንት ደረጃዎች አሉት?,አራት,አራት
የሀሞት ከረጢት ጠጠር ደረጃዎችን ዘርዝር ,"1. የጠጠር መፈጠር የሚያጋልጡ እና የሚያመቹ ሁኔታዎች
2. የሀሞት ከረጢት ጠጠሮች ተፈጥረው ምንም አይነት ምልክት ሳያሳዩ
3. ምልክት ያላቸው የሀሞት ከረጢት ጠጠሮች ለምሳሌ አልፎ አልፎ የሚመጣ ህመም
4. ሌሎች ችግሮች ያስከተለ ጠጠር ለምሳሌ በሽታ ሲያመጣ
","1. የጠጠር መፈጠር የሚያጋልጡ እና የሚያመቹ ሁኔታዎች
2. የሀሞት ከረጢት ጠጠሮች ተፈጥረው ምንም አይነት ምልክት ሳያሳዩ
3. ምልክት ያላቸው የሀሞት ከረጢት ጠጠሮች ለምሳሌ አልፎ አልፎ የሚመጣ ህመም
4. ሌሎች ችግሮች ያስከተለ ጠጠር ለምሳሌ በሽታ ሲያመጣ
"
የሀሞት ከረጢት ጠጠር ምርመራዎች ምንምን ናቸዉ?,"ሙሉ የደም ምርመራ ተህዋስያን በደም ውስጥ መኖራቸውን ለማረጋገጥ ይጠቅማል፣የጉበት ስራ ልኬት ምርመራ
","ሙሉ የደም ምርመራ ተህዋስያን በደም ውስጥ መኖራቸውን ለማረጋገጥ ይጠቅማል፣የጉበት ስራ ልኬት ምርመራ
"
የሀሞት ከረጢት ጠጠር ህክምናዉ ምንድን ነዉ?,ምልክት የሌላቸው ጠጠሮች በይዘታቸው አነስተኛ ከሆኑ እና ወደፊት ምልክት እንዲያሳዩ የሚያደርጉ ተያያዥ የህክምና ችግር ከሌለ ክትትል እያደረጉ ለውጡን ማየት ይቻላል ። ,ምልክት የሌላቸው ጠጠሮች በይዘታቸው አነስተኛ ከሆኑ እና ወደፊት ምልክት እንዲያሳዩ የሚያደርጉ ተያያዥ የህክምና ችግር ከሌለ ክትትል እያደረጉ ለውጡን ማየት ይቻላል ። 
የሀሞት ከረጢት ጠጠር መከላከያዉ ምንድን ነዉ?,"ጤነኛ አመጋገብ መከተል ይህም ከፋተኛ አሰር (fiber) እና ጤነኛ ቅባት (የአሳ ዘይት ) መጠቀም፣የታሸጉ ምግቦችን አለማዘውተር፣እንቅስቃሴ ማድረግ
","ጤነኛ አመጋገብ መከተል ይህም ከፋተኛ አሰር (fiber) እና ጤነኛ ቅባት (የአሳ ዘይት ) መጠቀም፣የታሸጉ ምግቦችን አለማዘውተር፣እንቅስቃሴ ማድረግ
"
የሆድ ህመም ምንድን ነዉ?,የሆድ ህመም/ ቁርጠት አብዛኛውን ጊዜ መነሻ የሚሆኑ ነገሮች የወር አበባ መምጣት፣ የምግብ መመረዝ፣ ባክቴሪያዎች እንዲሁም ቫየረሶች ናቸው፡፡ የሆድ ህመም የተለመደ እና ምናልባትም በተደጋጋሚ የሚከሰት ችግር ሊሆን ይችላል። ,የሆድ ህመም/ ቁርጠት አብዛኛውን ጊዜ መነሻ የሚሆኑ ነገሮች የወር አበባ መምጣት፣ የምግብ መመረዝ፣ ባክቴሪያዎች እንዲሁም ቫየረሶች ናቸው፡፡ የሆድ ህመም የተለመደ እና ምናልባትም በተደጋጋሚ የሚከሰት ችግር ሊሆን ይችላል። 
የሆድ ህመምን ዘርዝር ,ውጋት፣ የሆድ ቁርጠት፣ የሆድ መነፋት፣ ማቅለሽለሽ በተደጋጋሚ የሚከሰቱ የሆድ ህመም ችግሮች ናቸው። ,ውጋት፣ የሆድ ቁርጠት፣ የሆድ መነፋት፣ ማቅለሽለሽ በተደጋጋሚ የሚከሰቱ የሆድ ህመም ችግሮች ናቸው። 
የሆድ ህመም ምልክቱ ምንምን ነዉ?,ምቾት የማጣት፣ የማስመለስ፣ ማቃጠል፣ አብዝቶ ማግሳት፣ የማስጨነቅ እና የማስቀመጥ ችግር ሊከሰት ይችላል።,ምቾት የማጣት፣ የማስመለስ፣ ማቃጠል፣ አብዝቶ ማግሳት፣ የማስጨነቅ እና የማስቀመጥ ችግር ሊከሰት ይችላል።
የሆድ ህመም መንስኤ ምንምን ነዉ?,ከምግብ አለመፈጨት፣ አብዝቶ ከመመገብ፣ ያልታወቀ የሆድ ውስጥ ቁስለት እንዲሁም የወተት ተዋጽኦን በአንድ ጊዜ ከልክ በላይ መጠቀም ለዚህ ችግር መንስኤ እንደሆኑም ይነገራል።,ከምግብ አለመፈጨት፣ አብዝቶ ከመመገብ፣ ያልታወቀ የሆድ ውስጥ ቁስለት እንዲሁም የወተት ተዋጽኦን በአንድ ጊዜ ከልክ በላይ መጠቀም ለዚህ ችግር መንስኤ እንደሆኑም ይነገራል።
የሆድ ህመም መከላከያዉ ምንምን ነዉ?," የተበላሹ ምግቦቸን ማስወገድ፣መጸዳጃ ቤት ገብተን ስንወጣ እጃችንን በውሀና በሳሙና መታጠብ
"," የተበላሹ ምግቦቸን ማስወገድ፣መጸዳጃ ቤት ገብተን ስንወጣ እጃችንን በውሀና በሳሙና መታጠብ
"
"የሆድ ህመም የቤት ውስጥ ህክምና ዘርዝር

",ለብ ያለ ውሀ በፕላስቲክ መያዣ አድርጎ ሆድ ላይ ማድረግ፣የዝንጅብል ሻይ መጠጣት,ለብ ያለ ውሀ በፕላስቲክ መያዣ አድርጎ ሆድ ላይ ማድረግ፣የዝንጅብል ሻይ መጠጣት
የሆድ ድርቀት ምንድን ነዉ?,የሆድ ድርቀት በህክምና ልምምድ ውስጥ የተለመደ ችግር ሲሆን ብዙውን ጊዜ የማያቋርጥ ፣ አስቸጋሪ ፣ ያልተሟላ መጸዳዳት ስሜት ነው ፡፡ ,የሆድ ድርቀት በህክምና ልምምድ ውስጥ የተለመደ ችግር ሲሆን ብዙውን ጊዜ የማያቋርጥ ፣ አስቸጋሪ ፣ ያልተሟላ መጸዳዳት ስሜት ነው ፡፡ 
የሆድ ድርቀት መፍትሄዉ ምንድን ነዉ?,ለረጅም ጊዜ የቆየ የሆድ ድርቀት በሚኖርበት ወቅት ከሚመከሩ ነገሮች ዉስጥ አንዱ እና ዋነኛው ነገር የአመጋገብና  የአኗኗር ዘይቤ ለዉጥ ማድረግ ሲሆን ይህም ሰገራ በአንጀት ዉስጥ የሚቆይበትን ጊዜ ይቀንሳል፡፡,ለረጅም ጊዜ የቆየ የሆድ ድርቀት በሚኖርበት ወቅት ከሚመከሩ ነገሮች ዉስጥ አንዱ እና ዋነኛው ነገር የአመጋገብና  የአኗኗር ዘይቤ ለዉጥ ማድረግ ሲሆን ይህም ሰገራ በአንጀት ዉስጥ የሚቆይበትን ጊዜ ይቀንሳል፡፡
የሆድ ድርቀት ምልክቱ ምንምን ነዉ?,"የደረቀ ወይንም የጠነከረ ሰገራ፣ሰገራ ለመውጣት ሲያስቸግር
","የደረቀ ወይንም የጠነከረ ሰገራ፣ሰገራ ለመውጣት ሲያስቸግር
"
"ድርቀት ስጋት ሊሆን የሚችለው መቸ ነው?

",ከሰገራ ጋር ደም መቀላቀል ወይንም ከተጠቀሙ በኋላ ደም የመፍሰስ፣ትኩሳት ሲኖር,ከሰገራ ጋር ደም መቀላቀል ወይንም ከተጠቀሙ በኋላ ደም የመፍሰስ፣ትኩሳት ሲኖር
"ድርቀት ሲፈጠር ምን ላድርግ?
","የቃጫነት መጠናቸው የበዙ ምግቦችን ማለትም አትክልቶችንና ፍራፍሬዎችን አብዝቶ መመገብ
","የቃጫነት መጠናቸው የበዙ ምግቦችን ማለትም አትክልቶችንና ፍራፍሬዎችን አብዝቶ መመገብ
"
የሆድ ድርቀት መቸ ወደ ሐኪም ቤት ልሂድ?,"ቀደም ሲል ከነበረው የሰገራ አወጣጥ ፀባይ መለየት ወይንም አዲስ ድርቀት መከሰት፣ድርቀት እየተመላለሰ ከሶስት ሳምንት በላይ ከቆየ
","ቀደም ሲል ከነበረው የሰገራ አወጣጥ ፀባይ መለየት ወይንም አዲስ ድርቀት መከሰት፣ድርቀት እየተመላለሰ ከሶስት ሳምንት በላይ ከቆየ
"
የሆድ ድርቀት ምርመራዎች ምንድን ነዉ?,የትልቁ አንጀት ሰገራን የማቆያ ጊዜ,የትልቁ አንጀት ሰገራን የማቆያ ጊዜ
የሆድ ድርቀት ህክምናዉ ምንምን ነዉ?,"ፋይበር መውሰድ፣ፓስሊየም፣የማግኒዥየም ወተት
","ፋይበር መውሰድ፣ፓስሊየም፣የማግኒዥየም ወተት
"
የመድኃኒት አለርጂ ማለት ምን ማለት ነው?,የመድኃኒት አለርጂ መድኃኒት ከመጠቀም ጋር ተያይዞ የሚመጣ ያልተለመደና ያልተፈለገ የጐንዮሽ ጉዳት ነው፡፡ ,የመድኃኒት አለርጂ መድኃኒት ከመጠቀም ጋር ተያይዞ የሚመጣ ያልተለመደና ያልተፈለገ የጐንዮሽ ጉዳት ነው፡፡ 
የመድኃኒት አለርጂ መንስኤ ምንድን ነዉ?,የመድኃኒት አለርጂ የሚከሰተው የምንወስደውን መድኃኒት ሰውነታችን እንደ ባዕድ ነገር ቆጥሮ ለመከላከል በሚያደርገው ጥረት ነው፡፡ ,የመድኃኒት አለርጂ የሚከሰተው የምንወስደውን መድኃኒት ሰውነታችን እንደ ባዕድ ነገር ቆጥሮ ለመከላከል በሚያደርገው ጥረት ነው፡፡ 
የመድኃኒት አለርጂ እንዲከሰት ከሚያደርጉ መድኃኒቶች ውስጥ ዘርዝር,የህመም ማስታገሻ መድኃኒቶች /አስፕሪን፣ አይቡፕሮፌን/፣ የፀረ ተህዋስያን መድኃኒቶች/ፔኒሲሊን፣ ቴትራሳይክሊን/ ወዘተ ይገኙበታል፡፡,የህመም ማስታገሻ መድኃኒቶች /አስፕሪን፣ አይቡፕሮፌን/፣ የፀረ ተህዋስያን መድኃኒቶች/ፔኒሲሊን፣ ቴትራሳይክሊን/ ወዘተ ይገኙበታል፡፡
የመድኃኒት አለርጂ ምልክቱ ምንምን ነዉ?,"የቆዳ ሽፍታ፣ትኩሳት፣የጡንቻና የመገጣጠሚያ አካባቢዎች ህመም፣የብሽሽት እብጠት 
","የቆዳ ሽፍታ፣ትኩሳት፣የጡንቻና የመገጣጠሚያ አካባቢዎች ህመም፣የብሽሽት እብጠት 
"
ለመድኃኒት አለርጂ የጤና ባለሙያ ዕርዳታ የሚያስፈልግዎ መቸ ነው?,እንደ ትኩሳት፣ ማስመለስ የመሳሰሉት ምልክቶች ከታየብዎት ወዲያውኑ ወደ ጤና ተቋም መሄድ ይገባዎታል፡፡,እንደ ትኩሳት፣ ማስመለስ የመሳሰሉት ምልክቶች ከታየብዎት ወዲያውኑ ወደ ጤና ተቋም መሄድ ይገባዎታል፡፡
የመድኃኒት አለርጂ ምርመራዎች ምንድን ናቸዉ?,ጠቅለል ባለ መልኩ ሲታይ የመድኃኒት አለርጂ ሊታወቅ /ሊለይ/ የሚችለው ታማሚው ላይ በሚታዩት ምልክቶች ሲሆን የጤና ባለሙያዎች እነዚህን ምልክቶች በሥልጠና ያውቋቸዋል፡፡ አልፎ አልፎ የደም ምርመራ እና ሌሎችም ምርመራዎች ሊያስፈልጉ ይችላሉ፡፡,ጠቅለል ባለ መልኩ ሲታይ የመድኃኒት አለርጂ ሊታወቅ /ሊለይ/ የሚችለው ታማሚው ላይ በሚታዩት ምልክቶች ሲሆን የጤና ባለሙያዎች እነዚህን ምልክቶች በሥልጠና ያውቋቸዋል፡፡ አልፎ አልፎ የደም ምርመራ እና ሌሎችም ምርመራዎች ሊያስፈልጉ ይችላሉ፡፡
"የመድኃኒት አለርጂ ሕክምና ምንድን ነዉ?
",ከጤና ባለሙያ በሚገኝ ምክር አንዳንድ ቀለል ያሉ የአለርጂ ምልክቶች በቤት ውስጥ ሊታከሙ ይችላሉ፡፡ ,ከጤና ባለሙያ በሚገኝ ምክር አንዳንድ ቀለል ያሉ የአለርጂ ምልክቶች በቤት ውስጥ ሊታከሙ ይችላሉ፡፡ 
የመድኃኒት አለርጂን እንዴት መከላከል ይቻላል?,ማንኛውም መድኃኒትን የሚወስድ ግለሰብ ታዘለት የሚወስደውን መድኃኒት ምንነትና የጎንዮሽ ጉዳቶቹ ምን ምን እንደሆኑ ከጤና ባለሙያ ጠይቆ መረዳት ይገባዋል፡፡,ማንኛውም መድኃኒትን የሚወስድ ግለሰብ ታዘለት የሚወስደውን መድኃኒት ምንነትና የጎንዮሽ ጉዳቶቹ ምን ምን እንደሆኑ ከጤና ባለሙያ ጠይቆ መረዳት ይገባዋል፡፡
መድሃኒቶች የጐንዮሽ ጐጂ አላቸዉ?,ሁሉም መድሃኒቶች የጐንዮሽ ጐጂ ባህርያት አሏቸው፡፡,ሁሉም መድሃኒቶች የጐንዮሽ ጐጂ ባህርያት አሏቸው፡፡
ህገወጥ የመድሃኒት አጠቃቀማችን መካከል ዘርዝር, መድሃኒቶችን ያለሐኪም ትዕዛዝና ከማዘዣ ወረቀት ውጪ ገዝቶ መጠቀም፣ የታዘዙልንን መድሃኒቶች በአግባቡ አለመጠቀም፣ መድሃኒቱን ያለጊዜው ማቋረጥ ወይም ከትዕዛዝ በላይ መውሰድ፣ የመድሃኒቶችን የመጠቀሚያ ጊዜ ሳይመለከቱ መድሃኒቶችን ገዝቶ መውሰድና ከመድሃኒት መሸጫ ፋርማሲዎች ወይም መደብሮች ውጪ መድሃኒቶችን ከየሸቀጣሸቀጥ ሱቆች እየገዙ መጠቀም ይገኙባቸዋል፡፡, መድሃኒቶችን ያለሐኪም ትዕዛዝና ከማዘዣ ወረቀት ውጪ ገዝቶ መጠቀም፣ የታዘዙልንን መድሃኒቶች በአግባቡ አለመጠቀም፣ መድሃኒቱን ያለጊዜው ማቋረጥ ወይም ከትዕዛዝ በላይ መውሰድ፣ የመድሃኒቶችን የመጠቀሚያ ጊዜ ሳይመለከቱ መድሃኒቶችን ገዝቶ መውሰድና ከመድሃኒት መሸጫ ፋርማሲዎች ወይም መደብሮች ውጪ መድሃኒቶችን ከየሸቀጣሸቀጥ ሱቆች እየገዙ መጠቀም ይገኙባቸዋል፡፡
የሚጥል በሽታ ምንድን ነዉ?,የሚጥል በሽታ በነርቭ መታወክ የተነሳ ተደጋጋሚ የሆነ በሰዉነት ላይ ማንቀጥቀጥን፣ የጡንቻ መገታተርን እና ማርገፍገፍን የሚያስከትል በሽታ ነዉ። ,የሚጥል በሽታ በነርቭ መታወክ የተነሳ ተደጋጋሚ የሆነ በሰዉነት ላይ ማንቀጥቀጥን፣ የጡንቻ መገታተርን እና ማርገፍገፍን የሚያስከትል በሽታ ነዉ። 
አንድ ሰዉ የምጥል በሽታ አለዉ ተብሎ የሚወሰነዉ መቸ ነዉ?,አንድ ሰዉ የምጥል በሽታ አለዉ ተብሎ የሚወሰነዉ የነርቭ መታወክ ቢያንስ ከሁለት እና ከዝያ በላይ ተደጋግሞ ሲከሰት ነዉ።,አንድ ሰዉ የምጥል በሽታ አለዉ ተብሎ የሚወሰነዉ የነርቭ መታወክ ቢያንስ ከሁለት እና ከዝያ በላይ ተደጋግሞ ሲከሰት ነዉ።
ከቤተሰብዎ ወይም መንገድ ላይ ባጋጣሚ ንዝረታዊ የሆነ የሰውነት ማንቀጥቀጥ ቢያጋጥም ባሉበት ሁነው ምን እርዳታ መስጠት ይችላሉ?,ሊጎዱ የሚችሉ ወንበሮችን፣ጠረጴዛዎችን፣ ስለታም ነገሮችን ፣ ድንጋዮች፣እንጨት የመሳሰሉ ነገሮችን ከአካባቢ ማንሳት,ሊጎዱ የሚችሉ ወንበሮችን፣ጠረጴዛዎችን፣ ስለታም ነገሮችን ፣ ድንጋዮች፣እንጨት የመሳሰሉ ነገሮችን ከአካባቢ ማንሳት
ለሚጥል በሽታ አምቡላንስ መጥራት የሚያስፈልገው መቸ ነው?,"ከ5 ደቂቃ በላይ ከቆየ፣እርግዝና ካለ፣የስኳር ህመም ካለ
","ከ5 ደቂቃ በላይ ከቆየ፣እርግዝና ካለ፣የስኳር ህመም ካለ
"
የሚጥል በሽታ ምልክቱ ምንምን ነዉ?,የህመሙ ምልክቶች ከተነሳበት የአንጎል ክፍል አንፃር እና ከሚያጠቃው የአንጎል ክፍል ስፍት አንፃር የተለያየ ነው። ይህም ጊዜያዊ የሆነ እራስን መሳት ፣ የእንቅስቃሴ መዛባት ፣ ለእይታ መቸገር ( ብዝታ) ፣ የመስማትና እና የመቅመስ ችግሮችን ያጠቃልላል ,የህመሙ ምልክቶች ከተነሳበት የአንጎል ክፍል አንፃር እና ከሚያጠቃው የአንጎል ክፍል ስፍት አንፃር የተለያየ ነው። ይህም ጊዜያዊ የሆነ እራስን መሳት ፣ የእንቅስቃሴ መዛባት ፣ ለእይታ መቸገር ( ብዝታ) ፣ የመስማትና እና የመቅመስ ችግሮችን ያጠቃልላል 
የሚጥል በሽታ በምን ይመጣል?,"የአንጎል የአፈጣጠር ችግር፣ከፍተኛ የጭንቅላት ጉዳት ( መውደቅ ፣ መጋጨት )
","የአንጎል የአፈጣጠር ችግር፣ከፍተኛ የጭንቅላት ጉዳት ( መውደቅ ፣ መጋጨት )
"
የሚጥል በሽታ ምርመራዎች ምንምን ናቸዉ?,"የአንጎል ፈሳሽ (CSF)፣CT scan
","የአንጎል ፈሳሽ (CSF)፣CT scan
"
የሚጥል በሽታ ህክምናዉ ምንምን ነዉ?,70% የሚሆኑት ታማሚዎች ተገቢውን ህክምና ካገኙ ከንዝረታዊ የሰውነት ማንቀጥቀጥ ነፃ ሁነው መኖር ይችላሉ፣ ቀዶ ጥገና,70% የሚሆኑት ታማሚዎች ተገቢውን ህክምና ካገኙ ከንዝረታዊ የሰውነት ማንቀጥቀጥ ነፃ ሁነው መኖር ይችላሉ፣ ቀዶ ጥገና
የሚጥል በሽታ መከላከያዉ ምንድን ነዉ?,"ችግሩ መቸ እንደሚከሰት ስለማይታወቅ ከዚህ በፊት የተጠቃ ሰው አደገኛ ከሆነ ነገሮች መቆጠብ፡- መኪና መንዳት፣ከፍታ ላይ መውጣት፣ምግብ ማብሰል፣የውሀ ዋና
","ችግሩ መቸ እንደሚከሰት ስለማይታወቅ ከዚህ በፊት የተጠቃ ሰው አደገኛ ከሆነ ነገሮች መቆጠብ፡- መኪና መንዳት፣ከፍታ ላይ መውጣት፣ምግብ ማብሰል፣የውሀ ዋና
"
የማር ጥቅም ዘርዝር,የካንሰርና የልብ ህመም ይከላከላል፣የአንጀት መቁሰልን ይከላከላል፣ማር ሳል እና የጉሮሮ መቆጣትን ይቀንሳል,የካንሰርና የልብ ህመም ይከላከላል፣የአንጀት መቁሰልን ይከላከላል፣ማር ሳል እና የጉሮሮ መቆጣትን ይቀንሳል
ትኩረት የሚሹ የማር መልዕክቶች ዘርዝር,እርስዎ የኢንሱሊን መቆጣጠሪያ የሚጠቀሙ ከሆነ፣ ከፍተኛ የደም ግፊት መድሀኒት የሚወስድ ከሆነ፣ ከመጠን ያለፈ የኮሌስትሮል መጠን በሰውነትዎ ካለ፣ የስኳር በሽተኛ ከሆኑና ከአቅም በላይ ውፍረት ከኖረብዎትጣፋጭ ነገሮችን ማለትም ማር እና ስኳር የመሰሉ ነገሮችን አብዝቶ ከመውሰድ ራስዎን ይቆጥቡ። ,እርስዎ የኢንሱሊን መቆጣጠሪያ የሚጠቀሙ ከሆነ፣ ከፍተኛ የደም ግፊት መድሀኒት የሚወስድ ከሆነ፣ ከመጠን ያለፈ የኮሌስትሮል መጠን በሰውነትዎ ካለ፣ የስኳር በሽተኛ ከሆኑና ከአቅም በላይ ውፍረት ከኖረብዎትጣፋጭ ነገሮችን ማለትም ማር እና ስኳር የመሰሉ ነገሮችን አብዝቶ ከመውሰድ ራስዎን ይቆጥቡ። 
በሲጋራ የተጎዳ የሳንባን ጤንነት ወደነበረበት ለመመለስን ዘርዝር,የፍሌቨኖይድ ይዘት ያላቸው ምግቦች፣አትክልት እና ፍራፍሬዎች፣ቫይታሚን ኤ,የፍሌቨኖይድ ይዘት ያላቸው ምግቦች፣አትክልት እና ፍራፍሬዎች፣ቫይታሚን ኤ
ስኳር ምንድን ነው?,ስኳር ከጣፋጭ ንጥረ ነገሮች ውስጥ የሚጠቃለል ካርቦሃይድሬት ነው። ስኳር የሚለው ቃል ገበታችን ላይ የምናገኘውን ነጩን ስኳር ብቻ ለማለት አይደለም፡፡ የተለያዩ በተፈጥሮ እና በሰው ሰራሽ መልኩ የምናገኛቸውን በቀላሉ የሚሟሙ ካርቦሃይድሬቶች ሁሉ የሚያጠቃልል ነው፡፡ ,ስኳር ከጣፋጭ ንጥረ ነገሮች ውስጥ የሚጠቃለል ካርቦሃይድሬት ነው። ስኳር የሚለው ቃል ገበታችን ላይ የምናገኘውን ነጩን ስኳር ብቻ ለማለት አይደለም፡፡ የተለያዩ በተፈጥሮ እና በሰው ሰራሽ መልኩ የምናገኛቸውን በቀላሉ የሚሟሙ ካርቦሃይድሬቶች ሁሉ የሚያጠቃልል ነው፡፡ 
የስኳር አይነቶች ስንት ናቸዉ?,ሶስቱ ዋና የስኳር አይነቶች ሱክሮስ፣ ላክቶስ እና ፍሩክቶስ ይባላሉ።,ሶስቱ ዋና የስኳር አይነቶች ሱክሮስ፣ ላክቶስ እና ፍሩክቶስ ይባላሉ።
የተፈጥሮ ስኳር ምንድን ነው?,የተፈጥሮ ስኳር ማለት በተፈጥሮ በምግብ ውስጥ የምናገኘው ሲሆን ግሉኮስ፤ ፍሩትኮስ ሱክሮስ ወይም መሰል በሆኑ ስሞች የሚጠራ ነው፡፡ለምሳሌ ,የተፈጥሮ ስኳር ማለት በተፈጥሮ በምግብ ውስጥ የምናገኘው ሲሆን ግሉኮስ፤ ፍሩትኮስ ሱክሮስ ወይም መሰል በሆኑ ስሞች የሚጠራ ነው፡፡ለምሳሌ 
"ሰው ሰራሽ ስኳር ምንድን ነው?
",ሰው ሰራሽ ስኳር ማለት በተፈጥሮ የምናገኘውን ስኳር በፋብሪካ ውስጥ አስተካክለን/ አምርተን ለገበታ ስናቀርበው ወይም ሌላ ምርቶችን ለማምረት ስንጠቀምበት ነው፡፡ ,ሰው ሰራሽ ስኳር ማለት በተፈጥሮ የምናገኘውን ስኳር በፋብሪካ ውስጥ አስተካክለን/ አምርተን ለገበታ ስናቀርበው ወይም ሌላ ምርቶችን ለማምረት ስንጠቀምበት ነው፡፡ 
"ሰው ሰራሽ ስኳር በብዛት አላቸው ነገሮችን ዘርዝር

",ደረቅ እና ለስላላሳ ኬኮች እና ኩኪሶች፣ታሽገው የሚሸጡ ብስኩቶች፣ለስላለሳ መጠጦች፣ከረሜላዎች፤ ሎሊፖፕ እና ቸኮሌቶች ,ደረቅ እና ለስላላሳ ኬኮች እና ኩኪሶች፣ታሽገው የሚሸጡ ብስኩቶች፣ለስላለሳ መጠጦች፣ከረሜላዎች፤ ሎሊፖፕ እና ቸኮሌቶች 
"ሰው ሰራሽ ስኳር ማብዛት ጉዳቱ ምንድን ነው?

",የሰው ልጅ ለመኖር ወይም ለጤና ስኳር ግዴታ ያስፈልገዋል፡፡ የምንመገበው/ የምንጠቀመው የተፈጥሮ ስኳር ቢሆን ተመራጭ ነው፡፡ነገር ግን በቀን አንድ ወንድ ወይም ሴት ከ7 የሻይ ማንኪያ በላይ ስኳር ባይጠቀሙ ይመከራል፡፡,የሰው ልጅ ለመኖር ወይም ለጤና ስኳር ግዴታ ያስፈልገዋል፡፡ የምንመገበው/ የምንጠቀመው የተፈጥሮ ስኳር ቢሆን ተመራጭ ነው፡፡ነገር ግን በቀን አንድ ወንድ ወይም ሴት ከ7 የሻይ ማንኪያ በላይ ስኳር ባይጠቀሙ ይመከራል፡፡
ሰው ሰራሽ ስኳር ማብዛት ጉዳቱን ዘርዝር,ውፍረት ያመጣል፣የሰውነታችንን የበሽታ መከላከል ችሎታ ያዳክማል፣የስኳር በሽታን ያስከትላል,ውፍረት ያመጣል፣የሰውነታችንን የበሽታ መከላከል ችሎታ ያዳክማል፣የስኳር በሽታን ያስከትላል
"ለስላሳ መጠጦች ከነስኳር መጠናቸው ዘርዝር


","ኮካኮላ (330ml) ፡ 7.25 ሻይ ማንኪያ 
ስኳርስፕራይት (330ml) ፡ 7.61 ሻይ ማንኪያ ስኳር","ኮካኮላ (330ml) ፡ 7.25 ሻይ ማንኪያ 
ስኳርስፕራይት (330ml) ፡ 7.61 ሻይ ማንኪያ ስኳር"
ፍራፍሬዎች ምን የተባለ የስኳር አይነት በውስጣቸው ይይዛሉ?,ፍሩክቶስ,ፍሩክቶስ
100ግራም መጠን ባለው ቁራጭ ማንጎ ውስጥ ያለውን የስኳር መጠን ስንት ነዉ?,"ማንጎ፡ 2.77 ሻይ ማንኪያ ስኳር 

","ማንጎ፡ 2.77 ሻይ ማንኪያ ስኳር 

"
100ግራም መጠን ባለው ቁራጭ ሙዝ ውስጥ ያለውን የስኳር መጠን ስንት ነዉ?,"ሙዝ፡ 2.48 ሻይ ማንኪያ ስኳር
","ሙዝ፡ 2.48 ሻይ ማንኪያ ስኳር
"
100ግራም መጠን ባለው ቁራጭ ፖም ውስጥ ያለውን የስኳር መጠን ስንት ነዉ?,"ፖም፡ 2.11 ሻይ ማንኪያ ስኳር
","ፖም፡ 2.11 ሻይ ማንኪያ ስኳር
"
100ግራም መጠን ባለው ቁራጭ አናናስ ውስጥ ያለውን የስኳር መጠን ስንት ነዉ?,"አናናስ፡ 2 ሻይ ማንኪያ ስኳር
","አናናስ፡ 2 ሻይ ማንኪያ ስኳር
"
100ግራም መጠን ባለው ቁራጭ የወይን ፍሬ ውስጥ ያለውን የስኳር መጠን ስንት ነዉ?,"የወይን ፍሬ፡ 3.14 ሻይ ማንኪያ ስኳር
","የወይን ፍሬ፡ 3.14 ሻይ ማንኪያ ስኳር
"
100ግራም መጠን ባለው ቁራጭ ሎሚ ውስጥ ያለውን የስኳር መጠን ስንት ነዉ?,"ሎሚ፡ 0.5 ሻይ ማንኪያ ስኳር
","ሎሚ፡ 0.5 ሻይ ማንኪያ ስኳር
"
100ግራም መጠን ባለው ቁራጭ እንጆሪ ውስጥ ያለውን የስኳር መጠን ስንት ነዉ?,"እንጆሪ፡ 0.99 ሻይ ማንኪያ ስኳር
","እንጆሪ፡ 0.99 ሻይ ማንኪያ ስኳር
"
100ግራም መጠን ባለው ቁራጭ ቲማቲም ውስጥ ያለውን የስኳር መጠን ስንት ነዉ?,ቲማቲም፡ 0.53 ሻይ ማንኪያ ስኳር,ቲማቲም፡ 0.53 ሻይ ማንኪያ ስኳር
ስኒከርስ ቸሎሌት ውስጥ ያለውን የስኳር መጠን ስንት ነዉ?,"ስኒከርስ ቸሎሌት (57ግራም) ፡ 5.83 ሻይ ማንኪያ ስኳር

","ስኒከርስ ቸሎሌት (57ግራም) ፡ 5.83 ሻይ ማንኪያ ስኳር

"
ትዊክስ ቸሎሌት ውስጥ ያለውን የስኳር መጠን ስንት ነዉ?,"ትዊክስ (57ግራም) ፡ 5.68 ሻይ ማንኪያ ስኳር
","ትዊክስ (57ግራም) ፡ 5.68 ሻይ ማንኪያ ስኳር
"
ኸርሺስ ወተት ቸኮሌት ውስጥ ያለውን የስኳር መጠን ስንት ነዉ?,ኸርሺስ ወተት ቸኮሌት (43ግራም) ፡ 4.87 ሻይ ማንኪያ ስኳር,ኸርሺስ ወተት ቸኮሌት (43ግራም) ፡ 4.87 ሻይ ማንኪያ ስኳር
ከፍተኛ የስኳር መጠን ለምን ለሽታዎች ጋልጠንናል?,ስኳርን ማብዛት እንደ ስኳር፣ ደም ግፊት፣ ጥርስ ህመም ለመሳሰሉ አደገኛ የጤና ችግሮች ይዳርገናል። ,ስኳርን ማብዛት እንደ ስኳር፣ ደም ግፊት፣ ጥርስ ህመም ለመሳሰሉ አደገኛ የጤና ችግሮች ይዳርገናል። 
ከፍተኛ የስኳር መጠን መከላከያዉ ምንድን ነዉ?,በቀን ከ 9 ሻይ ማንኪያ ስኳር(36ግራም)፣ ለሴቶች ደግሞ 6 ሻይ ማንኪያ ስኳር(24ግራም) በላይ እንዳይጠቀሙ ይመክራል። ,በቀን ከ 9 ሻይ ማንኪያ ስኳር(36ግራም)፣ ለሴቶች ደግሞ 6 ሻይ ማንኪያ ስኳር(24ግራም) በላይ እንዳይጠቀሙ ይመክራል። 
የስኳር እጥረት ምንድን ነዉ?,በህክምናዉ በሰዉነታችን ዉስጥ የስኳር እጥረት ተከሰተ የምንለዉ በደማችን ዉስጥ ያለዉ የስኳር (ግሉኮስ) መጠን መኖር ወይም መገኘት ከሚገባዉ መጠን በታች ሲሆን ነዉ፡፡,በህክምናዉ በሰዉነታችን ዉስጥ የስኳር እጥረት ተከሰተ የምንለዉ በደማችን ዉስጥ ያለዉ የስኳር (ግሉኮስ) መጠን መኖር ወይም መገኘት ከሚገባዉ መጠን በታች ሲሆን ነዉ፡፡
የአንድ ጤነኛ ሰዉ ትክክለኛ የደም ዉስጥ የስካር መጠን ስንት ነዉ?,ከ70 ሚግ እስከ 100 ሚሊ ግራም,ከ70 ሚግ እስከ 100 ሚሊ ግራም
የስኳር እጥረት ምልክቶች ምንምን ናቸዉ?,"የልብ ትርታ መጨመር፣ድካም፣የቆዳ መገርጣት
","የልብ ትርታ መጨመር፣ድካም፣የቆዳ መገርጣት
"
"የስኳር እጥረቱ እየተባባሰ ከመጣና እርምጃ ካልተወሰደ ምልክቶችን ዘርዝር  

",የመዘባረቅ፣የባህሪ ለዉጥ ወይም ሁለቱም ፤መደበኛ የቀን ተቀን ስራዎን ማከናወን ያለመቻል፣እይታዎ ላይ ብዥ ማለት,የመዘባረቅ፣የባህሪ ለዉጥ ወይም ሁለቱም ፤መደበኛ የቀን ተቀን ስራዎን ማከናወን ያለመቻል፣እይታዎ ላይ ብዥ ማለት
የስኳር እጥረት መንስኤ ምንድን ነዉ?,ከመጠን ያለፈ አልኮሆል/መጠጥ የሚወስዱ ወይም የሚጠጡ በተለይ በአግባቡ ሳይመገቡ መጠጣት,ከመጠን ያለፈ አልኮሆል/መጠጥ የሚወስዱ ወይም የሚጠጡ በተለይ በአግባቡ ሳይመገቡ መጠጣት
ከስኳር እጥረት ወዲያዉ ሊደረጉ የሚችሉ ህክምናዎችን ዘርዝር  ,የመጀመሪያ ደረጃ ምልክቶቹን ለማከም ከ15 እስከ 20 ግራም የሚሆን በፍጥነት ከአንጀታችን ሊመጠጡ የሚችሉ እንደ ከረሜላ፣ የፍሩት ጅስ፣ ለስላሳ የመሳሰሉትን በፍጥነት መስጠት ይመከራል፡፡ ,የመጀመሪያ ደረጃ ምልክቶቹን ለማከም ከ15 እስከ 20 ግራም የሚሆን በፍጥነት ከአንጀታችን ሊመጠጡ የሚችሉ እንደ ከረሜላ፣ የፍሩት ጅስ፣ ለስላሳ የመሳሰሉትን በፍጥነት መስጠት ይመከራል፡፡ 
"የስኳር በሽታ ማለት ምን ማለት ነው?
",የስኳር ህመም ማለት በደም ውሥጥ ከፍተኛ የሆነ የስኳር መጠን መጨመር ማለት ነው። ,የስኳር ህመም ማለት በደም ውሥጥ ከፍተኛ የሆነ የስኳር መጠን መጨመር ማለት ነው። 
"የስኳር በሽታ እንዴት ነው የሚከሰተዉ?
",የሚከሰተው የስኳር መጠንን የሚቆጣጠር ከጣፊያ የሚመነጭ ኢንሱሊን የሚባል ቅመም እጥረት ሲከሰት ነው። ,የሚከሰተው የስኳር መጠንን የሚቆጣጠር ከጣፊያ የሚመነጭ ኢንሱሊን የሚባል ቅመም እጥረት ሲከሰት ነው። 
 የስኳር ህመም አይነቶች ስንት ናቸዉ?,ሁለት- አይነት አንድ እና አይነት ሁለት በመባል ይታወቃሉ፡፡ ,ሁለት- አይነት አንድ እና አይነት ሁለት በመባል ይታወቃሉ፡፡ 
አይነት አንድ የሚባለው የስኳር ህመም ምንድን ነው?  ,አይነት አንድ የሚባለው የስኳር ህመም የሚከሰተው በጣፊያ ውስጥ የሚገኙ ኢንሱሊን አመንጭ ህዋሳት ሙሉ በሙሉ በሰውነት የተፈጥሮ መከላከያ ሲጠፉ ነው። ይህን የስኳር ህመም አይነት መከላከል አይቻልም። ,አይነት አንድ የሚባለው የስኳር ህመም የሚከሰተው በጣፊያ ውስጥ የሚገኙ ኢንሱሊን አመንጭ ህዋሳት ሙሉ በሙሉ በሰውነት የተፈጥሮ መከላከያ ሲጠፉ ነው። ይህን የስኳር ህመም አይነት መከላከል አይቻልም። 
አይነት ሁለት የስኳር ህመም ምንድን ነው?  ,አይነት ሁለት የስኳር ህመም ከ 90 በመቶ በላይ የሚሆነው የስኳር ህመም ስርጭትን ይይዛል። ይህ የስኳር ህመም በዘር የሚተላለፍ ሲሆን ከእድሜ መግፋትና ጤናማ ያልሆኑ የአኗኗር ዘይቤዎችን በመከተል እንደሚከሰት ይታመናል። ,አይነት ሁለት የስኳር ህመም ከ 90 በመቶ በላይ የሚሆነው የስኳር ህመም ስርጭትን ይይዛል። ይህ የስኳር ህመም በዘር የሚተላለፍ ሲሆን ከእድሜ መግፋትና ጤናማ ያልሆኑ የአኗኗር ዘይቤዎችን በመከተል እንደሚከሰት ይታመናል። 
ለስኳር ህመም አጋላጮች ምንምን ናቸዉ?,የአካል ብቃት እንቅስቃሴ አለማድረግ፣ አትክልትና ፍራፍሬዎችን አለመጠቀም፣ ቅባታማ አና ስኳራማ የሆኑ ምግቦችን አብዝቶ እና አዘውትሮ መመገብ፣ የአልኮል መጠጦችን አብዝቶ መጠቀም፣ ትምባሆ መጠቀም፣ የሰውነት ክብደት መጨመር፣ እና የአዕምሮ ውጥረት ናቸው። ,የአካል ብቃት እንቅስቃሴ አለማድረግ፣ አትክልትና ፍራፍሬዎችን አለመጠቀም፣ ቅባታማ አና ስኳራማ የሆኑ ምግቦችን አብዝቶ እና አዘውትሮ መመገብ፣ የአልኮል መጠጦችን አብዝቶ መጠቀም፣ ትምባሆ መጠቀም፣ የሰውነት ክብደት መጨመር፣ እና የአዕምሮ ውጥረት ናቸው። 
ለስኳር ህመም ምልክቱ ምንምን ነዉ?,ውሀ መጥማት፣ የሽንት መብዛት፣ የክብደት መቀነስ፣ ድካም፣ የረሀብ ስሜት ናቸው። ,ውሀ መጥማት፣ የሽንት መብዛት፣ የክብደት መቀነስ፣ ድካም፣ የረሀብ ስሜት ናቸው። 
"በስኳር ህመም ምክንያት የሚመጡ ሊሎች ችግሮችን ዘርዝር  
","የአይን መታወክ፣ራስን መሳት፣እግርና እጅ መቁሰል
","የአይን መታወክ፣ራስን መሳት፣እግርና እጅ መቁሰል
"
ስኳር በሽታ ላለባቸው ሰዎች ምርጥ ምግቦችን ዘርዝር  ,ፖም፣አቮካዶ፣ገብስ፣ባቄላ/ቦለቄ እና ዘሮቹ:- ,ፖም፣አቮካዶ፣ገብስ፣ባቄላ/ቦለቄ እና ዘሮቹ:- 
የስኳር በሽታ መከላከያዉ ምንምን ነዉ?,ስኳርን ክብደት በመቀነስ እና የአኗኗር ዘይቤን በመቀየር ለመከላከልና ለመቆጣጠር ይቻላል፣የፋይበር/የቃጫነት ይዘታቸዉ ከፍተኛ የሆኑ ምግቦችን ማዘዉተር፡- ,ስኳርን ክብደት በመቀነስ እና የአኗኗር ዘይቤን በመቀየር ለመከላከልና ለመቆጣጠር ይቻላል፣የፋይበር/የቃጫነት ይዘታቸዉ ከፍተኛ የሆኑ ምግቦችን ማዘዉተር፡- 
"ጥብቅ የስኳር መጠን ቁጥጥርና ክትትል ምንድን ነዉ?
",ይህ ጥብቅ የስኳር መጠን ቁጥጥርና ክትትል በዉሥጥ ደዌ ወይም በስኳር ህመም ድህረ ስፔሻሊስት ሀኪሞች የሚከናወን ሲሆን ከዚህ በተጨማሪም ከመጠን ያለፈ የደም ዉሥጥ የቅባት መጠንና ዉፍረት መቀነስ፣ በቂ የአካል ብቃት እንቅስቃሴ ማድረግ፣ የደም ግፊትን መቆጣጠርና የኩላሊት ህመምን ባግባቡ መታከምና መከታተል ያስፈልጋል። ,ይህ ጥብቅ የስኳር መጠን ቁጥጥርና ክትትል በዉሥጥ ደዌ ወይም በስኳር ህመም ድህረ ስፔሻሊስት ሀኪሞች የሚከናወን ሲሆን ከዚህ በተጨማሪም ከመጠን ያለፈ የደም ዉሥጥ የቅባት መጠንና ዉፍረት መቀነስ፣ በቂ የአካል ብቃት እንቅስቃሴ ማድረግ፣ የደም ግፊትን መቆጣጠርና የኩላሊት ህመምን ባግባቡ መታከምና መከታተል ያስፈልጋል። 
"የብርሃን ጨረር (የሌዘር ) ህክምና ምንድን ነዉ?
",ይህ ህክምና በረቲና ላይ የሚደርሰዉ ጉዳት እንዳይጨምር እንዲሁም ሌላ የከፋ ችግር እንዳይመጣና ጉዳቱ ባለበት እንዲቆም በማድረግ ዘለቄታዊ መፍትሄ ይሰጣል ። ,ይህ ህክምና በረቲና ላይ የሚደርሰዉ ጉዳት እንዳይጨምር እንዲሁም ሌላ የከፋ ችግር እንዳይመጣና ጉዳቱ ባለበት እንዲቆም በማድረግ ዘለቄታዊ መፍትሄ ይሰጣል ። 
"የስኳር በሽታ የመድኃኒት ህክምና ምንድን ነዉ?
",በራሱ ፍጹም ዘለቄታዊ ፈዉስ የሚያመጣ መድኃኒት ለጊዜዉ ባይኖርም ከአጭር እስከ መካከለኛ ጊዜ በሠገነተ እይታ ላይ የተፈጠረዉን መድማትና ማበጥ በመቀነስ እይታን የሚያሻሽሉ አለያም ጉዳቱ እንዳይባባስ የሚያደርጉ ብዙ ዉጤታማ መድኃኒቶች አሉ። ,በራሱ ፍጹም ዘለቄታዊ ፈዉስ የሚያመጣ መድኃኒት ለጊዜዉ ባይኖርም ከአጭር እስከ መካከለኛ ጊዜ በሠገነተ እይታ ላይ የተፈጠረዉን መድማትና ማበጥ በመቀነስ እይታን የሚያሻሽሉ አለያም ጉዳቱ እንዳይባባስ የሚያደርጉ ብዙ ዉጤታማ መድኃኒቶች አሉ። 
"የስኳር በሽታ የረቲና ቀዶ ህክምና ምንድን ነዉ?
",ይህ ህክምና ከፍተኛ የሆነ በሌዘርና በመድኃኒት መታከም የማይችል ችግር ላለባቸዉ ሰዎች የሚደረግ ሲሆን ልምድ ባላቸዉ የረቲና ቀዶ ጥገና ድህረ ስፔሻሊስት ሀኪሞች በከፍተኛ የህክምና መሣሪያዎች በመታገዝ ይከናወናል።,ይህ ህክምና ከፍተኛ የሆነ በሌዘርና በመድኃኒት መታከም የማይችል ችግር ላለባቸዉ ሰዎች የሚደረግ ሲሆን ልምድ ባላቸዉ የረቲና ቀዶ ጥገና ድህረ ስፔሻሊስት ሀኪሞች በከፍተኛ የህክምና መሣሪያዎች በመታገዝ ይከናወናል።
የስኳር በሽታ ጠንቅ የሆኑ የምግብ አይነቶች ዘርዝር,ከፍተኛ የስኳር መጠን ያላቸው ምግቦች ፓስታ ፣ የፓስታ ማጣፈጫ ፣ መኮረኒ ፣ ሩዝ ፣ ለስላሳ መጠጦች ፣ የሸንኮራ አገዳ ፣ ስኳር ፣ ቸኮሌት ፣ ብስኩት ፣ ኬክ ፣ ቢራዎች ፣ ጉልበት ሰጪ መጠጦች ፣ የታሸጉ የእንስሳት ተዋፅኦዎች ናቸው ።,ከፍተኛ የስኳር መጠን ያላቸው ምግቦች ፓስታ ፣ የፓስታ ማጣፈጫ ፣ መኮረኒ ፣ ሩዝ ፣ ለስላሳ መጠጦች ፣ የሸንኮራ አገዳ ፣ ስኳር ፣ ቸኮሌት ፣ ብስኩት ፣ ኬክ ፣ ቢራዎች ፣ ጉልበት ሰጪ መጠጦች ፣ የታሸጉ የእንስሳት ተዋፅኦዎች ናቸው ።
ስኳር መመገብ ሙሉ ለሙሉ ቢያቆሙ በሰውነትዎ ውስጥ ምን ይፈጠራል?,ስኳር የመመገብ ፍላጎትዎን ያስወግዳሉ- የርሀብ ስሜትዎ ይቀንሳል፣ከተመገቡ በኋላ የሚከሰት ድካምን ይቀንሳሉ፣በሰውነትዎ ውስጥ የተከማቸ አላስፈላጊ ውሀ እና ስብ ያስወግዳሉ  ,ስኳር የመመገብ ፍላጎትዎን ያስወግዳሉ- የርሀብ ስሜትዎ ይቀንሳል፣ከተመገቡ በኋላ የሚከሰት ድካምን ይቀንሳሉ፣በሰውነትዎ ውስጥ የተከማቸ አላስፈላጊ ውሀ እና ስብ ያስወግዳሉ  
የስኳር በሽታ ምርመራ ማድረግ ያለበት ማን ነው?,"በቤተሰብ የስኳር ህመም ካለ፣የእንቅልፍ ማጣት ጋር ተያያዥነት ያለው የስኳር አለመመጣጠን ለምሳሌ የረጅም ጊዜ እንቅልፍ እጦት፣ የሌሊት የስራ መደብ መኖር፣ በእንቅልፍ ጊዜ የመታፈን ችግር
","በቤተሰብ የስኳር ህመም ካለ፣የእንቅልፍ ማጣት ጋር ተያያዥነት ያለው የስኳር አለመመጣጠን ለምሳሌ የረጅም ጊዜ እንቅልፍ እጦት፣ የሌሊት የስራ መደብ መኖር፣ በእንቅልፍ ጊዜ የመታፈን ችግር
"
"የስኳር ህመም እንዳለ እንዴት እናውቃለን?

",በደም ውስጥ ያለ የስኳር መጠን በመለካት፣ስኳር የተጣበቀበትን የቀይ የደም ክፍል በመለካት,በደም ውስጥ ያለ የስኳር መጠን በመለካት፣ስኳር የተጣበቀበትን የቀይ የደም ክፍል በመለካት
የስጋ ደዌ ምንድን ነዉ?,የስጋ ደዌ ማይኮባክቴሪየም ሊፕሬ በሚባል የባክቴሪያ ተህዋስ የሚመጣ ተላላፊ በሽታ ነው። በሽታው በዋናነት ቆዳን ፣ ከአንጎል እና ሰረሰር ውጭ ያሉ ነርቮችን፣ የላይኛው የመተንፈሻ አካል ሽፋኖችን እና አይንን ያጠቃል ። ,የስጋ ደዌ ማይኮባክቴሪየም ሊፕሬ በሚባል የባክቴሪያ ተህዋስ የሚመጣ ተላላፊ በሽታ ነው። በሽታው በዋናነት ቆዳን ፣ ከአንጎል እና ሰረሰር ውጭ ያሉ ነርቮችን፣ የላይኛው የመተንፈሻ አካል ሽፋኖችን እና አይንን ያጠቃል ። 
የስጋ ደዌ ምክነያት ምንድን ነዉ?,የስጋ ደዌ ከአፍና አፍንጫ በሚወጡ ጠብታዎች እና ብናኞች ሲሆን በዚህም ምክንያት በበሽታው ከተጠቃና ህክምና ካላገኘ ሰው ጋር በሚደረግ ረዘም ያለ ንክኪ ይተላለፋል፡፡,የስጋ ደዌ ከአፍና አፍንጫ በሚወጡ ጠብታዎች እና ብናኞች ሲሆን በዚህም ምክንያት በበሽታው ከተጠቃና ህክምና ካላገኘ ሰው ጋር በሚደረግ ረዘም ያለ ንክኪ ይተላለፋል፡፡
የስጋ ደዌ ምልክቱ ምንምን ነዉ?,"ከአካባቢው ቆዳ ነጣ ነጣ ያሉ እና ሲነኩ ምንም ስሜት የሌላቸው የቆዳ ምልክቶች፣ህመም የሌለው የቆዳ እብጠት
","ከአካባቢው ቆዳ ነጣ ነጣ ያሉ እና ሲነኩ ምንም ስሜት የሌላቸው የቆዳ ምልክቶች፣ህመም የሌለው የቆዳ እብጠት
"
የስጋ ደዌ ጉዳቱን ዘርዝር,"የእጅና እግር ሽባ መሆንና የአካል መጉደል፣የእጅና የእግር ጣቶች ማጠር፣በራሱ የማይድን የእግር ቁስል
","የእጅና እግር ሽባ መሆንና የአካል መጉደል፣የእጅና የእግር ጣቶች ማጠር፣በራሱ የማይድን የእግር ቁስል
"
የስጋ ደዌ ምርመራዎች ምንድን ናቸዉ?,"ብዙ ጊዜ የተጠቃው ቆዳ እና ነርቭ ሀኪም በማየት ሊያውቀው ይችላል ነገር ግን ለማረጋገጥ ከተጠቃው ቆዳ እና ነርቭ ናሙና በመውሰድ ባክቴሪያውን በአጉሊ መነፅር  ይታያል ።
","ብዙ ጊዜ የተጠቃው ቆዳ እና ነርቭ ሀኪም በማየት ሊያውቀው ይችላል ነገር ግን ለማረጋገጥ ከተጠቃው ቆዳ እና ነርቭ ናሙና በመውሰድ ባክቴሪያውን በአጉሊ መነፅር  ይታያል ።
"
የስጋ ደዌ ህክምናዉ ምንድን ነዉ?,የስጋ ደዌ 2-3 የሚደርሱ የተለያዩ ፀረ ተህዋስያን (multi drug) በመጠቀም ይታከማል፤ ይህም ባክቴሪያው መድሀኒቱን እንዳይላመድ ይረዳል።,የስጋ ደዌ 2-3 የሚደርሱ የተለያዩ ፀረ ተህዋስያን (multi drug) በመጠቀም ይታከማል፤ ይህም ባክቴሪያው መድሀኒቱን እንዳይላመድ ይረዳል።
የሪህ ሕመም ምንድን ነዉ?,የየሪህ ህመም በመገጣጠሚያዎች ላይ የሚከሰት የሕመም ስሜትሲሆን፥ የህመም ስሜቱ ከአንድ ወይንም ከዛ በላይ በሆኑ መገጣጠሚያዎች ላይ የሚከሰት ነው።  ,የየሪህ ህመም በመገጣጠሚያዎች ላይ የሚከሰት የሕመም ስሜትሲሆን፥ የህመም ስሜቱ ከአንድ ወይንም ከዛ በላይ በሆኑ መገጣጠሚያዎች ላይ የሚከሰት ነው።  
የሪህ ሕመም ምክነያት ምንድን ነዉ?,የሪህ ሕመም የሚከሰተዉ ዩሪክ አሲድ የተባለው ኬሚካል በአጥንት መገጣጠሚያዎች ውስጥ በሚከማችበት ወቅት ነው፡፡ ,የሪህ ሕመም የሚከሰተዉ ዩሪክ አሲድ የተባለው ኬሚካል በአጥንት መገጣጠሚያዎች ውስጥ በሚከማችበት ወቅት ነው፡፡ 
የሪህ ሕመም መከላከያዉ ምንምን ነዉ?,የፕሮቲን አወሳሰዳችን ማስተካካል፦ የሪህ ህመም ተደጋግሞ እንዳይከሰትብን በፕሮቲን የበለጸጉ እንደ ቀይ የበሬ ሥጋ፣ አሳ፣ እንቁላል፣ የመሳሰሉት ምግቦች መቀነስ ወይንም ለጊዜው ማስወገድ ይኖርብናል ተብሏል። ,የፕሮቲን አወሳሰዳችን ማስተካካል፦ የሪህ ህመም ተደጋግሞ እንዳይከሰትብን በፕሮቲን የበለጸጉ እንደ ቀይ የበሬ ሥጋ፣ አሳ፣ እንቁላል፣ የመሳሰሉት ምግቦች መቀነስ ወይንም ለጊዜው ማስወገድ ይኖርብናል ተብሏል። 
የሪህ ሕመም ምልክቱ ምንድን ነዉ?,የሪህ ህመም በመገጣጠሚያዎች ላይ የሚከሰት የሕመም ስሜትሲሆን፥ የህመም ስሜቱ ከአንድ ወይንም ከዛ በላይ በሆኑ መገጣጠሚያዎች ላይ የሚከሰት ነው። ,የሪህ ህመም በመገጣጠሚያዎች ላይ የሚከሰት የሕመም ስሜትሲሆን፥ የህመም ስሜቱ ከአንድ ወይንም ከዛ በላይ በሆኑ መገጣጠሚያዎች ላይ የሚከሰት ነው። 
"የሪህ ህመም ስሜት ቀስቃሽ ሁኔታዎችን ዘርዝር
","ዉስጣዊ የሆኑ ህመሞች፣አልኮል መጠጦችን ማዘዉተር
","ዉስጣዊ የሆኑ ህመሞች፣አልኮል መጠጦችን ማዘዉተር
"
"ሪህ ተደጋግሞ እንዳይመጣ ምን ማድረግ ይገባል?
","ፕሮቲን ያላቸውን ምግቦች በተለይም ቀይ የበሬ ሥጋ፣አሳ፣እንቁላል፣የመሳሰሉት ምግቦች መቀነስ ወይንም ለጊዜው ማስወገድ
","ፕሮቲን ያላቸውን ምግቦች በተለይም ቀይ የበሬ ሥጋ፣አሳ፣እንቁላል፣የመሳሰሉት ምግቦች መቀነስ ወይንም ለጊዜው ማስወገድ
"
"የሽንት ቧንቧ ኢንፌክሽን ምንድን ነው?
",የሽንት ቧንቧ ኢንፌክሽን የምንለው ከኩላሊት እስከ የውሃ ሽንት ማስወገጃ ጫፍ ድረስ የሚከሰተውን የኢንፌክሽን ዓይነት ነው፡፡. ,የሽንት ቧንቧ ኢንፌክሽን የምንለው ከኩላሊት እስከ የውሃ ሽንት ማስወገጃ ጫፍ ድረስ የሚከሰተውን የኢንፌክሽን ዓይነት ነው፡፡. 
በተደጋጋሚ ቶሎ ቶሎ ሽንትዎ የሚጣ በምን ምክንያት ነዉ? ,በተደጋጋሚ ሽንት መሽናት ሥራዎን፣ እንቅልፍዎንና አጠቃላይ ሠላምዎን ሊያስተጓጉል ይችላል፡፡ ስለዚህ የዚህን ችግር መነሻና ህክምናውን ማወቅ በጣም ጠቃሚ ይሆናል ፡፡,በተደጋጋሚ ሽንት መሽናት ሥራዎን፣ እንቅልፍዎንና አጠቃላይ ሠላምዎን ሊያስተጓጉል ይችላል፡፡ ስለዚህ የዚህን ችግር መነሻና ህክምናውን ማወቅ በጣም ጠቃሚ ይሆናል ፡፡
የሽንት ቧንቧ ኢንፌክሽን የሚያጠቃው ምንድን ነው?,በአብዛኛው የሽንት ቧንቧ ኢንፌክሽን የሚያጠቃው የውሃ ሽንት የሚከማችበት እና ፊኛ በመባል የሚታወቀውን የአካላችን ክፍል ነው፡፡. ,በአብዛኛው የሽንት ቧንቧ ኢንፌክሽን የሚያጠቃው የውሃ ሽንት የሚከማችበት እና ፊኛ በመባል የሚታወቀውን የአካላችን ክፍል ነው፡፡. 
"የሽንት ቧንቧ ኢንፌክሽን እንዴት ሊከሰት ይችላል?

",ባክቴሪያ ከሽንት ማስወገጃ ጫፍ ወደላይኛው የሽንት ቧንቧ አካል ይገባል፡፡ የሽንት ቧንቧ ኢንፌክሽን  ሊከሰት የሚችለው በአካባቢው የሚገኘው የሠገራ ማስወጫ በባክቴሪያ የተበከለ ስለሆነ ነው.፡፡,ባክቴሪያ ከሽንት ማስወገጃ ጫፍ ወደላይኛው የሽንት ቧንቧ አካል ይገባል፡፡ የሽንት ቧንቧ ኢንፌክሽን  ሊከሰት የሚችለው በአካባቢው የሚገኘው የሠገራ ማስወጫ በባክቴሪያ የተበከለ ስለሆነ ነው.፡፡
"የሽንት ቧንቧ ኢንፌክሽን ምልክቶች ምንድን ናቸው?

",የውሃ ሽንት በምንሳወግድበት ጊዜ የማቃጠል ስሜት መሰማት፣የሽንት ቶሎ ቶሎ መምጣት,የውሃ ሽንት በምንሳወግድበት ጊዜ የማቃጠል ስሜት መሰማት፣የሽንት ቶሎ ቶሎ መምጣት
"የሽንት ቧንቧ ኢንፌክሽንን እንዴት መከላከል ይቻላል?

",በብዛት ፈሳሽ መውሰድ ባክቴሪያ በሽንት ቧንቧ ውስጥ እንዳይቀመጥ በማድረግ ይከላከላል፡፡,በብዛት ፈሳሽ መውሰድ ባክቴሪያ በሽንት ቧንቧ ውስጥ እንዳይቀመጥ በማድረግ ይከላከላል፡፡
"የሽንት ቧንቧ ኢንፌክሽን መነሻ መንስኤ ምንድን ነው?

",የሽንት ቧንቧ ኢንፌክሽን በተደጋጋሚ ሽንት መሽናት የሽንት ቧንቧ ኢንፌክሽን ምልክት ሊሆን ይችላል፡፡ በሆድና ዳሌ አካባቢ ህመም እንዲሁም ትኩሳት ካለብዎ በዚህ ኢንፌክሽን መጠትዎን አመላካች ናቸው፡፡,የሽንት ቧንቧ ኢንፌክሽን በተደጋጋሚ ሽንት መሽናት የሽንት ቧንቧ ኢንፌክሽን ምልክት ሊሆን ይችላል፡፡ በሆድና ዳሌ አካባቢ ህመም እንዲሁም ትኩሳት ካለብዎ በዚህ ኢንፌክሽን መጠትዎን አመላካች ናቸው፡፡
የሽንጥ ህመም ምንድን ናቸው?,የሽንጥ ህመም በጣም በስፋት የሚገኝ ህመም ነው። ይህ ህመም በተለያዩ ችግሮች የሚመጣ ሲሆን ለኩላሊት ካላቸው ግንኙነት በሶስት ከፍሎ ማየት ይቻላል።,የሽንጥ ህመም በጣም በስፋት የሚገኝ ህመም ነው። ይህ ህመም በተለያዩ ችግሮች የሚመጣ ሲሆን ለኩላሊት ካላቸው ግንኙነት በሶስት ከፍሎ ማየት ይቻላል።
ከሽንጥ ጡንቻወች ጋር የተያያዙ የሽንጥ ህመም ምንምን ናቸዉ?,የጡንቻ ህመም፣የታችኛው የጎን አጥንት ስብራት እና ጉዳት፣የሽንጥ ጡንቻ እና ቆዳዎችን የሚመግቡ ነርቮች ጉዳት,የጡንቻ ህመም፣የታችኛው የጎን አጥንት ስብራት እና ጉዳት፣የሽንጥ ጡንቻ እና ቆዳዎችን የሚመግቡ ነርቮች ጉዳት
ኩላሊትን የሚያጠቁ ችግሮች የሽንጥ ህመም ምንምን ናቸዉ?,"የኩላሊት ኢንፌክሽን፣የኩላሊት ኢንፌክሽን መግል መቋጠር፣የኩላሊት የደም ስር መዘጋት፣የኩላሊት እጢ
","የኩላሊት ኢንፌክሽን፣የኩላሊት ኢንፌክሽን መግል መቋጠር፣የኩላሊት የደም ስር መዘጋት፣የኩላሊት እጢ
"
በኩላሊት ዙሪያ የሚፈጠሩ ችግሮች የሽንጥ ህመም ምንምን ናቸዉ?,"የኩላሊት ጠጠር፣የኩላሊት ቱቦዎች ጥበት እና የኩላሊት ቱቦዎች መውጫ መጥበብ ።
","የኩላሊት ጠጠር፣የኩላሊት ቱቦዎች ጥበት እና የኩላሊት ቱቦዎች መውጫ መጥበብ ።
"
"የቲቢ በሽታ (የሳንባ ነቀርሳ) በሽታ ምንድን ነው?
",የሳምባ ነቀርሳ በዋናነት በማይኮባክቴርየም ቱበርክሎሲስ ባክቴሪያ የሚመጣ በሽታ ነው።,የሳምባ ነቀርሳ በዋናነት በማይኮባክቴርየም ቱበርክሎሲስ ባክቴሪያ የሚመጣ በሽታ ነው።
የቲቢ በሽታ ምልክቱ ምንምን ነዉ?,"ከሁለት ሳምንት በላይ የቆየ፣ሳል፣አክታ፣ውጋት፣ከ 2 ሳምንት በላይ የቆየ ትኩሳት
","ከሁለት ሳምንት በላይ የቆየ፣ሳል፣አክታ፣ውጋት፣ከ 2 ሳምንት በላይ የቆየ ትኩሳት
"
"ለበሽታው በከፍተኛ ሁኔታ ተጋላጭ የሚሆኑትን ዘርዝር

",ዕድሜያቸው ከአምስት ዓመት በታች የሆኑ ሕፃናት,ዕድሜያቸው ከአምስት ዓመት በታች የሆኑ ሕፃናት
"የቲቢ በሽታ መተላለፊያ መንገዶችን ዘርዝር
",የቲቢ በሽታ በዋናነት የሚተላለፈው በሳንባ ቲቢ የተጠቃና ሕክምና ያልወሰደ በተለይም በአክታ ምርመራ የቲቢ በሽታ አምጪ ባክቴሪያ የተገኘበት ሕመምተኛ ሲስል፣ ሲያነጥስ፣ ሲነጋገር ወዘተ... ,የቲቢ በሽታ በዋናነት የሚተላለፈው በሳንባ ቲቢ የተጠቃና ሕክምና ያልወሰደ በተለይም በአክታ ምርመራ የቲቢ በሽታ አምጪ ባክቴሪያ የተገኘበት ሕመምተኛ ሲስል፣ ሲያነጥስ፣ ሲነጋገር ወዘተ... 
"የቲቢ በሽታ የማይተላለፍባቸን ዘርዝር
","በመጨባበጥ፣አልባሳትን በጋራ በመጠቀም፣መመገቢያና ማብሰያ የቤት ዕቃዎ በጋራ በመጠቀምችን አይተላለፍም።
","በመጨባበጥ፣አልባሳትን በጋራ በመጠቀም፣መመገቢያና ማብሰያ የቤት ዕቃዎ በጋራ በመጠቀምችን አይተላለፍም።
"
"የቲቢ በሽታን ለመከላከልና ለመቆጣጠር ከቲቢ ሕሙማን ምን ይጠበቃል?

",የታዘዙ መድኃኒቶችን ባለማቋረጥ ወስዶ መጨረስና በሕክምናው መጨረሻ ላይ መፈወሱን ማረጋገጥ፣,የታዘዙ መድኃኒቶችን ባለማቋረጥ ወስዶ መጨረስና በሕክምናው መጨረሻ ላይ መፈወሱን ማረጋገጥ፣
"ከቲቢ ሕሙማን ቤተሰብ ምን ይጠበቃል?

",የቲቢ ታካሚ የታዘዙለትን መድኃኒቶች ሳያቋርጥ በመውሰድ ከበሽታው እንዲፈወስ ማበረታታትና መከታተል,የቲቢ ታካሚ የታዘዙለትን መድኃኒቶች ሳያቋርጥ በመውሰድ ከበሽታው እንዲፈወስ ማበረታታትና መከታተል
የቲቢ በሽታ ምርመራዎች ምንድን ናቸዉ?,የቲቢ በሽታ ካለብዎት ለማወቅ የቲቢ ምርመራ በቆዳ ወይም በደም ምርመራ በኩል ይደረጋል። ,የቲቢ በሽታ ካለብዎት ለማወቅ የቲቢ ምርመራ በቆዳ ወይም በደም ምርመራ በኩል ይደረጋል። 
"የቲቢ በሽታ በሰውነቴ በምን አይነት መልኩ ይጎደዋል?

",የቲቢ በሽታ ብዙውን ጊዜ ሳንባዎ (የሳምባ ነቀርሳ) ውስጥ ይነካል፡፡ ቲቢ ሌሎች የሰውነትዎን ክፍሎችም ሊጎዳ ይችላል።,የቲቢ በሽታ ብዙውን ጊዜ ሳንባዎ (የሳምባ ነቀርሳ) ውስጥ ይነካል፡፡ ቲቢ ሌሎች የሰውነትዎን ክፍሎችም ሊጎዳ ይችላል።
የቲቢ በሽታ ህክምናዉ ምንድን ነዉ?,የቲቢ ጀርሞቹን ለመግደል ሐኪም ማየት እና የቲቢ መድሃኒት መውሰድ ያስፈልግዎታል።የቲቢ ጀርሞች ጠንካራ ናቸው ፡፡ ለረጅም ጊዜ ይኖራሉ። መድሃኒቱን መውሰድ ከጀመሩ ከጥቂት ሳምንታት በኋላ ህመሙ ይሻልዎታል፡፡ ሁሉም ጀርሞች መሞታቸውን ለማረጋገጥ ቢያንስ ቢያንስ ለስድስት ወራት ምናልባትም ከዛ ረዘም ላለ ጊዜ መድሃኒቱን መውሰድ ይኖርብዎታል። ,የቲቢ ጀርሞቹን ለመግደል ሐኪም ማየት እና የቲቢ መድሃኒት መውሰድ ያስፈልግዎታል።የቲቢ ጀርሞች ጠንካራ ናቸው ፡፡ ለረጅም ጊዜ ይኖራሉ። መድሃኒቱን መውሰድ ከጀመሩ ከጥቂት ሳምንታት በኋላ ህመሙ ይሻልዎታል፡፡ ሁሉም ጀርሞች መሞታቸውን ለማረጋገጥ ቢያንስ ቢያንስ ለስድስት ወራት ምናልባትም ከዛ ረዘም ላለ ጊዜ መድሃኒቱን መውሰድ ይኖርብዎታል። 
የቲቢ በሽታ መከላከያዉ ምንድን ነዉ?,የቲቪ በሽታ BCG ክትባትን በመውሰድ ከከባድ የቲቪ ህመም መዳን ይቻላል ።,የቲቪ በሽታ BCG ክትባትን በመውሰድ ከከባድ የቲቪ ህመም መዳን ይቻላል ።
የቲቢ በሽታ መድሃኒቱን ካልወሰድኩኝ ምን ይሆናል?,መድሃኒቱን በትክክል ካልወሰዱ የቲቢ በሽታዎ የበለጠ እየጠነከረ ሊሄድ ይችላል። ,መድሃኒቱን በትክክል ካልወሰዱ የቲቢ በሽታዎ የበለጠ እየጠነከረ ሊሄድ ይችላል። 
"ዶት ማለት ምን ማለት ነው?
",“ዶት” ማለት በቀጥታ የሚሰጥ የሕክምና እንክብካቤ ማለት ነው፡፡ DOT ማለት የጤና ጥበቃ ሠራተኞች እርስዎን በየቀኑ የቲቢ መድሀኒት ክኒኖችን እየሰጡ ሲንከባከብዎት ነው። ,“ዶት” ማለት በቀጥታ የሚሰጥ የሕክምና እንክብካቤ ማለት ነው፡፡ DOT ማለት የጤና ጥበቃ ሠራተኞች እርስዎን በየቀኑ የቲቢ መድሀኒት ክኒኖችን እየሰጡ ሲንከባከብዎት ነው። 
"ወደ ሌሎች ሰዎች ቲቢን ማሰራጨት እችላለሁ?
",ቲቢ ሳንባዎ ውስጥ ካለ ሌሎች ሰዎችን ከቲቢ ጀርሞች ለመጠበቅ ጥንቃቄ ማድረግ አለብዎት። ,ቲቢ ሳንባዎ ውስጥ ካለ ሌሎች ሰዎችን ከቲቢ ጀርሞች ለመጠበቅ ጥንቃቄ ማድረግ አለብዎት። 
የቲቢ መድሃኒትን በተመለከተ ማወቅ ያለብኝ ነገር ምንድነው? ,የመድሃኒቶቹ ደህንነት የተጠበቀ ነው፡ ነገር ግን፡ አንዳንድ ሰዎች ችግር ሊኖራቸው ይችላል። ማስታወክ፣ በሆድ ውስጥ ህመም,የመድሃኒቶቹ ደህንነት የተጠበቀ ነው፡ ነገር ግን፡ አንዳንድ ሰዎች ችግር ሊኖራቸው ይችላል። ማስታወክ፣ በሆድ ውስጥ ህመም
"የአባለዘር ህመም ምንድን ነው?
",የአባለዘር ህመም ማንኛዉም ከሰዉ ወደ ሰዉ በግብረስጋ ግንኙነት አማካይነት ሊተላለፍ የሚችል የህመም አይነት ነዉ፡፡ ,የአባለዘር ህመም ማንኛዉም ከሰዉ ወደ ሰዉ በግብረስጋ ግንኙነት አማካይነት ሊተላለፍ የሚችል የህመም አይነት ነዉ፡፡ 
የአባለዘር ህመም የህመም አይነቶችን ዘርዝር ,የህመም አይነቶች ዉስጥ በብዛት የሚታዩት ጨብጥ፣የክላሚዲያ ኢንፌክሽን፣ቂጥኝ፣ ትራኮሞኒያሲስ፣ ከርክር፣ የብልት ላይ ቁስለቶች(ሃርፐስ ጄኒታሊስ፣ የብልት ላይ ኪንታሮት)፣ የኤች አይ ቪ በሽታና የሄፓታይትስ ቢ(HBV) እንፌክሽን ናቸዉ፡፡ ,የህመም አይነቶች ዉስጥ በብዛት የሚታዩት ጨብጥ፣የክላሚዲያ ኢንፌክሽን፣ቂጥኝ፣ ትራኮሞኒያሲስ፣ ከርክር፣ የብልት ላይ ቁስለቶች(ሃርፐስ ጄኒታሊስ፣ የብልት ላይ ኪንታሮት)፣ የኤች አይ ቪ በሽታና የሄፓታይትስ ቢ(HBV) እንፌክሽን ናቸዉ፡፡ 
ክላሚዲያ ምልክቱ ምንምን ነዉ?,"ሽንት በሚሸኑበት ወቅት ህመም መኖር፣የታችኛዉ የሆድ ክፍል ላይ ህመም መኖር
","ሽንት በሚሸኑበት ወቅት ህመም መኖር፣የታችኛዉ የሆድ ክፍል ላይ ህመም መኖር
"
"የጨብጥ ምንድን ነዉ?

",ጨብጥ በባክቴሪያ ምክንት የሚመጣ ሲሆን ከብልት ዉጪ በአፍ ዉስጥ፣ጉሮሮ፣ፊንጥጣ እና አይን ላይ ሊታይ ይችላል፡፡የህመሙ ምልክቶች እንፌክሽኑ ከመጣ በ10 ቀናት ዉስጥ ሊታይ ይችላል፡፡,ጨብጥ በባክቴሪያ ምክንት የሚመጣ ሲሆን ከብልት ዉጪ በአፍ ዉስጥ፣ጉሮሮ፣ፊንጥጣ እና አይን ላይ ሊታይ ይችላል፡፡የህመሙ ምልክቶች እንፌክሽኑ ከመጣ በ10 ቀናት ዉስጥ ሊታይ ይችላል፡፡
የጨብጥ ምልክቱ ምንምን ነዉ?,ወፈር ያለ መግል ወይም ደም የቀላቀለ ከወንድ ወይም ሴት የብልት መታየት,ወፈር ያለ መግል ወይም ደም የቀላቀለ ከወንድ ወይም ሴት የብልት መታየት
"ሂዩማን ፓፒሎማ ቫይረስ ምንድን ነዉ?
",ይህ ቫይረስ በቆዳ ለቆዳ ንኪኪ ኣማካይነት ሊተላለፍ የሚችል ሲሆን በእርግዝናና ወሊድና በጡት ማጥባት  ወቅት ከእናት ወደ ልጅ፣በግብረስጋ ግኑነት ወቅት የአካል ንኪኪ በሚኖርበት ሊተላለፍ ይችላል፡፡,ይህ ቫይረስ በቆዳ ለቆዳ ንኪኪ ኣማካይነት ሊተላለፍ የሚችል ሲሆን በእርግዝናና ወሊድና በጡት ማጥባት  ወቅት ከእናት ወደ ልጅ፣በግብረስጋ ግኑነት ወቅት የአካል ንኪኪ በሚኖርበት ሊተላለፍ ይችላል፡፡
"ሞሊዩስከም ኮንታጅዮሰም ምንድን ነዉ?
",ይህ ቀይ፣ ህመም የሌለዉ፣ መሃሉ ክፍት የሆነ  ትንንሽ የቆዳ ላይ ችግሮች ከሰዉ ወደ ሰዉ በቆዳ ለቆዳ ንኪኪ(በመጨባበጥ፣በመተቃቀፍ) የሚተላለፉ ናቸዉ፡፡,ይህ ቀይ፣ ህመም የሌለዉ፣ መሃሉ ክፍት የሆነ  ትንንሽ የቆዳ ላይ ችግሮች ከሰዉ ወደ ሰዉ በቆዳ ለቆዳ ንኪኪ(በመጨባበጥ፣በመተቃቀፍ) የሚተላለፉ ናቸዉ፡፡
ሀርፐስ ምንድን ነዉ?,ሀርፐስ በመሳሳም፣ህመምተኛዉ የተጠቀመበትን የመመገቢያ እቃዎችን በመጠቀምና እንዲሁም በመላጫ እቃዎች ሊዛመት ይችላል፡፡,ሀርፐስ በመሳሳም፣ህመምተኛዉ የተጠቀመበትን የመመገቢያ እቃዎችን በመጠቀምና እንዲሁም በመላጫ እቃዎች ሊዛመት ይችላል፡፡
የአባለዘር ህመም ህክምናዉ ምንድን ነዉ?,በባክቴሪያ የሚከሰቱ የአባለዘር ህመሞችን በቀላሉ በፀረባክቴሪያ ማከም ይቻላል፡፡,በባክቴሪያ የሚከሰቱ የአባለዘር ህመሞችን በቀላሉ በፀረባክቴሪያ ማከም ይቻላል፡፡
ፀረባክቴሪያዎች ምንድን ናቸዉ?,ፀረባክቴሪያዎች ብዙዎችን በባክቴሪያና በፓራሳይት ምክንያት የሚከሰቱትን የአባለዘር ህመሞች ለማከም ይረዳሉ፡፡እነርሱም ጨብጥ፣ቂጥኝ፣ክላሚዲያ እና ተሪኮሞኒያሲስን የመሳሰሉትን ያክማል፡፡ ,ፀረባክቴሪያዎች ብዙዎችን በባክቴሪያና በፓራሳይት ምክንያት የሚከሰቱትን የአባለዘር ህመሞች ለማከም ይረዳሉ፡፡እነርሱም ጨብጥ፣ቂጥኝ፣ክላሚዲያ እና ተሪኮሞኒያሲስን የመሳሰሉትን ያክማል፡፡ 
ፀረቫይረሶች ምንድን ናቸዉ?,ፀረቫይረሶች የቫይረስ እንፌክሽኑን ለመቀነስ ይረዳሉ፡፡,ፀረቫይረሶች የቫይረስ እንፌክሽኑን ለመቀነስ ይረዳሉ፡፡
የአባለዘር ህመም መከላከያዉ ምንድን ነዉ?,መታቀብ፣ኮንደምን መጠቀም,መታቀብ፣ኮንደምን መጠቀም
ለአንጀት ጤና ችግር መነሻው ምንምን ነዉ?,ውጥረት፣ ጭንቀትና እረፍት የለሽ ህይወት ለዚህ ዓይነቱ የጤና ችግር ሊዳርጉ ይችላሉ፡፡,ውጥረት፣ ጭንቀትና እረፍት የለሽ ህይወት ለዚህ ዓይነቱ የጤና ችግር ሊዳርጉ ይችላሉ፡፡
"የትልቁ አንጀት ቁስለት ምንድን ነዉ?
",በሰውነታችን ውስጥ በተለያዩ ምክንያቶች ኢንፌክሽን በሚፈጠርበት ወቅት ሰውነታችን ኢንፌክሽኖቹን ለመቆጣጠር የሚያደርገው ተፈጥሮአዊ ትግል አንጀታችን ለጉዳት ሊዳርገው ይችላል፡፡ ,በሰውነታችን ውስጥ በተለያዩ ምክንያቶች ኢንፌክሽን በሚፈጠርበት ወቅት ሰውነታችን ኢንፌክሽኖቹን ለመቆጣጠር የሚያደርገው ተፈጥሮአዊ ትግል አንጀታችን ለጉዳት ሊዳርገው ይችላል፡፡ 
"የአንጀት ካንሰር ምንድን ነዉ?
 ",ይህ አይነቱ የአንጀት ህመም እጅግ አደገኛና ከጡት፣ ከማህፀንና ከሳንባ ካንሰር ቀሎ ብዙዎችን ለስቃይና ለሞት የሚዳርግ በሽታ ነው፡፡ ,ይህ አይነቱ የአንጀት ህመም እጅግ አደገኛና ከጡት፣ ከማህፀንና ከሳንባ ካንሰር ቀሎ ብዙዎችን ለስቃይና ለሞት የሚዳርግ በሽታ ነው፡፡ 
የአንጀት ካንሰር ምክነያት ምንምን ነዉ?,ጮማና ስብነት ያላቸውን ምግቦች መመገብ የሚያዘወትሩ፣ በሽታው በቤተሰባቸው ውስጥ ያለባቸውና በሆዳቸው አካባቢ የጨረር ህክምናን የወሰዱ ሰዎች ለዚህ ህመም የተጋለጡ ናቸው፡፡,ጮማና ስብነት ያላቸውን ምግቦች መመገብ የሚያዘወትሩ፣ በሽታው በቤተሰባቸው ውስጥ ያለባቸውና በሆዳቸው አካባቢ የጨረር ህክምናን የወሰዱ ሰዎች ለዚህ ህመም የተጋለጡ ናቸው፡፡
የትልቁ አንጀት ምልክቱ ምንድን ነዉ?,የትልቁ አንጀት ህመም ውስጣዊና ውጫዊ ምልክቶች አሉት፡፡ ,የትልቁ አንጀት ህመም ውስጣዊና ውጫዊ ምልክቶች አሉት፡፡ 
"የትልቁ አንጀት ውስጣዊ ምልክቶችን ዘርዝር 

",ከእንብርት በታች ሃይለኛ ስቃይ ያለው የህመም ስሜት ማቅለሽለሽ፣ ማስመለስና፣ የድካም ስሜት፣ የሆድ መነፋት፣ መጮህና የሆድ ድርቀት፣ የፈስ መብዛት፣ ማስማጥና በፊንጢጣ ደም መውጣት,ከእንብርት በታች ሃይለኛ ስቃይ ያለው የህመም ስሜት ማቅለሽለሽ፣ ማስመለስና፣ የድካም ስሜት፣ የሆድ መነፋት፣ መጮህና የሆድ ድርቀት፣ የፈስ መብዛት፣ ማስማጥና በፊንጢጣ ደም መውጣት
የትልቁ አንጀት ውጫዊ ምልክቶችን ዘርዝር ,"
በቆዳ ላይ እጅብ ያለ ሽፍታ መውጣት- በተለያዩ የሰውነት ክፍሎችና በአጥንት መገጣጠሚያዎች ላይ እብጠት፣ ክብደት መቀነስ፣የሆድ መነፋት ወይም ግልፅ ሆኖ የሚታይ የሆድ መነረት ናቸው፡፡
","
በቆዳ ላይ እጅብ ያለ ሽፍታ መውጣት- በተለያዩ የሰውነት ክፍሎችና በአጥንት መገጣጠሚያዎች ላይ እብጠት፣ ክብደት መቀነስ፣የሆድ መነፋት ወይም ግልፅ ሆኖ የሚታይ የሆድ መነረት ናቸው፡፡
"
የትልቁ አንጀት መፍትሄዉ ምንድን ነዉ?,በአሁኑ ወቅት በአገራችን ለአንጀት ቁስለት ህመም በስፋት የሚታዘዘው መድኀኒት Amoxicillin የተባለው ሲሆን Omepazole እና Clarithromycine የተባሉት መድኀኒቶችም በሽታውን ለማከም አገልግሎት ላይ ይውላሉ፡፡ ,በአሁኑ ወቅት በአገራችን ለአንጀት ቁስለት ህመም በስፋት የሚታዘዘው መድኀኒት Amoxicillin የተባለው ሲሆን Omepazole እና Clarithromycine የተባሉት መድኀኒቶችም በሽታውን ለማከም አገልግሎት ላይ ይውላሉ፡፡ 
የትልቁ አንጀት ህክምናዉ ምንድን ነዉ?,የቆሰለው የአንጀቱ ክፍል የሚደማ ከሆነ በኢንዶስኮፒ የሚደማውን ቦታ በማከም፣ ደሙን ማቆም፡፡,የቆሰለው የአንጀቱ ክፍል የሚደማ ከሆነ በኢንዶስኮፒ የሚደማውን ቦታ በማከም፣ ደሙን ማቆም፡፡
የአካል ብቃት እንቅስቃሴ ምንድን ነዉ?,በየዕለቱ የሚደረግ የአካል ብቃት እንቅስቃሴ ደግሞ በርካታ የጤና ጠቀሜታዎች እንዳሉት ይነገራል። በኋለኛው የእድሜ ክልል በጤና ለመኖር እና ተደጋጋሚ የህክምና ክትትልን ለማስወገድ በወጣትነት ዘመን የአካል ብቃት እንቅስቃሴ ማድረግን የህክምና ባለሙያዎች ይመክራሉ።,በየዕለቱ የሚደረግ የአካል ብቃት እንቅስቃሴ ደግሞ በርካታ የጤና ጠቀሜታዎች እንዳሉት ይነገራል። በኋለኛው የእድሜ ክልል በጤና ለመኖር እና ተደጋጋሚ የህክምና ክትትልን ለማስወገድ በወጣትነት ዘመን የአካል ብቃት እንቅስቃሴ ማድረግን የህክምና ባለሙያዎች ይመክራሉ።
የአካል ብቃት እንቅስቃሴ ለአዕምሮ ጤና ጥቅሞች ምንምን ናቸዉ?,ለማገናዘብ አቅም፣ጭንቀትና ድብርትን ለማስወገድ፣የአዕምሮን ብቃት ከፍ ለማድረግ,ለማገናዘብ አቅም፣ጭንቀትና ድብርትን ለማስወገድ፣የአዕምሮን ብቃት ከፍ ለማድረግ
የአካል ብቃት እንቅስቃሴ ጥቅሞች ዘርዝር,የተመጣጠነና ጤናማ የሰውነት ክብደትና ቅርጽ እንዲኖረን ያስችለናል,የተመጣጠነና ጤናማ የሰውነት ክብደትና ቅርጽ እንዲኖረን ያስችለናል
የአካል ብቃት ስንት ዋና ዋና ክፍሎች አሉት?,ሁለት-ከጤና ጋር ግንኙነት ያላቸው የአካል ብቃት ክፍሎች እና ከብቃት /ክህሎት ጋር ግንኙነት ያላቸው የአካል ብቃት ክፍሎች ,ሁለት-ከጤና ጋር ግንኙነት ያላቸው የአካል ብቃት ክፍሎች እና ከብቃት /ክህሎት ጋር ግንኙነት ያላቸው የአካል ብቃት ክፍሎች 
ከጤና ጋር ግንኙነት ያላቸው የአካል ብቃት ክፍሎች ዘርዝር,የጡንቻ ጥንካሬ፣የልብ፣የሳምባና የደም ቧንቧዎች ብርታት ,የጡንቻ ጥንካሬ፣የልብ፣የሳምባና የደም ቧንቧዎች ብርታት 
የዓይን ብዥታ ምንድን ነዉ?,የዓይን ብዥታ የኦፕቲካል ችግር ሆኖ የሚታዩ ነገሮች ብዥ ብለው መታየት ሲጀምሩና ዓይናችን ላይ አርፎ መልስ የሚሰጥበት ሂደት ሲዛባ የሚፈጠር ክስተት ይሆናል ፡፡ ,የዓይን ብዥታ የኦፕቲካል ችግር ሆኖ የሚታዩ ነገሮች ብዥ ብለው መታየት ሲጀምሩና ዓይናችን ላይ አርፎ መልስ የሚሰጥበት ሂደት ሲዛባ የሚፈጠር ክስተት ይሆናል ፡፡ 
የዓይን ብዥታ መንስኤ ምንድን ነዉ?,የዓይን ብዥታ ችግር ብዙ ጊዜ የሚከሰተው ኮርኒያ ተብሎ የሚጠራው የዓይን ክፍል ትክክለኛውን ቅርፅ ሳይዝ ሲቀር ነው ፡፡ ,የዓይን ብዥታ ችግር ብዙ ጊዜ የሚከሰተው ኮርኒያ ተብሎ የሚጠራው የዓይን ክፍል ትክክለኛውን ቅርፅ ሳይዝ ሲቀር ነው ፡፡ 
የዓይን ብዥታ ምርመራዎች ምንድን ናቸዉ?,ይህ የዓይን ችግር ዓይነት እንደ የቅርብና የሩቅ የማየት ችግር ሁሉ ምርመራውም በተመሳሳይ መሳሪያዎችና የምርመራ ዓይነቶች ሊሆን ይችላል ፡፡,ይህ የዓይን ችግር ዓይነት እንደ የቅርብና የሩቅ የማየት ችግር ሁሉ ምርመራውም በተመሳሳይ መሳሪያዎችና የምርመራ ዓይነቶች ሊሆን ይችላል ፡፡
"አይንን ማሸት የሚያስከትላቸው ችግሮች ዘርዝር

",በአይናችን ውሰጥ የሚገኙ ትንንሽ የደም ሴሎች መበጣጠስን ያከትላል፣የአይን ብሌን ላይ መጫጫርን ያስከትላል፣ወደ አይናችን በሚደረግ የደም ዝውውር ላይ መስትጓጎልን ይፈጥራል ,በአይናችን ውሰጥ የሚገኙ ትንንሽ የደም ሴሎች መበጣጠስን ያከትላል፣የአይን ብሌን ላይ መጫጫርን ያስከትላል፣ወደ አይናችን በሚደረግ የደም ዝውውር ላይ መስትጓጎልን ይፈጥራል 
አይንን ማሸት መከላከያዉ ምንምን ነዉ?,የማሳከክ ስሜት በሚሰማን ጊዜ አይናችንን ጨፍነን በመቆየት መግለጥና ድርጊቱን መደጋገም ፤ ይህም የማሳከክ ስሜቱን ካላጠፋው እጃችንን በመታጠብ በንፁህ ውሀ አይናችንን ማጠብ ይመከራል ፡፡  ,የማሳከክ ስሜት በሚሰማን ጊዜ አይናችንን ጨፍነን በመቆየት መግለጥና ድርጊቱን መደጋገም ፤ ይህም የማሳከክ ስሜቱን ካላጠፋው እጃችንን በመታጠብ በንፁህ ውሀ አይናችንን ማጠብ ይመከራል ፡፡  
የአይን መቅላት ምንድን ነዉ?,የአይን መቅላት የተለመደና የብዙ ሰው ችግር ነው የአይን መቅላት አይን ውስጥ ያሉ የደም ስሮች ወደ ላይኛው የአይን ክፍል በተለያዩ ምክንያቶች ተለጥጠው (dilated) በሚወጡበት ወቅት ይፈጠራል፡፡,የአይን መቅላት የተለመደና የብዙ ሰው ችግር ነው የአይን መቅላት አይን ውስጥ ያሉ የደም ስሮች ወደ ላይኛው የአይን ክፍል በተለያዩ ምክንያቶች ተለጥጠው (dilated) በሚወጡበት ወቅት ይፈጠራል፡፡
የአይን መቅላት መንስኤ ምንምን ነዉ?,"የአይን አለርጂ፣የአይን ቆብ ኢንፌክሽን፣የአይን ቆብ ውሀ መቁጠር
","የአይን አለርጂ፣የአይን ቆብ ኢንፌክሽን፣የአይን ቆብ ውሀ መቁጠር
"
የአይን መቅላት ምልክቱ ምንምን ነዉ?,"የአይን መቅላት፣ማስከክ፣አይን ማዝ መያዝ
","የአይን መቅላት፣ማስከክ፣አይን ማዝ መያዝ
"
የአይን መቅላት መፍትሄዉ ምንድን ነዉ?,"የማሳከክ ስሜት ቢያስቸግርዎትም ላለማከክ መጣር፣አይንዎ ላይ ቀዝቃዛ ነገር መያዝ
","የማሳከክ ስሜት ቢያስቸግርዎትም ላለማከክ መጣር፣አይንዎ ላይ ቀዝቃዛ ነገር መያዝ
"
የአይን ቆብ እብጠት የሚያመላክታቸው የጤና ሁኔታዎችን ዘርዝር ,እብጠቱ ከአይናችን ቆብ ላይ እስከ ሶስት ወራት ድረስ የማይጠፋ ከሆነ ላልተለመደው “ሰባሺየስ ግላንድ ካርሲኖማ” ካንሰር መጋለጥን ሊያመላክት ይችላል። በተመሳሳይ ቦታ ለረጅም ጊዜ በአይን ቆባችን ላይ የሚወጣ እብጠትም ከላይ ለጠቀስነው የካንሰር አይነት ተጋላጭ መሆንን ሊያሳይ እንደሚችል ተገልጿል።,እብጠቱ ከአይናችን ቆብ ላይ እስከ ሶስት ወራት ድረስ የማይጠፋ ከሆነ ላልተለመደው “ሰባሺየስ ግላንድ ካርሲኖማ” ካንሰር መጋለጥን ሊያመላክት ይችላል። በተመሳሳይ ቦታ ለረጅም ጊዜ በአይን ቆባችን ላይ የሚወጣ እብጠትም ከላይ ለጠቀስነው የካንሰር አይነት ተጋላጭ መሆንን ሊያሳይ እንደሚችል ተገልጿል።
የአይን መርገብገብ የሚያመላክታቸው የጤና ሁኔታዎችን ዘርዝር ,"ጭንቀት ከሚንፀባረቅባቸው መንገዶች አንዱ የአይን መርገብገብ ነው። ብዙ ጊዜ አይናችን የሚርገበገብ ከሆነ ለጭንቀት መጋለጣችን ያመለክታል 
","ጭንቀት ከሚንፀባረቅባቸው መንገዶች አንዱ የአይን መርገብገብ ነው። ብዙ ጊዜ አይናችን የሚርገበገብ ከሆነ ለጭንቀት መጋለጣችን ያመለክታል 
"
የእይታ ብዥታ የሚያመላክታቸው የጤና ሁኔታዎችን ዘርዝር ,ብዥ የሚል እይታ ከአይናችን ጋር የተያያዘ ብቻ ሳይሆን እንደ ስኳር ህመም ያሉ በሽታዎች መጋለጥም ሊያመላክት ይችላል። ,ብዥ የሚል እይታ ከአይናችን ጋር የተያያዘ ብቻ ሳይሆን እንደ ስኳር ህመም ያሉ በሽታዎች መጋለጥም ሊያመላክት ይችላል። 
"በአይን ብሌናችን ዙሪያ የሚታይ ነጭ ቀለበት የሚያመላክታቸው የጤና ሁኔታዎችን ዘርዝር 

",በአይናችን ብሌን ዙሪያ ነጭ ቀለበት መፈጠር ከእድሜ መግፋት ጋር ተያይዞ ሊመጣ የሚችል ቢሆንም ሰውነታችን ከፍተኛ ኮሌስትሮል መጠን መያዙን ሊጠቁም ይችላል።,በአይናችን ብሌን ዙሪያ ነጭ ቀለበት መፈጠር ከእድሜ መግፋት ጋር ተያይዞ ሊመጣ የሚችል ቢሆንም ሰውነታችን ከፍተኛ ኮሌስትሮል መጠን መያዙን ሊጠቁም ይችላል።
የአይን ድርቀት የሚያመላክታቸው የጤና ሁኔታዎችን ዘርዝር ,በተደጋጋሚ አይናችን ማሸት የቅንድባችን ፀጉር እንዲረግፍ ያደርጋል። ይህም ለአለርጂ ሊያጋልጥ ይችላል።,በተደጋጋሚ አይናችን ማሸት የቅንድባችን ፀጉር እንዲረግፍ ያደርጋል። ይህም ለአለርጂ ሊያጋልጥ ይችላል።
"በነጩ የአይናችን ከፍል የሚታዩ ቢጫ መሳይ ምልክቶች የሚያመላክታቸው የጤና ሁኔታዎችን ዘርዝር 


",እነዚህ ምልክቶች አንዳንድ ጊዜ ለካንሰር መጋለጥን ሊያመላክቱ ይችላሉ ቢባልም፥ ብዙ ጊዜ ከፀሃይ ብርሃን ተጋላጭነት ጋር ይያያዛሉ ።,እነዚህ ምልክቶች አንዳንድ ጊዜ ለካንሰር መጋለጥን ሊያመላክቱ ይችላሉ ቢባልም፥ ብዙ ጊዜ ከፀሃይ ብርሃን ተጋላጭነት ጋር ይያያዛሉ ።
"ቢጫ አይን የሚያመላክታቸው የጤና ሁኔታዎችን ዘርዝር 
",የአይን ቢጫ መሆን ከቀይ የደም ህዋሳት መፈረካከስ በኋላ የሚፈጠረው ቢሊሩቢን የተሰኘ ቢጫ ውህድ መብዛትን ያመለክታል። ,የአይን ቢጫ መሆን ከቀይ የደም ህዋሳት መፈረካከስ በኋላ የሚፈጠረው ቢሊሩቢን የተሰኘ ቢጫ ውህድ መብዛትን ያመለክታል። 
የአይን መቅላት እና እምባ ማቀርዘዝ የሚያመላክታቸው የጤና ሁኔታዎችን ዘርዝር ,ለረጅም ጊዜ ኮምፒውተር ላይ አፍጥጦ ማሳለፍ እና በተለያዩ ስራዎች መወጠር አይናችን በእንባ እንዲሞላ ያደርገዋል ።የአይናችን ነጩ ክፍል በተወሰነ መልኩ መቅላትም ከዚሁ ጋር ሊያያዝ ይችላል።,ለረጅም ጊዜ ኮምፒውተር ላይ አፍጥጦ ማሳለፍ እና በተለያዩ ስራዎች መወጠር አይናችን በእንባ እንዲሞላ ያደርገዋል ።የአይናችን ነጩ ክፍል በተወሰነ መልኩ መቅላትም ከዚሁ ጋር ሊያያዝ ይችላል።
የአይን ሞራ ግርዶሽ ምንድን ነዉ?,"ይህ የአይን ሌንስ ሞራ ግርዶሽ ብዙውን ጊዜ ከእድሜ መግፋት ጋር ተያይዞ የሚመጣ እና የአይን ብሌን ብርሃን እንዳያስተላለፍ በነጭ ሞራ መሳይ ነገር በመሸፈን አይነ ስውርነትን የሚያስከትል ችግር ነው፡፡ 
","ይህ የአይን ሌንስ ሞራ ግርዶሽ ብዙውን ጊዜ ከእድሜ መግፋት ጋር ተያይዞ የሚመጣ እና የአይን ብሌን ብርሃን እንዳያስተላለፍ በነጭ ሞራ መሳይ ነገር በመሸፈን አይነ ስውርነትን የሚያስከትል ችግር ነው፡፡ 
"
የአይን ሞራ ግርዶሽ ህክምናዉ ምንድን ነዉ? ,"የአይን ሞራ ግርዶሽ በደቂቃዎች ውስጥ በሚደረግ የቀዶ ህክምና ሊወገድ ይችላል ስለሆነም በየአካባቢው ወደሚገኝ የጤና ተቋም በመሄድ እና ምርመራ በማድረግ ቀዶ ህክምናውን ማሰራት ተገቢ ነው፡፡
","የአይን ሞራ ግርዶሽ በደቂቃዎች ውስጥ በሚደረግ የቀዶ ህክምና ሊወገድ ይችላል ስለሆነም በየአካባቢው ወደሚገኝ የጤና ተቋም በመሄድ እና ምርመራ በማድረግ ቀዶ ህክምናውን ማሰራት ተገቢ ነው፡፡
"
"በመነፅር የሚስተካከል የአይን ችግር ምንድን ነዉ? 

",በመነፅር የሚስተካከል የአይን ችግር በአገራችን ከፍተኛ የሆነ የእይታ መቀነስ እና አይነ ስውርነት ከሚያመጡ ችግሮች አንዱ ነው፡፡ ,በመነፅር የሚስተካከል የአይን ችግር በአገራችን ከፍተኛ የሆነ የእይታ መቀነስ እና አይነ ስውርነት ከሚያመጡ ችግሮች አንዱ ነው፡፡ 
ግላኮማ ምንድን ነዉ? ,ግላኮማ እይታን የሚያውክ ከባድ በሽታ ነው፡፡ስለዚህ አንድ ሰው ለመጀመሪያ ጊዜ ግላኮማ እንዳለበት ሲነገረው ለመቀበል ሊያዳግተው ይችላል፡፡,ግላኮማ እይታን የሚያውክ ከባድ በሽታ ነው፡፡ስለዚህ አንድ ሰው ለመጀመሪያ ጊዜ ግላኮማ እንዳለበት ሲነገረው ለመቀበል ሊያዳግተው ይችላል፡፡
ግላኮማ ምክነያት ምንድን ነዉ?,ግላውኮማ የምንለው የአይን ህመም በአይናችን ነርቭ ላይ ችግር የሚያስከትል ሲሆን በአይናችን ውስጥ የሚገኘው ግፊት መጨመር ምክንያት የሚከሰት ነው። ,ግላውኮማ የምንለው የአይን ህመም በአይናችን ነርቭ ላይ ችግር የሚያስከትል ሲሆን በአይናችን ውስጥ የሚገኘው ግፊት መጨመር ምክንያት የሚከሰት ነው። 
ግላኮማ ምልክቱ ምንምን ነዉ?,"ድንገተኛ የሆነ የአይን ህመም፣ከፍተኛ የራስ ምታት፣የአይን ብዥታ
","ድንገተኛ የሆነ የአይን ህመም፣ከፍተኛ የራስ ምታት፣የአይን ብዥታ
"
"የአይናችን ውስጥ ግፊት ለምን ይጨምራል?
",ግላውኮማ የሚከሰተው በአይናችን ውስጥ የሚገኘው ግፊት ሲጨምር ነው ያልን ሲሆን ይህ ደግሞ በዘር ፣ በኢንፌክሽን፣በአይን በቀዶ ጥገና ምክንያት በፊተኛው የአይናችን ውስጥ የሚገኘው ፈሳሽ በጤናማ ሁኔታ መንሸራሸር ሲያዳግተው ነው። ,ግላውኮማ የሚከሰተው በአይናችን ውስጥ የሚገኘው ግፊት ሲጨምር ነው ያልን ሲሆን ይህ ደግሞ በዘር ፣ በኢንፌክሽን፣በአይን በቀዶ ጥገና ምክንያት በፊተኛው የአይናችን ውስጥ የሚገኘው ፈሳሽ በጤናማ ሁኔታ መንሸራሸር ሲያዳግተው ነው። 
"በግላውኮማ የሚጠቁ እነማን ናቸው?

",ከአርባ አመት እድሜ በላይ የሆኑ፣በግላውኮማ የተጠቃ ቤተሰብ ያላቸው፣የስኳር ህመምተኞች፣የአይን ጉዳት የደረሰባቸው ሰዎች,ከአርባ አመት እድሜ በላይ የሆኑ፣በግላውኮማ የተጠቃ ቤተሰብ ያላቸው፣የስኳር ህመምተኞች፣የአይን ጉዳት የደረሰባቸው ሰዎች
ግላኮማ መከላከያዉ ምንድን ነዉ?,ግላውኮማ እንዳይከሰት መከላከል የማንችል ሲሆን ነገር ግን በቶሎ የህመሙ መኖር ከታወቀ ለመቆጣጠርና እንዳይባባስ ለማድረግ ከፍተኛ ጠቀሜታ አለው። ,ግላውኮማ እንዳይከሰት መከላከል የማንችል ሲሆን ነገር ግን በቶሎ የህመሙ መኖር ከታወቀ ለመቆጣጠርና እንዳይባባስ ለማድረግ ከፍተኛ ጠቀሜታ አለው። 
አይናችንን የሚጎዱ ተግባራትን ዘርዝር  ,ላፕቶፕ፣ ስማርት ስልክ፣ ቴሌቭዥን እና ታብሌት ስክሪን ,ላፕቶፕ፣ ስማርት ስልክ፣ ቴሌቭዥን እና ታብሌት ስክሪን 
ለአይን ህመም መንስኤ ምንምን ነዉ?,ለአይን ህመም መንስዔ እየሆኑ ከሚገኙ ነገሮች ውስጥ የስክሪን አጠቃቀማችን ማለትን እንደ ላፕቶፕ፣ ስማርት ስልክ፣ ቴሌቭዥን እና ታብሌት ስክሪን በዋናነት ይጠቀሳል። ከዚህ በተጨማሪም ከፍተኛ የሆነ ጭንቀት፣ ጤናማ ያልሆነ የአመጋገብ ስርዓት፣ ሲጋራ ማጨስ እና ከመጠን ያለፈ የሰውነት ክብደትም ለአይን ህመም መንስኤ መሆናቸውን ዶክተር ኪምበርሊይ ይናገራሉ።,ለአይን ህመም መንስዔ እየሆኑ ከሚገኙ ነገሮች ውስጥ የስክሪን አጠቃቀማችን ማለትን እንደ ላፕቶፕ፣ ስማርት ስልክ፣ ቴሌቭዥን እና ታብሌት ስክሪን በዋናነት ይጠቀሳል። ከዚህ በተጨማሪም ከፍተኛ የሆነ ጭንቀት፣ ጤናማ ያልሆነ የአመጋገብ ስርዓት፣ ሲጋራ ማጨስ እና ከመጠን ያለፈ የሰውነት ክብደትም ለአይን ህመም መንስኤ መሆናቸውን ዶክተር ኪምበርሊይ ይናገራሉ።
ማልቀስ ከሚያስገኛቸው የጤና ጠቀሜታዎች ዘርዝር,ከሰውነታችን አላስፈላጊ ኬሚካሎችን ያስወግዳል፣.ባክቴሪያን ይገላል፣የእይታ ችሎታን ያሻሽላል,ከሰውነታችን አላስፈላጊ ኬሚካሎችን ያስወግዳል፣.ባክቴሪያን ይገላል፣የእይታ ችሎታን ያሻሽላል
የአይን አለርጂ ማለት ምን ማለት ነው?,የአይን አለርጂ የሚከሰተው አይንዎ ላይ የመቆጥቆጥ ስሜት እንዲሁም የመቅላት ባህሪይ ሲሆን ይህ ችግር ህፃናትንና አዋቂዎችን ያጠቃል፡፡,የአይን አለርጂ የሚከሰተው አይንዎ ላይ የመቆጥቆጥ ስሜት እንዲሁም የመቅላት ባህሪይ ሲሆን ይህ ችግር ህፃናትንና አዋቂዎችን ያጠቃል፡፡
የአይን አለርጂ ምልክቱ ምንምን ነዉ?,በብዛት ከሚታዩት የአይን አለርጂ ምልክቶች ዉስጥ የአይን መቅላት፣ዉሃ የመሰለ የአይንፈሳሽና ሁለቱንም አይን ማሳከክ ናቸዉ፡፡,በብዛት ከሚታዩት የአይን አለርጂ ምልክቶች ዉስጥ የአይን መቅላት፣ዉሃ የመሰለ የአይንፈሳሽና ሁለቱንም አይን ማሳከክ ናቸዉ፡፡
የአይን አለርጂ መንስኤ ምንድን ነዉ?,የአይን አለርጂ የሚከሰተዉ አለርጂዉእንዲከሰት የሚያደርጉ አለርጂኖች በንፋስ ምክንያት ወደ አይንዎ በሚገባበት ወቅት ነዉ፡፡,የአይን አለርጂ የሚከሰተዉ አለርጂዉእንዲከሰት የሚያደርጉ አለርጂኖች በንፋስ ምክንያት ወደ አይንዎ በሚገባበት ወቅት ነዉ፡፡
አጥንቶች ለሰዉነታችን ከሚሰጧቸዉ ዘርፈ ብዙ ጥቅሞች ዉስጥ ዘርዝር ,ለሰዉነታችን ቅርፅ ለመስጠት፣ የሰዉነት አካላትን ከአደጋ ለመከላከል፣ ስጋና ጡነቻዎቻችንን አጣብቆ ለመያዝና የካልስየም ንጥረ ነገርን ለማጠራቀም ይረዳል፡፡ ,ለሰዉነታችን ቅርፅ ለመስጠት፣ የሰዉነት አካላትን ከአደጋ ለመከላከል፣ ስጋና ጡነቻዎቻችንን አጣብቆ ለመያዝና የካልስየም ንጥረ ነገርን ለማጠራቀም ይረዳል፡፡ 
"የአጥንት ጤንነትዎን ሊወስኑ የሚችሉ ነገሮች ምንምን ናቸዉ?
",በምግብዎ ዉስጥ የሚወስዱት የካልሲየም መጠን፣አካላዊ እንቅስቃሴ፣ሲጋራ ማጨስና አልኮል መጠጣት,በምግብዎ ዉስጥ የሚወስዱት የካልሲየም መጠን፣አካላዊ እንቅስቃሴ፣ሲጋራ ማጨስና አልኮል መጠጣት
"የአጥንትን ጤንነት ለመጠበቅ ማድረግ የሚገባን ነገሮች ዘርዝር

",በምግብዎ ዉስጥ በቂ የካልሲየም መጠን እንዲኖር ማድረግ፣ቫይታሚን “ዲ”ን በአግባቡ ማግኘት,በምግብዎ ዉስጥ በቂ የካልሲየም መጠን እንዲኖር ማድረግ፣ቫይታሚን “ዲ”ን በአግባቡ ማግኘት
የጉልበት እጢ ማለት ምን ማለት ነው?,የጉልበት እጢ የምንለው ጉልበት ጀርባ ላይ የሚፈጠር ውሃ የቋጠረ እባጭ ሲሆን በምናጥፍበት እና በምንዘረጋበት ጊዜ ህመሙ የመባባስ ሁኔታ አለው፡፡ ,የጉልበት እጢ የምንለው ጉልበት ጀርባ ላይ የሚፈጠር ውሃ የቋጠረ እባጭ ሲሆን በምናጥፍበት እና በምንዘረጋበት ጊዜ ህመሙ የመባባስ ሁኔታ አለው፡፡ 
የጉልበት እጢ ምልክቱ ምንድን ነዉ?,"ከጉልበት ጀርባ ማበጥ አንዳንዴ ደግሞ የእግር ማበጥ፣የጉልበት ህመም
","ከጉልበት ጀርባ ማበጥ አንዳንዴ ደግሞ የእግር ማበጥ፣የጉልበት ህመም
"
የጉልበት እጢ መንስኤ ምንድን ነዉ?,የጉልበት መገጣጠሚያ መቆጣት,የጉልበት መገጣጠሚያ መቆጣት
የጉልበት እጢ ህክምናዉ ምንድን ነዉ?,መድሃኒቶች -የጉልበት መገጣጠሚያ አካባቢ የተፈጠረውን መቆጣት ለመቀነስ ,መድሃኒቶች -የጉልበት መገጣጠሚያ አካባቢ የተፈጠረውን መቆጣት ለመቀነስ 
የቁርጭምጭሚት ህመም ምንድን ነዉ?,የቁርጭምጭሚት ህመም ማንኛውንም የቁርጭምጭሚቱን ክፍል የሚነካ ማንኛውንም ህመም ወይም ምቾት ማጣት ህመሙ እንዲከሰት ያድረገዋል የቁርጭምጭሚት ህመም ብዙውን ጊዜ ሊከሰት የሚችለው በሚደርሱ ጉዳቶች ወይም በሽታዎች አማከኝነት ነው። ,የቁርጭምጭሚት ህመም ማንኛውንም የቁርጭምጭሚቱን ክፍል የሚነካ ማንኛውንም ህመም ወይም ምቾት ማጣት ህመሙ እንዲከሰት ያድረገዋል የቁርጭምጭሚት ህመም ብዙውን ጊዜ ሊከሰት የሚችለው በሚደርሱ ጉዳቶች ወይም በሽታዎች አማከኝነት ነው። 
የቁርጭምጭሚት ህመም ምልክቱ ምንምን ነዉ?,"ህመም፣አለመታዘዝ፣እብጠት
","ህመም፣አለመታዘዝ፣እብጠት
"
የቁርጭምጭሚት ህመም መንስኤ ምንምን ነዉ?,"ወለምታ፣የጅማት መወጠር፣ሪህ 
","ወለምታ፣የጅማት መወጠር፣ሪህ 
"
የቁርጭምጭሚት ህመም ህክምናዉ ምንምን ነዉ?,የአኗኗ ዘይቤን መለወጥ (እንቅስቃሴ መስራት ፣ ክብደት ካለ መቀነስ፣ ምቾት የላቸው ጫማዎች ማድረግ ,የአኗኗ ዘይቤን መለወጥ (እንቅስቃሴ መስራት ፣ ክብደት ካለ መቀነስ፣ ምቾት የላቸው ጫማዎች ማድረግ 
"የቁርጭምጭሚት ህመም በቤት ውስጥ እንዴት ማከም እንችላለን?
",እረፍት ማድረግ፣በረዶ ,እረፍት ማድረግ፣በረዶ 
"የእግር ፈንገስ ምንድን ነዉ?

",በህክመናው አጠራር አትሌትስ ፉት የሚባለው የእግር በሽታ የጣቶችን የላይኛውን የቆዳ ክፍል የሚያጠቃ ሲሆን በብዛት እርጥበት እንዲሁም ሞቃት እግር ላይ ይፈጠራል፡፡,በህክመናው አጠራር አትሌትስ ፉት የሚባለው የእግር በሽታ የጣቶችን የላይኛውን የቆዳ ክፍል የሚያጠቃ ሲሆን በብዛት እርጥበት እንዲሁም ሞቃት እግር ላይ ይፈጠራል፡፡
"የእግር ፈንገስ አጋላጭ ሁኔታዎች ዘርዝር
","ይህ ችግር ያለበትን ሰው ጫማ፣ ካልሲ እንዲሁም ማንኛውም ፎጣዎችን የሚጠቀሙ ከሆነ
","ይህ ችግር ያለበትን ሰው ጫማ፣ ካልሲ እንዲሁም ማንኛውም ፎጣዎችን የሚጠቀሙ ከሆነ
"
የእግር ፈንገስ ምልክቱ ምንድን ነዉ?,"ጣት መሀከል ማሳከክ፣መጥፎ የእገር ጠረን
","ጣት መሀከል ማሳከክ፣መጥፎ የእገር ጠረን
"
የእግር ፈንገስ በቤት ውስጥ የሚደረግ ህክምና ዘርዝር,"እግርን በውሀ እና በሳሙና መታጠብ
","እግርን በውሀ እና በሳሙና መታጠብ
"
የእግር እብጠት ምንድን ነዉ?,ይህ ችግር የሚጀምረው ፈሳሽ በሰውነታችን የተለያዩ ክፍሎች በሚከማችበት ጊዜ ሲሆን እብጠት እንዲፈጠር ያደርጋል ይህ እብጠት በህክምና ቋንቋ Edema ይባላል፡፡,ይህ ችግር የሚጀምረው ፈሳሽ በሰውነታችን የተለያዩ ክፍሎች በሚከማችበት ጊዜ ሲሆን እብጠት እንዲፈጠር ያደርጋል ይህ እብጠት በህክምና ቋንቋ Edema ይባላል፡፡
የእግር እብጠት መንስኤ ምንምን ነዉ?,"ከመጠን ያለፈ የሰውነት ክብደት፣ለረጂም ጊዜ መቆም ወይም መቀመጥ
","ከመጠን ያለፈ የሰውነት ክብደት፣ለረጂም ጊዜ መቆም ወይም መቀመጥ
"
የእግር ህመም መነሻ ምክንያት ዘርዝር,የሪህ በሽታ፣የኩላሊት በሽታ፣በጭንቅላታችን ውስጥ የሚፈጠሩ እጢዎች፣ኢንፌክሽኖችና ፈንገሶች እንዲሁም በጭንቅላት ውስጥ የፈሳሽ መጠን መብዛትና የደም ዝውውር መዛባት፣ የነርቭ ሥርዓታችንን ጤና በማቃወስ በእግሮቻችን ላይ የጤና ችግርን ያስከትላሉ፡፡ ,የሪህ በሽታ፣የኩላሊት በሽታ፣በጭንቅላታችን ውስጥ የሚፈጠሩ እጢዎች፣ኢንፌክሽኖችና ፈንገሶች እንዲሁም በጭንቅላት ውስጥ የፈሳሽ መጠን መብዛትና የደም ዝውውር መዛባት፣ የነርቭ ሥርዓታችንን ጤና በማቃወስ በእግሮቻችን ላይ የጤና ችግርን ያስከትላሉ፡፡ 
ለእግር ህመም ህክምናዉ ምንድን ነዉ?,ለእግር ህመም የሚሰጡት የህክምና ዓይነቶች ከቀላል የነርቭ ህክምና እስከ ቀዶ ህክምና ድረስ የሚዘልቁ ሲሆን በደም ዝውውር መዘጋት ሳቢያ የተከሰተ የእግር ህመም የተዘጋውን የደም ዝውውር በመክፈት የታማሚውን ጤና ወደነበረበት ለመመለስ የሚያስችል የህክምና ዘዴ አለ፡፡,ለእግር ህመም የሚሰጡት የህክምና ዓይነቶች ከቀላል የነርቭ ህክምና እስከ ቀዶ ህክምና ድረስ የሚዘልቁ ሲሆን በደም ዝውውር መዘጋት ሳቢያ የተከሰተ የእግር ህመም የተዘጋውን የደም ዝውውር በመክፈት የታማሚውን ጤና ወደነበረበት ለመመለስ የሚያስችል የህክምና ዘዴ አለ፡፡
ለእግር ህመም መከላከያዉ ምንድን ነዉ?,"ጤናማ የአኗኗር ዘይቤን መከተል፣ የሰውነት ክብደትን መቀነስ ቀለል ያሉና ምቾት የሚሰጡ ጫማዎችን መጠቀም፣ የኩላሊት የጉበት፣ የልብና የደም ግፊት በሽታዎችን በወቅቱ መታከም ዋንኞቹ የእግራችንን ጤና መጠበቂያ መንገዶች ናቸው፡፡
","ጤናማ የአኗኗር ዘይቤን መከተል፣ የሰውነት ክብደትን መቀነስ ቀለል ያሉና ምቾት የሚሰጡ ጫማዎችን መጠቀም፣ የኩላሊት የጉበት፣ የልብና የደም ግፊት በሽታዎችን በወቅቱ መታከም ዋንኞቹ የእግራችንን ጤና መጠበቂያ መንገዶች ናቸው፡፡
"
የኩላሊት ጠጠር ምንድን ነዉ?,የኩላሊት ጠጠሮች ጠጣር የሆኑ ትናንሽ ዝቃጮች ሲሆኑ የተሰሩትም ከሚኒራል እና ከአሲድ ሳልት ነው፡፡ ,የኩላሊት ጠጠሮች ጠጣር የሆኑ ትናንሽ ዝቃጮች ሲሆኑ የተሰሩትም ከሚኒራል እና ከአሲድ ሳልት ነው፡፡ 
የኩላሊት ጠጠሮች ምን ያጠቃሉ?,የኩላሊት ጠጠሮች በሽንት ቧንቧ መስመር ማለትም ከኩላሊት እስከ ፊኛ ድረስ የማጥቃት ባሕሪም አላቸው፡፡ ,የኩላሊት ጠጠሮች በሽንት ቧንቧ መስመር ማለትም ከኩላሊት እስከ ፊኛ ድረስ የማጥቃት ባሕሪም አላቸው፡፡ 
"የኩላሊት ጠጠር ሕመም ምልክቶች ምንምን ናቸዉ?
","ከፍተኛ የጎን የሕመም ስሜት እና ከጎድን አጥንት በታች የጀርባ ሕመም ስሜት
","ከፍተኛ የጎን የሕመም ስሜት እና ከጎድን አጥንት በታች የጀርባ ሕመም ስሜት
"
የኩላሊት ጠጠር ሕመም አጋላጮች ምንምን ናቸዉ?,የአመጋገብ ሁኔታችን ለምሳሌ ከፍተኛ መጠን ያለው የፕሮቲን፣ ጨው እና ስኳር መጠን በከፍተኛ ሁኔታ ተጋላጭነትን ይጨምራል,የአመጋገብ ሁኔታችን ለምሳሌ ከፍተኛ መጠን ያለው የፕሮቲን፣ ጨው እና ስኳር መጠን በከፍተኛ ሁኔታ ተጋላጭነትን ይጨምራል
"የኩላሊት ጠጠር እንዴት እንከላከል?

",በቀን ውስጥ የሚወስዱትን የፈሳሽ መጠን ይጨምሩ፡፡ የሚያስወግዱት የውኃ ሽንት መጠንም ከ2 ሊትር በላይ እንዲሆን ይመከራል፡፡,በቀን ውስጥ የሚወስዱትን የፈሳሽ መጠን ይጨምሩ፡፡ የሚያስወግዱት የውኃ ሽንት መጠንም ከ2 ሊትር በላይ እንዲሆን ይመከራል፡፡
"ለኩላሊት ጠጠር የህክምና ባለሙያዎን ማማከር የሚገባዎ መቸ ነዉ?

",ህመሙ በጣም ከፍተኛ ከሆነና መቀመጥ ያለመቻል ወይም ምቾት የሚሳንዎ ከሆነ,ህመሙ በጣም ከፍተኛ ከሆነና መቀመጥ ያለመቻል ወይም ምቾት የሚሳንዎ ከሆነ
"የኩላሊት ጠጠር ሕክምና ምንድን ነዉ?

",የኩላሊት ጠጠር ሕክምና እንደጠጠሩ ዓይነት እና መጠን ይለያያል፡፡ የጠጠሩ መጠን አነስተኛ ከሆነ የቀዶ ጥገና ሕክምና አስፈላጊ ላይሆን ይችላል፡፡,የኩላሊት ጠጠር ሕክምና እንደጠጠሩ ዓይነት እና መጠን ይለያያል፡፡ የጠጠሩ መጠን አነስተኛ ከሆነ የቀዶ ጥገና ሕክምና አስፈላጊ ላይሆን ይችላል፡፡
"የኩላሊት ጠጠር እንዴት ይከሰታል?
",ለኩላሊት ጠጠር ዋነኛ መከሰት መንስሔ ተደርጎ የሚወሰደው በቂ ውሃ በየዕለቱ ያለመጠጣት ነው ፡፡ ,ለኩላሊት ጠጠር ዋነኛ መከሰት መንስሔ ተደርጎ የሚወሰደው በቂ ውሃ በየዕለቱ ያለመጠጣት ነው ፡፡ 
መጠናቸው ከ 6 ሚሊ ሜትር በታች ለሆኑ የኩላሊት ጠጠር ቤት ውስጥ ሊያደርጓቸው የሚችሉ ተግባራት ዘርዝር,እራሳችንን ከኩላሊት ጠጠር የምንጠብቅበት ወሳኙና ቀላሉ መፍትሄ በቂ ውሃ መጠጣት ነው፣የሎሚ ጭማቂ፣የፖም አቸቶ፣ክብደት መቀነስ,እራሳችንን ከኩላሊት ጠጠር የምንጠብቅበት ወሳኙና ቀላሉ መፍትሄ በቂ ውሃ መጠጣት ነው፣የሎሚ ጭማቂ፣የፖም አቸቶ፣ክብደት መቀነስ
የሰዉነት መቆጣት (አለርጂ) ማለት ምን ማለት ነው?,አንዳንድ ሰዎች ለተለያዩ ነገሮች ሲጋለጡ ሰዉነታቸዉ ይቆጣል። ያ ደግሞ በልዩ ልዩ መንገድ ይገለፃል። በሕክምናዉ አገላለፅ አለርጂ የሚባለዉ ማለት ነዉ። ,አንዳንድ ሰዎች ለተለያዩ ነገሮች ሲጋለጡ ሰዉነታቸዉ ይቆጣል። ያ ደግሞ በልዩ ልዩ መንገድ ይገለፃል። በሕክምናዉ አገላለፅ አለርጂ የሚባለዉ ማለት ነዉ። 
የሰዉነት መቆጣት ምልክቱ ምንምን ነዉ?,አንዳንዱን ያስነጥሳል፤ ሌላዉ ዐይኑ ይቀላል፣ ያቃጥለዋል፤ ገሚሱን ደግሞ ሲያሳክክ ይዉላል።,አንዳንዱን ያስነጥሳል፤ ሌላዉ ዐይኑ ይቀላል፣ ያቃጥለዋል፤ ገሚሱን ደግሞ ሲያሳክክ ይዉላል።
የሰዉነት መቆጣት ምክነያት ምንድን ነዉ?,የሚከሰተዉ በአካባቢያችን የሚገኙ ነገሮች ስንተነፍስ ወይም አካላችንን ሲነኩ ሊሆን ይችላል። ,የሚከሰተዉ በአካባቢያችን የሚገኙ ነገሮች ስንተነፍስ ወይም አካላችንን ሲነኩ ሊሆን ይችላል። 
የመድከም ስሜት ማለት ምን ማለት ነዉ? ,የመድከም ስሜት ማለት አካላዊ ብቻ ሳይሆን አይምሮአዊም  ነው ለምሳሌ አይምሮአዊ ሲባል አለማስታወስ ፣ እያነበቡ መርሳትንም ያጠቃልላል ,የመድከም ስሜት ማለት አካላዊ ብቻ ሳይሆን አይምሮአዊም  ነው ለምሳሌ አይምሮአዊ ሲባል አለማስታወስ ፣ እያነበቡ መርሳትንም ያጠቃልላል 
የመድከም ስሜት መንስኤ ምንምን ነዉ?,ደም ማነስ፣ ጭንቀት፣ ድብርት፣ንዴት፣እንቅልፍ ማጣት፣ከአቅም በላይ መስራት፣የታይሮይድ እጢ የአመጋገብ ችግር መኖር,ደም ማነስ፣ ጭንቀት፣ ድብርት፣ንዴት፣እንቅልፍ ማጣት፣ከአቅም በላይ መስራት፣የታይሮይድ እጢ የአመጋገብ ችግር መኖር
የመድከም ስሜት መፍትሄዉ ምንድን ነዉ?,"አትክልትና ፍራፍሬዎችን መመገብ፣በጣም ያልቀዘቀዘ ውሀ ውስጥ እግርን መዘፍዘፍ ቢያንስ ለ10 ደቂቃ  ማድረግ
","አትክልትና ፍራፍሬዎችን መመገብ፣በጣም ያልቀዘቀዘ ውሀ ውስጥ እግርን መዘፍዘፍ ቢያንስ ለ10 ደቂቃ  ማድረግ
"
የጀርባ አጥንት ምንድን ነዉ?,የጀርባ አጥንት (vertebra) የሚባሉ የ26 አጥንቶች ስብስብ ነው። ,የጀርባ አጥንት (vertebra) የሚባሉ የ26 አጥንቶች ስብስብ ነው። 
 የጀርባ አጥንት ዲስኮች ምንድን ናቸዉ?,የጀርባ አጥንት መሃከል የሚገኙ ርብራብ መሰል ክፍሎች የጀርባ አጥንት ዲስኮች ይባላሉ።,የጀርባ አጥንት መሃከል የሚገኙ ርብራብ መሰል ክፍሎች የጀርባ አጥንት ዲስኮች ይባላሉ።
የጀርባ አጥንት ዲስኮች ጥቅሞች ዘርዝር,ዲስኮች የጀርባ አጥንትን ባለበት ደግፈው ይይዛሉ። ሰውነት ከባድ ሃይል ሲያስተናግድ ሃይሉን የሚቋቋሙ ክፍሎች ናቸው።ዲስክ ጠንካራ ሽፋን ያለው ሲሆን በውስጡ ግን ለስላሳ የሆነ ፈሳሽ አለው ። ,ዲስኮች የጀርባ አጥንትን ባለበት ደግፈው ይይዛሉ። ሰውነት ከባድ ሃይል ሲያስተናግድ ሃይሉን የሚቋቋሙ ክፍሎች ናቸው።ዲስክ ጠንካራ ሽፋን ያለው ሲሆን በውስጡ ግን ለስላሳ የሆነ ፈሳሽ አለው ። 
የዲስክ መንሸራተት ማለት ምን ማለት ነዉ?,የዲስክ መንሸራተት የሚባለው በዲስክ ግድግዳ ላይ የሚፈጠር ቀዳዳ ምክንያት የሚፈጠር የውስጥ ፈሳሽ መውጣት ነው። ,የዲስክ መንሸራተት የሚባለው በዲስክ ግድግዳ ላይ የሚፈጠር ቀዳዳ ምክንያት የሚፈጠር የውስጥ ፈሳሽ መውጣት ነው። 
የዲስክ መንሸራተት ምልክቱ ምንድን ነዉ?,የዲስክ መንሸራተት በብዙ ሰዎች ላይ የሚከሰት ህመም ሲሆን ከፍተኛ የህመም ስሜት እና ድካም የሚፈጥር ችግር ነው።,የዲስክ መንሸራተት በብዙ ሰዎች ላይ የሚከሰት ህመም ሲሆን ከፍተኛ የህመም ስሜት እና ድካም የሚፈጥር ችግር ነው።
የዲስክ መንሸራተት መንስኤ ምንድን ነዉ?,የዲስክ መንሸራተት ዋነኛ መንስኤ ከጊዜ ጋር የሚፈጠር የጀርባ እንቅስቃሴ ውጤት ነው። ,የዲስክ መንሸራተት ዋነኛ መንስኤ ከጊዜ ጋር የሚፈጠር የጀርባ እንቅስቃሴ ውጤት ነው። 
የዲስክ መንሸራተት መቸ ይከሰታል?,"ቁርጭምጭሚታችንን ሳናጥፍ ከባድ እቃ ለማንሳት ስንሞክር፣ከባድ እቃ ይዘን ከጀርባችን ስንታጠፍ ነው።
","ቁርጭምጭሚታችንን ሳናጥፍ ከባድ እቃ ለማንሳት ስንሞክር፣ከባድ እቃ ይዘን ከጀርባችን ስንታጠፍ ነው።
"
"የዲስክ መንሸራተት ተጋላጭነት የሚጨምሩ ነገሮች ዘርዝር

",እድሜ፣ከመጠንያለፈ የሰውነት ክብደት፣በዘር ተመሳሳይ ችግር ካለ፣ከባድ ስራ መስራት,እድሜ፣ከመጠንያለፈ የሰውነት ክብደት፣በዘር ተመሳሳይ ችግር ካለ፣ከባድ ስራ መስራት
የዲስክ መንሸራተት መከላከያዉ ምንድን ነዉ?,"ከፍተኛ የሰውነት ክብደት እንዳይኖረዎ ተጠንቀቁ፣ክብደት ሲያነሱ የሰውነት አቋምን ማስተካከል
","ከፍተኛ የሰውነት ክብደት እንዳይኖረዎ ተጠንቀቁ፣ክብደት ሲያነሱ የሰውነት አቋምን ማስተካከል
"
የወሊድ መቆጣጠሪያ ዘዴዎች ምንምን ናቸዉ?,የወሊድ መቆጣጠሪያ ዘዴዎች እስካሁን አለም ከደረሰባቸው የእርግዝና የአባላዘር መከላከያ መንገዶች ቀላሉ፣ ወጪ ቆጣቢና የተሻለ አማረጭ ናቸው።,የወሊድ መቆጣጠሪያ ዘዴዎች እስካሁን አለም ከደረሰባቸው የእርግዝና የአባላዘር መከላከያ መንገዶች ቀላሉ፣ ወጪ ቆጣቢና የተሻለ አማረጭ ናቸው።
የወሊድ መቆጣጠሪያ መንገዶች ዘርዝር,የወሊድ መቆጣጠሪያ መንገዶች ተፈጥሯዊ፣ የአካላዊ ግርዶሽ፣ማህፀን ውስጥ የሚገቡ የወሊድ መቆጣጠሪያዎች፣ሆርሞናል የወልድ መቆጣጠሪያዎች እና ዘለቀታዊ ወልድ መቆጣጠሪያዎችን ያካትታል። ,የወሊድ መቆጣጠሪያ መንገዶች ተፈጥሯዊ፣ የአካላዊ ግርዶሽ፣ማህፀን ውስጥ የሚገቡ የወሊድ መቆጣጠሪያዎች፣ሆርሞናል የወልድ መቆጣጠሪያዎች እና ዘለቀታዊ ወልድ መቆጣጠሪያዎችን ያካትታል። 
እንክብል ሳይወስዱ ቢረሱ ምን ማድረግ ያስፈልጋል?,የረሱትን እንክብል ባስታወሱበት ሰዓት መዉሰድና ቀጣዩን በመደበኛ ሰዓቱ መዉሰድ፡፡ በቀን ዉስጥ ሁለት እንክብል በአንዴ መዉሰድ ይቻላል፡፡ከዚያን ቀሪዉን መደበኛዉን ጊዜ ተከትሎ መዉሰድ ያስፈልጋል፡፡,የረሱትን እንክብል ባስታወሱበት ሰዓት መዉሰድና ቀጣዩን በመደበኛ ሰዓቱ መዉሰድ፡፡ በቀን ዉስጥ ሁለት እንክብል በአንዴ መዉሰድ ይቻላል፡፡ከዚያን ቀሪዉን መደበኛዉን ጊዜ ተከትሎ መዉሰድ ያስፈልጋል፡፡
የወር አበባ የሚቀርባቸው ዋና ዋና ምክንያቶችን ዘርዝር,ጭንቀት፣የክብደት መቀነስ፣ከልክ በላይ ውፍረት፣የወሊድ መቆጣጠሪያ፣ሆርሞን፣እርግዝና,ጭንቀት፣የክብደት መቀነስ፣ከልክ በላይ ውፍረት፣የወሊድ መቆጣጠሪያ፣ሆርሞን፣እርግዝና
የወር አበባ ምንድን ነዉ?,የወር አበባ የሴቶች ወርሀዊ ኡደት ሲሆን አንድ ሴት የመራቢያ እንቁሎችን ሰውነቷ ማምርት ከሚጀምርበት የእድሜ ክልል ጀምሮ እስከ ማረጥ ወይም ሰውነቷ እንቁላልን ማምረት እስከሚያቆምበት ጊዜ ድረስ በየወሩ የሚመጣ ነው።,የወር አበባ የሴቶች ወርሀዊ ኡደት ሲሆን አንድ ሴት የመራቢያ እንቁሎችን ሰውነቷ ማምርት ከሚጀምርበት የእድሜ ክልል ጀምሮ እስከ ማረጥ ወይም ሰውነቷ እንቁላልን ማምረት እስከሚያቆምበት ጊዜ ድረስ በየወሩ የሚመጣ ነው።
በወር አበባ ጊዜ ሊደረጉ የሚገቡ ጥንቃቄዎች ዘርዝር,በዚህ ኡደት ጊዜ ሴቶች ለኢንፌክሽን የመጋለጥ እድላቸው ከፍተኛ ሲሆን፥ ይህ ኢንፌክሽን የሽንት መሽኚያ ቱቦዎችን እንዲሁም ማህፀንን ያጠቃል፤ በጊዜው ተገቢውን ህክምና ካላገኘም ከፍተኛ ህመምን ሊያስከትል ይችላል።,በዚህ ኡደት ጊዜ ሴቶች ለኢንፌክሽን የመጋለጥ እድላቸው ከፍተኛ ሲሆን፥ ይህ ኢንፌክሽን የሽንት መሽኚያ ቱቦዎችን እንዲሁም ማህፀንን ያጠቃል፤ በጊዜው ተገቢውን ህክምና ካላገኘም ከፍተኛ ህመምን ሊያስከትል ይችላል።
"የወር አበባ ህመም ምንድን ነዉ?
",በህክምና ቃላት አገላለጽ ዲስሜኖሪያ ይሉታል በወር አበባ ጊዜ የሚከሰተውን የሆድ ቁርጠት ለመግለጽ ይህ ህመም በወር አበባ ጊዜ የማህፀን ግድግዳዎች መርገፍ/መፍሰስ ነው፡፡ ,በህክምና ቃላት አገላለጽ ዲስሜኖሪያ ይሉታል በወር አበባ ጊዜ የሚከሰተውን የሆድ ቁርጠት ለመግለጽ ይህ ህመም በወር አበባ ጊዜ የማህፀን ግድግዳዎች መርገፍ/መፍሰስ ነው፡፡ 
የወር አበባ ህመም መንስኤ ምንድን ነዉ?,ይህ ህመም በ50% ሴቶች ላይ የሚከሰት ሲሆን የፕሮስታግላንዲን ሆርሞን መብዛት ለዚህ ህመም ተጠቃሽ ነው፡፡,ይህ ህመም በ50% ሴቶች ላይ የሚከሰት ሲሆን የፕሮስታግላንዲን ሆርሞን መብዛት ለዚህ ህመም ተጠቃሽ ነው፡፡
"የወር አበባ ቀለም/መልክ ምንድን ነዉ?
",የወር አበባ መልክን ማወቅ ስለ ጤናዎ ሁኔታ ብዙ ነገር ይናገራል፡፡ሆርሞኖች በ4ኛው ሳይክል ላይ ይለዋወጣሉ ይህም በወር አበባ ቀለም እና ይዘት ላይ ለውጥ ያስከትላል፡፡ ,የወር አበባ መልክን ማወቅ ስለ ጤናዎ ሁኔታ ብዙ ነገር ይናገራል፡፡ሆርሞኖች በ4ኛው ሳይክል ላይ ይለዋወጣሉ ይህም በወር አበባ ቀለም እና ይዘት ላይ ለውጥ ያስከትላል፡፡ 
ሴቶች በወር አበባ ጊዜ ስንት ዓይነት የወር አበባ ቀለም መደቦች ያስተዉላሉ?,ሴቶች በወር አበባ ጊዜ 3 ዓይነት የቀለም መደቦች ያስተዉላሉ እነዚህም የብሉ ቤሪ፣እንጆሪና ክሬን ቤሪ ቀለም ናቸው፡፡,ሴቶች በወር አበባ ጊዜ 3 ዓይነት የቀለም መደቦች ያስተዉላሉ እነዚህም የብሉ ቤሪ፣እንጆሪና ክሬን ቤሪ ቀለም ናቸው፡፡
የወር አበባ አፈሳሰስ ሁኔታ እንዴት ነዉ?,አንድ ጋሎን የሚያክል የሚመስል ደም በየወሩ ይፈስዎታል አማካይ የወር አበባ ፍሰት ግማሽ ኩባያ የሚያክል ነው፡፡ ,አንድ ጋሎን የሚያክል የሚመስል ደም በየወሩ ይፈስዎታል አማካይ የወር አበባ ፍሰት ግማሽ ኩባያ የሚያክል ነው፡፡ 
ለረጂም ጊዜ የሚቆይ የወር አበባ ምን ያስከትላል?,ለረጂም ጊዜ የሚቆይ እና ብዛት ያለው ደም የሚፈስ ከሆነ የደም ማነስ፣ የማህፀን ግድግዳ እብጠት፣ የማህፀን በር ላይ ወይም ማህፀን ውስጥ እጢ እንዲከሰት ሊያደርግ ይችላል፡፡,ለረጂም ጊዜ የሚቆይ እና ብዛት ያለው ደም የሚፈስ ከሆነ የደም ማነስ፣ የማህፀን ግድግዳ እብጠት፣ የማህፀን በር ላይ ወይም ማህፀን ውስጥ እጢ እንዲከሰት ሊያደርግ ይችላል፡፡
ትንሽ ደም የሚፈሳቸው የወር አበባ ምን ያስከትላል?,ትንሽ ደም የሚፈሳቸው ሴቶች ቅድመ ዘመነ እርጠት ወይም እርጠት ምልክት ነው በተጨማሪም የሆርሞን የወሊድ መቆጣጠሪያ የሚወስድ ሴቶች ትንሽ የደም መፍሰስና ቀላል የወር አበባ ይኖራቸዋል፡፡,ትንሽ ደም የሚፈሳቸው ሴቶች ቅድመ ዘመነ እርጠት ወይም እርጠት ምልክት ነው በተጨማሪም የሆርሞን የወሊድ መቆጣጠሪያ የሚወስድ ሴቶች ትንሽ የደም መፍሰስና ቀላል የወር አበባ ይኖራቸዋል፡፡
የወር አበባ መቸ ይጀምራል?,የወር አበባ መጀመሪያ ካዩበት ከ21-35 ቀናቶች የሚመጣ ሲሆን ለመቆም ደግሞ ከ2-7 ቀኖች እንደሞፈጂበት እና እድሜ እየጨመረ ሲመጣ የሚቆምበት ቀን እያጠረና በይበልጥ እየተስተካከለ እንደሚመጣ ይናገራሉ፡፡,የወር አበባ መጀመሪያ ካዩበት ከ21-35 ቀናቶች የሚመጣ ሲሆን ለመቆም ደግሞ ከ2-7 ቀኖች እንደሞፈጂበት እና እድሜ እየጨመረ ሲመጣ የሚቆምበት ቀን እያጠረና በይበልጥ እየተስተካከለ እንደሚመጣ ይናገራሉ፡፡
የወር አበባ ካቆመ በኃላ መድማት እንዴት ነዉ?,የወሊድ መቆጣጠሪያ ለሚወስዱ ሴቶች የወር አበባ ፈሶ ካቆመ በኃላ እንደገና መፍሰስ ጤናማ ነው ነገር ግን ምንም አይነት የወሊድ መቆጣጠሪያ ሳይወስዱ የሚፈስዎት ከሆነ በአፋጣኝ ሀኪምዎን ያማክሩ፡፡,የወሊድ መቆጣጠሪያ ለሚወስዱ ሴቶች የወር አበባ ፈሶ ካቆመ በኃላ እንደገና መፍሰስ ጤናማ ነው ነገር ግን ምንም አይነት የወሊድ መቆጣጠሪያ ሳይወስዱ የሚፈስዎት ከሆነ በአፋጣኝ ሀኪምዎን ያማክሩ፡፡
"የወር አበባ መቅረት ምንድን ነዉ?
",የሴት ልጅ የወር አበባ ሲቀር በመጀመሪያ ወደ ህሊናችን የሚመጣው ነገር እርግዝና ነው ነገር ግን ለወር አበባ መቅረት/መዘግየት በጣም ብዙ ምክንያቶች አሉ፡፡ ,የሴት ልጅ የወር አበባ ሲቀር በመጀመሪያ ወደ ህሊናችን የሚመጣው ነገር እርግዝና ነው ነገር ግን ለወር አበባ መቅረት/መዘግየት በጣም ብዙ ምክንያቶች አሉ፡፡ 
"የወር አበባ ጊዜ ለምንድነው ህመም የሚኖረኝ?
",በዚህ ወቅት ሰውነትዎ ፕሮስታግላንዲን የሚባሉ ኬሚካሎችን ያመነጫል።እነዚህ ኬሚካሎች በምጥ ጊዜ የሚኖረው አይነት የማህጸን ቁርጠት ያመጣሉ። ,በዚህ ወቅት ሰውነትዎ ፕሮስታግላንዲን የሚባሉ ኬሚካሎችን ያመነጫል።እነዚህ ኬሚካሎች በምጥ ጊዜ የሚኖረው አይነት የማህጸን ቁርጠት ያመጣሉ። 
"የወር አበባ የህመም ስሜቱ ምን ይመስላል?
",የፐሬድ ህመም ያላቸው ሴቶች የታችኛው የሆድ አከባቢ ቁርጠት ይኖራቸዋል። ቁርጠቱ ቀላል ወይም ከባድ ሊሆን ይችላል። በተጨማሪም የጀርባ ወይም በጭን አከባቢ  ህመም ሊኖር  ይችላል። ,የፐሬድ ህመም ያላቸው ሴቶች የታችኛው የሆድ አከባቢ ቁርጠት ይኖራቸዋል። ቁርጠቱ ቀላል ወይም ከባድ ሊሆን ይችላል። በተጨማሪም የጀርባ ወይም በጭን አከባቢ  ህመም ሊኖር  ይችላል። 
የወር አበባ የህመም ጊዜ ጥሩ ስሜት እንዲሰማኝ ማድረግ የምችለው ነገር አለ? ,የፐሬድ መምጣት ምልክቶች እንደጀመሩ ወዲያውኑ እንደ ዲክሎፌናክ የመሳሰሉ የህመም ማስታገሻ ክኒኖችን መዋጥ ይጀምሩ።  ,የፐሬድ መምጣት ምልክቶች እንደጀመሩ ወዲያውኑ እንደ ዲክሎፌናክ የመሳሰሉ የህመም ማስታገሻ ክኒኖችን መዋጥ ይጀምሩ።  
ለወር አበባ ህመም የህክምና ባለሙያ ማየት አለብኝ?,"ህመሙ የህመም ማስታገሻ መድኃኒት ካላስታገሰው፣ህመሙ ከፐሬድ ውጪ የሚቀጥል ከሆነ
","ህመሙ የህመም ማስታገሻ መድኃኒት ካላስታገሰው፣ህመሙ ከፐሬድ ውጪ የሚቀጥል ከሆነ
"
ለወር አበባ ህመም ላደርጋቸው የሚገባኝ ምርመራዎች አሉን? ,"የማህጸን አልትራሳውንድ፣የአባላዘር  በሽታዎች ምርመራ እና ሌሎችም
","የማህጸን አልትራሳውንድ፣የአባላዘር  በሽታዎች ምርመራ እና ሌሎችም
"
"የወር አበባ ዑደቱን እንዴት መከታተል ይቻላል?
",የራስዎን የወር አበባ ዑደት ትክለኛዉን እርዝማኔ ለማወቅ የወር አበባ ዑደትዎን በካላንደር ላይ መመዝገብ ይጀምሩ፡፡ ,የራስዎን የወር አበባ ዑደት ትክለኛዉን እርዝማኔ ለማወቅ የወር አበባ ዑደትዎን በካላንደር ላይ መመዝገብ ይጀምሩ፡፡ 
የወር አበባ ዑደት ያለመስተካከልን/መለዋወጥን የሚያመጡ ነገሮች ምንምን ናቸዉ?,እርግዝና/ጡት ማጥባት፣ፖሊሲስቲክ ኦቫሪ ሲንድረም፣የዳሌ ዉስጥ መቆጥቆጥ ,እርግዝና/ጡት ማጥባት፣ፖሊሲስቲክ ኦቫሪ ሲንድረም፣የዳሌ ዉስጥ መቆጥቆጥ 
የወር አበባ ዑደት መዛባት እንዳይከሰት እንዴት መከላከል ይቻላል?,ለአንዳንድ ሴቶች የወሊድ መቆጣጠሪያ እንክብል መዉሰድ የወር አበባ ዑደቱ ተስተካክሎ እንዲመጣ ሊያደርግ ይችላል፡፡ ,ለአንዳንድ ሴቶች የወሊድ መቆጣጠሪያ እንክብል መዉሰድ የወር አበባ ዑደቱ ተስተካክሎ እንዲመጣ ሊያደርግ ይችላል፡፡ 
የደም ማነስ ምክነያት ምንድን ነዉ?,"በቂ ቀይ የደም ሴል በማይመረትበት ጊዜ፣አደጋ ወይም መድማት ካለ 
","በቂ ቀይ የደም ሴል በማይመረትበት ጊዜ፣አደጋ ወይም መድማት ካለ 
"
የደም ማነስ ምልክቱ ምንምን ነዉ?,"ድካም፣አቅም ማነስ፣የነጣ ወይም ወደ ቢጫነት ያደላ ቆዳ መኖር
","ድካም፣አቅም ማነስ፣የነጣ ወይም ወደ ቢጫነት ያደላ ቆዳ መኖር
"
የደም ማነስ መፍትሄዉ ምንምን ነዉ?,"ፈሳሽ መውሰድ፣ቫይታሚን ሲ መውሰድ፣እንደ አስፈላጊነቱ የደም ልገሳ ማድረግ   
","ፈሳሽ መውሰድ፣ቫይታሚን ሲ መውሰድ፣እንደ አስፈላጊነቱ የደም ልገሳ ማድረግ   
"
በብረት እጥረት የሚከሰት የደም ማነስ ምንድን ነዉ?,ይህ አይነት የደም ማነስ የአመጋገብ ስርዓታችንን እና ብረት በመውሰድ ማከም ይቻላል። ይህ የብረት እጥረት የተከሰተው ከወር አበባ ውጪ በሆነ የደም መፍሰስ ከሆነ የሚፈስበትን ቦታ ማወቅ እና እንዲቆም ማድረግ ተገቢ ነው።,ይህ አይነት የደም ማነስ የአመጋገብ ስርዓታችንን እና ብረት በመውሰድ ማከም ይቻላል። ይህ የብረት እጥረት የተከሰተው ከወር አበባ ውጪ በሆነ የደም መፍሰስ ከሆነ የሚፈስበትን ቦታ ማወቅ እና እንዲቆም ማድረግ ተገቢ ነው።
"በቫይታሚን እጥረት የሚከሰት የደም ማነስ ምንድን ነዉ?
","ፎሊክ አሲድ እና ቫይታሚን ሲ እጥረት የሚከሰት የደም ማነስ በምግብ መስተካከል ይችላል ስለዚህ በምግብዎ ውስጥ እነዚህን መጨመር ተገቢ ነው። ጨጔራችን ቫይታሚን ቢ 12 የመምጠጥ ችግር ካለበት በመርፌ መውሰድ(መወጋት) ተገቢ ነው።
","ፎሊክ አሲድ እና ቫይታሚን ሲ እጥረት የሚከሰት የደም ማነስ በምግብ መስተካከል ይችላል ስለዚህ በምግብዎ ውስጥ እነዚህን መጨመር ተገቢ ነው። ጨጔራችን ቫይታሚን ቢ 12 የመምጠጥ ችግር ካለበት በመርፌ መውሰድ(መወጋት) ተገቢ ነው።
"
"በከባድ በሽታ የሚከሰት የደም ማነስ ምንድን ነዉ?


",የዚህ አይነቱ የደም ማነስ የተለየ ህክምና የለውም የጤና ባለሙያዎች ያለብንን ከባድ በሽታ ማከም ላይ ያተኩራሉ። ምልክቶቹ እየጨመሩ የሚመጡ ከሆነ የደም ልገሳና ቀይ የደም ሴሎች እንዲመረቱ የሚያደርግ ሆርሞን በመርፌ ይሰጣል።,የዚህ አይነቱ የደም ማነስ የተለየ ህክምና የለውም የጤና ባለሙያዎች ያለብንን ከባድ በሽታ ማከም ላይ ያተኩራሉ። ምልክቶቹ እየጨመሩ የሚመጡ ከሆነ የደም ልገሳና ቀይ የደም ሴሎች እንዲመረቱ የሚያደርግ ሆርሞን በመርፌ ይሰጣል።
"አኘላስቲክ የደም ማነስ ምንድን ነዉ?

",ለዚህ ችግር ህክምና የሚሆነው የቀይ ደም ሴሎችን ቁጥር ለመጨመር የደም ልገሳ ነው። የአጥንት መቅኒ(bone marrow) ንቅለ ተከላ ሊደረግለት ይችላል።,ለዚህ ችግር ህክምና የሚሆነው የቀይ ደም ሴሎችን ቁጥር ለመጨመር የደም ልገሳ ነው። የአጥንት መቅኒ(bone marrow) ንቅለ ተከላ ሊደረግለት ይችላል።
"በአጥንት መቅኒ ችግር የሚከሰት የደም ማነስ  ምንድን ነዉ?

",የዚህ በሽታ ህክምና ከቀላል መድሃኒቶች ጀምሮ ኬሞቴራፒ ወይም የአጥንት ንቅለ ተከላ ያስፈልገዋል።,የዚህ በሽታ ህክምና ከቀላል መድሃኒቶች ጀምሮ ኬሞቴራፒ ወይም የአጥንት ንቅለ ተከላ ያስፈልገዋል።
"ሄሞላይቲክ የደም ማነስ ምንድን ነዉ?
",የዚህ ችግር ህክምና ችግሩን ሊያስከትሉ የሚችሉ መድሃኒቶች ካሉ ማቆም፣ ተያይዘው የሚመጡ ኢንፌክሽኖችን ማከም፣ ቀይ የደም ሴሎችን የሚያጠቃ በሽታን የመከላከያ መንገዳችንን ለመግታት መድሃኒት መጠቀም ናቸው።,የዚህ ችግር ህክምና ችግሩን ሊያስከትሉ የሚችሉ መድሃኒቶች ካሉ ማቆም፣ ተያይዘው የሚመጡ ኢንፌክሽኖችን ማከም፣ ቀይ የደም ሴሎችን የሚያጠቃ በሽታን የመከላከያ መንገዳችንን ለመግታት መድሃኒት መጠቀም ናቸው።
"ሲክል ሴል የደም ማነስ ምንድን ነዉ?
 
",የዚህ አይነቱ የደም ማነስ ህክምና ኦክስጂን መስጠት፣ ህመም የሚያስታግሱ መድሃኒቶችን መውሰድ፣ በአፍና በደም ስራችን ፈሳሾች(fluid) መውሰድ ህመም ለመቀነስ ይረዳናል።,የዚህ አይነቱ የደም ማነስ ህክምና ኦክስጂን መስጠት፣ ህመም የሚያስታግሱ መድሃኒቶችን መውሰድ፣ በአፍና በደም ስራችን ፈሳሾች(fluid) መውሰድ ህመም ለመቀነስ ይረዳናል።
"ታላሲሚያ የደም ማነስ ምንድን ነዉ?
",ይህ የደም ማነስ በደም ልገሳ፣ ፎሊክ አሲድ መውሰድ፣ ጣፊያን ማስወገድ፣ የአጥንት መቅኒ ንቅለ ተከላ ማድረግ ለማከም ይረዳናል። ,ይህ የደም ማነስ በደም ልገሳ፣ ፎሊክ አሲድ መውሰድ፣ ጣፊያን ማስወገድ፣ የአጥንት መቅኒ ንቅለ ተከላ ማድረግ ለማከም ይረዳናል። 
አከርካሪ አጥንት ዲስክ ምንድን ነዉ?,የአከርካሪ ዲስክ ክብ ሆኖ ከላይና ከታች ጠፍጣፋ ቅርፅ ያለው ሲሆን፤ በእያንዳንዱ የአከርካሪ አጥንቶቻችን መገጣጠሚያ መሐል ይገኛል። እነዚህ ዲስኮች በተለይ በአከርካሪ አጥንቶቻችን ላይ የሚከሰትንመርገብገብ ለመቀነስ ያገለግላሉ።,የአከርካሪ ዲስክ ክብ ሆኖ ከላይና ከታች ጠፍጣፋ ቅርፅ ያለው ሲሆን፤ በእያንዳንዱ የአከርካሪ አጥንቶቻችን መገጣጠሚያ መሐል ይገኛል። እነዚህ ዲስኮች በተለይ በአከርካሪ አጥንቶቻችን ላይ የሚከሰትንመርገብገብ ለመቀነስ ያገለግላሉ።
ከአከርካሪ አጥንት ዲስክ ህመም ምልክቱ ምንድን ነዉ?,ከአከርካሪ አጥንት ዲስክ ጋር የተገናኘ ህመም በሚገጥመን ወቅት የተለያዩ የበሽታውን ምልክቶች ማየት የሚቻል ሲሆን የምልክቶቹም አይነት ፡፡,ከአከርካሪ አጥንት ዲስክ ጋር የተገናኘ ህመም በሚገጥመን ወቅት የተለያዩ የበሽታውን ምልክቶች ማየት የሚቻል ሲሆን የምልክቶቹም አይነት ፡፡
"ከአከርካሪ አጥንት ዲስክ ህመም መንስኤ ምንምን ነዉ?

",የዕድሜ መግፋት፣በቀን ተቀን ህይወታችን በምንተገብራቸው እንቅስቃሴዎች አማካኝነት፣የአጥንት ኢንፌክሽን ገጥሞ ከነበረ ,የዕድሜ መግፋት፣በቀን ተቀን ህይወታችን በምንተገብራቸው እንቅስቃሴዎች አማካኝነት፣የአጥንት ኢንፌክሽን ገጥሞ ከነበረ 
የጀርባ ህመም ላለበት ሰው የሚደረጉ ምርመራዎችን ዘርዝር,"የህክምና ባለሙያ ከዚህ ቀደም የነበረውን የህመምተኛውን የጤና ታሪክ፣ አሁን እየተሰማው ያለውን የህመም፣ራጅ (X-ray)፣ኤም አር አይ 
","የህክምና ባለሙያ ከዚህ ቀደም የነበረውን የህመምተኛውን የጤና ታሪክ፣ አሁን እየተሰማው ያለውን የህመም፣ራጅ (X-ray)፣ኤም አር አይ 
"
የጀርባ ህመም ህክምናዉ ምንድን ነዉ?,ቀላል ለሚባሉ የጀርባ ህመም አይነቶች የአንድና የሁለት ቀን መኝታ ጠቃሚ እንደሆነ አሁንም ቢሆን በሳይንሳዊ መንገድ ይመከራል፣የደረቅ መርፌ ህክምና(,ቀላል ለሚባሉ የጀርባ ህመም አይነቶች የአንድና የሁለት ቀን መኝታ ጠቃሚ እንደሆነ አሁንም ቢሆን በሳይንሳዊ መንገድ ይመከራል፣የደረቅ መርፌ ህክምና(
የጀርባ ህመም መከላከያዉ ምንድን ነዉ?,"የጀርባ ህመም ለመከላከል አዘውትሮ ስፖርታዊ እንቅስቃሴ ማድረግ፣አቀማመጥን እና የመኝታ ሁኔታችንን ማስተካከል
","የጀርባ ህመም ለመከላከል አዘውትሮ ስፖርታዊ እንቅስቃሴ ማድረግ፣አቀማመጥን እና የመኝታ ሁኔታችንን ማስተካከል
"
የጀርባ ህመም ምክነያት ምንድን ነዉ?,የጀርባ ህመም በአደጋ ብቻ ላይከሰት ይችላል የአቀማመጥ ሁኔታ የሚጠቀሙት ጫማ ከመጠን ያለፈ ዉፍርትና ከባድ ነገሮችን ማንሳት የላይኛዉና ታችኛው ጀርባ ህመም ያስከትላል። ,የጀርባ ህመም በአደጋ ብቻ ላይከሰት ይችላል የአቀማመጥ ሁኔታ የሚጠቀሙት ጫማ ከመጠን ያለፈ ዉፍርትና ከባድ ነገሮችን ማንሳት የላይኛዉና ታችኛው ጀርባ ህመም ያስከትላል። 
ጨጓራ ባክቴሪያ ምንድን ነዉ?,ይህ ባክቴሪያ ጨጓራ ውስጥ የሚኖር ሲሆን በአንዳንድ ምክንያቶች መኖር ካለበት በላይ ሲሆን የጨጓራ ህመም ያስከትላል፡፡  ,ይህ ባክቴሪያ ጨጓራ ውስጥ የሚኖር ሲሆን በአንዳንድ ምክንያቶች መኖር ካለበት በላይ ሲሆን የጨጓራ ህመም ያስከትላል፡፡  
የጨጓራ ባክቴሪያ በሽታ ምልክቶች መቸ መታየት ይጀምራል?,ባክቴሪያው ቁስለት በሚፈጥርበት ወቅት የበሽታው ምልክቶች መታየት ይጀምራል፡፡,ባክቴሪያው ቁስለት በሚፈጥርበት ወቅት የበሽታው ምልክቶች መታየት ይጀምራል፡፡
የጨጓራ ኢንፌክሽን እንዲከሰት የሚያደርግ ባክቴሪያ ምንድን ነዉ?,ሄሊኮባክተር ፓይሎሪ የሚባለዉ ባክቴሪያ የጨጓራ ኢንፌክሽን እንዲከሰት የሚያደርግ የባክቴሪያ አይነት ሲሆን ይህ ኢንፌክሽን በብዛት የሚከሰተዉ በልጅነት የዕድሜ ክልል ነዉ፡፡ ,ሄሊኮባክተር ፓይሎሪ የሚባለዉ ባክቴሪያ የጨጓራ ኢንፌክሽን እንዲከሰት የሚያደርግ የባክቴሪያ አይነት ሲሆን ይህ ኢንፌክሽን በብዛት የሚከሰተዉ በልጅነት የዕድሜ ክልል ነዉ፡፡ 
የጨጓራ በሽታ መነሻ ምክንያቶችን ዘርዝር,የጨጓራ በሽታ መነሻ ምክንያቶች አሉ፡፡የጨጓራ ባክቴሪያ በመባል የሚጠራው ኤች. ፓይሎሪ አንዱ የጨጓራ በሽታ መነሻ ነው ይህ ባክቴሪያ የጨጓራ ግድግዳን የሚያጠቃ ሲሆን በቀላሉ ከሰው ወደ ሰው ይተላለፋል በተጨማሪም በተበከለ ውሃ እና ምግብ ይተላለፋል፡፡,የጨጓራ በሽታ መነሻ ምክንያቶች አሉ፡፡የጨጓራ ባክቴሪያ በመባል የሚጠራው ኤች. ፓይሎሪ አንዱ የጨጓራ በሽታ መነሻ ነው ይህ ባክቴሪያ የጨጓራ ግድግዳን የሚያጠቃ ሲሆን በቀላሉ ከሰው ወደ ሰው ይተላለፋል በተጨማሪም በተበከለ ውሃ እና ምግብ ይተላለፋል፡፡
የጨጓራ ህመም ማለት ምን ማለት ነዉ?,የጨጓራ ህመም ጨጓራን እና የላይኛውን የቀጭን አንጀት ክፍል የሚያጠቃ በሽታ ሲሆን ዋና ምልክቱ የላይኛው የሆድ ክፍል ህመም ነው። ,የጨጓራ ህመም ጨጓራን እና የላይኛውን የቀጭን አንጀት ክፍል የሚያጠቃ በሽታ ሲሆን ዋና ምልክቱ የላይኛው የሆድ ክፍል ህመም ነው። 
የጨጓራ ህመም መቸ ይከሰታል?,የሚከሰተው ምግብ ለመፍጨት የሚጠቅመን የጨጓራ አሲድ እና አሲዱ ጉዳት እንዳያደርስ የሚከላከሉ የተለያዩ መንገዶች ሳይመጣጠኑ ሲቀሩ ነው።,የሚከሰተው ምግብ ለመፍጨት የሚጠቅመን የጨጓራ አሲድ እና አሲዱ ጉዳት እንዳያደርስ የሚከላከሉ የተለያዩ መንገዶች ሳይመጣጠኑ ሲቀሩ ነው።
"በጨጓራ ባክቴሪያ መያዛችን የሚጠቁሙ ምልክቶችን ዘርዝር

",የሆድ መነፋት ስሜት፣ከሁል ጊዜው የበለጠ ግሳት,የሆድ መነፋት ስሜት፣ከሁል ጊዜው የበለጠ ግሳት
በጨጓራ ባክቴሪያ መያዛችን የሚጠቁሙ ከባድ ምልክቶች ዘርዝር,"የሰገራ መጥቆርና ደም መቀላቀል ካለ፣ለመተንፈስ መቸገር ካጋጠመን
","የሰገራ መጥቆርና ደም መቀላቀል ካለ፣ለመተንፈስ መቸገር ካጋጠመን
"
የጨጓራ ባክቴሪያ መከላከያዉ ምንድን ነዉ?,እጅን በሳሙና ከምግብ በፊትና ከመፀዳጃ ቤት መልስ በደንብ መታጠብ፣ በፅዱ ሁኔታ ያልተዘጋጀ ወይም የቀረበ ምግብና መጠጥ አለመጠቀም፣ ያልበሰሉ ምግቦችን አለመጠቀም ናቸው፡፡ እንዲሁም ጭንቀትና ውጥረት፣ ቅመም የበዛባቸው ምግቦችና ሲጋራ ማጨስ ማስወገድ፡፡ በቂ ወሀ መጠጣት፣በሀኪም የተሰጡ መድሀኒቶችን ባግባቡ መውሰድ ናቸው፡፡,እጅን በሳሙና ከምግብ በፊትና ከመፀዳጃ ቤት መልስ በደንብ መታጠብ፣ በፅዱ ሁኔታ ያልተዘጋጀ ወይም የቀረበ ምግብና መጠጥ አለመጠቀም፣ ያልበሰሉ ምግቦችን አለመጠቀም ናቸው፡፡ እንዲሁም ጭንቀትና ውጥረት፣ ቅመም የበዛባቸው ምግቦችና ሲጋራ ማጨስ ማስወገድ፡፡ በቂ ወሀ መጠጣት፣በሀኪም የተሰጡ መድሀኒቶችን ባግባቡ መውሰድ ናቸው፡፡
ለጨጓራ ባክቴሪያ የህክምና ባለሙያዎን ማማከር የሚጠበቅብዎ መቸ ነዉ?,ከፍተኛና የማያቋርጥ የሆድ ላይ ህመም ካጋጠመዎ፣የመዋጥ ችግር ካለዎ,ከፍተኛና የማያቋርጥ የሆድ ላይ ህመም ካጋጠመዎ፣የመዋጥ ችግር ካለዎ
"የጨጓራ ኢንፌክሽን ሊያጋልጥዎ የሚችሉ ነገሮችን ዘርዝር
","በተፋፈገ/በተጨናነቀ ቦታ መኖር፣ንፁህ የዉሃ አቅርቦት በሌለበት መኖር
","በተፋፈገ/በተጨናነቀ ቦታ መኖር፣ንፁህ የዉሃ አቅርቦት በሌለበት መኖር
"
"ለጨጓራ ኢንፌክሽን ሊደረጉ የሚችሉ ምርመራዎችን ዘርዝር


",የደም ምርመራ፣የትንፋሽ ምርመራ/ዩሪያ ብሬዝ ቴስት፣የሰገራ ምርመራ ናቸዉ፡፡,የደም ምርመራ፣የትንፋሽ ምርመራ/ዩሪያ ብሬዝ ቴስት፣የሰገራ ምርመራ ናቸዉ፡፡
ለጨጓራ ኢንፌክሽን ህክምናዉ ምንድን ነዉ?,"የባክቴሪያዉ እንፌክሽን መኖሩ ከተረጋገጠ የህክምና ባለሙያዎ አስፈላጊ ሆኖ ከተገኘ ባክቴሪያዉን ሊያጠፋ የሚችሉ መድሃኒቶች ሊያዝልዎ ስለሚችል የህክምና ባለሙያዎን ማማከር ያስፈልጋል፡፡
","የባክቴሪያዉ እንፌክሽን መኖሩ ከተረጋገጠ የህክምና ባለሙያዎ አስፈላጊ ሆኖ ከተገኘ ባክቴሪያዉን ሊያጠፋ የሚችሉ መድሃኒቶች ሊያዝልዎ ስለሚችል የህክምና ባለሙያዎን ማማከር ያስፈልጋል፡፡
"
ከጨጓራ ባክቴሪያ እንፌክሽን ጋር ተያይዞ ሊመጡ የሚችሉ ጉዳቶች ዘርዝር,ቁስለት፣የጨጓራ ሽፋን እንዲቆጣ ያደርጋል፣የጨጓራ ካንሰር,ቁስለት፣የጨጓራ ሽፋን እንዲቆጣ ያደርጋል፣የጨጓራ ካንሰር
"የጨጓራና የአንጀት ቁስለት ለሚያስቸግራቸው ሰዎች ምክሮቻችን ዘርዝር
 
",ውሃ በደንብ መጠጣት፣ለጋ ያለ የማይቆመጥጥ አርጎ የሚስማማዎ ከሆነ በቀን ሁለቴ መጠቀም,ውሃ በደንብ መጠጣት፣ለጋ ያለ የማይቆመጥጥ አርጎ የሚስማማዎ ከሆነ በቀን ሁለቴ መጠቀም
"የጨጓራ አሲድ መመለስ ማለት ምን ማለት ነዉ?
",የጨጓራ አሲድ ወደ ምግብ ቧንቧ መመለስ በእርግዝና ጊዜ የተለመደ እና በሰፊው የሚገኝ እና በህይወት ላይ ተፅዕኖ የሚያሳድር ህመም ነው። ,የጨጓራ አሲድ ወደ ምግብ ቧንቧ መመለስ በእርግዝና ጊዜ የተለመደ እና በሰፊው የሚገኝ እና በህይወት ላይ ተፅዕኖ የሚያሳድር ህመም ነው። 
የጨጓራ አሲድ መመለስ ምክነያት ምንድን ነዉ?,"የምግብ ቱቦ እንቅስቃሴ መዛባት፣የምግብ ቱቦ መቋጠሪያ ግፊት መቀነስ
","የምግብ ቱቦ እንቅስቃሴ መዛባት፣የምግብ ቱቦ መቋጠሪያ ግፊት መቀነስ
"
የጨጓራ አሲድ መመለስ መከላከያዉ ምንምን ነዉ?,"የአልኮል መጠጥ ማቆም ወይም መቀነስ፣የጨጓራ ህመም የሚያመጡ የማስታገሻ መድሀኒቶች በተደጋጋሚ አለመውሰድ፣ሲጋራ ማጨስን ማቆም
","የአልኮል መጠጥ ማቆም ወይም መቀነስ፣የጨጓራ ህመም የሚያመጡ የማስታገሻ መድሀኒቶች በተደጋጋሚ አለመውሰድ፣ሲጋራ ማጨስን ማቆም
"
ጨጓራን በቤት ውስጥ ለማከም የሚረዱ ዘዴዎች ዘርዝር,ቆስጣ እና ካሮት፣ውሃ፣በፆም ወቅት ፍሬሽ የሆኑ የፍራፍሬ ጁሶችን መጠቀም፣ብዙ ምግብ በአንድ ጊዜ አለመመገብ፣ሁል ጊዜ በባዶ ሆድ የሞቀ ውሃ መጠጣት ,ቆስጣ እና ካሮት፣ውሃ፣በፆም ወቅት ፍሬሽ የሆኑ የፍራፍሬ ጁሶችን መጠቀም፣ብዙ ምግብ በአንድ ጊዜ አለመመገብ፣ሁል ጊዜ በባዶ ሆድ የሞቀ ውሃ መጠጣት 
ደም ልገሳ ምንድን ነዉ?,ደም ልገሳ ሰው በፈቃደኝነት ደም ለደም ባንክ በመስጠት ለሚያስፈልጋቸው ሰዎች እንዲሰጥ ማድረግ ነዉ። ,ደም ልገሳ ሰው በፈቃደኝነት ደም ለደም ባንክ በመስጠት ለሚያስፈልጋቸው ሰዎች እንዲሰጥ ማድረግ ነዉ። 
"የደም ልገሳ አይነቶች ዘርዝር

",ደም ባንክ ተቀምጦ ለማያውቁት ሰው ለሚሰጥ መለገስ፣ለሚያውቁት ሰው መለገስ፣ከደም ባንክ የተሰሰጠን ደም ከቤተሰብ መተካት,ደም ባንክ ተቀምጦ ለማያውቁት ሰው ለሚሰጥ መለገስ፣ለሚያውቁት ሰው መለገስ፣ከደም ባንክ የተሰሰጠን ደም ከቤተሰብ መተካት
ደም ማን መለገስ ይችላል?,"የደም ማነስ የሌለበት፣ተጓዳኝ ህመም የሌለበት
","የደም ማነስ የሌለበት፣ተጓዳኝ ህመም የሌለበት
"
ደም ማን እንዲለግሱ አይመከርም?,እድሜያቸው የገፍ ሰዎች እና እርጉዝ ሴቶች ደም እንዲለግሱ አይመከርም,እድሜያቸው የገፍ ሰዎች እና እርጉዝ ሴቶች ደም እንዲለግሱ አይመከርም
ደም ከተወሰደ በኋላ ምርመራዉ ምንምን ነዉ?,ደም ከተወሰደ በኋላ የደም አይነቱ፣ በደም ውስጥ የአባላዘር በሽታ፣ የወባ፣የኤችአይቪ ምርመራ ይደረጋል፡፡ ,ደም ከተወሰደ በኋላ የደም አይነቱ፣ በደም ውስጥ የአባላዘር በሽታ፣ የወባ፣የኤችአይቪ ምርመራ ይደረጋል፡፡ 
አንድ ሰው የለገሰው ደም በአማካኝ በስንት ወር ውስጥ ይተካል?,አንድ ሰው የለገሰው ደም በአማካኝ በ3 ወር ውስጥ ይተካል በዚህም በየሶሰት ወሩ እንዲለግስ ያስችለዋል።,አንድ ሰው የለገሰው ደም በአማካኝ በ3 ወር ውስጥ ይተካል በዚህም በየሶሰት ወሩ እንዲለግስ ያስችለዋል።
ደም መለገስ የጎንዮሽ ጉዳት አለው?,ደም መለገስ የጎንዮሽ ጉዳት የለውም ነገር ግን ደም እንደተወሰደ የማዞር እና የአይን ብዥታ ሊኖር ይችላል ለዚህም አንድ ሰው ከለገሰ በኋላ ከ10-15 ደቂቃ በቦታው እንዲቆይ እና ፈሳሽ እንዲወስድ ይደረጋል።,ደም መለገስ የጎንዮሽ ጉዳት የለውም ነገር ግን ደም እንደተወሰደ የማዞር እና የአይን ብዥታ ሊኖር ይችላል ለዚህም አንድ ሰው ከለገሰ በኋላ ከ10-15 ደቂቃ በቦታው እንዲቆይ እና ፈሳሽ እንዲወስድ ይደረጋል።
የደም ጥቅሞች ምንድን ናቸዉ?,ደም በሰውነታችን ውስጥ የሚዘዋወር ፈሳሽ ሲሆን ዋና ጥቅሙም ምግብና ኦክሲጂን ለተለያዩ የሰውነታችን ህዋሳት ማቀበልና ከህዋሳት ውስጥ የሚወጣውን ካርቦን ዳይ ኦክሳይድና ሌሎችንም ቆሻሻዎች ማስወገድ ነው ,ደም በሰውነታችን ውስጥ የሚዘዋወር ፈሳሽ ሲሆን ዋና ጥቅሙም ምግብና ኦክሲጂን ለተለያዩ የሰውነታችን ህዋሳት ማቀበልና ከህዋሳት ውስጥ የሚወጣውን ካርቦን ዳይ ኦክሳይድና ሌሎችንም ቆሻሻዎች ማስወገድ ነው 
ደም የተሰራው ከምንድን ነው?,ሴሎች/ህዋሳት፣ፕላዝማ,ሴሎች/ህዋሳት፣ፕላዝማ
ሴሎች/ህዋሳት ምንድን ናቸዉ?,ሴሎች/ህዋሳት- እነኚህ ከጠቅላላው ደም 45% ሲሆኑ አብላጫውን የሚይዙት ቀይ የደም ሴሎች ናቸው የደም ሴሎች የሚሰሩት በአጥንት መቅኔ ውስጥ ነው,ሴሎች/ህዋሳት- እነኚህ ከጠቅላላው ደም 45% ሲሆኑ አብላጫውን የሚይዙት ቀይ የደም ሴሎች ናቸው የደም ሴሎች የሚሰሩት በአጥንት መቅኔ ውስጥ ነው
ፕላዝማ ምንድን ነዉ?,ፕላዝማ ይህ ፈሳሹ የደም ክፍል ሲሆን በአብዛኛው የተሰራው ከውሃ ሆኖ ፕሮቲኖችን እና ሌሎች ነገሮችን ይይዛል ፕላዝማ ከጠቅላላው ደም 55% ይሆናል፡፡ ,ፕላዝማ ይህ ፈሳሹ የደም ክፍል ሲሆን በአብዛኛው የተሰራው ከውሃ ሆኖ ፕሮቲኖችን እና ሌሎች ነገሮችን ይይዛል ፕላዝማ ከጠቅላላው ደም 55% ይሆናል፡፡ 
ቀይ የደም ሴሎች  ምንድን ናቸዉ?,ቀይ የደም ሴሎች ኦክሲጂን ለመሸከም የሚያስችላቸው ሂሞግሎቢን የተባለው ሞለኪውል አላቸው ,ቀይ የደም ሴሎች ኦክሲጂን ለመሸከም የሚያስችላቸው ሂሞግሎቢን የተባለው ሞለኪውል አላቸው 
ነጭ የደም ሴሎች ምንድን ናቸዉ?,ነጭ የደም ሴሎች በዋናነት የሰውነትን በተፈጥሮ በሽታ የመከላከል አቅም የሚገነቡት ናቸው ብዙ አይነት ነጭ የደም ሴሎች አሉ ሥራቸውም እንዲሁ ይለያያል ፕላትሌትስ ደም በሚፈሰን ጊዜ ደም እንዲረጋ የሚያደርጉት ናቸው,ነጭ የደም ሴሎች በዋናነት የሰውነትን በተፈጥሮ በሽታ የመከላከል አቅም የሚገነቡት ናቸው ብዙ አይነት ነጭ የደም ሴሎች አሉ ሥራቸውም እንዲሁ ይለያያል ፕላትሌትስ ደም በሚፈሰን ጊዜ ደም እንዲረጋ የሚያደርጉት ናቸው
ስንት የደም አይነቶች አሉ? ,"ስንምንት A +, A -, B +, B-, AB +, AB -, O +, O-","ስንምንት A +, A -, B +, B-, AB +, AB -, O +, O-"
የደም አይነታቸው ኤቢ የሆኑ ሰዎች ባህሪያት ዘርዝር,የደም አይነታቸው ኤቢ የሆኑ ሰዎች አርቀው የሚመለከቱ እና በነገሮች ላይ ተስፋ የሚጥሉ እና ለልብ ህመም የመጋለጥ እድላቸው ከፍተኛ መሆኑ ይነገራል።,የደም አይነታቸው ኤቢ የሆኑ ሰዎች አርቀው የሚመለከቱ እና በነገሮች ላይ ተስፋ የሚጥሉ እና ለልብ ህመም የመጋለጥ እድላቸው ከፍተኛ መሆኑ ይነገራል።
የደም አይነታቸው ኤቢ  የሆኑ ሰዎች ህመሞች ዘርዝር,እድሜያቸው የገፋ ሰዎች በዚህ ችግር የመጋለጥ እድላቸው ከፍተኛ መሆኑ ይነገራል። ኤቢ የደም አይነት ያላቸው ሰዎች ደም የመርጋት ችግር ያጋጥማቸዋል,እድሜያቸው የገፋ ሰዎች በዚህ ችግር የመጋለጥ እድላቸው ከፍተኛ መሆኑ ይነገራል። ኤቢ የደም አይነት ያላቸው ሰዎች ደም የመርጋት ችግር ያጋጥማቸዋል
የደም አይነታቸው ኤ የሆኑ ሰዎች ባህሪያት ዘርዝር,ባለሙያዎች እንደሚሉት ኤ የደም አይነት ያላቸው ሴቶች ለበርካታ አመታት ልጆችን መውለድ ይችላሉ። ,ባለሙያዎች እንደሚሉት ኤ የደም አይነት ያላቸው ሴቶች ለበርካታ አመታት ልጆችን መውለድ ይችላሉ። 
የደም አይነታቸው ኤ  የሆኑ ሰዎች ህመሞች ዘርዝር,ኤ የደም አይነት ያላቸው ሰዎች አልኮል የተለያዩ የህመም ስሜቶችን በቀላሉ ያባብስባቸዋል። ለሆድ ካንሰር የመጋለጥ እድላቸውም ከፍተኛ መሆኑ ይነገራል።,ኤ የደም አይነት ያላቸው ሰዎች አልኮል የተለያዩ የህመም ስሜቶችን በቀላሉ ያባብስባቸዋል። ለሆድ ካንሰር የመጋለጥ እድላቸውም ከፍተኛ መሆኑ ይነገራል።
የደም አይነታቸው ኤ ቢመገቧቸው የሚመከሩን ዘርዝር,የደም አይነታቸው ኤ ቢመገቧቸው የሚመከሩ፦ አትክልት፣ አሳና የአሳ ተዋጽኦ፣ ፍራፍሬ እና የጥራጥሬ ዘሮች በተለይም አናናስ እና ከጥራጥሬ ደግሞ ባቄላ ይህን የደም አይነት ለታደሉ ሰዎች እጅግ ወሳኝ ምግብ ነው።,የደም አይነታቸው ኤ ቢመገቧቸው የሚመከሩ፦ አትክልት፣ አሳና የአሳ ተዋጽኦ፣ ፍራፍሬ እና የጥራጥሬ ዘሮች በተለይም አናናስ እና ከጥራጥሬ ደግሞ ባቄላ ይህን የደም አይነት ለታደሉ ሰዎች እጅግ ወሳኝ ምግብ ነው።
የደም አይነታቸው ኤ መመገብ የሌለባቸውን ዘርዝር,የደም አይነታቸው ኤ መመገብ የሌለባቸው፦ ስጋ እና የስጋ ተዋጽኦ፣ ወተትና የወተት ተዋጽኦ እንዲሁም ከጥራጥሬ ደግሞ ስንዴ አይስማማቸውም።,የደም አይነታቸው ኤ መመገብ የሌለባቸው፦ ስጋ እና የስጋ ተዋጽኦ፣ ወተትና የወተት ተዋጽኦ እንዲሁም ከጥራጥሬ ደግሞ ስንዴ አይስማማቸውም።
የደም አይነታቸው ቢ የሆኑ ሰዎች ባህሪያት ዘርዝር,ስፖርትና የአካል ብቃት እንቅስቃሴ የምታዘወትሩ እና የምታፈቅሩ ቢ የደም አይነት ያላችሁ ሰዎች በጣም እድለኞች ናችሁ ተብላችኋል። ,ስፖርትና የአካል ብቃት እንቅስቃሴ የምታዘወትሩ እና የምታፈቅሩ ቢ የደም አይነት ያላችሁ ሰዎች በጣም እድለኞች ናችሁ ተብላችኋል። 
የደም አይነታቸው ቢ  የሆኑ ሰዎች ህመሞች ዘርዝር,የደም አይነታቸው ቢ የሆኑ ሰዎች ለጣፊያ ካንሰርና ለሆድ ህመም የመጋለጥ እድላቸው ከፍተኛ መሆኑ ተገልጿል። ለከፍተኛ የመርሳት በሽታ (አልዛይመር) እና ከፍ ሲልም ለአዕምሮ መሳት ሊዳርግ እንደሚችል ነው የሚነገረው።,የደም አይነታቸው ቢ የሆኑ ሰዎች ለጣፊያ ካንሰርና ለሆድ ህመም የመጋለጥ እድላቸው ከፍተኛ መሆኑ ተገልጿል። ለከፍተኛ የመርሳት በሽታ (አልዛይመር) እና ከፍ ሲልም ለአዕምሮ መሳት ሊዳርግ እንደሚችል ነው የሚነገረው።
የደም አይነታቸው ቢ ለምግብነት የሚመከሩትን ዘርዝር,የደም አይነታቸው ቢ ለምግብነት የሚመከሩ፦ ከዶሮ ውጭ ስጋ፣ ወተትና የወተት ተዋጽኦ፣ አትክልትና ፍራፍሬ፣ ከጥራጥሬ ባቄላ፣ እንቁላል፣ ትኩስ ጉበት እና ትኩስ ሻይ ይስማማቸዋል።,የደም አይነታቸው ቢ ለምግብነት የሚመከሩ፦ ከዶሮ ውጭ ስጋ፣ ወተትና የወተት ተዋጽኦ፣ አትክልትና ፍራፍሬ፣ ከጥራጥሬ ባቄላ፣ እንቁላል፣ ትኩስ ጉበት እና ትኩስ ሻይ ይስማማቸዋል።
የደም አይነታቸው ቢ መመገብ የሌለባቸውትን ዘርዝር,የደም አይነታቸው ቢ መመገብ የሌለባቸው፦ ምስር፣ በቆሎ፣ ሰሊጥ፣ ስንዴ እና ለውዝ ለዚህ አይነት የደም ባለቤቶች አይመከሩም።,የደም አይነታቸው ቢ መመገብ የሌለባቸው፦ ምስር፣ በቆሎ፣ ሰሊጥ፣ ስንዴ እና ለውዝ ለዚህ አይነት የደም ባለቤቶች አይመከሩም።
የደም አይነታቸው ኦ የሆኑ ሰዎች ባህሪያት ዘርዝር,ኦ የደም አይነት ያላቸው ሰዎች ደግሞ ለጭንቀት ቦታ የሌላቸው እንደሆኑ የሚነገር ሲሆን፥ በሆድ ህመም የመጠቃት እድላቸው ደግሞ የሰፋ መሆኑን መረጃዎች ያመለክታሉ። ,ኦ የደም አይነት ያላቸው ሰዎች ደግሞ ለጭንቀት ቦታ የሌላቸው እንደሆኑ የሚነገር ሲሆን፥ በሆድ ህመም የመጠቃት እድላቸው ደግሞ የሰፋ መሆኑን መረጃዎች ያመለክታሉ። 
የደም አይነታቸው ኦ የሆኑ ሰዎች ህመሞች ዘርዝር,ይህ የደም አይነት ያላቸው ሰዎች በሆድ ህመም የመጠቃት እድል አላቸው።,ይህ የደም አይነት ያላቸው ሰዎች በሆድ ህመም የመጠቃት እድል አላቸው።
የደም አይነታቸው ኦ መመገብ ያለባቸውን ዘርዝር,የደም አይነታቸው ኦ መመገብ ያለባቸው፦ በፕሮቲን የበለጸጉ፣ የተዘጋጁ ስጋዎችና አሳ፣ ለውዝ፣ ቀለማቸው ቢጫ እና ቀላ ያሉ የአትክልት ዘሮች እና ፍራፍሬ ቢመገቡ ይመከራል። በተለይም ቀይ ስጋ፣ አሳ፣ ጨዋማ ምግቦች እና ትኩስ ጉበት ተመራጭ ናቸው። ,የደም አይነታቸው ኦ መመገብ ያለባቸው፦ በፕሮቲን የበለጸጉ፣ የተዘጋጁ ስጋዎችና አሳ፣ ለውዝ፣ ቀለማቸው ቢጫ እና ቀላ ያሉ የአትክልት ዘሮች እና ፍራፍሬ ቢመገቡ ይመከራል። በተለይም ቀይ ስጋ፣ አሳ፣ ጨዋማ ምግቦች እና ትኩስ ጉበት ተመራጭ ናቸው። 
የደም አይነታቸው ኦ መመገብ የሌለባቸውን ዘርዝር,የደም አይነታቸው ኦ መመገብ የሌለባቸው፥ ስንዴ፣ በቆሎ፣ ቦሎቄ፣ ምስር እና ጎመን ለዚህ አይነት ሰዎች ለገበታ የማይመረጡ ምግቦች ናቸው። ,የደም አይነታቸው ኦ መመገብ የሌለባቸው፥ ስንዴ፣ በቆሎ፣ ቦሎቄ፣ ምስር እና ጎመን ለዚህ አይነት ሰዎች ለገበታ የማይመረጡ ምግቦች ናቸው። 
እያንዳንዱ የደም አይነት ባህሪያት ዘርዝር,እያንዳንዱ የደም አይነት የራሱ በጎ እና መጥፎ ጎን አለዉ,እያንዳንዱ የደም አይነት የራሱ በጎ እና መጥፎ ጎን አለዉ
አመጋገብዎ ከደም አይነት አንጻር ምን መምሰል አለበት?,ሁሉም ምግቦች ለሰውነት እኩል ጠቀሜታ የላቸውም፤ ከዚህ አንጻር የሚመገቧቸው ምግቦች በሶስት ደረጃ ይመደባሉ። በዚህም ከደም አይነት አንጻር በጣም ጠቃሚና አስፈላጊ፣ አስፈላጊ እና ለምግብነት የማይመከሩ ተብለው ተመድበዋል። ,ሁሉም ምግቦች ለሰውነት እኩል ጠቀሜታ የላቸውም፤ ከዚህ አንጻር የሚመገቧቸው ምግቦች በሶስት ደረጃ ይመደባሉ። በዚህም ከደም አይነት አንጻር በጣም ጠቃሚና አስፈላጊ፣ አስፈላጊ እና ለምግብነት የማይመከሩ ተብለው ተመድበዋል። 
"ድብርት ምንድን ነው?
",ድብርት ሰውነታችንን፤ ስሜታችንን እና ሀሳቦቻችንን የሚነካ በሽታ ነው፡፡ ,ድብርት ሰውነታችንን፤ ስሜታችንን እና ሀሳቦቻችንን የሚነካ በሽታ ነው፡፡ 
የድብርት መንስኤ ምንድን ነዉ?,በሕይወት ላይ የሚመጡ ለውጦች ለዚህ በሽታ መንስኤ ሲሆኑ ይታያል፡፡ እነዚህም የጋብቻ ፍቺን፣ የኑሮ ቦታ መለወጥን፣ ከሥራ መባረርን፣ የቅርብ ወዳጅ ወይም ዘመድ ሞት፣ ከባድ በሽታ የመሳሰሉትን ያካትታል፡፡,በሕይወት ላይ የሚመጡ ለውጦች ለዚህ በሽታ መንስኤ ሲሆኑ ይታያል፡፡ እነዚህም የጋብቻ ፍቺን፣ የኑሮ ቦታ መለወጥን፣ ከሥራ መባረርን፣ የቅርብ ወዳጅ ወይም ዘመድ ሞት፣ ከባድ በሽታ የመሳሰሉትን ያካትታል፡፡
"የድብርት ምልክቶቹ ምንድን ናቸው?

",ሁልጊዜ ማዘንና የባዶነት ስሜት መሰማት፣ለሚወዱት ሥራ ፍላጎት ማጣት,ሁልጊዜ ማዘንና የባዶነት ስሜት መሰማት፣ለሚወዱት ሥራ ፍላጎት ማጣት
የድብርት መከላከያዉ ምንድን ነዉ?,ስሜቶች ከ2 ሳምንት በላይ የተሰማዎት ከሆነ በፍጥነት ወደ አእምሮ ሀኪም ዘንድ ይሂዱ፡፡ ,ስሜቶች ከ2 ሳምንት በላይ የተሰማዎት ከሆነ በፍጥነት ወደ አእምሮ ሀኪም ዘንድ ይሂዱ፡፡ 
ድብርት ሕክምናው ምንድን ነው?,ድብርትን ለማከም/ለማሻል ለአንዳንድ ሰዎች መድኃኒት መውሰድ ፍቱን ነው፡፡ ለሌሎች ደግሞ ከአእምሮ ሐኪም ጋር መማከር የተሻለ ይሠራል፡፡ ,ድብርትን ለማከም/ለማሻል ለአንዳንድ ሰዎች መድኃኒት መውሰድ ፍቱን ነው፡፡ ለሌሎች ደግሞ ከአእምሮ ሐኪም ጋር መማከር የተሻለ ይሠራል፡፡ 
የዘወትር ድካም ችግር ምንድን ነው?,የዘወትር ድካም ችግር ካለብዎት በአብዛኛው ጊዜ በዋናነት የአኗኗር ዘይቤን መቀየር ፍቱን መፍትሄ ነው። ,የዘወትር ድካም ችግር ካለብዎት በአብዛኛው ጊዜ በዋናነት የአኗኗር ዘይቤን መቀየር ፍቱን መፍትሄ ነው። 
የዘወትር ድካም ችግር መከላከያዉ ምንምን ነዉ?,እንቅስቃሴ ማድረግ፣ መውሰድ የሌሉብን ነገሮች አለመውሰድ፣ በቂ እረፍት መውሰድ እና ለጤነት ተስማሚ ምግብ መብላት ከአኗኗር ዘይቤ መቀየር ዋና ዋናዎቹ ናቸው።,እንቅስቃሴ ማድረግ፣ መውሰድ የሌሉብን ነገሮች አለመውሰድ፣ በቂ እረፍት መውሰድ እና ለጤነት ተስማሚ ምግብ መብላት ከአኗኗር ዘይቤ መቀየር ዋና ዋናዎቹ ናቸው።
የድካም ስሜትን ሊዋጉልን የሚችሉ የምግብ አይነቶችን ዘርዝር,"ሙዝ፣አሳ፣ለውዝ፣የደረቁ ፍራፍሬዎች፣አቮካዶ
","ሙዝ፣አሳ፣ለውዝ፣የደረቁ ፍራፍሬዎች፣አቮካዶ
"
ጃርዲያ ምንድን ነዉ?,ጃርዲያ በአይን የማይታይ ጥገኛ ተባይ ሲሆን የሚያሰከትለው የተቅማጥ በሽታ ደግሞ ጃርዲያሲሰ ተብሎ ይጠራል፡፡ ,ጃርዲያ በአይን የማይታይ ጥገኛ ተባይ ሲሆን የሚያሰከትለው የተቅማጥ በሽታ ደግሞ ጃርዲያሲሰ ተብሎ ይጠራል፡፡ 
የጃርዲያ መንስኤ ምንድን ነዉ?,ሰዎች በጃርዲያ የሚለከፉት በተበከለ ውሃና ምግብ ውስጥ የሚገኘውን በራሱ ሽፋን ውስጥ የተደበቀውን ተባይ በሚውጡበት ጊዜ ነው፡፡ ,ሰዎች በጃርዲያ የሚለከፉት በተበከለ ውሃና ምግብ ውስጥ የሚገኘውን በራሱ ሽፋን ውስጥ የተደበቀውን ተባይ በሚውጡበት ጊዜ ነው፡፡ 
የጃርዲያ ምርመራዎች ምንድን ናቸዉ?,አብዛኛውን ጊዜ ግን የሠገራ ምርመራ በማድረግ በአይነምድር ውስጥ ተባዪን በማየት ወይም በማግኘት ሲሆን፡፡ ,አብዛኛውን ጊዜ ግን የሠገራ ምርመራ በማድረግ በአይነምድር ውስጥ ተባዪን በማየት ወይም በማግኘት ሲሆን፡፡ 
የጃርዲያ ህክምናዉ ምንድን ነዉ?,የተለያዩ መድሓኒቶች ለዚህ በሽታ አገልገሎት ላይ ይውላሉ፡፡ ከነዚህም ውስጥ በአገር ቤት ስሙ ሚዝል ተብሎ የሚጠራው ሜትሮናይደዞልን ጨምሮ ቲኒዳዞል፤ ኒታዞክሳናይድ ይገኙበታል፡፡ ,የተለያዩ መድሓኒቶች ለዚህ በሽታ አገልገሎት ላይ ይውላሉ፡፡ ከነዚህም ውስጥ በአገር ቤት ስሙ ሚዝል ተብሎ የሚጠራው ሜትሮናይደዞልን ጨምሮ ቲኒዳዞል፤ ኒታዞክሳናይድ ይገኙበታል፡፡ 
የጃርዲያ መከላከያዉ ምንድን ነዉ?,ወደ አፍ የሚገባ መጠጥና ምግብ በበሽታው ከተለከፉ ሰዎች በሚወጣው አይነምድር አማካኝነት መበከል ስለሆነ የመፀዳጃ ቤቶች መሠራት ከፍተኛ ሚና አለው፡፡ ,ወደ አፍ የሚገባ መጠጥና ምግብ በበሽታው ከተለከፉ ሰዎች በሚወጣው አይነምድር አማካኝነት መበከል ስለሆነ የመፀዳጃ ቤቶች መሠራት ከፍተኛ ሚና አለው፡፡ 
"ጉንፋን ምንድን ነው?
",ጉንፋን ተላላፊ የመተንፈሻ አካላት በሽታ ነው። ,ጉንፋን ተላላፊ የመተንፈሻ አካላት በሽታ ነው። 
ጉንፋን መንስኤ ምንምን ነዉ?,ዝናብ፣ ብርድና መጥፎ ሽታ ለጉንፋን መከሰት የራሳቸውን ድርሻ የሚያበረክቱ ቢሆንም ዋናው የጉንፋን መንስኤ ግን ቫይረስ ነው፡፡ ,ዝናብ፣ ብርድና መጥፎ ሽታ ለጉንፋን መከሰት የራሳቸውን ድርሻ የሚያበረክቱ ቢሆንም ዋናው የጉንፋን መንስኤ ግን ቫይረስ ነው፡፡ 
ጉንፋን የሚያባብሱ ነገሮችን ዘርዝር,አስም ፣ የስኳር በሽታ ፣ ካንሰር እና ሌሎችም ያሉ ሥር የሰደደ በሽታዎችን ሊያባብሰው ይችላል ፡፡  ,አስም ፣ የስኳር በሽታ ፣ ካንሰር እና ሌሎችም ያሉ ሥር የሰደደ በሽታዎችን ሊያባብሰው ይችላል ፡፡  
ጉንፋን ምልክቱ ምንምን ነዉ?,የጡንቻ ህመም ፣ ድካም ፣ ሳል ፣ የጉሮሮ ህመም እና ራስ ምታት ናቸው ፡፡ ,የጡንቻ ህመም ፣ ድካም ፣ ሳል ፣ የጉሮሮ ህመም እና ራስ ምታት ናቸው ፡፡ 
ጉንፋንን ሊያስይዙ የሚችሉ የቫይረስ ዝርያዎች ስንት ይደርሳሉ?,ሁለት መቶ,ሁለት መቶ
ጉንፋን የሚያስከትለው የጤና ችግር ዘርዝር,"ለሳይነስ፣ ለጉሮሮ ኢንፌክሽን፣ ለኒሞኒያና ብሮንካይትስ የማጋለጥ ዕድል አለው፡፡ 

","ለሳይነስ፣ ለጉሮሮ ኢንፌክሽን፣ ለኒሞኒያና ብሮንካይትስ የማጋለጥ ዕድል አለው፡፡ 

"
ጉንፋን ለምን ደጋግሞ ይከሰታል? ,በየጊዜው በጉንፋን እየተያዙ የሚተኙ ሰዎች በሽታን የመከላከል አቅማቸው የተዳከመ መሆኑን የሚያሳይ ምልክት ነው፡፡ ,በየጊዜው በጉንፋን እየተያዙ የሚተኙ ሰዎች በሽታን የመከላከል አቅማቸው የተዳከመ መሆኑን የሚያሳይ ምልክት ነው፡፡ 
"ጉንፋን መድኀኒት አለው?
",ጉንፋንን ሊያድን የሚችል መድኀኒት አለመኖሩን Journal of Medicine ጠቁሟል፡፡ ብዙ ጊዜ ሰዎች በጉንፋን በሚያዙበት ወቅት ፀረ ባክቴሪያ መድኀኒቶችን ይጠቀማሉ፡፡ ,ጉንፋንን ሊያድን የሚችል መድኀኒት አለመኖሩን Journal of Medicine ጠቁሟል፡፡ ብዙ ጊዜ ሰዎች በጉንፋን በሚያዙበት ወቅት ፀረ ባክቴሪያ መድኀኒቶችን ይጠቀማሉ፡፡ 
ጉንፋንን የማከሚያ መንገዶች ዘርዝር,ብዙ ፈሳሾችን መውሰድ፣ ውሃ፣ የፍራፍሬ ጭማቂዎች፣ ሾርባ፣ ሻይና አጥሚት መሰል ትኩስ መጠጦችን ቶሎ ቶሎ መጠጣት,ብዙ ፈሳሾችን መውሰድ፣ ውሃ፣ የፍራፍሬ ጭማቂዎች፣ ሾርባ፣ ሻይና አጥሚት መሰል ትኩስ መጠጦችን ቶሎ ቶሎ መጠጣት
ጉንፋንዎን በቤት ዉስጥ የማከሚያ መንገዶች ዘርዝር,ነጭ ሽንኩርት፣ቀረፋ፣ዝንጅብል፣ማር፣ሎሚ,ነጭ ሽንኩርት፣ቀረፋ፣ዝንጅብል፣ማር፣ሎሚ
ጉንፋን መተላለፍያ መንገዶች ዘርዝር,ጉንፋን የያዘውን ሰው በጨበጥንበት እጅ አፍንጫችንን ፤አፋችንን ወይም አይናችንን በመንካት,ጉንፋን የያዘውን ሰው በጨበጥንበት እጅ አፍንጫችንን ፤አፋችንን ወይም አይናችንን በመንካት
የበቆሎ የጤና በረከቶች ዘርዝር,የኪንታሮት በሽታን ይከላከላል፣እድገትን ያፋጥናል፣ጠቃሚ ማዕድናትን እናገኛለን,የኪንታሮት በሽታን ይከላከላል፣እድገትን ያፋጥናል፣ጠቃሚ ማዕድናትን እናገኛለን
የሰሊጥ የጤና ጥቅም ዘርዝር,በውስጡ ከፍተኛ የሆነ ፕሮቲንን የሚይዝ ስለሆነ ሰሊጥ በምግባችን ውስጥ ማካተት ወይም ዘይቱን መጠቀም የስኮር ህመምን ስጋትን ይቀንሳል ,በውስጡ ከፍተኛ የሆነ ፕሮቲንን የሚይዝ ስለሆነ ሰሊጥ በምግባችን ውስጥ ማካተት ወይም ዘይቱን መጠቀም የስኮር ህመምን ስጋትን ይቀንሳል 
ተልባ ምንድን ነዉ?,ተልባ ከፍተኛ የፋይበርነት ይዘት ያለዉና በጣም ጥሩ የሆነ የኦሜጋ 3 ፋቲአሲድ እንደዲሁም የፕሮቲን፣ የቫይታሚን፣ ካልሲየምና ማግንዚየም ምንጭ ነዉ፡፡,ተልባ ከፍተኛ የፋይበርነት ይዘት ያለዉና በጣም ጥሩ የሆነ የኦሜጋ 3 ፋቲአሲድ እንደዲሁም የፕሮቲን፣ የቫይታሚን፣ ካልሲየምና ማግንዚየም ምንጭ ነዉ፡፡
ተልባ የጤና ጥቅም ዘርዝር,"የኮሌስትሮል መጠንን መቀነስ፣ጤናማ የሆነ የምግብ መፈጨት እንዲኖር ማድረግ፣የቆዳና የፀጉር ጤንነት እንዲኖርዎ ማድረግ
","የኮሌስትሮል መጠንን መቀነስ፣ጤናማ የሆነ የምግብ መፈጨት እንዲኖር ማድረግ፣የቆዳና የፀጉር ጤንነት እንዲኖርዎ ማድረግ
"
ለውዝ ወይም ኦቾሎኒ ለጤናችን ከሚሠጠን ጥቅሞች ዘርዝር,የተለያዩ አይነት ንጥረ ነገሮችን በውስጡ ይዟል፣የማስታወስ ችሎታችንን ይጨምራል፣በሽታ ይከላከላል,የተለያዩ አይነት ንጥረ ነገሮችን በውስጡ ይዟል፣የማስታወስ ችሎታችንን ይጨምራል፣በሽታ ይከላከላል
የሱፍ ዘይት ጥቅም ዘርዝር,"የሱፍ ዘይት በቫይታሚን ኤ,ዲ እና ኢ የበለፀገ ነው፡፡ የሱፍ ዘይት የደም ዝውውርንና የልብ ጤናን ይጠብቃል፡፡ ይህም ሲባል ለልብ ህመም የመጋለጥ እድልን ይቀንሳል፤ ተያያዥ ችግሮችንም ይቀርፋል፡፡ ","የሱፍ ዘይት በቫይታሚን ኤ,ዲ እና ኢ የበለፀገ ነው፡፡ የሱፍ ዘይት የደም ዝውውርንና የልብ ጤናን ይጠብቃል፡፡ ይህም ሲባል ለልብ ህመም የመጋለጥ እድልን ይቀንሳል፤ ተያያዥ ችግሮችንም ይቀርፋል፡፡ "
"ተልባን ከመመገብ የሚገኙ ጥቅሞች ዘርዝር

",ከፍተኛ የአሰር መጠን አለው፣ኮልሰትሮልን ይቀንሳል,ከፍተኛ የአሰር መጠን አለው፣ኮልሰትሮልን ይቀንሳል
"የኑግ  የጤና በረከቶች ዘርዝር
",በቀላሉ  እንቅልፍ እንድንተኛ ይረዳናል፣የልብ ጤንነት ያስተካክላል ,በቀላሉ  እንቅልፍ እንድንተኛ ይረዳናል፣የልብ ጤንነት ያስተካክላል 
ጤፍ ምንድን ነዉ?,ጤፍ ገንቢ ምግብ ነው ፡፡ ከፍተኛ የሆነ ንጥረ ነገሮችን ከመያዙ እና ለጤና ከሚሰጠው ጥቅም የተነሳ ትልቁ-ምግብ (super-food) ይባላል ። ,ጤፍ ገንቢ ምግብ ነው ፡፡ ከፍተኛ የሆነ ንጥረ ነገሮችን ከመያዙ እና ለጤና ከሚሰጠው ጥቅም የተነሳ ትልቁ-ምግብ (super-food) ይባላል ። 
አንድ መቶ ግራም ጤፍ ስንት ካሎሪ ይዟል?,"366 ካሎሪ

","366 ካሎሪ

"
አንድ መቶ ግራም ጤፍ ስንት ግራም ፕሮቲን ይዟል?,"12.2 ግራም ፕሮቲን



","12.2 ግራም ፕሮቲን



"
አንድ መቶ ግራም ጤፍ ስንት ግራም ካርቦሀይድሬት ይዟል?,"70.7 ግራም ካርቦሀይድሬት
","70.7 ግራም ካርቦሀይድሬት
"
አንድ መቶ ግራም ጤፍ ስንት ግራም ፋይበር ይዟል?,"12.2 ግራም ፋይበር

","12.2 ግራም ፋይበር

"
አንድ መቶ ግራም ጤፍ ስንት አይረን ይዟል?,"37% የቀን ፍላጎት የብረት ንጥረ ነገር (Iron)

","37% የቀን ፍላጎት የብረት ንጥረ ነገር (Iron)

"
አንድ መቶ ግራም ጤፍ ስንት ግራም ስብ ይዟል?,3.7 ግራም ስብ,3.7 ግራም ስብ
አንድ መቶ ግራም ጤፍ ስንት ካልሽየም ይዟል?,11% የቀን ፍላጎት የካልሽየም ንጥረ ነገር ይዟል ።,11% የቀን ፍላጎት የካልሽየም ንጥረ ነገር ይዟል ።
የጤፍ የጤና ጥቅሞች ዘርዝር,ጤፍ የመዳብ ፣ ማግኒዥየም ፣ ፖታሲየም ፣ ፎስፈረስ ፣ ማንጋኒዝ ፣ ዚንክ እና ሴሊኒየም ጥሩ ምንጭ ነው ። በተጨማሪም ፣ በሰውነትዎ ውስጥ የፕሮቲን ገንዳዎች የሆኑትን ሁሉንም አስፈላጊ አሚኖ አሲዶች እጅግ በጣም ጥሩ የፕሮቲን ምንጭ ነው።,ጤፍ የመዳብ ፣ ማግኒዥየም ፣ ፖታሲየም ፣ ፎስፈረስ ፣ ማንጋኒዝ ፣ ዚንክ እና ሴሊኒየም ጥሩ ምንጭ ነው ። በተጨማሪም ፣ በሰውነትዎ ውስጥ የፕሮቲን ገንዳዎች የሆኑትን ሁሉንም አስፈላጊ አሚኖ አሲዶች እጅግ በጣም ጥሩ የፕሮቲን ምንጭ ነው።
የጥርስ መቦርቦር ምንድን ነዉ?,የጥርስ መቦርቦር የሚከሰተው በአፋችን ውስጥ የሚገኙ ባክቴሪያዎች ጥርሳችንን የሚያበሰብሱ አሲዶችን በሚያመነጩበት ጊዜ ነው,የጥርስ መቦርቦር የሚከሰተው በአፋችን ውስጥ የሚገኙ ባክቴሪያዎች ጥርሳችንን የሚያበሰብሱ አሲዶችን በሚያመነጩበት ጊዜ ነው
"ለጥርስ መቦርቦር የሚያጋልጡ ሁኔታዎች ዘርዝር

",ጥርስን በሚገባና በመደበኛ ሁኔታ አለማፅዳት፣ጣፋጭነት የበዛባቸው ምግቦች ማዘውተር,ጥርስን በሚገባና በመደበኛ ሁኔታ አለማፅዳት፣ጣፋጭነት የበዛባቸው ምግቦች ማዘውተር
የጥርስ መቦርቦር ምልክቶች ምንምን ናቸዉ?,በጥርስ ላይ ነጭ ፣ ግራጫ ፣ ቡኒ ወይንም ጥቁር ቀለማት የያዙ የተቦረቦሩ ቦታዎች መኖር ናቸው ።,በጥርስ ላይ ነጭ ፣ ግራጫ ፣ ቡኒ ወይንም ጥቁር ቀለማት የያዙ የተቦረቦሩ ቦታዎች መኖር ናቸው ።
የጥርስ መቦርቦርን እንዴት እንከላከል? ,"ጥርስዎን በቀን ውስጥ ቢያንስ ሁለት ጊዜ፣በማንኛው ግዜ ምግብ ከተመገቡ በኃላ አፍዎን በንፁህ ውሀ በሚገባ መጉመጥመጥ
","ጥርስዎን በቀን ውስጥ ቢያንስ ሁለት ጊዜ፣በማንኛው ግዜ ምግብ ከተመገቡ በኃላ አፍዎን በንፁህ ውሀ በሚገባ መጉመጥመጥ
"
"የጥርስ ህመምን በቤት ውስጥ በቀላሉ ማስታገሻ መንገዶች ዘርዝር

",ነጭ ሽንኩርት፣ ቀይ ሽንኩርት፣የቅርንፉድ ዘይት,ነጭ ሽንኩርት፣ ቀይ ሽንኩርት፣የቅርንፉድ ዘይት
"የጥርሳችንን ቀለም ሊቀየሩ የሚችሉ ነገሮች ምንድን ናቸው?
",አልኮል መጠጣና ሲጋራ ማጤስ፤በየቀኑ አለማፅዳት፤የእድሜ መግፋት,አልኮል መጠጣና ሲጋራ ማጤስ፤በየቀኑ አለማፅዳት፤የእድሜ መግፋት
የጥርስ መቦርቦር መፍትሄዉ ምንድን ነዉ?,“Family Dental” ድህረ ገፅ ላይ እንደተገለፀው የሙዝ ልጣጭ ውስጠኛው ክፍል ላይ ባሉት ንጥረ ነገሮች አማካኝነት ጥርስን ወደቀድሞ ንጣቱ መመለስ ይቻላል፡፡ ,“Family Dental” ድህረ ገፅ ላይ እንደተገለፀው የሙዝ ልጣጭ ውስጠኛው ክፍል ላይ ባሉት ንጥረ ነገሮች አማካኝነት ጥርስን ወደቀድሞ ንጣቱ መመለስ ይቻላል፡፡ 
"ለጥርስ ህመም እርስዎ ሊተገብሩት የሚችሉን ዘርዝር

",ሞቅ ባለ ዉሀ አፍዎትን መጉመጥምጥ፣በጥርስ መጎርጎሪያ በጥርስዎት መካካል የቀሩ የምግብ ትራፊዎችን ማዉጣት,ሞቅ ባለ ዉሀ አፍዎትን መጉመጥምጥ፣በጥርስ መጎርጎሪያ በጥርስዎት መካካል የቀሩ የምግብ ትራፊዎችን ማዉጣት
ለጥርስ ህመም ወደ ጥርስ ህክምና መሄድ ያለብዎት መቸ ነዉ?,"የእንፌክሽን ምልክቶች ካለዎት ለምሳሌ እብጠት ካለ፤ ምግብ ሲመገቡ ህመም ካለ፤ የድድ መቅላት ወይም ሽታ ያለዉ ፈሳሽ   ካለዎት ሀኪም ያማክሩ
","የእንፌክሽን ምልክቶች ካለዎት ለምሳሌ እብጠት ካለ፤ ምግብ ሲመገቡ ህመም ካለ፤ የድድ መቅላት ወይም ሽታ ያለዉ ፈሳሽ   ካለዎት ሀኪም ያማክሩ
"
የድድ እንፌክሽን ምንድን ነዉ?,የድድ ችግር በማንኛዉም ሰዉ ላይ ሊከሰት የሚችል ነዉ:: ጄንጅቫይትስ (የድድ እንፌክሽን) ብዙ ጊዜ የሚከሰት የድድ/የጥርስ ዙሪያ ላይ ህመም ሲሆን መቆጥቆጥ፣ ቅላትና እብጠት በድድዎ ላይ እንዲከሰት ያደርጋል:: ,የድድ ችግር በማንኛዉም ሰዉ ላይ ሊከሰት የሚችል ነዉ:: ጄንጅቫይትስ (የድድ እንፌክሽን) ብዙ ጊዜ የሚከሰት የድድ/የጥርስ ዙሪያ ላይ ህመም ሲሆን መቆጥቆጥ፣ ቅላትና እብጠት በድድዎ ላይ እንዲከሰት ያደርጋል:: 
ጤናማ ድድ ምልክቱ ምንድን ነዉ?,ጤናማ ድድ ጠንካራና ቀላ ያለ ሮዝ ቀለም ያለዉ ,ጤናማ ድድ ጠንካራና ቀላ ያለ ሮዝ ቀለም ያለዉ 
የድድ እንፌክሽን ምልክቱ ምንምን ነዉ?,"የድድ እብጠት፣ልልና የተነፋ ድድ፣አንዳንዴ ሲነካ ህመም መኖር
","የድድ እብጠት፣ልልና የተነፋ ድድ፣አንዳንዴ ሲነካ ህመም መኖር
"
የድድ እንፌክሽን ምክነያት ምንድን ነዉ?,ጄንጅቫይትስ በብዛት የሚከሰተዉ የአፍ ዉስጥ ንፅህናን በደንብ በማይጠብቁና በዚህ የተነሳ በድድና ጥርስ ላይ የሚጋገር ነገር/ plaque/ እንዲፈጠር እድል የሚፈጥሩት ሰዎች ላይ ነዉ:: ,ጄንጅቫይትስ በብዛት የሚከሰተዉ የአፍ ዉስጥ ንፅህናን በደንብ በማይጠብቁና በዚህ የተነሳ በድድና ጥርስ ላይ የሚጋገር ነገር/ plaque/ እንዲፈጠር እድል የሚፈጥሩት ሰዎች ላይ ነዉ:: 
የድድ እንፌክሽን ተጋላጭነትን የሚጨምሩ ነገሮች ዘርዝር,"የአፍ ጤንነታቸዉን/ ንፅህናቸዉን በደንብ በማይጠብቁ፣ሲጋራ በሚያጨሱ ሰዎች ላይ፣የስኳር ህመም
","የአፍ ጤንነታቸዉን/ ንፅህናቸዉን በደንብ በማይጠብቁ፣ሲጋራ በሚያጨሱ ሰዎች ላይ፣የስኳር ህመም
"
የድድ እንፌክሽን ህክምናዉ ምንድን ነዉ?,ለህመሙ የሚደረግ ህክምና የህመም ምልክቶቹን ከመቀነስ ባሻገር ህመሙ ወደከፋ ደረጃ እንዳይሄድና የጥርስ መዉለቅን ሊከላከል ይችላል:: ,ለህመሙ የሚደረግ ህክምና የህመም ምልክቶቹን ከመቀነስ ባሻገር ህመሙ ወደከፋ ደረጃ እንዳይሄድና የጥርስ መዉለቅን ሊከላከል ይችላል:: 
የድድ እንፌክሽን በቤት ዉስጥ ህክምናዉ ምንድን ነዉ?,የጥርስ ህክምና ባለሙያዉ በሚያዘዉ መሰረት መደበኛ የሆነ የጥርስ እጥበት ማካሄድ,የጥርስ ህክምና ባለሙያዉ በሚያዘዉ መሰረት መደበኛ የሆነ የጥርስ እጥበት ማካሄድ
ሙዝ ምንድን ነዉ?,ሙዝ ሶስት የተፈጠሮ ስኳሮችን (ማለትም ሱክሮስ፣ ፍሩክቶስ እና ግሉኮስ) ከፋይበር ጋር አጣምሮ ይዟል:: ,ሙዝ ሶስት የተፈጠሮ ስኳሮችን (ማለትም ሱክሮስ፣ ፍሩክቶስ እና ግሉኮስ) ከፋይበር ጋር አጣምሮ ይዟል:: 
የሙዝ አስደናቂ የጤና በረከቶች ዘርዝር,"የአንጀት ቁስለትን ይከላልከላል፣አእምሮ እንዲነቃቃ ያግዛል፣የደም ማነስ ችግርን ያስዎግዳል
","የአንጀት ቁስለትን ይከላልከላል፣አእምሮ እንዲነቃቃ ያግዛል፣የደም ማነስ ችግርን ያስዎግዳል
"
አንድ ሙዝ በውስጡ የአፕልን ስንት ፕሮቲን የያዘ ነው?,"4 እጥፍ ፕሮቲን

","4 እጥፍ ፕሮቲን

"
አንድ ሙዝ በውስጡ የአፕልን ስንት ካርቦሃይድረት የያዘ ነው?,"2 እጥፍ ካርቦሃይድረት
","2 እጥፍ ካርቦሃይድረት
"
አንድ ሙዝ በውስጡ የአፕልን ስንት ፎስፈረስ የያዘ ነው?,"3 እጥፍ ፎስፈረስ
","3 እጥፍ ፎስፈረስ
"
አንድ ሙዝ በውስጡ የአፕልን ስንት ብረት የያዘ ነው?,"5 እጥፍ vit A እና ብረት (IRON)
","5 እጥፍ vit A እና ብረት (IRON)
"
አንድ ሙዝ በውስጡ የአፕልን ስንት ፖታሽየም የያዘ ነው?,ከፍተኛ የሆነ ፖታሽየም የያዘ ነው::,ከፍተኛ የሆነ ፖታሽየም የያዘ ነው::
"የዘይቱን ጥቅም ዘርዝር

",በውስጡ ቫይታሚን ኤ፣ሲ፣ፖታሺየም፣ኮፐር፣ፕሮቲን እና ሌሎች እጅግ ጠቃሚ የሆኑ ንጥረ ነገሮችን ይይዛል,በውስጡ ቫይታሚን ኤ፣ሲ፣ፖታሺየም፣ኮፐር፣ፕሮቲን እና ሌሎች እጅግ ጠቃሚ የሆኑ ንጥረ ነገሮችን ይይዛል
"የኮክ የጤና ጥቅሞች ዘርዝር

",የካሎሪ መጠኑ አነስተኛ ስለሆነ የሰውነት ክብደት መጨመር የማይፈልጉ ሰዎች ላይ በስርአተ ምግባቸው ቢያካቱት ይመከራ። (አንድ ተለቅ ያለ ኮክ በውስጡ እስከ 68 ካሎሪ ይይዛል።,የካሎሪ መጠኑ አነስተኛ ስለሆነ የሰውነት ክብደት መጨመር የማይፈልጉ ሰዎች ላይ በስርአተ ምግባቸው ቢያካቱት ይመከራ። (አንድ ተለቅ ያለ ኮክ በውስጡ እስከ 68 ካሎሪ ይይዛል።
የፓፓያ የጤና ጥቅሞች ዘርዝር,"የሞቱ የቆዳ ሴሎችን ለማስወገድ ይረዳል፣የቆዳ ድርቀትን ይከላከላል፡፡ 
","የሞቱ የቆዳ ሴሎችን ለማስወገድ ይረዳል፣የቆዳ ድርቀትን ይከላከላል፡፡ 
"
የሎሚ የጤና ጥቅሞች ዘርዝር,የሎሚ ጭማቂ በውሃ ቀላቅሎ መጠጣት ሰውነታችን የአሲድ አልካላይን ሚዛኑን ለመጠበቅ ይረዳዋል፡፡,የሎሚ ጭማቂ በውሃ ቀላቅሎ መጠጣት ሰውነታችን የአሲድ አልካላይን ሚዛኑን ለመጠበቅ ይረዳዋል፡፡
የሃባብ የጤና ጥቅሞች ዘርዝር,"ለሰውነት እጅግ አስፈላጊ የሆኑ ቪታሚኖችን፣ ማዕድንና ሳይበዛ ለሰውነት በሚያስፈልግ መጠን ካሎሪንም የያዘ ተወዳጅ ፍራፍሬ ነው።
","ለሰውነት እጅግ አስፈላጊ የሆኑ ቪታሚኖችን፣ ማዕድንና ሳይበዛ ለሰውነት በሚያስፈልግ መጠን ካሎሪንም የያዘ ተወዳጅ ፍራፍሬ ነው።
"
"የቃርያ የጤና ጥቅሞች ዘርዝር
","ቫይታሚን ኤ ዋነኛ ከሚባሉ ቃርያ ውስጥ ከሚገኙ ንጥረ ነገሮች ስለሆነ እና ለአይን ጥራት እና ጤናማነት ከፍተኛ ሚናን ስለሚጫወት ቃርያን መመገብ ጠቀሜታን ይሰጣል።
","ቫይታሚን ኤ ዋነኛ ከሚባሉ ቃርያ ውስጥ ከሚገኙ ንጥረ ነገሮች ስለሆነ እና ለአይን ጥራት እና ጤናማነት ከፍተኛ ሚናን ስለሚጫወት ቃርያን መመገብ ጠቀሜታን ይሰጣል።
"
"የአቮካዶ የጤና ጥቅሞች ዘርዝር
","በሰውነታችን የሚገኝን የኮሌስትቶል መጠን ዝቅ በማድረግ ረገድ አቻ የለውም
","በሰውነታችን የሚገኝን የኮሌስትቶል መጠን ዝቅ በማድረግ ረገድ አቻ የለውም
"
የቀይ ሽንኩርት የጤና ጥቅሞች ዘርዝር,"የሰውነትን ከበሽታ የመከላከል አቅም ያሳድጋል፣በውስጡ ክሩሚየም የተባለ ንጥረነገር አለው። ይህ ንጥረነገር የደም ግፊትንና ስኳርን ይቆጣጠራል።
","የሰውነትን ከበሽታ የመከላከል አቅም ያሳድጋል፣በውስጡ ክሩሚየም የተባለ ንጥረነገር አለው። ይህ ንጥረነገር የደም ግፊትንና ስኳርን ይቆጣጠራል።
"
"የድንች የጤና ጥቅሞች ዘርዝር

",ለጨጓራ ህመም ፈውስ፣ለደምግፊት፣ለካንሰር፣ለኩላሊት,ለጨጓራ ህመም ፈውስ፣ለደምግፊት፣ለካንሰር፣ለኩላሊት
የአትክልት እና ፍራፍሬ የጤና ጥቅሞች ዘርዝር,አትክልቶች እና ፍራፍሬዎች ጥሩ የ ቫይታሚን የሚነራል ምንጭ ናቸው። በውስጣቸው በያዙት ቫይታሚን A፣ ቫይታሚንK፣ፎሌት ፣ ቫይታሚንB6፣ ፣ ቫይታሚን c እና ሊሎችም በሽታን የመከላከል አቅም አላቸው፡፡ ,አትክልቶች እና ፍራፍሬዎች ጥሩ የ ቫይታሚን የሚነራል ምንጭ ናቸው። በውስጣቸው በያዙት ቫይታሚን A፣ ቫይታሚንK፣ፎሌት ፣ ቫይታሚንB6፣ ፣ ቫይታሚን c እና ሊሎችም በሽታን የመከላከል አቅም አላቸው፡፡ 
"የአናናስ ጁስ የጤና ጥቅሞች ዘርዝር

",በሽታ የመከላከል አቅምን ያጎለብታል፣ለምግብ ልመት ይጠቅማል,በሽታ የመከላከል አቅምን ያጎለብታል፣ለምግብ ልመት ይጠቅማል
"የሎሚ ጭማቂ የጤና ጥቅሞች ዘርዝር

",ጉበትና ኩላሊትን ለማጽዳት፣የምግብ ፍላጐትን ለመቀነስ፣ማቅለሽለሽ፣ ማስመለስን እና የጉዞ ላይ ህመምን ለመቀነስ።,ጉበትና ኩላሊትን ለማጽዳት፣የምግብ ፍላጐትን ለመቀነስ፣ማቅለሽለሽ፣ ማስመለስን እና የጉዞ ላይ ህመምን ለመቀነስ።
ፕሪም የጤና ጥቅሞች ዘርዝር,የሆድ ድርቀትን ይከላከላል፣ጤነኛ አጥንት እንዲኖረን ያደርጋል፣ቆዳችንን ያሳምራል,የሆድ ድርቀትን ይከላከላል፣ጤነኛ አጥንት እንዲኖረን ያደርጋል፣ቆዳችንን ያሳምራል
"አፕል የጤና ጥቅሞች ዘርዝር
 
",መጥፎ ኮሌስትሮልን ይቀንሳል፣የአልዛይመር በሽታን ይከላከላል፣በስኳር በሽታ የመያዝ እድላችንን ይቀንሳል፡፡,መጥፎ ኮሌስትሮልን ይቀንሳል፣የአልዛይመር በሽታን ይከላከላል፣በስኳር በሽታ የመያዝ እድላችንን ይቀንሳል፡፡
ሙዝ ለውበታችን ያለዉን ጥቅም ዘርዝር,ሙዝ ቫይታሚን ኤ ስላለው የፊታችን ቆዳ ወዝ እንዲኖረው ያደርጋል፡፡እንዲሁም በድርቀት የተጎዳን ቆዳ ይጠግናል፡፡,ሙዝ ቫይታሚን ኤ ስላለው የፊታችን ቆዳ ወዝ እንዲኖረው ያደርጋል፡፡እንዲሁም በድርቀት የተጎዳን ቆዳ ይጠግናል፡፡
የብርቱካን የጤና ጥቅሞች ዘርዝር,በሽታ የመከላከል ስርዓትን ይረዳል፣የቆዳውን ገጽታ ያሻሽላል፣ኮሌስትሮልን ይቀንሳል,በሽታ የመከላከል ስርዓትን ይረዳል፣የቆዳውን ገጽታ ያሻሽላል፣ኮሌስትሮልን ይቀንሳል
የማንጎ የጤና ጥቅሞች ዘርዝር,"ካንሰርን ይከላከላል፣ ከአንጀት፣ ከጡት፣ከደም እና ከፕሮስቴት ካንሰር ለመጠበቅ ይረዳል።የኮሌስትሮል መጠንን ይቀንሳል
","ካንሰርን ይከላከላል፣ ከአንጀት፣ ከጡት፣ከደም እና ከፕሮስቴት ካንሰር ለመጠበቅ ይረዳል።የኮሌስትሮል መጠንን ይቀንሳል
"
"ሄፓታይተስ ቢ ምንድን ነው?
",ሄፓታይትስ ሲ የጉበት ህመምን ከሚያመጡ የጉበት ቫይረስ አይነቶች አንዱ ሲሆን በጉበት ላይ በአጭር ጊዜ ምልክት የሚያሳይ ወይም ለረጅም ጊዜ የሚቆይ የጉበት ላይ እንፌክሽን እንዲከሰት ያደርጋል፡፡ ,ሄፓታይትስ ሲ የጉበት ህመምን ከሚያመጡ የጉበት ቫይረስ አይነቶች አንዱ ሲሆን በጉበት ላይ በአጭር ጊዜ ምልክት የሚያሳይ ወይም ለረጅም ጊዜ የሚቆይ የጉበት ላይ እንፌክሽን እንዲከሰት ያደርጋል፡፡ 
ሄፓታይተስ ቢ ምክነያት ምንድን ነዉ?,ሄፓታይተስ ቢ በ ሄፓታይተስ ቢ ቫይረስ አማካይነት የሚከሰት በሽታ ነው። ,ሄፓታይተስ ቢ በ ሄፓታይተስ ቢ ቫይረስ አማካይነት የሚከሰት በሽታ ነው። 
ሄፓታይተስ ቢ እንዴት ይተላለፋል? ,ሰዎች ቫይረሱን ከተሸከመ ሰው ደም ጋር ሲነካኩ ሄፓታይተስ ቢ ይይዛቸዋል። ,ሰዎች ቫይረሱን ከተሸከመ ሰው ደም ጋር ሲነካኩ ሄፓታይተስ ቢ ይይዛቸዋል። 
ሄፓታይተስ ቢ የማይተላለፍባቸዉን መንገዶች ዘርዝር,ሄፓታይተስ ቢ በጡት ማጥባት፣ በመተቃቀፍ፣ በመሳሳም፣ እጅ ለእጅ በመያያዝ፣ በማሳል ወይም በማስነጠስ አይተላለፍም።,ሄፓታይተስ ቢ በጡት ማጥባት፣ በመተቃቀፍ፣ በመሳሳም፣ እጅ ለእጅ በመያያዝ፣ በማሳል ወይም በማስነጠስ አይተላለፍም።
ሄፓታይተስ ቢ ያለባቸው ሰዎች የህመም ስሜት ይሰማቸዋል? ,ብዙ ሰዎች ሄፓታይተስ ቢ እያለባቸው ለብዙ አመታት ህመም ሳይሰማቸው ሊኖሩ ይችላሉ። በጊዜ ሂደት ውስጥ ሄፓታይተስ ቢ ለጉበት መበላሸት፣ ለጉበት ስራ ማቆም እና ለጉበት ካንሰር ሊዳርግ ይችላል። ,ብዙ ሰዎች ሄፓታይተስ ቢ እያለባቸው ለብዙ አመታት ህመም ሳይሰማቸው ሊኖሩ ይችላሉ። በጊዜ ሂደት ውስጥ ሄፓታይተስ ቢ ለጉበት መበላሸት፣ ለጉበት ስራ ማቆም እና ለጉበት ካንሰር ሊዳርግ ይችላል። 
ሄፓታይተስ ቢ የሚተላለፍባቸዉን መንገዶች ዘርዝር,ሄፓታይተስ ቢ ኤችአይቪ በሚተላለፍበት መንገድ የሚተላለፍ ቢሆንም በቀላሉ የሚሰራጭ ነው።,ሄፓታይተስ ቢ ኤችአይቪ በሚተላለፍበት መንገድ የሚተላለፍ ቢሆንም በቀላሉ የሚሰራጭ ነው።
የወፍ በሽታ ምንድን ነው?,በሀገራችን በተለምዶ የወፍ በሽታ ተብሎ የሚታወቀው፣ የጉበት በሽታ በማስከተል ከሚታወቁ ብዛት ያላቸው ቫይረሶች አንዱ በሆነው በሔፓታይትሰ ኤ ቫይረስ (Hepatitis A) የሚነሳው በሽታ ነው፡፡,በሀገራችን በተለምዶ የወፍ በሽታ ተብሎ የሚታወቀው፣ የጉበት በሽታ በማስከተል ከሚታወቁ ብዛት ያላቸው ቫይረሶች አንዱ በሆነው በሔፓታይትሰ ኤ ቫይረስ (Hepatitis A) የሚነሳው በሽታ ነው፡፡
የወፍ በሽታ የሚተላለፍባቸዉን መንገዶች ዘርዝር,ህሙማኑ የነኩትን ምግብና መጠጥ ከተመገቡ በቫይረሱ በቀላሉ ሊያዙ ይችላሉ፡፡,ህሙማኑ የነኩትን ምግብና መጠጥ ከተመገቡ በቫይረሱ በቀላሉ ሊያዙ ይችላሉ፡፡
ጉበት ምንድን ነው?,ጉበት ከደም ውስጥ መርዛማ ነገሮችን የሚያጣራና ቢያንስ ቢያንስ 500 የሚሆኑ ሌሎች አስፈላጊ ተግባራትን የሚያከናውን ስራ ብዙ አባለ አካል እንደሆነ ይታወቃል። ,ጉበት ከደም ውስጥ መርዛማ ነገሮችን የሚያጣራና ቢያንስ ቢያንስ 500 የሚሆኑ ሌሎች አስፈላጊ ተግባራትን የሚያከናውን ስራ ብዙ አባለ አካል እንደሆነ ይታወቃል። 
የሄፕታይተስ መንስኤ ምንድን ነዉ?,ሄፕታይተስ አልኮል አብዝቶ በመጠጣት ወይም መርዛማ ለሆኑ ነገሮች በመጋለጥ ሳቢያም ሊመጣ ይችላል። ይሁን እንጂ አብዛኛውን ጊዜ ለሄፕታይተስ መንስኤ የሚሆኑት ቫይረሶች ናቸው።,ሄፕታይተስ አልኮል አብዝቶ በመጠጣት ወይም መርዛማ ለሆኑ ነገሮች በመጋለጥ ሳቢያም ሊመጣ ይችላል። ይሁን እንጂ አብዛኛውን ጊዜ ለሄፕታይተስ መንስኤ የሚሆኑት ቫይረሶች ናቸው።
ሄፕታይተስ የሚያመጡ ስንት ዓይነት ቫይረሶች አሉ?,ሄፕታይተስ የሚያመጡ አምስት ዓይነት ቫይረሶች እንዳሉ የሚታወቅ ሲሆን በስፋት የታወቁት ሄፕታይተስ ኤ፣ ቢ እና ሲ የሚባሉት ሦስቱ የቫይረስ ዓይነቶች ናቸው። ,ሄፕታይተስ የሚያመጡ አምስት ዓይነት ቫይረሶች እንዳሉ የሚታወቅ ሲሆን በስፋት የታወቁት ሄፕታይተስ ኤ፣ ቢ እና ሲ የሚባሉት ሦስቱ የቫይረስ ዓይነቶች ናቸው። 
የጉበት ቫይረሶችን ዘርዝር,"A, B, C, D, E የሚባሉ የጉበት ቫይረሶች አሉ። ","A, B, C, D, E የሚባሉ የጉበት ቫይረሶች አሉ። "
የጉበት ቫይረሶች እንዴት ይተላለፋሉ?,የጉበት ቫይረሶች በግብረ ስጋ ግንኙነት ፣ በደም እና ሌሎች የሰውነት ፈሳሾች ንክኪ ፣ ስለት ነገሮችን በጋራ መጠቀም ይተላለፋሉ ።,የጉበት ቫይረሶች በግብረ ስጋ ግንኙነት ፣ በደም እና ሌሎች የሰውነት ፈሳሾች ንክኪ ፣ ስለት ነገሮችን በጋራ መጠቀም ይተላለፋሉ ።
ሄፕታይተስ C የጉበት ቫይረስ ምንድን ነዉ?,60%-70% የሚሆነው የረዥም ጊዜ የጉበት ቫይረስ በሽታ የሚመጣው በ ሄፕታይተስ  C ሲሆን ,60%-70% የሚሆነው የረዥም ጊዜ የጉበት ቫይረስ በሽታ የሚመጣው በ ሄፕታይተስ  C ሲሆን 
ሄፕታይተስ B የጉበት ቫይረስ ምንድን ነዉ?,"ከ20%-30% የሚሆነው የረዥም ጊዜ የጉበት ቫይረስ በሽታ በ ሄፕታይተስ  B ይመጣል ።
","ከ20%-30% የሚሆነው የረዥም ጊዜ የጉበት ቫይረስ በሽታ በ ሄፕታይተስ  B ይመጣል ።
"
ሄፕታይተስ D የጉበት ቫይረስ ምንድን ነዉ?,"ሄፕታይተስ  D የረዥም ጊዜ የጉበት ቫይረስ በሽታ የሚያመጣው ከ ሄፕታይተስ B ቫይረስ ጋር ሲሆን ብቻ ነው።

","ሄፕታይተስ  D የረዥም ጊዜ የጉበት ቫይረስ በሽታ የሚያመጣው ከ ሄፕታይተስ B ቫይረስ ጋር ሲሆን ብቻ ነው።

"
ሄፕታይተስ E የጉበት ቫይረስ ምንድን ነዉ?,"ሄፕታይተስ  E በሽታ የመከላከል አቅማቸው ደካማ በሆኑ ሰዎች ማለትም የሰውነት አካል ነቅለ ተከላ ባካሄዱ፣ የካንሰር ህክምና እና የ ኤችአይቪ ተጠቂዎች ላይ አልፎ አልፎ የረዥም ጊዜ የጉበት ቫይረስ በሽታ ያመጣል ።
","ሄፕታይተስ  E በሽታ የመከላከል አቅማቸው ደካማ በሆኑ ሰዎች ማለትም የሰውነት አካል ነቅለ ተከላ ባካሄዱ፣ የካንሰር ህክምና እና የ ኤችአይቪ ተጠቂዎች ላይ አልፎ አልፎ የረዥም ጊዜ የጉበት ቫይረስ በሽታ ያመጣል ።
"
ሄፕታይተስ A የጉበት ቫይረስ ምንድን ነዉ?,ሄፕታይተስ  A የረዥም ጊዜ የጉበት ቫይረስ በሽታ አያስከትልም ። በነዚህ ቫይረሶች የተጠቃ ሰው ብዙ ጊዜ ህመሙ ወደከፋ ደረጃ ከመድረሱ ማለትም የጉበት መኮማተር እና የጉበት ካንሰር ከማምጣታቸው በፊት ምንም አይነት ምልክት ላይኖራቸው ይችላል ።,ሄፕታይተስ  A የረዥም ጊዜ የጉበት ቫይረስ በሽታ አያስከትልም ። በነዚህ ቫይረሶች የተጠቃ ሰው ብዙ ጊዜ ህመሙ ወደከፋ ደረጃ ከመድረሱ ማለትም የጉበት መኮማተር እና የጉበት ካንሰር ከማምጣታቸው በፊት ምንም አይነት ምልክት ላይኖራቸው ይችላል ።
"ሰዎች ሄፓታይተስ ቢ እንዳለባቸው እንዴት ያውቃሉ?
",ሰዎች ሄፓታይተስ ቢ እንዳለባቸው የሚያውቁበት ብቸኛ መንገድ ሄፓታይተስ ቢ እንዳለባቸው የደም ምርመራ ሲያደርጉ ብቻ ነው። ,ሰዎች ሄፓታይተስ ቢ እንዳለባቸው የሚያውቁበት ብቸኛ መንገድ ሄፓታይተስ ቢ እንዳለባቸው የደም ምርመራ ሲያደርጉ ብቻ ነው። 
ሄፓታይተስ ቢ ምርመራዎች ምንድን ናቸዉ?,ከእጅ ላይ ትንሽ ደም መቅዳት የሚፈልግ ነው። ሰዎች ሀኪማቸውን ለሄፓታይተስ ቢ ምርመራ ማድረግ እንዳለባቸው እና እንደሌለባቸው መጠየቅ ይኖርባቸዋል።,ከእጅ ላይ ትንሽ ደም መቅዳት የሚፈልግ ነው። ሰዎች ሀኪማቸውን ለሄፓታይተስ ቢ ምርመራ ማድረግ እንዳለባቸው እና እንደሌለባቸው መጠየቅ ይኖርባቸዋል።
"ለሄፓታይተስ ቢ ምርመራ ማድረግ ያለበት ማን ነው?

",ኢትዮጵያ እና ሌሎች አፍሪካ ሀገሮች ውስጥ የተወለዱ ሰዎች፣ሄፓታይተስ ቢ ካለበት ሰው ጋር የሚኖሩ ሰዎች,ኢትዮጵያ እና ሌሎች አፍሪካ ሀገሮች ውስጥ የተወለዱ ሰዎች፣ሄፓታይተስ ቢ ካለበት ሰው ጋር የሚኖሩ ሰዎች
ሰዎች ለምንድን ነው ሄፓታይተስ ቢ ምርመራ ማድረግ ያለባቸው?,ሄፓታይተስ ቢ እንዳለባቸው የሚያውቁ ሰዎች ቫይረሱ ወደ ሌላ ሰው እንዳይተላለፍ እርምጃዎችን መውሰድ ይችላሉ፣ ማለትም ሄፓታይተስ ቢ ከሌለበት ሰው ጋር በግብረ ስጋ ግንኙነት ጊዜ ኮንዶምን መጠቀም። ,ሄፓታይተስ ቢ እንዳለባቸው የሚያውቁ ሰዎች ቫይረሱ ወደ ሌላ ሰው እንዳይተላለፍ እርምጃዎችን መውሰድ ይችላሉ፣ ማለትም ሄፓታይተስ ቢ ከሌለበት ሰው ጋር በግብረ ስጋ ግንኙነት ጊዜ ኮንዶምን መጠቀም። 
በሄፓታይተስ ቢ የበለጠ ሊጠቃ የሚችለው ማነው? ,ያገቡ ወይም ሄፓታይተስ ቢ ካለበት ሰው ጋር በቅርበት የሚኖሩ፤ ይህ አዋቂዎችን እና ህፃናትንም ይጨምራል፡፡,ያገቡ ወይም ሄፓታይተስ ቢ ካለበት ሰው ጋር በቅርበት የሚኖሩ፤ ይህ አዋቂዎችን እና ህፃናትንም ይጨምራል፡፡
"በሄፓታይተስ ቢ ክትባት ላይ የቀረቡ ምክረ ሐሳቦች ምንድን ናቸው?
",የሄፓታይተስ ቢ ክትባት ለሁሉም ጨቅላ ህፃናትና እድሜያቸው እስከ 18 ዓመት ለሆናቸው የሚመከር መሆኑን አለም አቀፉ የጤና ድርጅትእና በአሜሪካ ያለው በሽታን የመከላከልና የመቆጣጠር ማዕከል አሳውቀዋል፡፡ ,የሄፓታይተስ ቢ ክትባት ለሁሉም ጨቅላ ህፃናትና እድሜያቸው እስከ 18 ዓመት ለሆናቸው የሚመከር መሆኑን አለም አቀፉ የጤና ድርጅትእና በአሜሪካ ያለው በሽታን የመከላከልና የመቆጣጠር ማዕከል አሳውቀዋል፡፡ 
"የሄፓታይተስ ቢ ከትባት አስተማማኝ ነው?

",አዎ የሄፓታይተስ ቢ ክትባት አስተማማኝ እና ውጤታማ ነው፡፡  ይህ የመጀመሪያው “የፀረ ካንሰር ክትባት”ነው፤ ምክንያቱም በአለም ላይ ለጉበት ካንሰር መከሰት 80% ምክንያት የሆነውን ከሄፓታይተስ ቢ ይከላከላል፡,አዎ የሄፓታይተስ ቢ ክትባት አስተማማኝ እና ውጤታማ ነው፡፡  ይህ የመጀመሪያው “የፀረ ካንሰር ክትባት”ነው፤ ምክንያቱም በአለም ላይ ለጉበት ካንሰር መከሰት 80% ምክንያት የሆነውን ከሄፓታይተስ ቢ ይከላከላል፡
የሄፓታይተስ ቢ ምልክቱ ምንምን ነዉ?,ዐይንና ቆዳ ቢጫ የመሆን (Jaundice) ፣ የሻይ መልክ ያለው ጠቆር ያለ ሽንት፣ ከፍተኛ የሰውነት ድካም ስሜት፣ የሆድ ሕመም፣ ማቅለሽለሽና ማስመለስ ናቸው፡፡,ዐይንና ቆዳ ቢጫ የመሆን (Jaundice) ፣ የሻይ መልክ ያለው ጠቆር ያለ ሽንት፣ ከፍተኛ የሰውነት ድካም ስሜት፣ የሆድ ሕመም፣ ማቅለሽለሽና ማስመለስ ናቸው፡፡
የሄፓታይተስ ቢ መከላከያዉ ምንድን ነዉ?,በሽታውን ለመከላከል ብዛት ያላቸው ክትባቶች በሳይንቲስቶች ተገኝተዋል፡፡ እነዚህ ክትባቶች እንደማንኛውም ክትባት ከደከመ ቫይረስ ወይም የቫይረሱ አካል የሚጠነሰሱ ናቸው፡፡ ,በሽታውን ለመከላከል ብዛት ያላቸው ክትባቶች በሳይንቲስቶች ተገኝተዋል፡፡ እነዚህ ክትባቶች እንደማንኛውም ክትባት ከደከመ ቫይረስ ወይም የቫይረሱ አካል የሚጠነሰሱ ናቸው፡፡ 
የጉበት ስብ ምንድን ነዉ?,የጉበት ስብ የምንለው በጉበት ውስጥ የሚገኘው የስብ መጠን ከ 5-10 በመቶ የሚሆነውን የጉበት ክፍል ከያዘ ነው። ,የጉበት ስብ የምንለው በጉበት ውስጥ የሚገኘው የስብ መጠን ከ 5-10 በመቶ የሚሆነውን የጉበት ክፍል ከያዘ ነው። 
የጉበት ጥቅሞች ምንምን ናቸዉ?,ጉበታችን ከሰውነታችን ክፍል ውስጥ ሁለተኛ ትልቁ አካል ሲሆን የምንመገበውንም ፣የምንጠጣውን አና መንኛውንም ለሰውነ ጠቃሚ ያልሆነ ነገረን ከደማችን ያጣራል። የጉበት ይህን የማከናወን ስራ በጉበት ስብ መብዛት ሊዛባ ይችላል። ,ጉበታችን ከሰውነታችን ክፍል ውስጥ ሁለተኛ ትልቁ አካል ሲሆን የምንመገበውንም ፣የምንጠጣውን አና መንኛውንም ለሰውነ ጠቃሚ ያልሆነ ነገረን ከደማችን ያጣራል። የጉበት ይህን የማከናወን ስራ በጉበት ስብ መብዛት ሊዛባ ይችላል። 
የጉበት ስብን የሚያስከትሉ ሁኔታዎች ምንድን ናቸው?,"ከልክ ያለፍር ውፍረት፣ከፍተኛ የስብ መጠን በደም ውስጥ መኖር
","ከልክ ያለፍር ውፍረት፣ከፍተኛ የስብ መጠን በደም ውስጥ መኖር
"
ስንት አይነት የጉበት ስብ አይነቶች ይገኛሉ?,አራት- በአልኮል መጠጥ ምክንያት የሚመጣ፣ያለ አልኮል መጠጥ የሚከሰት የጉበት ስብ፣ያለአልኮል መጠጥ የሚከሰት ስቴአቶሄፕታይተስ፣በእርግዝና ጊዜ የሚከሰት የጉበት ስብ,አራት- በአልኮል መጠጥ ምክንያት የሚመጣ፣ያለ አልኮል መጠጥ የሚከሰት የጉበት ስብ፣ያለአልኮል መጠጥ የሚከሰት ስቴአቶሄፕታይተስ፣በእርግዝና ጊዜ የሚከሰት የጉበት ስብ
"በአልኮል መጠጥ ምክንያት የሚመጣ ምንድን ነዉ?

",ይህ የጉበት ስብ ከአልኮል መጠጥ ጋር ተያይዞ የሚመጣ በሽታ የመጀመሪያ ምልክት ተደረጎ ይወሰዳል። ከፍተኛ የአልኮል መጠጥ መጠቀም ጉበት ላይ ጉዳትን ያስከትላል ይህም ጉበት ስብን እንዲከማች ያደርገዋል የአልኮል መጠጥን በማቶም የጉበት ስብ እንዲወገድ ማድረግ ይቻላል።,ይህ የጉበት ስብ ከአልኮል መጠጥ ጋር ተያይዞ የሚመጣ በሽታ የመጀመሪያ ምልክት ተደረጎ ይወሰዳል። ከፍተኛ የአልኮል መጠጥ መጠቀም ጉበት ላይ ጉዳትን ያስከትላል ይህም ጉበት ስብን እንዲከማች ያደርገዋል የአልኮል መጠጥን በማቶም የጉበት ስብ እንዲወገድ ማድረግ ይቻላል።
ያለ አልኮል መጠጥ የሚከሰት የጉበት ስብ ምንድን ነዉ?,"ይህ 10% በሚሆኑ ሰዎች ላይ የሚታይ ሲሆን ጉበታችን በጤናማ ሁኔታ ስብን ማቅልውጥ ሲያቅተው በሚከማች ስብ ምክንያት ነው።
","ይህ 10% በሚሆኑ ሰዎች ላይ የሚታይ ሲሆን ጉበታችን በጤናማ ሁኔታ ስብን ማቅልውጥ ሲያቅተው በሚከማች ስብ ምክንያት ነው።
"
"ያለአልኮል መጠጥ የሚከሰት ስቴአቶሄፕታይተስ ምንድን ነዉ?

",የስብ መጠን በከፍተኛ ሁኔታ በመጨመር ምክንያት ጉበት እንዲያብጥ የሚያደርግ ነው። ይህ ህመም የጉበትን ስራ በእጅጉ ሊያውክ ይችላል። ,የስብ መጠን በከፍተኛ ሁኔታ በመጨመር ምክንያት ጉበት እንዲያብጥ የሚያደርግ ነው። ይህ ህመም የጉበትን ስራ በእጅጉ ሊያውክ ይችላል። 
"ያለአልኮል መጠጥ የሚከሰት ስቴአቶሄፕታይተስ ምልክቱ ምንምን ነዉ?

",የምግብ ፍላጎት ማጣት፣ማቅለሽለሽ፣ማስመለስ፣የሆድ ህመም ስሜት,የምግብ ፍላጎት ማጣት፣ማቅለሽለሽ፣ማስመለስ፣የሆድ ህመም ስሜት
"በእርግዝና ጊዜ የሚከሰት የጉበት ስብ ምንድን ነዉ?

","ይህ ህይወትን አደጋ ላይ የሚጥል አይነት የጉበት ስብ ሲሆን ምልክቱ በሶስተኛው የእርግዝና ክፍለ ጊዜ መለትም ከ6-9ውራት መለው የሚከሰቱ
","ይህ ህይወትን አደጋ ላይ የሚጥል አይነት የጉበት ስብ ሲሆን ምልክቱ በሶስተኛው የእርግዝና ክፍለ ጊዜ መለትም ከ6-9ውራት መለው የሚከሰቱ
"
"በእርግዝና ጊዜ የሚከሰት የጉበት ስብ ምልክቱ ምንምን ነዉ?

",የሚያቋርጥ ማቅለሽለሽ እና ማስመለስ፣በቀኝ የሆድ ክፍል አከባቢ የህመም ስሜት፣የሰውነት ቢጫ መሆን፣የድካም ስሜት ናቸው ።,የሚያቋርጥ ማቅለሽለሽ እና ማስመለስ፣በቀኝ የሆድ ክፍል አከባቢ የህመም ስሜት፣የሰውነት ቢጫ መሆን፣የድካም ስሜት ናቸው ።
"ለጉበት ስብ ተጋላጭነትን የሚጨምሩ ሁኔታዎች ምንምን ናቸው?
","ከልክ ያለፈ ውፍረት፣የስኳር ህመም፣የአልኮል መጠጥ አብዝቶ መጠጣት፣እርግዝና
","ከልክ ያለፈ ውፍረት፣የስኳር ህመም፣የአልኮል መጠጥ አብዝቶ መጠጣት፣እርግዝና
"
የጉበት ስብ እንዴት ይታከማል?,"ይህ ነው የሚባል የህክምና መድሀኒትም ሆነ ቀዶ ጥገና የሌለው የጉበት ስብ የአኗኗር ዘይቤን ማስተካከል እንደሚኖርብዎ በሀኪምዎ ይነገሮታል። እነዚህም የአልኮል መጠጥ አለማዘውተር፣የኮሌስቴሮል መጠንን መቆጣጠር፣ክብደትዎን መቀነስ፣የስኳር መጠንዎን መቆጣጠር ናቸው። 
","ይህ ነው የሚባል የህክምና መድሀኒትም ሆነ ቀዶ ጥገና የሌለው የጉበት ስብ የአኗኗር ዘይቤን ማስተካከል እንደሚኖርብዎ በሀኪምዎ ይነገሮታል። እነዚህም የአልኮል መጠጥ አለማዘውተር፣የኮሌስቴሮል መጠንን መቆጣጠር፣ክብደትዎን መቀነስ፣የስኳር መጠንዎን መቆጣጠር ናቸው። 
"
"ከያዘኝ ሄፓታይተስ ቢ መዳን እችላለሁ?
","እንደ አዲስ የተያዙት አብዛኞቹ ጎልማሶች ያለምንም ችግር ይፈወሳሉ፡፡ ነገር ግን ህፃናት እና ታዳጊዎች ቫይረሱን ስኬታማ በሆነ መልኩ ማስወገድ አይችሉም፡፡
","እንደ አዲስ የተያዙት አብዛኞቹ ጎልማሶች ያለምንም ችግር ይፈወሳሉ፡፡ ነገር ግን ህፃናት እና ታዳጊዎች ቫይረሱን ስኬታማ በሆነ መልኩ ማስወገድ አይችሉም፡፡
"
"ሄፓታይተስ ቢ መተላለፊያ መንገዶች ዘርዝር
","አደንዛዥ እፅ የሚጠቀሙ ሰዎች የሚወጉበትን መርፌ በጋራ ሲጠቀሙ፣ያልተመረመረ የደምና የደም ተዋፅኦን መዉሰድ
","አደንዛዥ እፅ የሚጠቀሙ ሰዎች የሚወጉበትን መርፌ በጋራ ሲጠቀሙ፣ያልተመረመረ የደምና የደም ተዋፅኦን መዉሰድ
"
ለጉበትዎ ማድረግ የሚችሏቸው እንክብካቤዎች ዘርዝር,የአልኮል መጠጥን ይቀንሱ ከቻሉ ያስወግዱ፣የሚጠቀሟቸውን እህሎች ይጠቡ እንዲሁም ከመርዛማ ነገሮች ይራቁ፣እንቅስቃሴ ያድርጉ ,የአልኮል መጠጥን ይቀንሱ ከቻሉ ያስወግዱ፣የሚጠቀሟቸውን እህሎች ይጠቡ እንዲሁም ከመርዛማ ነገሮች ይራቁ፣እንቅስቃሴ ያድርጉ 
ወደ አንጎል የሚደርስ አየር ማጠር ምንድን ነዉ?,ወደ አንጎል የሚደርስ አየር ማጠር ድንገተኛ ችግር ነው ምክንያቱም አንጎሉ በትክክል እንዲሠራ የማያቋርጥ የኦክስጂን እና የምግብ ንጥረ ነገሮችን አቅርቦት ይፈልጋል ፡፡ ነገር ግን ወደ አንጎል በቂ ያልሆነ አየር ሲደርስ እንደዚህ አይነት ክስተት ይፈጠራል ፡፡,ወደ አንጎል የሚደርስ አየር ማጠር ድንገተኛ ችግር ነው ምክንያቱም አንጎሉ በትክክል እንዲሠራ የማያቋርጥ የኦክስጂን እና የምግብ ንጥረ ነገሮችን አቅርቦት ይፈልጋል ፡፡ ነገር ግን ወደ አንጎል በቂ ያልሆነ አየር ሲደርስ እንደዚህ አይነት ክስተት ይፈጠራል ፡፡
"ወደ አንጎል የሚደርስ አየር ማጠርን ሊያመጡ የሚችሉ ምክንያቶች ምንምን ነዉ? 
",ትንታ፣የልብ ምት መዛባት መኖር፣ጭንቀት፣ጭንቅላት ላይ የደረሰ ጉዳት ካለ,ትንታ፣የልብ ምት መዛባት መኖር፣ጭንቀት፣ጭንቅላት ላይ የደረሰ ጉዳት ካለ
ወደ አንጎል የሚደርስ አየር ማጠር አጋላጮች ምንድን ናቸዉ?,"ከባድ የአስም በሽታ፣የልብ ችግር ካለ፣በጣም ዝቅተኛ የደም ግፊት መኖር፣የሳንባ በሽታ መኖር
","ከባድ የአስም በሽታ፣የልብ ችግር ካለ፣በጣም ዝቅተኛ የደም ግፊት መኖር፣የሳንባ በሽታ መኖር
"
ወደ አንጎል የሚደርስ አየር ማጠር ምልክቱ ምንምን ነዉ?,"ጊዜያዊ የማስታወስ ችሎታ ማጣት፣የሰውነት ክፍሎች የመንቀሳቀስ ችግሮች
","ጊዜያዊ የማስታወስ ችሎታ ማጣት፣የሰውነት ክፍሎች የመንቀሳቀስ ችግሮች
"
ወደ አንጎል የሚደርስ አየር ማጠር ምርመራዎች ምንምን ናቸዉ?,"የደም ምርመራ፣ሲቲ እስካን፣ኤምአራይ
","የደም ምርመራ፣ሲቲ እስካን፣ኤምአራይ
"
ሮዝመሪ ምንድን ነዉ?,ሮዝመሪ(የጥብስ ቅጠል) በውስጡ የያዘው ካርኖሶል የተባለ ንጥረ ነገር ይዛል፡፡ የጥብስ ቅጠል በዉስጡ ያለዉ አንቲ ኦክሲደንት፣ አንቲ ኢንፍላማቶሪ እና አንቲ ካርሲኖጄኒክ ንጥረ ነገር የሰዉነታችንን በሽታ የመከላከል አቅምን እንዲዳብር ይረዳል። ,ሮዝመሪ(የጥብስ ቅጠል) በውስጡ የያዘው ካርኖሶል የተባለ ንጥረ ነገር ይዛል፡፡ የጥብስ ቅጠል በዉስጡ ያለዉ አንቲ ኦክሲደንት፣ አንቲ ኢንፍላማቶሪ እና አንቲ ካርሲኖጄኒክ ንጥረ ነገር የሰዉነታችንን በሽታ የመከላከል አቅምን እንዲዳብር ይረዳል። 
ሮዝመሪ ጥቅሞች ምንምን ናቸዉ?,ካንሰርን ይከላከላል፣የማስታወስ ችሎታን ይጨምራል፣የማይግሬን ህመምን ያስታግሳል,ካንሰርን ይከላከላል፣የማስታወስ ችሎታን ይጨምራል፣የማይግሬን ህመምን ያስታግሳል
የፈንገስ በሽታ ምንድን ነዉ?,የፈንገስ በሽታ በማንኛውም የሰውነታችን ክፍል ሊከሰት ይችላል። ነገር ግን አብዣኛውን ጊዜ የሚገኘው በአውራ ጣቶች ወይም በተቀሩት ጣቶቻችን (የእግር ጮቅ) እና በእግር መካከል ነው። ,የፈንገስ በሽታ በማንኛውም የሰውነታችን ክፍል ሊከሰት ይችላል። ነገር ግን አብዣኛውን ጊዜ የሚገኘው በአውራ ጣቶች ወይም በተቀሩት ጣቶቻችን (የእግር ጮቅ) እና በእግር መካከል ነው። 
ጭርት ማለት ምን ማለት ነዉ?,ጭርት እና (ቆርቆሮ መሰል ነጭ መልክ ያለው በአናት ላይ የሚታይ) በፈንገስ የመመረዝ ውጤት ነው። ,ጭርት እና (ቆርቆሮ መሰል ነጭ መልክ ያለው በአናት ላይ የሚታይ) በፈንገስ የመመረዝ ውጤት ነው። 
ለፈንገስ በሽታዎች የሚሆኑ የቤት ውስጥ መፍትሄዎች ዘርዝር,ነጭ ሽንኩርት፣የጉሎ ዘይት ወይም የዘምባባ ዘይት እና ካሲያ አላታ,ነጭ ሽንኩርት፣የጉሎ ዘይት ወይም የዘምባባ ዘይት እና ካሲያ አላታ
ማስነጠስ ምንድን ነዉ?,ማስነጠስ ድንገታዊና በቅፅበት የሚከሰት ነገር ሲሆን በዚህ ወቅት የሰውነታችን አጠቃላይ እንቅስቃሴ ከቁጥጥር ውጪ ይሆናል፡፡ ማስነጠስ ጠንከር ያለና የሰውነት ኃይልን የሚያናጋ አይነት እንቅስቃሴን መፍጠር እድል አለው፡፡ ,ማስነጠስ ድንገታዊና በቅፅበት የሚከሰት ነገር ሲሆን በዚህ ወቅት የሰውነታችን አጠቃላይ እንቅስቃሴ ከቁጥጥር ውጪ ይሆናል፡፡ ማስነጠስ ጠንከር ያለና የሰውነት ኃይልን የሚያናጋ አይነት እንቅስቃሴን መፍጠር እድል አለው፡፡ 
"ለማስነጠስ መነሻ የሚሆኑ ምክንያቶች ዘርዝር

",እንደ ሰናፍጭ ያሉ ምግቦች፣ጉንፋን፣አፍንጫ ከርካሪ ኬሚካሎች እና ከባድ ሽታዎች ,እንደ ሰናፍጭ ያሉ ምግቦች፣ጉንፋን፣አፍንጫ ከርካሪ ኬሚካሎች እና ከባድ ሽታዎች 
"ማስነጠስ ጥቅም ይኖረው ይሆን?

",በምናስነጥስበት ምክንያት በአፍንጫችን ላይ የሚገኙና በዓይን የማይታዩ ቆሻሻዎችን ለማስወገድ ይረዳል። በአብዛኛው ጊዜ ከአንድ ጊዜ በላይ እናስነጥሳለን ይህም እንደምናስወግደው ቆሻሻ መጠን ይወስናል። ማስነጠስ የመተንፈሻ ስርአታችን በየጊዜው ለመጠገን /ለማስተካከል ይረዳል፡፡,በምናስነጥስበት ምክንያት በአፍንጫችን ላይ የሚገኙና በዓይን የማይታዩ ቆሻሻዎችን ለማስወገድ ይረዳል። በአብዛኛው ጊዜ ከአንድ ጊዜ በላይ እናስነጥሳለን ይህም እንደምናስወግደው ቆሻሻ መጠን ይወስናል። ማስነጠስ የመተንፈሻ ስርአታችን በየጊዜው ለመጠገን /ለማስተካከል ይረዳል፡፡
ፊታችን ማስነካት የሌለብን ነገሮች ዘርዝር,ሎሚ፣ቫዝሊን፣የመጋገሪያ እርሾ እና ዱቄት ሳሙናዎች፣ የጥርስ ሳሙና ,ሎሚ፣ቫዝሊን፣የመጋገሪያ እርሾ እና ዱቄት ሳሙናዎች፣ የጥርስ ሳሙና 
ዉሃ ከሰዉነትዎ በምን መንገድ ይወጣል?,በየቀኑ ዉሃ ከሰዉነትዎ በትንፋሽ፣ በላቦት፣ በሽንትና በሰገራ ዉስጥ ይወጣል፡፡ ,በየቀኑ ዉሃ ከሰዉነትዎ በትንፋሽ፣ በላቦት፣ በሽንትና በሰገራ ዉስጥ ይወጣል፡፡ 
ከሰዉነትዎ የወጣዉን ፈሳሽ እንዴት መተካት ይቻላል?,ሰዉነትዎ በአግባቡ እንዲሰራ ከሰዉነትዎ የወጣዉን ፈሳሽ መልሰዉ ለመተካት ዉሀን ጨምሮ ዉሀን የያዙ ፈሳሾችን መዉሰድ ያስፈልጋል፡፡ ,ሰዉነትዎ በአግባቡ እንዲሰራ ከሰዉነትዎ የወጣዉን ፈሳሽ መልሰዉ ለመተካት ዉሀን ጨምሮ ዉሀን የያዙ ፈሳሾችን መዉሰድ ያስፈልጋል፡፡ 
አንድ ጤነኛ ሰዉ በቀን መዉሰድ የሚገባዉ የዉሀ መጠን ስንት ነዉ?,አንድ ጤነኛ ሰዉ በቀን መዉሰድ የሚገባዉ የዉሀ መጠን ለወንዶች እስከ 3 ሊትር ሲሆን ለሴቶች እስከ 2.2 ሊትር መዉሰድ ይመከራል፡፡,አንድ ጤነኛ ሰዉ በቀን መዉሰድ የሚገባዉ የዉሀ መጠን ለወንዶች እስከ 3 ሊትር ሲሆን ለሴቶች እስከ 2.2 ሊትር መዉሰድ ይመከራል፡፡
ዉሃን በብዛት መጠጣት ለምን ያስፈልጋል?,የሰዉነትን የፈሳሽ መጠን ለማመጣጠን፣የሰውነት ክብደት መጠንን ለመቀነስ መርዳት፣ተጨማሪ ሀይልና ጉልበት ለጡንቻዎቻችን ለመስጠት ,የሰዉነትን የፈሳሽ መጠን ለማመጣጠን፣የሰውነት ክብደት መጠንን ለመቀነስ መርዳት፣ተጨማሪ ሀይልና ጉልበት ለጡንቻዎቻችን ለመስጠት 
የሰዉነት ፈሳሽ ለምን ይጠቅማል?,የሰዉነት ፈሳሽ ለምግብ መፈጨት፣ለምግብ መመጠጥና ወደተለያዩ የሰዉነት ክፍሎች መዳረስ፣ ምራቅን ለመስራት፣ንጥረነገሮችን ለሰዉነታችን ለማዳረስ/ለማሰራጨትና የሰዉነትን ሙቀት ለመቆጣጠር ያገለግላል/ይጠቅማል፡፡,የሰዉነት ፈሳሽ ለምግብ መፈጨት፣ለምግብ መመጠጥና ወደተለያዩ የሰዉነት ክፍሎች መዳረስ፣ ምራቅን ለመስራት፣ንጥረነገሮችን ለሰዉነታችን ለማዳረስ/ለማሰራጨትና የሰዉነትን ሙቀት ለመቆጣጠር ያገለግላል/ይጠቅማል፡፡
አልኮል ከምንወስደዉ ፈሰሽ ዉስጥ ይመደባል?,አይመደብም፡፡,አይመደብም፡፡
ክብደትን ለመቀነስ የሚረዱ ዘዴዎች ዘርዝር,ጤናማ የምግብ አመጋገብ ዘዴን መከተል፣የሚመገቡትን የምግብ መጠን መወሰንና ተከታታይ የአካል እንቅስቃሴን ማዘዉተር ናቸዉ፡፡,ጤናማ የምግብ አመጋገብ ዘዴን መከተል፣የሚመገቡትን የምግብ መጠን መወሰንና ተከታታይ የአካል እንቅስቃሴን ማዘዉተር ናቸዉ፡፡
አረንጓዴ ሻይ ከሻይ ይሻላል?,አረንጓዴ ሻይ በጣም ጥሩ የሆነበት ምክንያት ብዙ ጠቃሚ ንጥረ ነገሮችን በመያዙ ነው። ,አረንጓዴ ሻይ በጣም ጥሩ የሆነበት ምክንያት ብዙ ጠቃሚ ንጥረ ነገሮችን በመያዙ ነው። 
"አረንጓዴ ሻይ ጥቅሞች ምንምን ናቸዉ?

",አረንጓዴ ሻይ ከካንሰር ሊከላከል ይችላል፣አረንጓዴ ሻይ ለአፍ ጤና ጠቃሚ ነው፣አረንጓዴ ሻይ ቀልብን ለመሰብሰብ ለማድረግ ይረዳል ,አረንጓዴ ሻይ ከካንሰር ሊከላከል ይችላል፣አረንጓዴ ሻይ ለአፍ ጤና ጠቃሚ ነው፣አረንጓዴ ሻይ ቀልብን ለመሰብሰብ ለማድረግ ይረዳል 
"ቃር ማለት ምን ማለት ነዉ?

",በተለምዶ ቃር የምንለው በህክምና ሳይንሱ Gastro esophageal reflux syndrome የሚባል ሲሆን ከጨጓራችን የሚመነጨው የሀይድሮክሎሪክ አሲድ ወደ ላይ ማለትም ወደ ምግብ ቱቦ ሲመለስ ሚከሰት ህመም ነው።,በተለምዶ ቃር የምንለው በህክምና ሳይንሱ Gastro esophageal reflux syndrome የሚባል ሲሆን ከጨጓራችን የሚመነጨው የሀይድሮክሎሪክ አሲድ ወደ ላይ ማለትም ወደ ምግብ ቱቦ ሲመለስ ሚከሰት ህመም ነው።
ቃር ምልክቱ ምንምን ነዉ?,"ደረት አከባቢ ማቃጠል፣የምግብ ፍላጎት መቀነስ (ለመዋጥ መቸገር)፣ማቀርሸት
","ደረት አከባቢ ማቃጠል፣የምግብ ፍላጎት መቀነስ (ለመዋጥ መቸገር)፣ማቀርሸት
"
"ለቃር አጋላጭ ምክንያቶች ምንምን ናቸው?

",አልኮል መጠጣት፣ውፍረት፣በአንድ ማዕድ ብዙ መመገብ,አልኮል መጠጣት፣ውፍረት፣በአንድ ማዕድ ብዙ መመገብ
ለቃር የቤት ዉስጥ ህክምናዉ ምንምን ነዉ?,"ውፍረት መቀነስ፣ቡና ፣ቸኮሌት ፣የኮምጣጤ ጭማቂ ፣በርበሬ እና የቲማቲም ምርቶችን መተው 
","ውፍረት መቀነስ፣ቡና ፣ቸኮሌት ፣የኮምጣጤ ጭማቂ ፣በርበሬ እና የቲማቲም ምርቶችን መተው 
"
ለቃር የመድሃኒት ህክምናዉ ምንድን ነዉ? ,"የጨጓራ አሲድ ሚቀንሱ ሚዋጡ መድሃኒቶች፣የጨጓራን ውስጥ አሲዳማነት ሚቀንሱ ሽሮፖች
","የጨጓራ አሲድ ሚቀንሱ ሚዋጡ መድሃኒቶች፣የጨጓራን ውስጥ አሲዳማነት ሚቀንሱ ሽሮፖች
"
ለምጽን ተርጉም,ለምጽ በቆዳ ላይ የሚወጣ የቆዳ ቀለምን የሚቀይር በሽታ ነዉ ,ለምጽ በቆዳ ላይ የሚወጣ የቆዳ ቀለምን የሚቀይር በሽታ ነዉ 
የለምጽ መንስኤ ምንድን ነዉ?,ችገሩ የሚፈጠረው ለቆዳችን ቀለም የሚሰጡ የሚያመርቱ ህዋሶች በተገቢው ሁኔታ መስራት አለመቻላቸው ወይም ሲሞቱ ነው። ,ችገሩ የሚፈጠረው ለቆዳችን ቀለም የሚሰጡ የሚያመርቱ ህዋሶች በተገቢው ሁኔታ መስራት አለመቻላቸው ወይም ሲሞቱ ነው። 
ለምጽ ምልክቱ ምንምን ነዉ?,ያለጊዜው የጸጉር ፣የአይን ሽፋሽፍት ፣የቅንድብ እና የጺም መሸበት(መንጣት),ያለጊዜው የጸጉር ፣የአይን ሽፋሽፍት ፣የቅንድብ እና የጺም መሸበት(መንጣት)
ለለምጽ የቤት ዉስጥ ህክምናዉ ምንድን ነዉ?,በእርድና በሰናፍጭ ዘይት የሚዘጋጁ ውህዶች፣የዝንጅብል ጁስ,በእርድና በሰናፍጭ ዘይት የሚዘጋጁ ውህዶች፣የዝንጅብል ጁስ
የጡንቻና ጅማት ህመም ማለት ምን ማለት ነዉ?,የጡንቻና ጅማት ህመም ማለት ሰውነት ውስጥ ከሚከሰቱ ለረዥም ጊዜ ከሚቆዩ የኮኔክቲቭ ቲሹ (connective tissue) ህመም አይነቶች ውስጥ ሲሆኑ ጡንቻንና አጥንትን ከአጥንትንት ወይም አጥንትን ከጡንቻ የሚያያይዙ ጅማቶች ላይ ይከሰታሉ፡፡  ,የጡንቻና ጅማት ህመም ማለት ሰውነት ውስጥ ከሚከሰቱ ለረዥም ጊዜ ከሚቆዩ የኮኔክቲቭ ቲሹ (connective tissue) ህመም አይነቶች ውስጥ ሲሆኑ ጡንቻንና አጥንትን ከአጥንትንት ወይም አጥንትን ከጡንቻ የሚያያይዙ ጅማቶች ላይ ይከሰታሉ፡፡  
"የጡንቻና ጅማት ህመም በምን አይነት መንስኤ ይከሰታል?
",ህመሙን የሚቀሰቅሱ ምልክቶች ሲኖሩ ህመሙን የሚያነበው የአንጎል ክፍል የተጋነነ ስሜት እንዲፈጠር በማድረግ ህመሙ ጡንቻ ወይም ጅማት ላይ እንደደረሰ አድርጎ እንዲሰማ ያደርጋል ይህም ሴንትራል ሴንሲታይዜሽን በመባል ይታወቃል፡፡  ,ህመሙን የሚቀሰቅሱ ምልክቶች ሲኖሩ ህመሙን የሚያነበው የአንጎል ክፍል የተጋነነ ስሜት እንዲፈጠር በማድረግ ህመሙ ጡንቻ ወይም ጅማት ላይ እንደደረሰ አድርጎ እንዲሰማ ያደርጋል ይህም ሴንትራል ሴንሲታይዜሽን በመባል ይታወቃል፡፡  
የጡንቻና ጅማት ህመም ምልክቱ ምንምን ነዉ?,"የሰውነት መዛል፣የእንቅልፍ ዑደት መዛባት፣ድብርት እና ጭንቀት
","የሰውነት መዛል፣የእንቅልፍ ዑደት መዛባት፣ድብርት እና ጭንቀት
"
የጡንቻና ጅማት ህመም ምርመራዎች ምንድን ናቸዉ?,የጡንቻና ጅማት ህመም በላብራቶሪ ምርመራ ወይም በራጅ ምርመራ አይታወቅም፡፡ ህመሙ እንዳለ የሚታወቀው በቃለመጠይቅና ሀኪሙ በሚያደርገው ምርመራ ነው፡፡ ,የጡንቻና ጅማት ህመም በላብራቶሪ ምርመራ ወይም በራጅ ምርመራ አይታወቅም፡፡ ህመሙ እንዳለ የሚታወቀው በቃለመጠይቅና ሀኪሙ በሚያደርገው ምርመራ ነው፡፡ 
የጡንቻና ጅማት ህመም ህክምናዉ ምንምን ነዉ?,ፊዚካል ቴራፒስቱ፣ ሳይካትሪስት ወይም ሳይኮሎጂስቶችን ጨምሮ ሁሉንም ያሳተፈ ህክምና ነው ,ፊዚካል ቴራፒስቱ፣ ሳይካትሪስት ወይም ሳይኮሎጂስቶችን ጨምሮ ሁሉንም ያሳተፈ ህክምና ነው 
የሳንባ ክፍል ላይ ውሀ መቆጠር ማለት ምን ማለት ነዉ? ,የሳንባ ክፍል ላይ ውሀ መቆጠር ማለት በሳንባ እና በደረት ግድግዳ የሕብረህዋሳት ንብርብሮች  መካከል የሚገኝ ፈሳሽ ነው ፡፡  ,የሳንባ ክፍል ላይ ውሀ መቆጠር ማለት በሳንባ እና በደረት ግድግዳ የሕብረህዋሳት ንብርብሮች  መካከል የሚገኝ ፈሳሽ ነው ፡፡  
"ሳንባ ላይ ውሀ መቆጠርን  ሊያመጡ የሚችሉ ምክንያቶች ዘርዝር

",ኢንፊክሽን፣የልብ ድካም መኖር፣ሳንባ ላይ ደም መርጋት ,ኢንፊክሽን፣የልብ ድካም መኖር፣ሳንባ ላይ ደም መርጋት 
ሳንባ ላይ ውሀ መቆጠር ምልክቱ ምንድን ነዉ?,"ከፍተኛ የደረት ህመም፣ለመተንፈስ መቸገር 
","ከፍተኛ የደረት ህመም፣ለመተንፈስ መቸገር 
"
ሳንባ ላይ ውሀ መቆጠር መፍትሄዉ ምንድን ነዉ?,እንዳመጣው መንስኤ  ይለያያል  ስለዚህ ከላይ የጠቀስናቸው ምልክቶች ካሉ በአፋጣኝ ወደ ህክምና ቦታ ይሒዱ፡፡,እንዳመጣው መንስኤ  ይለያያል  ስለዚህ ከላይ የጠቀስናቸው ምልክቶች ካሉ በአፋጣኝ ወደ ህክምና ቦታ ይሒዱ፡፡
መጥፎ የእግር እና የጫማ ጠረን መንስኤ ምንምን ነዉ?,በእግር እና በጫማ ውስጥ በሚፈጠር ከፍተኛ ሙቀት እና የእግር ቁስለት፣ ባክቴሪያ፣ ፈንገስ፣ ቅባታማ እግር፣ ለእግር የማይስማሙ የካልሲ ምርቶች እና ጫማዎችን መጫማት ለዚህ ችግር እንደ መንስኤ ይወሰዳሉ።,በእግር እና በጫማ ውስጥ በሚፈጠር ከፍተኛ ሙቀት እና የእግር ቁስለት፣ ባክቴሪያ፣ ፈንገስ፣ ቅባታማ እግር፣ ለእግር የማይስማሙ የካልሲ ምርቶች እና ጫማዎችን መጫማት ለዚህ ችግር እንደ መንስኤ ይወሰዳሉ።
"ለመጥፎ የእግር ጠረን መፍትሄ ምንምን ነዉ?

",እግሮትን በየቀኑ መታጠብ፣ጫማን ቶሎ ቶሎ መቀየር እና ማፅዳት,እግሮትን በየቀኑ መታጠብ፣ጫማን ቶሎ ቶሎ መቀየር እና ማፅዳት
የደረት ውጋት ምክነያት ምንድን ነዉ?,"የደም ቅዳ ቱቦ ጥበት እና በእሱ ምክንያት የትኩሳት የጡንቻ መቁሰል፣ትልቁ የደም ጋን መሰነጠቅ፣የልብ ሽፋን መቁሰል
","የደም ቅዳ ቱቦ ጥበት እና በእሱ ምክንያት የትኩሳት የጡንቻ መቁሰል፣ትልቁ የደም ጋን መሰነጠቅ፣የልብ ሽፋን መቁሰል
"
የደረት ውጋት አጋላጮች ምንምን ናቸዉ?,የስኳር በሽታና/ከአሁን በፊት የልብ ጡንቻ መለብለብ የደረሰበት ሰው፣ደም ግፊት፣የኮሌስትሮል መጠን መጨመር,የስኳር በሽታና/ከአሁን በፊት የልብ ጡንቻ መለብለብ የደረሰበት ሰው፣ደም ግፊት፣የኮሌስትሮል መጠን መጨመር
"የምግብ አለርጂ ማለት ምን ማለት ነዉ
",አንድ ምግብ አለርጂ እንዲሆንብን የሚያደርገው ሰውነታችን በዚያ ምግብ ውስጥ ያሉትን ፕሮቲኖች የሚያስተናግድበት መንገድ ነው። ,አንድ ምግብ አለርጂ እንዲሆንብን የሚያደርገው ሰውነታችን በዚያ ምግብ ውስጥ ያሉትን ፕሮቲኖች የሚያስተናግድበት መንገድ ነው። 
"የምግብ አለመስማማት ምንድን ነው?
",እንደ ምግብ አለርጂ ሁሉ የምግብ አለመስማማትም አንድ ምግብ ሰውነታችንን በመረበሹ ምክንያት የሚከሰት ሊሆን ይችላል። ,እንደ ምግብ አለርጂ ሁሉ የምግብ አለመስማማትም አንድ ምግብ ሰውነታችንን በመረበሹ ምክንያት የሚከሰት ሊሆን ይችላል። 
አንድ ሰው ምግብ አልፈጭ የሚለው ለምንድን ነው?,አንድ ሰው ምግብ አልፈጭ የሚለው በሰውነቱ ውስጥ ምግቡን ለመፍጨት የሚያስፈልጉ ኢንዛይሞች በማነሳቸው ወይም በምግቡ ውስጥ ያሉት ኬሚካሎች ለመፍጨት አስቸጋሪ በመሆናቸው የተነሳ ሊሆን ይችላል። ,አንድ ሰው ምግብ አልፈጭ የሚለው በሰውነቱ ውስጥ ምግቡን ለመፍጨት የሚያስፈልጉ ኢንዛይሞች በማነሳቸው ወይም በምግቡ ውስጥ ያሉት ኬሚካሎች ለመፍጨት አስቸጋሪ በመሆናቸው የተነሳ ሊሆን ይችላል። 
"የምግብ አለርጂ ምልክቶቹ ምንምን ናቸዉ?

",ማሳከክ፣የቆዳ መጉረብረብ፣የጉሮሮ፣ የዓይን፣ ወይም የምላስ ማበጥ,ማሳከክ፣የቆዳ መጉረብረብ፣የጉሮሮ፣ የዓይን፣ ወይም የምላስ ማበጥ
"የምግብ አለመስማማት ምልክቶች ምንምን ናቸዉ?

","የሆድ ህመም፣የሆድ መነፋት፣ ብስናግሳት፣ቁርጠት
","የሆድ ህመም፣የሆድ መነፋት፣ ብስናግሳት፣ቁርጠት
"
"የማህጸን ኢንፌክሽን ምንድን ነው?

",ሴቶች በብዛት በመራቢያ አካላት አካባቢ ብዙ ችግሮች ያጋጥሟቸዋል ከነዚህም መካከል የማህጸን ኢንፌክሽን ዋነኛው ነው፡፡ ,ሴቶች በብዛት በመራቢያ አካላት አካባቢ ብዙ ችግሮች ያጋጥሟቸዋል ከነዚህም መካከል የማህጸን ኢንፌክሽን ዋነኛው ነው፡፡ 
"የማህጸን ኢንፌክሽን ምንድን ነው እንዲከሰት የሚያደርገው?

",ባክቴሪያ፣ፈንገስ፣ቫይረስ፣አለርጂ፣የአባላዘር በሽታ ዋነኞቹ ናቸው፡፡,ባክቴሪያ፣ፈንገስ፣ቫይረስ፣አለርጂ፣የአባላዘር በሽታ ዋነኞቹ ናቸው፡፡
የማህጸን ኢንፌክሽን ምልክቱ ምንምን ነዉ?,"የብልት ማሳከክ፣ሲሸኑ ማቃጠል፣የሽንት ቶሎ ቶሎ መምጣት
","የብልት ማሳከክ፣ሲሸኑ ማቃጠል፣የሽንት ቶሎ ቶሎ መምጣት
"
የማህጸን ኢንፌክሽን መከላከያዉ ምንምን ነዉ?,"የብልትን ንጽህና መጠበቅ፣ፓንት በየቀኑ መቀየር
","የብልትን ንጽህና መጠበቅ፣ፓንት በየቀኑ መቀየር
"
ሰውነታችን ስንት አይነት ላብ አመንጪ እጢዎች አሉት? ,ሁለት- ኤክሶክራይን እና አፖክራይን አይነት ላብ አመንጪ እጢዎች አሉት። ,ሁለት- ኤክሶክራይን እና አፖክራይን አይነት ላብ አመንጪ እጢዎች አሉት። 
ኤክሶክራይን ምንድን ነዉ?,ኤክሶክራይን የተባሉት እጢዎች በሁሉም የሰውነታችን ክፍል የሚገኙ ሲሆን፥ የአፖክራይን እጢዎች ደግሞ ጉርምስና እና ኩርድናን በሚያመላክቱና ፀጉር በሚወጣባቸው አካባቢዎች የሚገኙ ናቸው። ,ኤክሶክራይን የተባሉት እጢዎች በሁሉም የሰውነታችን ክፍል የሚገኙ ሲሆን፥ የአፖክራይን እጢዎች ደግሞ ጉርምስና እና ኩርድናን በሚያመላክቱና ፀጉር በሚወጣባቸው አካባቢዎች የሚገኙ ናቸው። 
የአፖክራይን ምንድን ነዉ?,የአፖክራይን እጢዎች ፕሮቲንና ስባማ ንጥረ ነገሮችን ያመነጫሉ፤ ይህም ነው ለሰውነት ጠረን መፈጠር ምክንያት የሚሆነው።,የአፖክራይን እጢዎች ፕሮቲንና ስባማ ንጥረ ነገሮችን ያመነጫሉ፤ ይህም ነው ለሰውነት ጠረን መፈጠር ምክንያት የሚሆነው።
"የመጥፎ የሰውነት ጠረን መንስኤ ምንድን ነዉ?

",ቅመም የበዛባቸው ምግቦችን እንደ ነጭ ሽንኩርት፣ ዝንጅብል እና ማጣፈጫዎችን አዘውትሮ መመገብ,ቅመም የበዛባቸው ምግቦችን እንደ ነጭ ሽንኩርት፣ ዝንጅብል እና ማጣፈጫዎችን አዘውትሮ መመገብ
"ከላብ ጋር ተያይዞ የሚፈጠሩ ባክቴሪያዎች መፍትሄዎች ዘርዝር
","ንፅህናን መጠበቅ፤ በየቀኑ ሻወር መውሰድ በተለይም ካላበን በኋላ በቀዝቃዛ ውሃ መታጠብ
","ንፅህናን መጠበቅ፤ በየቀኑ ሻወር መውሰድ በተለይም ካላበን በኋላ በቀዝቃዛ ውሃ መታጠብ
"
ከተመገቡ በኋላ የእግር ጉዞ ማድረግ የሚሰጠው ጠቀሜታ ዘርዝር,የምግብ መፈጨትን ያፋጥናል፣የተመገቡትን ምግብ እንዲጠቀሙት በማድረግ ውፍረትን ለመቀነስ ይረዳል። ከተመገቡ በኋላ የእግር ጉዞ ማድረግ insulin resistanceን ለመቀነስ ይረዳል። ስለዚህ የቅድመ ስኳርን እና የስኳር በሽታን ይከላከላል።,የምግብ መፈጨትን ያፋጥናል፣የተመገቡትን ምግብ እንዲጠቀሙት በማድረግ ውፍረትን ለመቀነስ ይረዳል። ከተመገቡ በኋላ የእግር ጉዞ ማድረግ insulin resistanceን ለመቀነስ ይረዳል። ስለዚህ የቅድመ ስኳርን እና የስኳር በሽታን ይከላከላል።
"የጥፍር መንከስ ችግር ምንድን ነዉ?
","የጥፍር መንከስ ችግር የሚጀምረው በህፃናት በተለይ ከ3 አመት በኋላ ሲሆን እድሜ እየጨመረ ሲሄድ በብዙ ሰዎች የሚቆም ቢሆንም በ30% በሚሆኑ ሰዎች ላይ ቀጣይ በመሆን ችግር ሊፈጥር ይችላል ።
","የጥፍር መንከስ ችግር የሚጀምረው በህፃናት በተለይ ከ3 አመት በኋላ ሲሆን እድሜ እየጨመረ ሲሄድ በብዙ ሰዎች የሚቆም ቢሆንም በ30% በሚሆኑ ሰዎች ላይ ቀጣይ በመሆን ችግር ሊፈጥር ይችላል ።
"
የጥፍር መንከስ ችግር ምልክቱ ምንምን ነዉ?,ችግር ከቀላል ጎጅ ባህሪ እስከ ድብርት ፣ ጭንቀት የሚደርሱ ችግሮች ምልክት ሊሆን ይችላል።,ችግር ከቀላል ጎጅ ባህሪ እስከ ድብርት ፣ ጭንቀት የሚደርሱ ችግሮች ምልክት ሊሆን ይችላል።
"የጥፍር መንከስ ችግር የሚያስከትላቸው ችግሮች ዘርዝር

",የጥፍር መጥምጥ ህመም፣የጥርስ መቦርቦር,የጥፍር መጥምጥ ህመም፣የጥርስ መቦርቦር
የጥፍር መንከስ ችግር መፍትሄዉ ምንምን ነዉ?,"የችግሩ መንስኤ መረዳት፣ጥፍርን በጥፍር መቁረጫ ማሳጠር እንዲሁም የጥፍር መቁረጫ ይዞ በመንቀሳቀስ እጃችንን ወደ አፍ በመውሰድ ፈንታ ያደገ ወይም የተበላሸ ጥፍር ካለ መቁረጥ
","የችግሩ መንስኤ መረዳት፣ጥፍርን በጥፍር መቁረጫ ማሳጠር እንዲሁም የጥፍር መቁረጫ ይዞ በመንቀሳቀስ እጃችንን ወደ አፍ በመውሰድ ፈንታ ያደገ ወይም የተበላሸ ጥፍር ካለ መቁረጥ
"
የጥፍር መንከስ ችግር ህክምናዉ ምንድን ነዉ?,ችግሩን ለማስወገድ በዝግታ መጀመር ፦ ለምሳሌ በመጀመሪያ የአውራ ጣትን አለመንከስ በዚህም የሱን ጥፍር ማማር እና ማደግ በማየት መደሰት ከዚያም አመልካች ጣት፣ እና ሌሎችም በተራ በመተው ጥፍር መንከስን ማስወገድ፣ የአእምሮ ሀኪም ማማከር፡፡,ችግሩን ለማስወገድ በዝግታ መጀመር ፦ ለምሳሌ በመጀመሪያ የአውራ ጣትን አለመንከስ በዚህም የሱን ጥፍር ማማር እና ማደግ በማየት መደሰት ከዚያም አመልካች ጣት፣ እና ሌሎችም በተራ በመተው ጥፍር መንከስን ማስወገድ፣ የአእምሮ ሀኪም ማማከር፡፡
"የወተት የጤና ጠቀሜታዉ ምንድን ነዉ?

",በካልሲየም የበለፀገ በመሆኑ ለጥርስ እና ለአጥንት ጥንካሬ ይጠቅማል እንዲሁም የአጥንትን መሳሳት ይከላከላል፡፡,በካልሲየም የበለፀገ በመሆኑ ለጥርስ እና ለአጥንት ጥንካሬ ይጠቅማል እንዲሁም የአጥንትን መሳሳት ይከላከላል፡፡
ማስቲካ የጤና ጠቀሜታዉ ምንምን ነዉ?,"ጭንቀትን ማስወገድ፣ክብደትን ለመቀነስ፣የምግብ ስልቀጣን ያፋጥናል!
","ጭንቀትን ማስወገድ፣ክብደትን ለመቀነስ፣የምግብ ስልቀጣን ያፋጥናል!
"
ለሰውነት ክብደት መጨመር አይነተኛ ሚና ያላቸው ልማዶች ምንድን ናቸዉ?,አብዝቶ መተኛት፦ ቀንም ሆነ ማታ ለመተኛት በሚደረግ ሙከራ ውስጥ በአግባቡ አለመተኛት እና የእንቅልፍ መቆራረጥ ለውፍረት የመዳረግ እድል እንዳለው ይነገራል።,አብዝቶ መተኛት፦ ቀንም ሆነ ማታ ለመተኛት በሚደረግ ሙከራ ውስጥ በአግባቡ አለመተኛት እና የእንቅልፍ መቆራረጥ ለውፍረት የመዳረግ እድል እንዳለው ይነገራል።
ወደ ጤናማ ኑሮ ለመሸጋገር እርምጃዎችን ዘርዝር,ራስዎን የጤና ሁኔታ ይገምግሙ፣ከጭስ ይራቁ፣በይበልጥ ይንቀሳቀሱ፣አመጋገብዎን ያሻሽሉ,ራስዎን የጤና ሁኔታ ይገምግሙ፣ከጭስ ይራቁ፣በይበልጥ ይንቀሳቀሱ፣አመጋገብዎን ያሻሽሉ
አቮካዶ የጤና ጠቀሜታዉ ምንድን ነዉ?,አቮካዶ ባለው ከፍተኛ የሆነ የቫይታሚንና የሚንራል ይዞታ፣ በውስጡ በያዘው ፋይበርና እጅግ አንስተኛ የስብ መጠን የዓለማችን ተመራጭ የፍራፍሬ ዓይነት እንዲሆን አድርጎታል። ,አቮካዶ ባለው ከፍተኛ የሆነ የቫይታሚንና የሚንራል ይዞታ፣ በውስጡ በያዘው ፋይበርና እጅግ አንስተኛ የስብ መጠን የዓለማችን ተመራጭ የፍራፍሬ ዓይነት እንዲሆን አድርጎታል። 
የአይን የታችኛው ቆዳ ላይ የሚታይ የመሸብሸብ እና የማበጥ ምልክት ሲኖር ምን ያመለክታል?,ጨው የበዛበት ምግብ አብዝተው በመውሰድ ጤናዎን አደጋ ላይ እየጣሉ መሆኑን ያሳያል። ,ጨው የበዛበት ምግብ አብዝተው በመውሰድ ጤናዎን አደጋ ላይ እየጣሉ መሆኑን ያሳያል። 
የአይንዎ ቀለም ወደ ቢጫነት ከተቀየረ ምን ያመለክታል?,የጉበት በሽታ ተጠቂ መሆንዎን ያመላክታል፤,የጉበት በሽታ ተጠቂ መሆንዎን ያመላክታል፤
የቆዳ መሸብሸብ ምን ያመለክታል?,የእርጅና ምልክት ተደርጎ የሚታሰበው የቆዳ መሸብሸብ ከአጥንት ጋር የተያያዙ ከፍተኛ ችግሮች መከሰታቸውን ማሳያም ነው። ,የእርጅና ምልክት ተደርጎ የሚታሰበው የቆዳ መሸብሸብ ከአጥንት ጋር የተያያዙ ከፍተኛ ችግሮች መከሰታቸውን ማሳያም ነው። 
የቀለም መቀየር እና የሚያሳክክ ምልክት በቆዳ ላይ ሲከሰት ምን ያመለክታል?,አየሩ ቀዝቀዝ ሲል ደረቅ፣ የቀለም መቀየር እና የሚያሳክክ ምልክት በቆዳ ላይ ሲከሰት ደግሞ፤ ከመተንፈሻ አካል ጋር የተያያዘ የጤና እክል እንዳለ የሚያመላክት ነው። ,አየሩ ቀዝቀዝ ሲል ደረቅ፣ የቀለም መቀየር እና የሚያሳክክ ምልክት በቆዳ ላይ ሲከሰት ደግሞ፤ ከመተንፈሻ አካል ጋር የተያያዘ የጤና እክል እንዳለ የሚያመላክት ነው። 
የቆዳ ላይ ሽፍታ እና ቀይ ነጠብጣብ ምን ያመለክታል?,የቆዳ ላይ ሽፍታ እና ቀይ ነጠብጣብ ምልክቶች ደግሞ፤ ከፍተኛ ጭንቀት፣ ድብርት እና ፍርሃት ሲበዛ የሚከሰቱ ናቸው።,የቆዳ ላይ ሽፍታ እና ቀይ ነጠብጣብ ምልክቶች ደግሞ፤ ከፍተኛ ጭንቀት፣ ድብርት እና ፍርሃት ሲበዛ የሚከሰቱ ናቸው።
የፀጉር መሳሳት ምን ያመለክታል?,በጊዜ ሂደት የሚፈጠር የፀጉር መሳሳት ከጭንቀት፣ ከተመጣጠነ ምግብ እጥረት፣ አልፎ አልፎም በእርግዝና ወቅት፣ በሚወሰድ የወሊድ መከላከያ መድሃኒት፣ የክብደት መቀነስ እና መጠነኛ የጤና እክል መኖሩን ማሳያ ነው።,በጊዜ ሂደት የሚፈጠር የፀጉር መሳሳት ከጭንቀት፣ ከተመጣጠነ ምግብ እጥረት፣ አልፎ አልፎም በእርግዝና ወቅት፣ በሚወሰድ የወሊድ መከላከያ መድሃኒት፣ የክብደት መቀነስ እና መጠነኛ የጤና እክል መኖሩን ማሳያ ነው።
ደረቅ እና የተሰነጣጠቀ ከንፈር ምን ያመለክታል?,ደረቅ እና የተሰነጣጠቀ ከንፈር ሰውነት ከፍተኛ የሆነ የፈሳሽ መጠን እንዳነሰው ማሳያ ነው። ,ደረቅ እና የተሰነጣጠቀ ከንፈር ሰውነት ከፍተኛ የሆነ የፈሳሽ መጠን እንዳነሰው ማሳያ ነው። 
ጥፍር ሲሰነጠቅ እና ሲሰረጎድ ምን ያመለክታል? ,ጥፍር ሲሰነጠቅ እና ሲሰረጎድ ሰውነት ውስጥ ያለ የብረት መጠን ማነስ፣ የደም ማነስ እና ከልብ ጋር የተያያዘ ችግር እንዳለ ማሳያ ይሆናል። ,ጥፍር ሲሰነጠቅ እና ሲሰረጎድ ሰውነት ውስጥ ያለ የብረት መጠን ማነስ፣ የደም ማነስ እና ከልብ ጋር የተያያዘ ችግር እንዳለ ማሳያ ይሆናል። 
ጥፍር አብዝቶ ነጭ ሲሆን ወይም ሃምራዊ የሚመስል ቀለም ሲይዝ ምን ያመለክታል?,ጥፍር አብዝቶ ነጭ ሲሆን ወይም ሃምራዊ የሚመስል ቀለም ሲይዝ ደግሞ የጉበት እና ኩላሊት ላይ አደጋ ስለመኖሩ ማሳያ ነው።,ጥፍር አብዝቶ ነጭ ሲሆን ወይም ሃምራዊ የሚመስል ቀለም ሲይዝ ደግሞ የጉበት እና ኩላሊት ላይ አደጋ ስለመኖሩ ማሳያ ነው።
መድኃኒት በቀዝቃዛ ውሃ ይወሰዳል? ,"መድኃኒት በቀዝቃዛ ውሃ አይውሰዱ፡፡
","መድኃኒት በቀዝቃዛ ውሃ አይውሰዱ፡፡
"
ውሃ ጠዋት መቸ እንጠጣ? ,"ውሃ ጠዋት አብዝተው ማታ ግን በጥቂቱ ይጠጡ፡፡
","ውሃ ጠዋት አብዝተው ማታ ግን በጥቂቱ ይጠጡ፡፡
"
መድኃኒት ከተወሰደ ወይም ከተመገቡ በኋላ ቶሎ ይተኛል? ,"መድኃኒት ከወሰዱ ወይም ከተመገቡ በኋላ ወዲያው አይተኙ፡፡
","መድኃኒት ከወሰዱ ወይም ከተመገቡ በኋላ ወዲያው አይተኙ፡፡
"
የስልክዎ ባትሪ መጠን እጅግ ዝቅተኛ ከሆነ ስልክ አየነሳም? ,የስልክዎ ባትሪ መጠን እጅግ ዝቅተኛ ከሆነ ስልክ አያንሱ፡፡ ምክንያቱም በዚህ ሰዓት 'ራዴሽኑ' በ1000 እጥፍ ይጠነክራል፡፡,የስልክዎ ባትሪ መጠን እጅግ ዝቅተኛ ከሆነ ስልክ አያንሱ፡፡ ምክንያቱም በዚህ ሰዓት 'ራዴሽኑ' በ1000 እጥፍ ይጠነክራል፡፡
የሞባይል ካርድ ሲገዙ በጥፍር ይፋቃል? ,የሞባይል ካርድ ሲገዙ በጥፍርዎ አይፋቁት፡፡ ምክንያቱም ቁጥሩ የተሸፈነው በሲሊቨር ናይትሮ ኦክሳይድ ስለሆነ ለቆዳ ካንሰር ተጋላጭ ያደርጎታል፡፡,የሞባይል ካርድ ሲገዙ በጥፍርዎ አይፋቁት፡፡ ምክንያቱም ቁጥሩ የተሸፈነው በሲሊቨር ናይትሮ ኦክሳይድ ስለሆነ ለቆዳ ካንሰር ተጋላጭ ያደርጎታል፡፡
ሞባይል ቻርጅ ላይ አድርገው መጠቀም ይቻላል? ,"ሞባይሎትን በፍጹም ቻርጅ ላይ አድርገው አይጠቀሙ
","ሞባይሎትን በፍጹም ቻርጅ ላይ አድርገው አይጠቀሙ
"
በሞባይል ስልክ ሲነጋገሩ በየትኛዉ ጆሮ መሆን አለበት? ,በሞባይል ስልክ ሲነጋገሩ በግራ ጆሮዎ ብቻ ይነጋገሩ፡፡,በሞባይል ስልክ ሲነጋገሩ በግራ ጆሮዎ ብቻ ይነጋገሩ፡፡
የተሻለ የእንቅልፍ ሰዓት የሚባለው ስንት ሰአት ላይ ነዉ? ,የተሻለ የእንቅልፍ ሰዓት የሚባለው ከምሽቱ 4:00 ሰዓት እስከ 10:00 ያለው ነው፡፡,የተሻለ የእንቅልፍ ሰዓት የሚባለው ከምሽቱ 4:00 ሰዓት እስከ 10:00 ያለው ነው፡፡
ከ ስንት ሰዓት በኋላ ከበድ ያለ ምግብ አይውሰድም?,ከቀኑ 11:00 ሰዓት በኋላ ከበድ ያለ ምግብ አይውሰዱ፡፡,ከቀኑ 11:00 ሰዓት በኋላ ከበድ ያለ ምግብ አይውሰዱ፡፡
የሰው ልጅ በቀን ውስጥ ሰስንት ሰአት በእንቅልፍ ማሳለፍ አለበት?,የሰው ልጅ በቀን ውስጥ ከ6-8 ሰአት የሚሆነውን ግዜ በእንቅልፍ ማሳለፍ እንዳለበት ተደጋግሞ ይነገራል። ,የሰው ልጅ በቀን ውስጥ ከ6-8 ሰአት የሚሆነውን ግዜ በእንቅልፍ ማሳለፍ እንዳለበት ተደጋግሞ ይነገራል። 
እንቅልፍ የጤና ጠቀሜታዉ ምንድን ነዉ?,የማስታወስ ችሎታን ማዳበር፣ረጅም እድሜ ለመኖር፣የፈጠራ ችሎታን ማሻሻል ,የማስታወስ ችሎታን ማዳበር፣ረጅም እድሜ ለመኖር፣የፈጠራ ችሎታን ማሻሻል 
"ቦርጭ ለማጥፋት ዘዴዎችነን ዘርዝር

","1. ለብ ባለ ውሃ ውስጥ ሎሚ በመጨመር ይጠቀሙ፡፡
2. ስኳር ይቀንሱ፡፡
3. ካርቦሃይድሬት የያዙ ነጫጭ ምግቦችን አይውሰዱ፡፡ ለምሳሌ፦ ድንች፣ ፓስታና ዳቦ","1. ለብ ባለ ውሃ ውስጥ ሎሚ በመጨመር ይጠቀሙ፡፡
2. ስኳር ይቀንሱ፡፡
3. ካርቦሃይድሬት የያዙ ነጫጭ ምግቦችን አይውሰዱ፡፡ ለምሳሌ፦ ድንች፣ ፓስታና ዳቦ"
የቡና የጤና ጠቀሜታዉ ምንምን ነዉ?,"የሰው ልጅ ፀጉር እድገትን ይጨምራል፣የአልዛይመር በሽታ ስጋትን ይቀንሳል፣በቆዳ እና ጡት ካንሰር የመያዝ ዕድላችንን ይቀንሳል።
","የሰው ልጅ ፀጉር እድገትን ይጨምራል፣የአልዛይመር በሽታ ስጋትን ይቀንሳል፣በቆዳ እና ጡት ካንሰር የመያዝ ዕድላችንን ይቀንሳል።
"
የሚያልቡ ጣቶች ምን ያመለክታል? ,የሚያልቡ ጣቶች ሁላችንም እንደምናውቀው ጨዋማ ምግቦች ለሰውነታችን ሙቀት በመስጠት እንዲያልበን ያደርጉናል፡፡ ,የሚያልቡ ጣቶች ሁላችንም እንደምናውቀው ጨዋማ ምግቦች ለሰውነታችን ሙቀት በመስጠት እንዲያልበን ያደርጉናል፡፡ 
ጣቶች ቀለበት መንቀሳቀስ እስኪያቅተው ካበጡና ካላበው ምን ያመለክታል? ,ይሁንና ከምንጊዜውም በተለየ መልኩ ጣቶች ቀለበት መንቀሳቀስ እስኪያቅተው ካበጡና ካላበው ሃይፖ ታይሮይድዘም /hypothyroidism/ ለተባለው በሽታ መጋለጣችንን እየነገረን ነው፡፡ ,ይሁንና ከምንጊዜውም በተለየ መልኩ ጣቶች ቀለበት መንቀሳቀስ እስኪያቅተው ካበጡና ካላበው ሃይፖ ታይሮይድዘም /hypothyroidism/ ለተባለው በሽታ መጋለጣችንን እየነገረን ነው፡፡ 
ሃይፖታይሮይድዘም ማለት ምን ማለት ነወ? ,ሃይፖታይሮይድዘም ማለት ሰውነታችን በጤነኛ መልኩ መንቀሳቀስና ስራ እንዲሰራ የሚያግዘው የታይሮይድ እጢ የመመራት እጥረት ሲከሰት ነው፡፡ ,ሃይፖታይሮይድዘም ማለት ሰውነታችን በጤነኛ መልኩ መንቀሳቀስና ስራ እንዲሰራ የሚያግዘው የታይሮይድ እጢ የመመራት እጥረት ሲከሰት ነው፡፡ 
የታይሮይድ ዕጢ ምንድን ነዉ?,የታይሮይድ ዕጢ ችግር የእንቅስቃሴ ችግር፣ የሰውነት ክብደት መጨመር እንዲሁም በሰውነት ውስጥ ውሃ መቋጠርን ያስከትላል፡፡,የታይሮይድ ዕጢ ችግር የእንቅስቃሴ ችግር፣ የሰውነት ክብደት መጨመር እንዲሁም በሰውነት ውስጥ ውሃ መቋጠርን ያስከትላል፡፡
የሚያሳክክ እንዲሁም የሚያቃጥል ቀይ መዳፍ ምን ያመለክታል?  ,የሚያሳክክ እንዲሁም የሚያቃጥል ቀይ መዳፍ ኤክዜማ /eczema/ ለተባለ አደገኛ የቆዳ ህመም መጋለጦትን የሚያሳይ ነው፡፡ ,የሚያሳክክ እንዲሁም የሚያቃጥል ቀይ መዳፍ ኤክዜማ /eczema/ ለተባለ አደገኛ የቆዳ ህመም መጋለጦትን የሚያሳይ ነው፡፡ 
የገረጡ ጥፍሮች ምን ያመለክታል?  ,"ጥፍሮትን በሚጫኑ ጊዜ ወደ ነጭ መቀየር አለባቸው፡፡ ሲለቁት ግን ወዲያውኑ ወደ ሮዝ መመለስ አለበት፡፡ ይሁንና ጥፍርዎትን ተጭነው ከለቀቁ ከአንድ ወይም ከሁለት ደቂቃ በላይ ነጭ ሆኖ ከቆየ ለደም ማነስና ለብረት ዕጥረት የተጋለጡ ነዎት ብለዋል፡፡

","ጥፍሮትን በሚጫኑ ጊዜ ወደ ነጭ መቀየር አለባቸው፡፡ ሲለቁት ግን ወዲያውኑ ወደ ሮዝ መመለስ አለበት፡፡ ይሁንና ጥፍርዎትን ተጭነው ከለቀቁ ከአንድ ወይም ከሁለት ደቂቃ በላይ ነጭ ሆኖ ከቆየ ለደም ማነስና ለብረት ዕጥረት የተጋለጡ ነዎት ብለዋል፡፡

"
የገረጡ ጥፍሮች መከላከያዉ ምንድን ነዉ?,ይህን ሁኔታ ለመከላከል ታዲያ የብረት ንጥረ ነገር የያዙ የምንላቸውን ምግቦች መመገብ እንዲሁም በቫይታሚን ሲ የበለፀጉ ምግቦችን መመገብ ተገቢ ነው፡፡,ይህን ሁኔታ ለመከላከል ታዲያ የብረት ንጥረ ነገር የያዙ የምንላቸውን ምግቦች መመገብ እንዲሁም በቫይታሚን ሲ የበለፀጉ ምግቦችን መመገብ ተገቢ ነው፡፡
የደነዘዙና ሰማያዊ የጣት ጫፎች ምን ያመለክታል?  ,ይህ ሁኔታ ለራይናውድ በሽታ መጋለጦትን የሚያሳይ ነው፡፡ ይህም ማለት ደም ወደ ጣቶች መምጣት ሲያቆም ነው፡፡  ,ይህ ሁኔታ ለራይናውድ በሽታ መጋለጦትን የሚያሳይ ነው፡፡ ይህም ማለት ደም ወደ ጣቶች መምጣት ሲያቆም ነው፡፡  
የደነዘዙና ሰማያዊ የጣት ጫፎች መከላከያዉ ምንምን ነዉ?,"ይህን ለመከላከል ታዲያ ሲጋራ አለማጨስ፣ ካፌን የበዛበትን ነገር አለመጠቀም እንዲሁም ስፖርታዊ እንቅስቃሴዎችን ማድረግ ጠቃሚ ነው፡፡
","ይህን ለመከላከል ታዲያ ሲጋራ አለማጨስ፣ ካፌን የበዛበትን ነገር አለመጠቀም እንዲሁም ስፖርታዊ እንቅስቃሴዎችን ማድረግ ጠቃሚ ነው፡፡
"
ከለር የሌላቸው ጥፍሮች ምን ያመለክታል?  ,"ይህ ሁኔታ ከፈንገስ የሚመጣ ሲሆን አንዳንዴ የስኳር በሽታ ምልክትም ጭምር ነው፡፡ 
","ይህ ሁኔታ ከፈንገስ የሚመጣ ሲሆን አንዳንዴ የስኳር በሽታ ምልክትም ጭምር ነው፡፡ 
"
ከለር የሌላቸው ጥፍሮች መከላከያዉ ምንምን ነዉ?,ይህን ለመቆጣጠር ጥፍሮትን በንፅህና መያዝ፣ የሰውነት የስኳር መጠንን መቆጣጠር እንዲሁም ተመጣጣኝ ምግቦችን መመገብ ተገቢ  ,ይህን ለመቆጣጠር ጥፍሮትን በንፅህና መያዝ፣ የሰውነት የስኳር መጠንን መቆጣጠር እንዲሁም ተመጣጣኝ ምግቦችን መመገብ ተገቢ  
ጥፍሮት ቢጫ ወይም ግራጫማ መፍትሄዉ ምንድን ነዉ?,ጥፍሮት ቢጫ ወይም ግራጫማ ቀለም ከያዘ የጥርስ ማጽጂያ ሳሙናዎችን በመጠቀም ጥፍሮትን ለማፅዳት መሞከር ለችግርዎ መፍትሄ ሊሆን ይችላል፡፡,ጥፍሮት ቢጫ ወይም ግራጫማ ቀለም ከያዘ የጥርስ ማጽጂያ ሳሙናዎችን በመጠቀም ጥፍሮትን ለማፅዳት መሞከር ለችግርዎ መፍትሄ ሊሆን ይችላል፡፡
"አጫጭር ጣቶች ምን ያመለክታል?  

",ሴቶች ጥፍራቸው ከተገቢው መጠን አንሶ ካገኙት ለኦስትራኦ አርትራይትስ እንዲሁም ለፓሊሳይስቲክስ ኦቫሪያን ሲንድረም ለተባሉ በሽታዎች መጋለጣቸውን የሚያሳይ ነው፡፡ እነዚህ በሽታዎች መውለድ አለመቻልን የሚያስከትሉ ናቸው፡፡ ከዚህም በተጨማሪ ለልብ በሽታ የሚያጋልጡ ናቸው፡፡ ,ሴቶች ጥፍራቸው ከተገቢው መጠን አንሶ ካገኙት ለኦስትራኦ አርትራይትስ እንዲሁም ለፓሊሳይስቲክስ ኦቫሪያን ሲንድረም ለተባሉ በሽታዎች መጋለጣቸውን የሚያሳይ ነው፡፡ እነዚህ በሽታዎች መውለድ አለመቻልን የሚያስከትሉ ናቸው፡፡ ከዚህም በተጨማሪ ለልብ በሽታ የሚያጋልጡ ናቸው፡፡ 
ለጤናማ አኗኗር አንድ ሰው በዕለቱ መውሰድ ያለበት የጨው መጠን ስንት ነዉ?,የአለም ጤና ድርጅት ለጤናማ አኗኗር አንድ ሰው በዕለቱ መውሰድ ያለበት የጨው መጠን ከ5 ግራም ያልበለጠ መሆኑን ያስቀምጣል፡፡,የአለም ጤና ድርጅት ለጤናማ አኗኗር አንድ ሰው በዕለቱ መውሰድ ያለበት የጨው መጠን ከ5 ግራም ያልበለጠ መሆኑን ያስቀምጣል፡፡
"ወተት የመጠጣት ጥቅሞች ዘርዝር

","1. ለጉንፋን እና ሳል ህክምና።
2. ለሰውነታችን መርዛማ የሆኑ ነገሮችን ያመክናል፡፡
3. የአርትራይተስ እና መገጣጠሚያ ህመሞችን ያስታግሳል፡፡","1. ለጉንፋን እና ሳል ህክምና።
2. ለሰውነታችን መርዛማ የሆኑ ነገሮችን ያመክናል፡፡
3. የአርትራይተስ እና መገጣጠሚያ ህመሞችን ያስታግሳል፡፡"
"የቆዳን ውበት ለመጠበቅ ከሚረዱን ምግቦች ዘርዝር

",ብርቱካን በውስጡ ቫይታሚን ሲ አለው ይህም በቆዳችንን እና በሥጋችን መካከል የሚገኘውን እና 70% የሚሆነውን የቆዳ ክፍል የሚይዘውን ኮላጅንን እንዲመረት በማገዝ የቆዳችንን ውበት ይጨምራል።,ብርቱካን በውስጡ ቫይታሚን ሲ አለው ይህም በቆዳችንን እና በሥጋችን መካከል የሚገኘውን እና 70% የሚሆነውን የቆዳ ክፍል የሚይዘውን ኮላጅንን እንዲመረት በማገዝ የቆዳችንን ውበት ይጨምራል።
"የድካም ስሜት የሚሰማን ለምንድን ነዉ?


",አካል ብቃት እንቅስቃሴ አያደርጉም፣በቂ ውሃ አይጠጡም፣አይረን (Iron) የሚባል ንጥረ ነገር ያላቸውን ምግቦች አያዘወትሩም,አካል ብቃት እንቅስቃሴ አያደርጉም፣በቂ ውሃ አይጠጡም፣አይረን (Iron) የሚባል ንጥረ ነገር ያላቸውን ምግቦች አያዘወትሩም
ዳማ ከሴ ምንድን ነዉ?,ዳማ ከሴ አገር በቀል ተክል ሲሆን በሳይንሳዊ ስሙ ኦሲመም ላሚፎለም እየተባለ ይታወቃል,ዳማ ከሴ አገር በቀል ተክል ሲሆን በሳይንሳዊ ስሙ ኦሲመም ላሚፎለም እየተባለ ይታወቃል
ዳማ ከሴ ጥቅሞች ምንምን ናቸዉ?,በባሕላዊ ሕክምና ከተክሉ የሚገኝ ጭማቂ ለተለያዩ የዐይን በሽታዎች፣ ለራስ ምታት፣ በተለይ ትኩሳት ሲያጋጥም በባሕላዊው አጠራር ”ምች” እየተባለ ለሚጠራው የሕመም ምልክት ይወሰዳል፡፡ ,በባሕላዊ ሕክምና ከተክሉ የሚገኝ ጭማቂ ለተለያዩ የዐይን በሽታዎች፣ ለራስ ምታት፣ በተለይ ትኩሳት ሲያጋጥም በባሕላዊው አጠራር ”ምች” እየተባለ ለሚጠራው የሕመም ምልክት ይወሰዳል፡፡ 
ተረከዛቸው ከፍ ያሉ ጫማዎች በጤናችን ላይ ምን አይነት ጉዳት ያስከትላሉ?,የጀርባ ህመምን ያስከትላሉ፣የእግር ህመም፣የባት ህመምን ያስከትላሉ,የጀርባ ህመምን ያስከትላሉ፣የእግር ህመም፣የባት ህመምን ያስከትላሉ
ህፃናት በተወለዱ በስንት ሰዓት ውስጥ የእናት ጡት ወተት መጀመር አለባቸው?,ህፃናት በተወለዱ በአንድ ሰዓት ውስጥ የእናት ጡት ወተት መጀመር አለባቸው፡፡ ,ህፃናት በተወለዱ በአንድ ሰዓት ውስጥ የእናት ጡት ወተት መጀመር አለባቸው፡፡ 
የእናት ጡት ወተት ጥቅሞች ምንምን ናቸዉ?,የእናት ጡት ወተት በውስጡ ከፍተኛ የሆነ ንጥረ ምግብ ከመያዙም ባሻገር ህፃናት በተለዩ በሽታዎች እንዳይጠቁ ከፍተኛ የሆነ በሽታን የመከላከል አቅም በውስጡ አለው፡፡,የእናት ጡት ወተት በውስጡ ከፍተኛ የሆነ ንጥረ ምግብ ከመያዙም ባሻገር ህፃናት በተለዩ በሽታዎች እንዳይጠቁ ከፍተኛ የሆነ በሽታን የመከላከል አቅም በውስጡ አለው፡፡
ጡት ማጥባት ለእናቲቱ ያለው ጠቀሜታ ምንድን ነዉ?,"ጡት ማጥባት እናቶችን ከማህፃንና ከጡት ካንሰር በሽታ ይከላከላል 
","ጡት ማጥባት እናቶችን ከማህፃንና ከጡት ካንሰር በሽታ ይከላከላል 
"
ጡት ማጥባት ለህፃኑ ያለው ጠቀሜታ ምንድን ነዉ?,"የጡት ወተት በውስጡ ከፍተኛ የሆነ በሽታን የመከላከል አቅም አለው፡፡ ይህም ህፃናት በቀላሉ በበሽታ እንዳይጠቁ ይረዳል፡፡
","የጡት ወተት በውስጡ ከፍተኛ የሆነ በሽታን የመከላከል አቅም አለው፡፡ ይህም ህፃናት በቀላሉ በበሽታ እንዳይጠቁ ይረዳል፡፡
"
"በጥዋት ከእንቅልፍ መንቃት ጥቅሞች ምንድን ናቸው?
","ቀኑ ደስ ብሎን/ሳይደብረን እንዲያልፍ ይረዳል
","ቀኑ ደስ ብሎን/ሳይደብረን እንዲያልፍ ይረዳል
"
በባዶ እግራችን መሄድ ጠቀሜታ ምንድን ነዉ?,በባዶ እግራችን በምንራመድበት ጊዜም የተስተካከለ የደም ዝውውር እንዲኖረን የሚያደርግ ሲሆን፥ በዚህ ጊዜም ከደም ዝውውሩ ጋር ሰውነታቸን በቂ ሀይል በማግኘት የሰውነታችን ክፍሎች እንዲነቃቁ ያደርጋል።,በባዶ እግራችን በምንራመድበት ጊዜም የተስተካከለ የደም ዝውውር እንዲኖረን የሚያደርግ ሲሆን፥ በዚህ ጊዜም ከደም ዝውውሩ ጋር ሰውነታቸን በቂ ሀይል በማግኘት የሰውነታችን ክፍሎች እንዲነቃቁ ያደርጋል።
መጥፎ የአፍ ጠረንን ወይም ሃሊቶስስን የሚያመጣዉ ምንድነዉ?,"የአፍ ንፅህናን ያለመጠበቅ፣የድድ ህመም መኖር
","የአፍ ንፅህናን ያለመጠበቅ፣የድድ ህመም መኖር
"
"መጥፎ የአፍ ጠረን መኖሩን እንዴት ሊያዉቁ ይችላሉ?

",መጥፎ ወይም የሚመር የአፍ ጣዕም ሲሰማዎት,መጥፎ ወይም የሚመር የአፍ ጣዕም ሲሰማዎት
"መጥፎ የአፍ ጠረንን ለመከላከል የሚመከሩ ነገሮች/ምክሮች ዘርዝር

",ምግብ ከተመገቡ በኃላ ጥርስዎትን መታጠብ(መቦረሽ),ምግብ ከተመገቡ በኃላ ጥርስዎትን መታጠብ(መቦረሽ)
የአፍ ድርቀት መንስኤ ምንምን ነዉ?,መድሃኒቶች፣እርጅና፣የውሃ ጥም,መድሃኒቶች፣እርጅና፣የውሃ ጥም
የአፍ ድርቀት መፍትሄዉ ምንድን ነዉ?,የስኳር ይዘት የሌላቸውን ማስቲካዎች ማኘክ የምራቅ መመረትን ስለሚያሳድግ ይሞክሩት ብለዋል።ውሃ መጠጣት እና ማስቲካ ማኘክ ችግሩን ካላስወገደው ግን የአፍ ድርቀትን ለመቀነስ የሚያግዙ የጥርስ ሳሙናዎች እንዳሉ ጠቁመዋል።,የስኳር ይዘት የሌላቸውን ማስቲካዎች ማኘክ የምራቅ መመረትን ስለሚያሳድግ ይሞክሩት ብለዋል።ውሃ መጠጣት እና ማስቲካ ማኘክ ችግሩን ካላስወገደው ግን የአፍ ድርቀትን ለመቀነስ የሚያግዙ የጥርስ ሳሙናዎች እንዳሉ ጠቁመዋል።
የቀይ ወይን ጠጅ የጤና በረከቶች ዘርዝር,የማስታወስ ችሎታችንን ይጨምርልናል፣ለዓይን ጤንነት፣ለካንሰር እንዳንጋለጥ ይረዳናል፣የጉንፋን በሽታን ይከላከላል,የማስታወስ ችሎታችንን ይጨምርልናል፣ለዓይን ጤንነት፣ለካንሰር እንዳንጋለጥ ይረዳናል፣የጉንፋን በሽታን ይከላከላል
ዛሬ ነገ እያሉ ሥራን ማዘግየት ሊያሳምም ይችላል?,አዎ,አዎ
"የተሻለ የአመጋገብ ዘይቤ በመከተል ሰው በዕድሜው ላይ ዓመታት ሊጨምር ይችላልን?

",መልሱ አዎ ነው። በቂ እንቅስቃሴ ማድረግ፣ ጥሩ የአኗኗር ዘይቤ መከተልና የተሻለ የአመጋገብ ዘይቤ መከተል እርጅና ቶሎ እንዳይመጣና ከዕድሜ ጋር አብረው የሚመጡ በሽታዎችን ለመከላከል ይረዳሉ። ,መልሱ አዎ ነው። በቂ እንቅስቃሴ ማድረግ፣ ጥሩ የአኗኗር ዘይቤ መከተልና የተሻለ የአመጋገብ ዘይቤ መከተል እርጅና ቶሎ እንዳይመጣና ከዕድሜ ጋር አብረው የሚመጡ በሽታዎችን ለመከላከል ይረዳሉ። 
ቶሎ እንዳናረጅ እና ከዕድሜ ጋር የሚመጡ በሽታዎችን ለመከላከል የሚያደርጉ ምግቦችን ዘርዝር,የወይራ ዘይት፣እርጎ፣አሳ፣ቾኮሌት,የወይራ ዘይት፣እርጎ፣አሳ፣ቾኮሌት
አንድ አዲስ ሰው አንድ ቤት ውስጥ ሲገባ ስንት ባክቴሪያዎች አብረው ይገባሉ?,37 ሚሊዮን ባክቴሪያዎች,37 ሚሊዮን ባክቴሪያዎች
አንጎል እንዴት ይሰራል?,"አንጎል 10 ዋት አምፖል በሚሰራበት የኃይል መጠን ነው የሚሰራው፡፡
","አንጎል 10 ዋት አምፖል በሚሰራበት የኃይል መጠን ነው የሚሰራው፡፡
"
ኒውሮኖች ምንድን ናቸዉ?,"ኒውሮኖች በዕድሜ ዘመናችን በሙሉ ማደጋቸውን አያቋርጡም፡፡
","ኒውሮኖች በዕድሜ ዘመናችን በሙሉ ማደጋቸውን አያቋርጡም፡፡
"
የፊት ፀጉር ከየትኛውም አይነት የቆዳ ፀጉር በምን ይለያል?,"የፊት ፀጉር ከየትኛውም አይነት የቆዳ ፀጉር የበለጠ በፍጥነት ያድጋል፡፡
","የፊት ፀጉር ከየትኛውም አይነት የቆዳ ፀጉር የበለጠ በፍጥነት ያድጋል፡፡
"
የሰው ልጅ ፀጉር አማካይ ዕድሜ ስንት ነዉ?,"የሰው ልጅ ፀጉር አማካይ ዕድሜ ከ3-7 ዓመት ነው፡፡
","የሰው ልጅ ፀጉር አማካይ ዕድሜ ከ3-7 ዓመት ነው፡፡
"
የልብ ግፊት እንዴት ነዉ? ,"ልብ 9 ሜትር ርቀት ደም ወደፊት ለመርጨት የሚያስችል ግፊት ይፈጥራል፡፡
","ልብ 9 ሜትር ርቀት ደም ወደፊት ለመርጨት የሚያስችል ግፊት ይፈጥራል፡፡
"
ከመወለዳችሁ በኋላ ምን ልዩነት አለ? ,"ከመወለዳችሁ በኋላ የመስማት ኃይላችሁ ይቀንሳል፡፡
","ከመወለዳችሁ በኋላ የመስማት ኃይላችሁ ይቀንሳል፡፡
"
ድንገተኛ የልብ ህመም በብዛት የሚከሰትበት ቀን ማን ነዉ? ,"ከሳምንቱ ቀናት ውስጥ ሰኞ ድንገተኛ የልብ ህመም በብዛት የሚከሰትበት ቀን ነው፡፡
","ከሳምንቱ ቀናት ውስጥ ሰኞ ድንገተኛ የልብ ህመም በብዛት የሚከሰትበት ቀን ነው፡፡
"
ጠዋት እና ማታ ቁመታችን ልዩነት አለዉ? ,"ጠዋት ጠዋት ቁመታችን ከማታ ቁመታችን በአንድ ሴንቲ ሜትር ይረዝማል፡፡
","ጠዋት ጠዋት ቁመታችን ከማታ ቁመታችን በአንድ ሴንቲ ሜትር ይረዝማል፡፡
"
ራሱን የማይጠግን ብቸኛው የሰውነታችን ክፍል ምንድን ነዉ?,"ራሱን የማይጠግን ብቸኛው የሰውነታችን ክፍል ጥርሳችን ነው፡፡
","ራሱን የማይጠግን ብቸኛው የሰውነታችን ክፍል ጥርሳችን ነው፡፡
"
በደቂቃ ስንት ሴሎች ይሞታሉ? ,"በእያንዳንዱ ደቂቃ 300 ሚሊዮን ሴሎች ሰውነታችን ውስጥ ይሞታሉ፡፡
","በእያንዳንዱ ደቂቃ 300 ሚሊዮን ሴሎች ሰውነታችን ውስጥ ይሞታሉ፡፡
"
በየቀኑ አንድ አዋቂ ሰው ስንት ሴሎች ያመርታል? ,"በየቀኑ አንድ አዋቂ ሰው 300 ቢሊዮን ሴሎችን ያመርታል፡፡
","በየቀኑ አንድ አዋቂ ሰው 300 ቢሊዮን ሴሎችን ያመርታል፡፡
"
የእያንዳንዱ ሰው ምላስ አሻራ የተለያየ ነው? ,"አወ
","አወ
"
ዓለማችን ላይ በብዛት የሚገኘው የደም አይነት ምንድን ነዉ?,"ዓለማችን ላይ በብዛት የሚገኘው የደም አይነት ኦ ነው፡፡
","ዓለማችን ላይ በብዛት የሚገኘው የደም አይነት ኦ ነው፡፡
"
የምትተኙበት ክፍል ቅዝቃዜ በጨመረ ቁጥር ምን ይከሰታል? ,"የምትተኙበት ክፍል ቅዝቃዜ በጨመረ መጠን የምትመለከቱት ህልም መጥፎ የሚሆንበት ዕድልም ይጨምራል፡፡
","የምትተኙበት ክፍል ቅዝቃዜ በጨመረ መጠን የምትመለከቱት ህልም መጥፎ የሚሆንበት ዕድልም ይጨምራል፡፡
"
ስሜታቸው ሲነካ ማልቀስ የሚችል እንስሳ ምንድን ነዉ?,"ስሜታቸው ሲነካ ማልቀስ የሚችሉ እንስሳት ሰዎች ብቻ ናቸው፡፡
","ስሜታቸው ሲነካ ማልቀስ የሚችሉ እንስሳት ሰዎች ብቻ ናቸው፡፡
"
ከሴቶች ከወንዶች ባነሰ መልኩ ካሎሪ ቀስ ብለው የሚያቃጥል ማን ነዉ? ,"ሴቶች ከወንዶች ባነሰ መልኩ ካሎሪ ቀስ ብለው ያቃጥላሉ፡፡ በቀን በአማካይ 50 ካሎሪ ብቻ ሴቶች ያቃጥላሉ፡፡
","ሴቶች ከወንዶች ባነሰ መልኩ ካሎሪ ቀስ ብለው ያቃጥላሉ፡፡ በቀን በአማካይ 50 ካሎሪ ብቻ ሴቶች ያቃጥላሉ፡፡
"
ከሴቶች ከወንዶች የበለጠ ጠረንን መለየት የሚችል ማን ነዉ? ,"ሴቶች ከወንዶች የበለጠ ጠረንን መለየት ይችላሉ፡፡
","ሴቶች ከወንዶች የበለጠ ጠረንን መለየት ይችላሉ፡፡
"
ከወንዶች እና ከሴቶች የበለጠ ስቅ የሚለዉ ማን ነዉ? ,"ወንዶች ከሴቶች የበለጠ ስቅ ይላቸዋል፡፡

","ወንዶች ከሴቶች የበለጠ ስቅ ይላቸዋል፡፡

"
የምግቡን ጣዕም መለየት እንዴት እንችላለን?,ምራቃችሁ ከምግብ ጋር ካልተቀላቀለ ወይም ምግብ በምራቅ ካልሟሟ የምግቡን ጣዕም መለየት አትችሉም (ምላሳችሁን ካደረቃችሁ በኋላ ሞክሩት),ምራቃችሁ ከምግብ ጋር ካልተቀላቀለ ወይም ምግብ በምራቅ ካልሟሟ የምግቡን ጣዕም መለየት አትችሉም (ምላሳችሁን ካደረቃችሁ በኋላ ሞክሩት)
ከሰውነታችን ውስጥ እጅግ በጣም ጠንካራው ጡንቻ ምንድን ነዉ?,"ከሰውነታችን ውስጥ እጅግ በጣም ጠንካራው ጡንቻ ምላስ ነው፡፡


","ከሰውነታችን ውስጥ እጅግ በጣም ጠንካራው ጡንቻ ምላስ ነው፡፡


"
እጅግ በጣም ጠጣሩ የሰውነታችን አጥንት ምንድን ነዉ?,"እጅግ በጣም ጠጣሩ የሰውነታችን አጥንት የመንጋጋ አጥንት ነው፡፡
","እጅግ በጣም ጠጣሩ የሰውነታችን አጥንት የመንጋጋ አጥንት ነው፡፡
"
አንድ ሰው ሳይበላ እና ሳይጠጣ ስንት ቀን መቆየት ይችላል?,"አንድ ሰው ሳይበላ 20 ቀን መቆየት ይችል ይሆናል፡፡ ሳይጠጣ ግን ከ2 ቀን በላይ ለመቆየት ይቸገራል፡፡
","አንድ ሰው ሳይበላ 20 ቀን መቆየት ይችል ይሆናል፡፡ ሳይጠጣ ግን ከ2 ቀን በላይ ለመቆየት ይቸገራል፡፡
"
ደም በቀጥታ የማያገኘው ብቸኛው የሰውነታችን ክፍል ምንድን ነዉ?,"ደም በቀጥታ የማያገኘው ብቸኛው የሰውነታችን ክፍል የዓይናችን ኮርኒያ ነው፡፡ ኮርኒያ የኦክስጂን አቅርቦት በቀጥታ ከአየር ያገኛል፡፡
","ደም በቀጥታ የማያገኘው ብቸኛው የሰውነታችን ክፍል የዓይናችን ኮርኒያ ነው፡፡ ኮርኒያ የኦክስጂን አቅርቦት በቀጥታ ከአየር ያገኛል፡፡
"
ሳንባችን በቀን ስንት ሊትር አየር ይስባል?,"ሳንባችን በቀን ከሁለት ሚሊየን ሊትር በላይ አየር ይስባል፡፡
","ሳንባችን በቀን ከሁለት ሚሊየን ሊትር በላይ አየር ይስባል፡፡
"
የአየር ማሞቂያ እና ማቀዝቀዣ መሳሪያችን ምንድን ነዉ?,"አፍንጫችን የአየር ማሞቂያ እና ማቀዝቀዣ መሳሪያችን ነው፡፡ ቀዝቃዛውን አየር ያሞቃል፣ ሞቃቱን አየር ያቀዘቅዛል፡፡
","አፍንጫችን የአየር ማሞቂያ እና ማቀዝቀዣ መሳሪያችን ነው፡፡ ቀዝቃዛውን አየር ያሞቃል፣ ሞቃቱን አየር ያቀዘቅዛል፡፡
"
የደም ሴሎች በአማካይ ስንት ቀናት ይኖራሉ?,"የደም ሴሎች በአማካይ 120 ቀናት ይኖራሉ፡፡
","የደም ሴሎች በአማካይ 120 ቀናት ይኖራሉ፡፡
"
በእያንዳንዱ ጊዜ ሰውነታችሁ ውስጥ ስንት ቀይ የደም ሴሎች ይኖራሉ?,በእያንዳንዱ ጊዜ ሰውነታችሁ ውስጥ 25 ትሪሊዮን ቀይ የደም ሴሎች ይኖራሉ፡፡,በእያንዳንዱ ጊዜ ሰውነታችሁ ውስጥ 25 ትሪሊዮን ቀይ የደም ሴሎች ይኖራሉ፡፡
ፈገግታ ጠቀሜታዉ ምንድን ነዉ?,ፈገግታ ቢያንስ ሰላሳ ጡንቻዎችን ያንቀሳቅሳል፡፡,ፈገግታ ቢያንስ ሰላሳ ጡንቻዎችን ያንቀሳቅሳል፡፡
ግማሽ ሊትር ደም በመለገስ ብቻ ስንት ሰው ህይወት ሊታደጉ ይችላሉ?,"ግማሽ ሊትር ደም በመለገስ ብቻ የአራት ሰው ህይወት ሊታደጉ ይችላሉ፡፡
","ግማሽ ሊትር ደም በመለገስ ብቻ የአራት ሰው ህይወት ሊታደጉ ይችላሉ፡፡
"
ሰዎች ስንት ሊትር ደም ውስጣቸው ይኖራል?,"ሴቶች በአማካይ 4.5 ሊትር ደም ሰውነታቸው ውስጥ ሲኖር ወንዶች በአማካኝ 5.6 ሊትር ደም ውስጣቸው ይኖራል፡፡
","ሴቶች በአማካይ 4.5 ሊትር ደም ሰውነታቸው ውስጥ ሲኖር ወንዶች በአማካኝ 5.6 ሊትር ደም ውስጣቸው ይኖራል፡፡
"
ህጻናት ሲወለዱ ቀለምን መለየት ይችላሉ?,"ሁሉም ህፃናቶች ሲወለዱ ቀለማትን መለየት አይችሉም፡፡
","ሁሉም ህፃናቶች ሲወለዱ ቀለማትን መለየት አይችሉም፡፡
"
ስታለቅሱ አፍንጫችሁ ፈሳሽ የሚያበዛው ለምንድን ነዉ?,"ስታለቅሱ አፍንጫችሁ ፈሳሽ የሚያበዛው እንባችሁ ከአይናችሁ ወደ አፍንጫችሁ ስለሚሄድ ነው፡፡
","ስታለቅሱ አፍንጫችሁ ፈሳሽ የሚያበዛው እንባችሁ ከአይናችሁ ወደ አፍንጫችሁ ስለሚሄድ ነው፡፡
"
አይናችሁን ከፍታችሁ ማስነጠስ ትችላላችሁ?,"አይናችሁን ከፍታችሁ ማስነጠስ በፍፁም አትችሉም፡፡
","አይናችሁን ከፍታችሁ ማስነጠስ በፍፁም አትችሉም፡፡
"
ፀጉር እና ጥፍር የተሰሩት ከተመሳሳይ ንጥረ ነገር ነው? ,"አወ
","አወ
"
በሽታዎች የሚፈጠሩት እና የሚባባሱት በምን ምክንያት ነው?,"ከ90% በላይ የሚሆኑ በሽታዎች የሚፈጠሩት እና የሚባባሱት በውጥረት ምክንያት ነው፡፡
","ከ90% በላይ የሚሆኑ በሽታዎች የሚፈጠሩት እና የሚባባሱት በውጥረት ምክንያት ነው፡፡
"
ሴት ልጅ በጡት ካንሰር የመያዝ እድሏ አንዴት ነው?,"ሴት ልጅ በጡት ካንሰር የመያዝ እድሏ አልኮል አለልክ በመጠጣት ይባባሳል፡፡
","ሴት ልጅ በጡት ካንሰር የመያዝ እድሏ አልኮል አለልክ በመጠጣት ይባባሳል፡፡
"
ከውፍረት ጋር የተያያዘ ሞት ይከሰታል?,"በየዓመቱ አሜሪካን ሀገር ከውፍረት ጋር የተያያዘ 300.000 ሞት ይከሰታል፡፡
","በየዓመቱ አሜሪካን ሀገር ከውፍረት ጋር የተያያዘ 300.000 ሞት ይከሰታል፡፡
"
የሚያጨሱ ሰዎች ከማያጨሱ ሰዎች ልዩነት ምንድን  ነው?,"የሚያጨሱ ሰዎች ከማያጨሱ ሰዎች 6.5 ዓመት ቀድመው ይሞታሉ፡፡ በቀን በአማካይ አንድ ፓኬት ሲጋራ የሚያጨስ ሰው በየአስር ዓመት ልዩነት ሁለት ጥርስ ያጣል፡፡
","የሚያጨሱ ሰዎች ከማያጨሱ ሰዎች 6.5 ዓመት ቀድመው ይሞታሉ፡፡ በቀን በአማካይ አንድ ፓኬት ሲጋራ የሚያጨስ ሰው በየአስር ዓመት ልዩነት ሁለት ጥርስ ያጣል፡፡
"
ሙዚቃ ማዳመጥ ጥቅም አለው?,"ጥናቶች እንደሚጠቁሙት ሙዚቃ ማዳመጥ ለምግብ ለመፈጨት ሂደት ጠቃሚ ነው፡፡
","ጥናቶች እንደሚጠቁሙት ሙዚቃ ማዳመጥ ለምግብ ለመፈጨት ሂደት ጠቃሚ ነው፡፡
"
የእንቅልፍ እጦት ጉዳቱ ምንድን ነዉ?,"የእንቅልፍ እጦት በሽታ የመከላከል አቅምን ይቀንሳል፡፡
","የእንቅልፍ እጦት በሽታ የመከላከል አቅምን ይቀንሳል፡፡
"
ካርቦን ሞኖክሳይድ በስንት ደቂቃ ይገድላል?,"ካርቦን ሞኖክሳይድ ከአስራ አምስት ደቂቃ ባነሰ ጊዜ ውስጥ ሰው ሊገድል ይችላል፡፡
","ካርቦን ሞኖክሳይድ ከአስራ አምስት ደቂቃ ባነሰ ጊዜ ውስጥ ሰው ሊገድል ይችላል፡፡
"
በየዕለቱ ሰውነታችን ስንት ሀይድሮ ክሎሪክ አሲድ ያመነጫል?,"በየዕለቱ ሰውነታችን ሁለት ሊትር ያህል ሀይድሮ ክሎሪክ አሲድ ያመነጫል፡፡
","በየዕለቱ ሰውነታችን ሁለት ሊትር ያህል ሀይድሮ ክሎሪክ አሲድ ያመነጫል፡፡
"
ሳቅ ጥቅም አለው?,"ሳቅ ፍቱን የህመም ማስታገሻ (pain killer) እንደሆነ የህክምና ጥናቶች አረጋግጠዋል፡፡
","ሳቅ ፍቱን የህመም ማስታገሻ (pain killer) እንደሆነ የህክምና ጥናቶች አረጋግጠዋል፡፡
"
የእርጉዝ ጥርስ ጤንነት ያልተወለደውን ልጅ ጤንነት ሊወስን ይችላል?,"አወ
","አወ
"
ሴት ልጅ እርግዝና ውስጥ ስትሆን ምን ይፈጠራል?,"ሴት ልጅ እርግዝና ውስጥ ስትሆን ሁሉም የስሜት ህዋሶቿ ከልክ በላይ ይነቃቃሉ፡፡
","ሴት ልጅ እርግዝና ውስጥ ስትሆን ሁሉም የስሜት ህዋሶቿ ከልክ በላይ ይነቃቃሉ፡፡
"
የመሳሳም ጥቅም አለው?,"መሳሳም የጥርስ መበስበስን ይከላከላል፡፡ ይህ ሊሆን የቻለው መሳሳም የሚፈጥረው ምራቅ የጥርስን እርጥበት መጠ
ን ስለሚያስጠብቅ ነው፡፡
","መሳሳም የጥርስ መበስበስን ይከላከላል፡፡ ይህ ሊሆን የቻለው መሳሳም የሚፈጥረው ምራቅ የጥርስን እርጥበት መጠ
ን ስለሚያስጠብቅ ነው፡፡
"
ጡት ጠብተው ያደጉ ልጆች ጡት ሳይጠቡ ከማያድጉ ልጆ ልዩነት አለዉ?,"ጡት ጠብተው ያደጉ ልጆች ጡት ሳይጠቡ ከማያድጉ ልጆ ይልቅ ሸንቃጣ ናቸው፡፡
","ጡት ጠብተው ያደጉ ልጆች ጡት ሳይጠቡ ከማያድጉ ልጆ ይልቅ ሸንቃጣ ናቸው፡፡
"
ነጣ ያለ ቆዳ ያላቸው ሰዎች ጠቆር ያለ ቆዳ ካላቸው ልዩነት አለዉ?,"ነጣ ያለ ቆዳ ያላቸው ሰዎች ጠቆር ያለ ቆዳ ካላቸው የበለጠ ቆዳቸው ቶሎ ይጨማደዳል፡፡
","ነጣ ያለ ቆዳ ያላቸው ሰዎች ጠቆር ያለ ቆዳ ካላቸው የበለጠ ቆዳቸው ቶሎ ይጨማደዳል፡፡
"
አለርጂ መከላከያዉ ምንድን ነዉ?,"አለርጂ ያለባቸው ሰዎች በመሳቅ የአለርጂ መጠናቸውን መቀነስ ይችላሉ፡፡
","አለርጂ ያለባቸው ሰዎች በመሳቅ የአለርጂ መጠናቸውን መቀነስ ይችላሉ፡፡
"
የሚያጨሱ ሰዎች ከማያጨሱ ሰዎች ቆዳቸው ልዩነት አለዉ?,"የሚያጨሱ ሰዎች ከማያጨሱ ሰዎች የበለጠ ቆዳቸው ይጨማደዳል፡፡
","የሚያጨሱ ሰዎች ከማያጨሱ ሰዎች የበለጠ ቆዳቸው ይጨማደዳል፡፡
"
ጡት ጠብቀው ያደጉ ልጆች ጡት ጠብተው ካላደጉ ልጆች ልዩነት አላቸዉ?,"ጡት ጠብቀው ያደጉ ልጆች ጡት ጠብተው ካላደጉ ልጆች የበለጠ IQ ሊኖራቸው ይችላል፡፡
","ጡት ጠብቀው ያደጉ ልጆች ጡት ጠብተው ካላደጉ ልጆች የበለጠ IQ ሊኖራቸው ይችላል፡፡
"
ቸኮሌት ጥቅም አለው?,"በወር ሶስት ጊዜ ቸኮሌት መብላት ከልክ በላይ ከሚበሉና እንደውም ከማይበሉ ሰዎች የበለጠ ረጅም ጊዜ ለመኖር ያስችላል፡፡
","በወር ሶስት ጊዜ ቸኮሌት መብላት ከልክ በላይ ከሚበሉና እንደውም ከማይበሉ ሰዎች የበለጠ ረጅም ጊዜ ለመኖር ያስችላል፡፡
"
"በአማካይ አንድ ሰው በአንድ ሌሊት ውስጥ ስንት ህልም ይመለከታል?
","በአማካይ አንድ ሰው በአንድ ሌሊት ውስጥ 7 ህልም ይመለከታል፡፡
","በአማካይ አንድ ሰው በአንድ ሌሊት ውስጥ 7 ህልም ይመለከታል፡፡
"
አንድ ሰው በአማካይ በቀን ስንት ጊዜ ያህል ይስቃል?,"አንድ ሰው በአማካይ በቀን 15 ጊዜ ያህል ይስቃል፡፡
","አንድ ሰው በአማካይ በቀን 15 ጊዜ ያህል ይስቃል፡፡
"
ፈገግ ከማለት እና ኮስተር ከማለት ማን ጡንቻ ይጠይቃል?,"ፈገግ ከማለት ይልቅ ኮስተር ማለት ብዙ ጡንቻ ይጠይቃል፡፡
","ፈገግ ከማለት ይልቅ ኮስተር ማለት ብዙ ጡንቻ ይጠይቃል፡፡
"
የካንሰር ህመምን መከላከል ይቻላል?,"1/3 የካንሰር ህመምን መከላከል ይቻላል፡፡
","1/3 የካንሰር ህመምን መከላከል ይቻላል፡፡
"
በምታስነጥሱበት ወቅት ምን ይፈጠራል?,"በምታስነጥሱበት ወቅት ሁሉም የሰውነታችሁ ስራ ይቆማል ልባችሁን ጨምሮ፡፡
","በምታስነጥሱበት ወቅት ሁሉም የሰውነታችሁ ስራ ይቆማል ልባችሁን ጨምሮ፡፡
"
የሰው ልጅ ጉበት ስንት ተግባሮችን ያከናውናል?,"የሰው ልጅ ጉበት ከአምስት መቶ በላይ ተግባሮችን ያከናውናል፡፡
","የሰው ልጅ ጉበት ከአምስት መቶ በላይ ተግባሮችን ያከናውናል፡፡
"
የልባችሁ መጠን ስንት ነዉ?,"የልባችሁ መጠን የአንድ እጅ ጭብጣችሁን ያህል ነው፡፡
","የልባችሁ መጠን የአንድ እጅ ጭብጣችሁን ያህል ነው፡፡
"
የእግር ጉዞ ማድረግ ጥቅም አለው?,"በሳምንት ለሶስት እና አራት ሰዓት ያህል ፈጣን የእግር ጉዞ ማድረግ በልብ ህመም የመያዝ ዕድልን በ65% ይቀንሳል፡፡
","በሳምንት ለሶስት እና አራት ሰዓት ያህል ፈጣን የእግር ጉዞ ማድረግ በልብ ህመም የመያዝ ዕድልን በ65% ይቀንሳል፡፡
"
ከመሳሳም እና ከመጨባበጥ ይበልጥ ሊተላለፉ የሚችሉ ብዙ ጀርሞች አሉ?,"ከመሳሳም የበለጠ በመጨባበጥ ከሰው ወደ ሰው ሊተላለፉ የሚችሉ ብዙ ጀርሞች አሉ፡፡
","ከመሳሳም የበለጠ በመጨባበጥ ከሰው ወደ ሰው ሊተላለፉ የሚችሉ ብዙ ጀርሞች አሉ፡፡
"
ከእንቅልፍ እና ከምግብ የበለጠ አስፈላጊ ማን ነው? ,"እንቅልፍ ከምግብ የበለጠ አስፈላጊ ነው፡፡ አንድ ሰው በእንቅልፍ እጦት ከምግብ እጦት አስቀድሞ ሊሞት ይችላል፡፡
","እንቅልፍ ከምግብ የበለጠ አስፈላጊ ነው፡፡ አንድ ሰው በእንቅልፍ እጦት ከምግብ እጦት አስቀድሞ ሊሞት ይችላል፡፡
"
ባልታወቀ ምክኒያት የሚያጋጥም የክብደት መቀነስ ምን ያመለክታል?,የታይሮይድ እጢ ከልክ በላይ መስራት፣  የመደበር ስሜት፣ ጠጉበት በሽታ፣ ካንሰር፣ ኤች.አይ.ቪ/ኤድስ፣ እንዲሁም ሰውነታችን ንጥረ ምግቦችን በአግባቡ እንዳይቀበል የሚያደርጉት ሕመሞች ተጠቃሾች ናቸው፡፡,የታይሮይድ እጢ ከልክ በላይ መስራት፣  የመደበር ስሜት፣ ጠጉበት በሽታ፣ ካንሰር፣ ኤች.አይ.ቪ/ኤድስ፣ እንዲሁም ሰውነታችን ንጥረ ምግቦችን በአግባቡ እንዳይቀበል የሚያደርጉት ሕመሞች ተጠቃሾች ናቸው፡፡
ቶሎ የማይጠፋ ወይም ከባድ ትኩሳት ምን ያመለክታል?,ትኩሳት በሽታ ባይሆንም፣ ብዙ ጊዜ ሕመም እንዳለብን ጠቋሚ ምልክት ,ትኩሳት በሽታ ባይሆንም፣ ብዙ ጊዜ ሕመም እንዳለብን ጠቋሚ ምልክት 
"የትንፋሽ ማጠር ምን ያመለክታል?
 ",በታፈነ አፍንጫ ወይም በአካል ብቃት እንቅስቃሴ ከሚያጋጥመን  የበለጠ የትንፋሽ እጥረት ከደረሰብን የጤና ችግር እንዳለብን አመላካች ሊሆን ይችላል፡፡,በታፈነ አፍንጫ ወይም በአካል ብቃት እንቅስቃሴ ከሚያጋጥመን  የበለጠ የትንፋሽ እጥረት ከደረሰብን የጤና ችግር እንዳለብን አመላካች ሊሆን ይችላል፡፡
የትንፋሽ ማጠር ምክነያት ምንድን ነዉ?,ለትንፋሽ ማጠር ምክኒያት ከሆኑት መካከል ስር የሰደደ የሳምባ በሽታ፣ ስር የሰደደ ብሮንካይቲስ፣ አስም፣ የሳምባ ምች፣ በሳምባ ውስጥ የደም መርጋት፣ እንዲሁም የተለያዩ የልብ ሕመሞች ይገኙባቸዋል፡፡,ለትንፋሽ ማጠር ምክኒያት ከሆኑት መካከል ስር የሰደደ የሳምባ በሽታ፣ ስር የሰደደ ብሮንካይቲስ፣ አስም፣ የሳምባ ምች፣ በሳምባ ውስጥ የደም መርጋት፣ እንዲሁም የተለያዩ የልብ ሕመሞች ይገኙባቸዋል፡፡
ባልታወቀ ምክንያት የመጸዳዳት ልምድ መለወጥ ምን ያመለክታል?,የመጸዳዳት ልምድ ከሰው ሰው የተለያየ ቢሆንም፣ በቀን ሶስት  እስከ ሳምንት ሶስት ጊዜ መጸዳዳት ጤናማ ተደርጎ ሊወሰድ ይችላል፡፡ ,የመጸዳዳት ልምድ ከሰው ሰው የተለያየ ቢሆንም፣ በቀን ሶስት  እስከ ሳምንት ሶስት ጊዜ መጸዳዳት ጤናማ ተደርጎ ሊወሰድ ይችላል፡፡ 
ቅዥት ምንድን ነዉ?,ቅዥት ድንገተኛ ከባድ ብዥታና ከደስታ ወደ ጭንቀት የመሰለ ፈጣን  የአእምሯዊ ሁኔታ ወይም ስሜት ለውጥ ነው፡፡ ,ቅዥት ድንገተኛ ከባድ ብዥታና ከደስታ ወደ ጭንቀት የመሰለ ፈጣን  የአእምሯዊ ሁኔታ ወይም ስሜት ለውጥ ነው፡፡ 
"ድንገተኛ ከባድ ራስ ምታት ምን ያመለክታል?
",ራስ ምታት የተለመደ ከመሆኑም ሌላ፣  ቸብዛኛውን ጊዜ አሳሳቢ ነገር አይደለም፡፡ ይሁን እንጂ፣ ድንገተኛ ከባድ እራስ ምታት አሳሳቢ የጤና ችግር ለመኖሩ አመልካች ሊሆን ይችላል፡፡ ,ራስ ምታት የተለመደ ከመሆኑም ሌላ፣  ቸብዛኛውን ጊዜ አሳሳቢ ነገር አይደለም፡፡ ይሁን እንጂ፣ ድንገተኛ ከባድ እራስ ምታት አሳሳቢ የጤና ችግር ለመኖሩ አመልካች ሊሆን ይችላል፡፡ 
"ድንገተኛ ድካም ፣ እንዲሁም ማየት ወይም መናገር አለመቻል ምን ያመለክታል?

",እነኝህ የበሽታ ምልክቶችን ካስተዋሉ እያንዳንዷ ደቂቃ ትልቅ ትርጉም አላት፡፡ የደም መርጋታ የበሽታ (stocke) ወይም አንዳንድ ጊዜ ministrocke በሚል መጠሪያ transient ischemic attack እንደሚከሰት የማስጠንቀቂያ ምልክቶች ናቸው፡፡,እነኝህ የበሽታ ምልክቶችን ካስተዋሉ እያንዳንዷ ደቂቃ ትልቅ ትርጉም አላት፡፡ የደም መርጋታ የበሽታ (stocke) ወይም አንዳንድ ጊዜ ministrocke በሚል መጠሪያ transient ischemic attack እንደሚከሰት የማስጠንቀቂያ ምልክቶች ናቸው፡፡
"የብርሃን ብልጭታ ምን ያመለክታል?
",በድንገት የብርሃን ብልጭታዎችን የተመለከቱ  ከመልስዎት የሬቲና ከመደበኛ ቦታው መነሳትን ወይም መልቀቅን አመላካች ሊሆን ይችላል፡፡ ,በድንገት የብርሃን ብልጭታዎችን የተመለከቱ  ከመልስዎት የሬቲና ከመደበኛ ቦታው መነሳትን ወይም መልቀቅን አመላካች ሊሆን ይችላል፡፡ 
"ትንሽ እንደበሉ መጥገብ  ምን ያመለክታል?

",ከአንድ ሳምንት በላይ የዘለቀ  ከሌላው ጊዜ በበለጠ ፍጥነት መጥገብ የጤና ባለሙያ ትኩረት የሚያሻው ችግር ነው፡፡ ,ከአንድ ሳምንት በላይ የዘለቀ  ከሌላው ጊዜ በበለጠ ፍጥነት መጥገብ የጤና ባለሙያ ትኩረት የሚያሻው ችግር ነው፡፡ 
"ሲነኩት የሚያቃጥል፣ የቀላ ወይም የበጠ መገጣጠሚያ ምን ያመለክታል?
",ከመገጣጠሚያዎችዎ መካከል አንዱ ካበጠ ወይም ከቀላ  አስቸኳይ ጊዜ ሕክምና   የሚያስፈልገው የመገጣጠሚያ ኢንፌክሽን ለመኖሩ ጠቋሚ ሊሆን ይችላል፡፡ ,ከመገጣጠሚያዎችዎ መካከል አንዱ ካበጠ ወይም ከቀላ  አስቸኳይ ጊዜ ሕክምና   የሚያስፈልገው የመገጣጠሚያ ኢንፌክሽን ለመኖሩ ጠቋሚ ሊሆን ይችላል፡፡ 
የምናነጥሰዉ ለምንድን ነዉ?,የምናነጥሰዉ የመተንፈሻ ስርአታችን በየጊዜዉ መጠገንና መልሶ ማስታከከል (Reset) ማድረግ ስላለበት ነዉ፡፡,የምናነጥሰዉ የመተንፈሻ ስርአታችን በየጊዜዉ መጠገንና መልሶ ማስታከከል (Reset) ማድረግ ስላለበት ነዉ፡፡
ከመጠን ያለፈ ጨዉ ጉዳት አለው?,ከመጠን ያለፈ ጨዉ (ሶዲያም) መመገብ የደም ግፊቱን እንኳ ባይጨምር በልብ፣ በደም ቧንቧ፣ በኩላሊትና በአእምሮ ላይ ጉዳት ሊያደርስ ይችላል፡፡ ,ከመጠን ያለፈ ጨዉ (ሶዲያም) መመገብ የደም ግፊቱን እንኳ ባይጨምር በልብ፣ በደም ቧንቧ፣ በኩላሊትና በአእምሮ ላይ ጉዳት ሊያደርስ ይችላል፡፡ 
በሽታዎች በስንት ይከፈላሉ?,በሽታዎች እንደአጠቃላይ ተላላፊና የማይተላለፉ ተብለው ሊከፈሉ ይችላሉ,በሽታዎች እንደአጠቃላይ ተላላፊና የማይተላለፉ ተብለው ሊከፈሉ ይችላሉ
ተላላፊ በሽታዎች የማይተላለፉ በሽታዎች ልዩነት ምንድን ነዉ?,ተላላፊ በሽታዎች ከሕመምተኞች ወደ ጤነኞች ሊተላለፉ የሚችሉ ሲሆን የማይተላለፉ በሽታዎች ደግሞ ከአንዱ ሰው ወደ ሌላው የማይተላለፉና የበሽታዎቹም መንስኤ ለየት ያለ ነው፡፡ ,ተላላፊ በሽታዎች ከሕመምተኞች ወደ ጤነኞች ሊተላለፉ የሚችሉ ሲሆን የማይተላለፉ በሽታዎች ደግሞ ከአንዱ ሰው ወደ ሌላው የማይተላለፉና የበሽታዎቹም መንስኤ ለየት ያለ ነው፡፡ 
በምግብ የሚተላለፉ በሽታወችን ዘርዝር,"በምግብ የሚተላለፉ፡- ኮሶ፣ የምግብ መመረዝ፣ ተስቦ፣ የህፃናት ተቅማጥ)
","በምግብ የሚተላለፉ፡- ኮሶ፣ የምግብ መመረዝ፣ ተስቦ፣ የህፃናት ተቅማጥ)
"
ውሃ ወለድ የሆኑ በሽታወችን ዘርዝር,"ውሃ ወለድ የሆኑ ፡- አተት/ኮሌራ፣ ተስቦ )
","ውሃ ወለድ የሆኑ ፡- አተት/ኮሌራ፣ ተስቦ )
"
ከሰገራ ጋር በሚኖር ንክኪ በሽታወችን ዘርዝር,"ከሰገራ ጋር በሚኖር ንክኪ ማለትም በእጅ፣ በዝንቦች ወይም ከመጠጥና ምግብ ጋር በሚኖር ንክኪ የሚተላለፉ (ለምሳሌ፡- ወስፋት፣ አሜባ፣ የህፃናት ተቅማጥ)
","ከሰገራ ጋር በሚኖር ንክኪ ማለትም በእጅ፣ በዝንቦች ወይም ከመጠጥና ምግብ ጋር በሚኖር ንክኪ የሚተላለፉ (ለምሳሌ፡- ወስፋት፣ አሜባ፣ የህፃናት ተቅማጥ)
"
በነፍሳት አማካኝነት የሚተላለፉ በሽታወችን ዘርዝር,"በነፍሳት አማካኝነት የሚተላለፉ ማለትም የተለያዩ ትንኞች፣ መዥገር፣ ቅማል የሚተላለፉ (ለምሳሌ፡- ወባ፣ ቢጫ ወባ)
","በነፍሳት አማካኝነት የሚተላለፉ ማለትም የተለያዩ ትንኞች፣ መዥገር፣ ቅማል የሚተላለፉ (ለምሳሌ፡- ወባ፣ ቢጫ ወባ)
"
በቀጥተኛ ንክኪ የሚተላለፉ በሽታወችን ዘርዝር,"በቀጥተኛ ንክኪ የሚተላለፉ፡- የቁስል ማመርቀዝ፣ የዐይን ማዝ፣ የተለያዩ የቆዳ በሽታዎች፣ የእብድ ውሻ በሽታ
","በቀጥተኛ ንክኪ የሚተላለፉ፡- የቁስል ማመርቀዝ፣ የዐይን ማዝ፣ የተለያዩ የቆዳ በሽታዎች፣ የእብድ ውሻ በሽታ
"
በግብረስጋ ግንኙነት አማካኝነት የሚተላለፉ በሽታወችን ዘርዝር,በግብረስጋ ግንኙነት አማካኝነት የሚተላለፉ ፡- ኤች አይ ቪ ኤድስ፣ የተለያዩ የአባላዘር በሽታዎች፣ ቂጥኝ,በግብረስጋ ግንኙነት አማካኝነት የሚተላለፉ ፡- ኤች አይ ቪ ኤድስ፣ የተለያዩ የአባላዘር በሽታዎች፣ ቂጥኝ
ከደምና ከሌሎች የሰውነት ፈሳሾች ጋር በሚደረግ ንክኪ የሚተላለፉ በሽታወችን ዘርዝር,ከደምና ከሌሎች የሰውነት ፈሳሾች ጋር በሚደረግ ንክኪ የሚተላለፉ ፡- ኤች አይ ቪ ኤድስ፣ የተለያዩ ዓይነት የጉበት ልክፍቶች,ከደምና ከሌሎች የሰውነት ፈሳሾች ጋር በሚደረግ ንክኪ የሚተላለፉ ፡- ኤች አይ ቪ ኤድስ፣ የተለያዩ ዓይነት የጉበት ልክፍቶች
በትንፋሽ ወይም በአየር የሚተላለፉ በሽታወችን ዘርዝር,በትንፋሽ ወይም በአየር የሚተላለፉ ፡- ማጅራት ገትር፣ ኩፍኝ፣ ጉድፍ፣ ጉንፋን፣ የሳምባ ነቀርሳ,በትንፋሽ ወይም በአየር የሚተላለፉ ፡- ማጅራት ገትር፣ ኩፍኝ፣ ጉድፍ፣ ጉንፋን፣ የሳምባ ነቀርሳ
በሽታን ቀድሞ ለመከላከል ምን እናድርግ?,"ከአስተማማኝ ምንጭ ያልተገኘን የመጠጥ ውኃ ሁልጊዜ ካፈሉ በኋላ አቀዝቅዞና አጣርቶ መጠጣት፣ በጥሬነታቸው የሚበሉ ምግቦችን በሚገባ አጥቦ መመገብ፣
","ከአስተማማኝ ምንጭ ያልተገኘን የመጠጥ ውኃ ሁልጊዜ ካፈሉ በኋላ አቀዝቅዞና አጣርቶ መጠጣት፣ በጥሬነታቸው የሚበሉ ምግቦችን በሚገባ አጥቦ መመገብ፣
"
ጤናዎን ስጋት ላይ የሚጥሉ የስራ መስኮች ዘርዝር,የእሳት አደጋ ሰራተኞች የፖሊስ አባላት፣የትራንስፖርት ሰራተኞች፣በፈረቃ የሚሰሩ የጤና ባለሙያዎች,የእሳት አደጋ ሰራተኞች የፖሊስ አባላት፣የትራንስፖርት ሰራተኞች፣በፈረቃ የሚሰሩ የጤና ባለሙያዎች
የምላስ ቃጠሎን የሚያበርዱትን ዘርዝር,"እርጎ፣ወተት፣ጠንካራ አልኮሆል ይለባቸው መጠጦች (ዊስኪ፣ አረቄ ...)፣ስኳር፣ዳቦ፣ጥሬ ቲማቲም፣ሎሚና ብርቱካን እና የወይራ ዘይት
","እርጎ፣ወተት፣ጠንካራ አልኮሆል ይለባቸው መጠጦች (ዊስኪ፣ አረቄ ...)፣ስኳር፣ዳቦ፣ጥሬ ቲማቲም፣ሎሚና ብርቱካን እና የወይራ ዘይት
"
የምላስ ቃጠሎን የሚያባብሱትን ዘርዝር  ,"ውሃ፣ለስላሳ መጠጦች፣ቢራ፣ቡና
","ውሃ፣ለስላሳ መጠጦች፣ቢራ፣ቡና
"
እንዳይመለጡ ወይም ራሰ በረሃ እንዳይሆኑ ሊከላከሉ የሚችሉ ምግቦች ዘርዝር,በፕሮቲን የበለጸጉ ምግቦች፣በ ቫይታሚን A እና C የበለጸጉ ምግቦች,በፕሮቲን የበለጸጉ ምግቦች፣በ ቫይታሚን A እና C የበለጸጉ ምግቦች
የግንዛቤ ችግር ምንድን ነዉ?,ቀላል የግንዛቤ ችግር (Mild cognitive impairment) ከእድሜ መግፋት ጋር ተያይዞ የሚመጣ የማስታወስ፣ የቋንቋ፣ አስተሳሰብ እና ውሳኔ ሰጪነት መዳከምን ያመላክታል።,ቀላል የግንዛቤ ችግር (Mild cognitive impairment) ከእድሜ መግፋት ጋር ተያይዞ የሚመጣ የማስታወስ፣ የቋንቋ፣ አስተሳሰብ እና ውሳኔ ሰጪነት መዳከምን ያመላክታል።
በጀርባችን፣ በጉልበታችን እና ዳሌያችን አካባቢ የህመም ስሜት ሲሰማን ምን አይነት እንቅስቃሴ ማድረግ ይኖርብናል?,በጣታችን መቆም፣በጣት መራመድ፣ቁርጭምጭሚታችንን ማንቀሳቀስ,በጣታችን መቆም፣በጣት መራመድ፣ቁርጭምጭሚታችንን ማንቀሳቀስ
ሀገር በቀል እውቀት ምንድን ነዉ?,ሀገር በቀል እውቀት ማለት በውስን አካባቢዎች ላይ በኢኮኖሚያዊ፣ ፖለቲካዊና ማህበራዊ ገፅታዎች ዙሪያ ላሉ ክፍተቶች መፍትሄ ይሆኑ ዘንድ ባህላዊ በሆነ መንገድ በአንድ ወይም በተወሰኑ ሰዎች የሚመነጭና የሚተገበር እውቀት ነው፡፡ ,ሀገር በቀል እውቀት ማለት በውስን አካባቢዎች ላይ በኢኮኖሚያዊ፣ ፖለቲካዊና ማህበራዊ ገፅታዎች ዙሪያ ላሉ ክፍተቶች መፍትሄ ይሆኑ ዘንድ ባህላዊ በሆነ መንገድ በአንድ ወይም በተወሰኑ ሰዎች የሚመነጭና የሚተገበር እውቀት ነው፡፡ 
ባዮሎጂካል አደጋዎች ምንድን ናቸዉ?,ባዮሎጂካል አደጋዎች የሚከሰቱት በስህተት ወይም ሆነ ተብሎ ጀርሞች ወደ ከባቢ አየር ሲለቀቁ ነው። ,ባዮሎጂካል አደጋዎች የሚከሰቱት በስህተት ወይም ሆነ ተብሎ ጀርሞች ወደ ከባቢ አየር ሲለቀቁ ነው። 
የኬሚካል አደጋዎች ምንድን ናቸዉ?,የኬሚካል አደጋዎች የሚከሰቱት ሆነ ተብሎ ወይም በአደጋ ምክንያት አደገኛ ኬሚካሎች ወደ አየር ሲለቀቁ፣ በምግብ እና ውሃ ውስጥ ሲጨመሩ ነው። ,የኬሚካል አደጋዎች የሚከሰቱት ሆነ ተብሎ ወይም በአደጋ ምክንያት አደገኛ ኬሚካሎች ወደ አየር ሲለቀቁ፣ በምግብ እና ውሃ ውስጥ ሲጨመሩ ነው። 
የኬሚካል አደጋዎች ምልክቶች ምንምን ናቸዉ?,"ውሃ የቋጠሩ ዓይኖች፣የመተንፈስ ችግር ወይም በኃይል ትንፋሽ ሲያጥር፣መንቀሳቀስ ወይም መራመድ ሲያቅት
","ውሃ የቋጠሩ ዓይኖች፣የመተንፈስ ችግር ወይም በኃይል ትንፋሽ ሲያጥር፣መንቀሳቀስ ወይም መራመድ ሲያቅት
"
አብዛኛውን ጊዜ የነርቭ ጉዳት እንዲደርስ የሚያደርግ ምንድን ነዉ?,የደም ስኳር መጠን በሚጨምረበት ጊዜ,የደም ስኳር መጠን በሚጨምረበት ጊዜ
የነርቭ ጉዳት ምልክቱ ምንምን ነዉ?,"መደንዘዝ፣ አለመታዘዝ፣ መሸማቀቅ ፣የመውጋት ስሜት 
","መደንዘዝ፣ አለመታዘዝ፣ መሸማቀቅ ፣የመውጋት ስሜት 
"
የነርቭ ጉዳት መንስኤ ምንድን ነዉ?,የደም ስኳር መጠን ከጨመረ እና መቆጣጠር ካልቻልን የነርቭ ጉዳቱ ይደርሳል ምክንያቱም የደም ስኳር መጠን ሲጨምር ቀጭን የደም ቧንቧ ግድግዳዎችን ስለሚጎዳ ወደ ነርቮቻችን በቂ የሆነ ኦክስጅን እና ጠቃሚ ንጥረ ነገሮች እንዳይደርስ ያግዳል፡፡,የደም ስኳር መጠን ከጨመረ እና መቆጣጠር ካልቻልን የነርቭ ጉዳቱ ይደርሳል ምክንያቱም የደም ስኳር መጠን ሲጨምር ቀጭን የደም ቧንቧ ግድግዳዎችን ስለሚጎዳ ወደ ነርቮቻችን በቂ የሆነ ኦክስጅን እና ጠቃሚ ንጥረ ነገሮች እንዳይደርስ ያግዳል፡፡
የስኳር ህመም ካለብኝ የነርቭ ጉዳቱን ለመከላከል ምን ማድረግ አለብኝ?, የነርቭ ጉዳቱ አብዛኛውን ጊዜ እግር ላይ ስለሆነ የእግር እንክብካቤ ማድረግ (ማታ ማታ እግራችንን ማየት፣ ከታጠብን በኋላ ማድረቅ፣ ባዶ እግር አለመሄድ…), የነርቭ ጉዳቱ አብዛኛውን ጊዜ እግር ላይ ስለሆነ የእግር እንክብካቤ ማድረግ (ማታ ማታ እግራችንን ማየት፣ ከታጠብን በኋላ ማድረቅ፣ ባዶ እግር አለመሄድ…)
ዉርጃ ማለት ምን ማለት ነወ? ,ዉርጃ ማለት ከ 20 ሳምንት(በእኛ ሀገር 28 ሳምንት) በፊት በድንገት የሚከሰት የጽንስ መውረድ/መጨንገፍ ሲሆን ከ 10-20% የተጸነሱ ጽንሶች ሚጠናቃቁት በዉርጃ ነ ው ።,ዉርጃ ማለት ከ 20 ሳምንት(በእኛ ሀገር 28 ሳምንት) በፊት በድንገት የሚከሰት የጽንስ መውረድ/መጨንገፍ ሲሆን ከ 10-20% የተጸነሱ ጽንሶች ሚጠናቃቁት በዉርጃ ነ ው ።
ዉርጃ ምልክቱ ምንምን ነዉ?,ከፍተኛ የሆነ ሆድ ቁርጠት ወይም እታች ጀርባ ላይ ሚሰማ ህመም፣  ከብልት ደም መፍሰስ,ከፍተኛ የሆነ ሆድ ቁርጠት ወይም እታች ጀርባ ላይ ሚሰማ ህመም፣  ከብልት ደም መፍሰስ
ዉርጃ አጋላጭ ምክንያቶች ዘርዝር,እድሜ፣ ከዚ ቀደም 2 ወይም 3 ዉርጃ አጋጥሞት ከሆነ፣ አንዳንድ የማህጸን ወይም ማህጸን በር እክሎች፣ ድንገተኛ አደጋዎች በተለየ በሆድ አካባቢ ,እድሜ፣ ከዚ ቀደም 2 ወይም 3 ዉርጃ አጋጥሞት ከሆነ፣ አንዳንድ የማህጸን ወይም ማህጸን በር እክሎች፣ ድንገተኛ አደጋዎች በተለየ በሆድ አካባቢ 
ዉርጃ መከላከያዉ ምንድን ነዉ?,ከመጀመርያው አንስቶ የቅድመ ወሊድ ክትትል ማድረግ ,ከመጀመርያው አንስቶ የቅድመ ወሊድ ክትትል ማድረግ 
ለዉርጃ መቸ በዶክተር መታየት አለብኝ?,በእርግዝና ወቅት ትንሽም ትሁን ብዙ ደም መፍሰስ እንደ አደጋ ምልክት ነው ሚቆጠረው በመሆኑም በማንኛዉም ሰአት ካጋጠሞ ወደ ጤና ማእከል መሄድ አለቦ።,በእርግዝና ወቅት ትንሽም ትሁን ብዙ ደም መፍሰስ እንደ አደጋ ምልክት ነው ሚቆጠረው በመሆኑም በማንኛዉም ሰአት ካጋጠሞ ወደ ጤና ማእከል መሄድ አለቦ።
አፋችን እንዳይደርቅ ምን እናድርግ?,"ዉሀ ወይም ሱኳራማ ያልሆነ መጠጦችን መጠጣት፣ቡና እና ሲጋራ የመሳሰሉ ነገሮችን ማሰወገድ
","ዉሀ ወይም ሱኳራማ ያልሆነ መጠጦችን መጠጣት፣ቡና እና ሲጋራ የመሳሰሉ ነገሮችን ማሰወገድ
"
ከመጠን ያለፈ ላብ በብዛት የት ይከሰታል?,ከመጠን ያለፈ ላብ በእጅ መዳፍ፤እግር፤ብብብት እና በዳሌ አካባቢ ላይ በብዛት ይከሰታል ይህም የሆነበት ምክንያት በነዚህ አካባቢ ላብን የሚያመነጩ ህዋሶች በብዛት ስለሚገኙ ነው።,ከመጠን ያለፈ ላብ በእጅ መዳፍ፤እግር፤ብብብት እና በዳሌ አካባቢ ላይ በብዛት ይከሰታል ይህም የሆነበት ምክንያት በነዚህ አካባቢ ላብን የሚያመነጩ ህዋሶች በብዛት ስለሚገኙ ነው።
የስኳር ህመም በአግባቡ መቆጣጠር ሲሳነን በዋናነት የሚመጡ መዘዞች ዘርዝር,"ለኢንፊክሽን ቶሎ ተጋላጭ መሆን፣የልብ ህመም፣የድድ ላይ ችግሮች
","ለኢንፊክሽን ቶሎ ተጋላጭ መሆን፣የልብ ህመም፣የድድ ላይ ችግሮች
"
 የስኳር ህመምን መዘዞች መከላከያዉ ምንድን ነዉ?,የስኳር መዘዞች ከደም የስኳር መጠን ከፍ ማለት ጋር ይያዛሉ፡፡ በደንብ ያልተቆጣጠሩት የደም ስኳር መጠን መዋዠቅ ለነዚህ ጉዳቶች ያጋልጣል፡፡ ,የስኳር መዘዞች ከደም የስኳር መጠን ከፍ ማለት ጋር ይያዛሉ፡፡ በደንብ ያልተቆጣጠሩት የደም ስኳር መጠን መዋዠቅ ለነዚህ ጉዳቶች ያጋልጣል፡፡ 
ፖስት ፒል ማለት ምን ማለት ነወ? ,ፖስት ፒል ማለት የወሊድ መቆጣጠሪያ እንክብል ሴቶች ያለመከላከያ ግንኙነት ካረጉ በኃላ ባሉት 72 ሰዓታት ውስጥ የሚወሰድ የድንገተኛ ጊዜ መድሃኒት ነው። ,ፖስት ፒል ማለት የወሊድ መቆጣጠሪያ እንክብል ሴቶች ያለመከላከያ ግንኙነት ካረጉ በኃላ ባሉት 72 ሰዓታት ውስጥ የሚወሰድ የድንገተኛ ጊዜ መድሃኒት ነው። 
ፖስት ፒል በተደጋጋሚ የሚወሰድ ከሆነ ከጤና ችግሮች ዘርዝር,"የወር አበባ መዛባት፣ከእድሜ ቀድሞ የመውለጃ ጊዜን መጨረስ። አንድ ሴት እስከ 45 ዓመት መውለድ ስትችል፣ ይህን እንክብል በተደጋጋሚ መጠቀም ይህን ጊዜ ያሳጥረዋል።
","የወር አበባ መዛባት፣ከእድሜ ቀድሞ የመውለጃ ጊዜን መጨረስ። አንድ ሴት እስከ 45 ዓመት መውለድ ስትችል፣ ይህን እንክብል በተደጋጋሚ መጠቀም ይህን ጊዜ ያሳጥረዋል።
"
ፖስት ፒል ቋሚ መቆጣጠሪያ የሚወሰድ መድኃኒት ነዉ?,ፖስት ፒል የድንገተኛ አጋጣሚ የወሊድ መቆጣጠሪያ እንጂ እንደ ቋሚ መቆጣጠሪያ የሚወሰድ መድኃኒት አደለም።,ፖስት ፒል የድንገተኛ አጋጣሚ የወሊድ መቆጣጠሪያ እንጂ እንደ ቋሚ መቆጣጠሪያ የሚወሰድ መድኃኒት አደለም።
የልብ ህመም ተከሰተ የሚባለዉ መቸ ነዉ?,የልብ የአወቃቀር ይዘት ወይም አሰራሩ ላይ ችግር ኖሮ ለሰውነታችን ማቅረብ የሚገባውን ደም መርጨት ሲከብደው ወይም ሲያንስ እና የተለያዩ የበሽታ ምልክት እና አመላኮቾች ሲታዩ የልብ ህመም ተከሰተ እንላለን,የልብ የአወቃቀር ይዘት ወይም አሰራሩ ላይ ችግር ኖሮ ለሰውነታችን ማቅረብ የሚገባውን ደም መርጨት ሲከብደው ወይም ሲያንስ እና የተለያዩ የበሽታ ምልክት እና አመላኮቾች ሲታዩ የልብ ህመም ተከሰተ እንላለን
"የልብ ህመምን ከሚያስከትሉት መካከል ዘርዝር
 
",ለደም እጥረት ምክንያት የልብ ክፍል መጎዳት፣ የልብ ጡንቻ ችግሮች፣ደም ግፊት,ለደም እጥረት ምክንያት የልብ ክፍል መጎዳት፣ የልብ ጡንቻ ችግሮች፣ደም ግፊት
የልብ ህመም ምልክቱ ምንድን ነዉ?,"ድክምክም ማለት/አቅም ማጣት፣ትንፋሽ ማጠር
","ድክምክም ማለት/አቅም ማጣት፣ትንፋሽ ማጠር
"
የልብ ህመም መፍትሄዉ ምንድን ነዉ?,የልብ ድካም እንደያዘን እና ተጠቂ መሆናችን ከተረጋገጥ ይህ በሽታ የሚድን አደለም ነገርግን በሃኪም የሚሰጠንን መድሃኒት በአግባቡ መውሰድ የሚያባብሱት ነገሮች ማስወገድ እና የኑሮ ዘይቤን ማስተካከል ከልብ ህመም ጋር ተስማምቶ ለመኖር አማራጭ የሌለው መፍትሄ ነው።,የልብ ድካም እንደያዘን እና ተጠቂ መሆናችን ከተረጋገጥ ይህ በሽታ የሚድን አደለም ነገርግን በሃኪም የሚሰጠንን መድሃኒት በአግባቡ መውሰድ የሚያባብሱት ነገሮች ማስወገድ እና የኑሮ ዘይቤን ማስተካከል ከልብ ህመም ጋር ተስማምቶ ለመኖር አማራጭ የሌለው መፍትሄ ነው።
የቆዳ መድረቅ ምክነያት ዘርዝር,"የእድሜ መግፋት፣የተመጣጠነ ምግብ እጥረት፣የተለያዩ የቆዳ በሽታዎች
","የእድሜ መግፋት፣የተመጣጠነ ምግብ እጥረት፣የተለያዩ የቆዳ በሽታዎች
"
ለቆዳ መድረቅ መፍትሄዉ ምንምን ነዉ?,"ከመጠን ያለፈ ፊትን መታጠብ ማስወገድ፣ጠንካራ አልካሊን የሆኑ ሳሙናዎችን አለመጠቀም፣የፊት ሎሽን መጠቀም
","ከመጠን ያለፈ ፊትን መታጠብ ማስወገድ፣ጠንካራ አልካሊን የሆኑ ሳሙናዎችን አለመጠቀም፣የፊት ሎሽን መጠቀም
"
"የሆድ ድርቀት ማለት ምን ማለት ነወ? 

",አንድ ሰዉ ለተከታታይ ሳምንታትና ከዚያ በላይ በቂ ጊዜ ሰገራ መዉጣት የሚያስቸግረዉ ከሆነ ወይም በሳምንት ከሶስት ጊዜ በታች ሰገራ የሚወጣ ከሆነ ለረጅም ጊዜ የቆየ የሆድ ድርቀት( Chronic constipation) አለዉ ተብሎ ይገለፃል፡፡,አንድ ሰዉ ለተከታታይ ሳምንታትና ከዚያ በላይ በቂ ጊዜ ሰገራ መዉጣት የሚያስቸግረዉ ከሆነ ወይም በሳምንት ከሶስት ጊዜ በታች ሰገራ የሚወጣ ከሆነ ለረጅም ጊዜ የቆየ የሆድ ድርቀት( Chronic constipation) አለዉ ተብሎ ይገለፃል፡፡
የሆድ ድርቀት ምልክቱ ምንድን ነዉ?,"በሳምንት ከሶስት ጊዜ በታች ሰገራ መዉጣት፣የደረቀ ሰገራ መዉጣት
","በሳምንት ከሶስት ጊዜ በታች ሰገራ መዉጣት፣የደረቀ ሰገራ መዉጣት
"
ለሆድ ድርቀት የሚጋልጡ ነገሮች ዘርዝር,"በቂ ፈሳሽ ያለመዉሰድ፣በፋይበር( fiber) የበለፀጉ ምግቦችን ያለመጠቀም(አነስተኛ የፋይበር መጠን ያላቸዉን ምግቦች ማዘዉተር)
","በቂ ፈሳሽ ያለመዉሰድ፣በፋይበር( fiber) የበለፀጉ ምግቦችን ያለመጠቀም(አነስተኛ የፋይበር መጠን ያላቸዉን ምግቦች ማዘዉተር)
"
የሆድ ድርቀት እንዴት ይከሰታል?,የሆድ ድርቀት አብዛኛዉን ጊዜ የሚከሰተዉ ከምግብ መፈጨት በኃላ የሚቀረዉ ቆሻሻ ወይም ሰገራ በአንጀት ዉስጥ የሚያደርገዉ እንቅስቃሴ(ጉዞ) በጣም ዘገምተኛ በሚሆንበት ወቅት ሲሆን ,የሆድ ድርቀት አብዛኛዉን ጊዜ የሚከሰተዉ ከምግብ መፈጨት በኃላ የሚቀረዉ ቆሻሻ ወይም ሰገራ በአንጀት ዉስጥ የሚያደርገዉ እንቅስቃሴ(ጉዞ) በጣም ዘገምተኛ በሚሆንበት ወቅት ሲሆን 
የሆድ ድርቀት መንስኤ ምንድን ነዉ?,በትልቁ አንጀት ወይም በደንዳኔ ዉስጥ መዘጋት በሚኖርበት ወቅት፣ሰገራን ከሰዉነት ለማስወገድ በሚረዱ ጡንቻዎች ላይ ችግር መከሰት,በትልቁ አንጀት ወይም በደንዳኔ ዉስጥ መዘጋት በሚኖርበት ወቅት፣ሰገራን ከሰዉነት ለማስወገድ በሚረዱ ጡንቻዎች ላይ ችግር መከሰት
የሆድ ድርቀት ህክምናዉ ምንድን ነዉ?,የፋይበር አወሳሰዶትን መጨመር እና በቂ ፈሳሽ መዉሰድ፡- ቀስ በቀስ አትክልትና ፍራፍሬ እንዲሁም የጥራጥሬ ዘሮች በብዛት መመገብ,የፋይበር አወሳሰዶትን መጨመር እና በቂ ፈሳሽ መዉሰድ፡- ቀስ በቀስ አትክልትና ፍራፍሬ እንዲሁም የጥራጥሬ ዘሮች በብዛት መመገብ
የመገጣጠምያ ህመም የሚስተዋለው ከማን ነዉ?,የመገጣጠምያ ህመም ይህ የሚስተዋለው በአብዛኛው ከፍተኛ የሆነ እንቅስቃሴ የሚያደርጉ ግለሰቦች ላይ ነው።,የመገጣጠምያ ህመም ይህ የሚስተዋለው በአብዛኛው ከፍተኛ የሆነ እንቅስቃሴ የሚያደርጉ ግለሰቦች ላይ ነው።
ጭርት ምንድን ነዉ?,ጭርት በፈንገስ ምክንያት በቆዳ ላይ የሚከሰት የኢንፌክሽን ዓይነት ነዉ፡፡,ጭርት በፈንገስ ምክንያት በቆዳ ላይ የሚከሰት የኢንፌክሽን ዓይነት ነዉ፡፡
ጭርት ማለት ምን ማለት ነዉ? ,የጭርት መገለጫዉ ክብ የሆነ ዳር ዳሩ ቀይና መሃሉ የዳነ የሚመስል ሲሆን የማሳከክ ስሜት ሊኖረዉም ላይኖረዉም ይችላል፡፡ ጭርት ካንዱ ሰዉ ወደ ሌላዉ ሰዉ በቆዳ ለቆዳ ንክኪ በቀላሉ የሚተላለፍ የህመም አይነት ነዉ፡፡,የጭርት መገለጫዉ ክብ የሆነ ዳር ዳሩ ቀይና መሃሉ የዳነ የሚመስል ሲሆን የማሳከክ ስሜት ሊኖረዉም ላይኖረዉም ይችላል፡፡ ጭርት ካንዱ ሰዉ ወደ ሌላዉ ሰዉ በቆዳ ለቆዳ ንክኪ በቀላሉ የሚተላለፍ የህመም አይነት ነዉ፡፡
ጭርት ምልክቱ ምንምን ነዉ?,ጭርት ቅርፊታማና ጠፍጣፋ ሆኖ በቆዳ ላይ የሚወጣና አንዳንዴ የማሳከክ ባህሪና ቀላ ያለ ቁስለት ያለዉ፤ ክብ ሆኖ ጠርዝ ጠርዙ ቀይ መልክ የሚኖረዉ እና ቀስ በቀስ እየሰፋ የሚመጣ የቆዳ ላይ ህመም ነዉ፡፡,ጭርት ቅርፊታማና ጠፍጣፋ ሆኖ በቆዳ ላይ የሚወጣና አንዳንዴ የማሳከክ ባህሪና ቀላ ያለ ቁስለት ያለዉ፤ ክብ ሆኖ ጠርዝ ጠርዙ ቀይ መልክ የሚኖረዉ እና ቀስ በቀስ እየሰፋ የሚመጣ የቆዳ ላይ ህመም ነዉ፡፡
ለጭርት የህክምና ባለሙያዎን ማማከር የሚገባዎ መቸ ነዉ?,ቆዳዎ ላይ የወጣ ሽፍታ ሆኖ በሁለት ሳምንታት ዉስጥ የማይድን/የማይጠፋ ከሆነ የህክምና ባለሙያዎን ያማክሩ፡፡,ቆዳዎ ላይ የወጣ ሽፍታ ሆኖ በሁለት ሳምንታት ዉስጥ የማይድን/የማይጠፋ ከሆነ የህክምና ባለሙያዎን ያማክሩ፡፡
ጭርት የመተላለፊያ መንገዶች ዘርዝር,ከሰዉ ወደ ሰዉ፡- ጭርት በአብዛኛዉን ጊዜ የሚተላለፈዉ ኢንፌክሽን ካለዉ ሰዉ ጋር ቀጥታ የቆዳ ንክኪ በሚኖርበት ወቅት ነዉ፡፡,ከሰዉ ወደ ሰዉ፡- ጭርት በአብዛኛዉን ጊዜ የሚተላለፈዉ ኢንፌክሽን ካለዉ ሰዉ ጋር ቀጥታ የቆዳ ንክኪ በሚኖርበት ወቅት ነዉ፡፡
"ለጭርት ተጋላጭነትዎን የሚጨምሩ ነገሮች ዘርዝር

",እድሜያቸዉ ከ15 ዓመታት በታች የሆኑ ህፃናት፣እርጥበታማ፣ እምቅ አየርና በተፋፈገ ሁኔታ ዉስጥ የሚኖሩ ከሆነ፣በጭርት በተያዘ ሰዉ/እንስሳ ጋር የቅርብ ግንኙነት/ንክኪ ያለዎ ከሆነ,እድሜያቸዉ ከ15 ዓመታት በታች የሆኑ ህፃናት፣እርጥበታማ፣ እምቅ አየርና በተፋፈገ ሁኔታ ዉስጥ የሚኖሩ ከሆነ፣በጭርት በተያዘ ሰዉ/እንስሳ ጋር የቅርብ ግንኙነት/ንክኪ ያለዎ ከሆነ
ጭርት ህክምናዉ ምንድን ነዉ?,ቀለል ላሉ የጭርት ህመሞች ያለሃኪም ትእዛዝ ሊወሰዱ የሚችሉ ክሬሞችንን/ሎሽኖችን መጠቀም፡፡ ለምሳሌ ክሎትሪማዞል፣ኬቶኮናዞልና ተረቢናፌን,ቀለል ላሉ የጭርት ህመሞች ያለሃኪም ትእዛዝ ሊወሰዱ የሚችሉ ክሬሞችንን/ሎሽኖችን መጠቀም፡፡ ለምሳሌ ክሎትሪማዞል፣ኬቶኮናዞልና ተረቢናፌን
ጭርት መከላከያዉ ምንምን ነዉ?,"ንጽህናዎን መጠበቅ፣ እርጥበትን መከላከል፣የታመሙ እንስሳትን አለምንካት፣የግል መገልገያ የሆኑ ቁሳቁሶችን በጋራ ያለመጠቀም ናቸዉ፡፡
","ንጽህናዎን መጠበቅ፣ እርጥበትን መከላከል፣የታመሙ እንስሳትን አለምንካት፣የግል መገልገያ የሆኑ ቁሳቁሶችን በጋራ ያለመጠቀም ናቸዉ፡፡
"
"የደም ግፊት መድሃኒት ጀምሮ ማቋረጥ እንዴት ይከሰታል?
","ከግንዛቤ እጥረት፦ለበሽታው በቂ የሆነ ግንዛቤ ካለመኖር የተነሳ መድሃኒትን ይቋረጣል፣፣በመድሃኒቱ የጎንዮሽ ችግር
","ከግንዛቤ እጥረት፦ለበሽታው በቂ የሆነ ግንዛቤ ካለመኖር የተነሳ መድሃኒትን ይቋረጣል፣፣በመድሃኒቱ የጎንዮሽ ችግር
"
"መድሃኒት ከተጀመረ በኋላ ማቋረጥ ይቻላል?

",አንድ ጊዜ መድሃኒት ሃኪም ካዘዘ በኋላ ሃኪሙ እራሱ ይቁም ካላለ በስጠቀር ማቋረጥ ፈፅሞ የተከለከለ ነው,አንድ ጊዜ መድሃኒት ሃኪም ካዘዘ በኋላ ሃኪሙ እራሱ ይቁም ካላለ በስጠቀር ማቋረጥ ፈፅሞ የተከለከለ ነው
"መድሃኒት በድንገት ባቋርጥ ምን ችግር ይመጣል?

","ያለሃኪም ትዕዛዝ መዳኒት የሚያቋርጡ ታካሚዎች እስከ ሞት የሚዳርግ ችግር ውስጥ ይገባሉ፤ ከነዚህም መካከል ደም በጭንቅላት ውስጥ የመፍሰስ አደጋ፣የልብ ድካም
፣የኩላሊት ደም ቧንቧ መጥበብ","ያለሃኪም ትዕዛዝ መዳኒት የሚያቋርጡ ታካሚዎች እስከ ሞት የሚዳርግ ችግር ውስጥ ይገባሉ፤ ከነዚህም መካከል ደም በጭንቅላት ውስጥ የመፍሰስ አደጋ፣የልብ ድካም
፣የኩላሊት ደም ቧንቧ መጥበብ"
"የደም ግፊትን በሽታን ያለ መድሃኒት መቆጣጠር ይቻላል?
","የደም ግፊት በሽታ ከምንቆጣጠርበት ዘዴዎች ውስጥ አንዱ መድሃኒትን ሳይጠቀሙ በህይወት ስልት(life style)ወይም የአኗኗር ዘይቤያችንን በመቀየር ነው::
","የደም ግፊት በሽታ ከምንቆጣጠርበት ዘዴዎች ውስጥ አንዱ መድሃኒትን ሳይጠቀሙ በህይወት ስልት(life style)ወይም የአኗኗር ዘይቤያችንን በመቀየር ነው::
"
"የደም ግፊትን ያለመድሃኒት መቆጣጠር ያለበት ማነው?
","በሃኪም ትዕዛዝ መሰረት ግፊቱ የመዳኒት መውሰድ ደረጃ ላይ ያልደረሰ ሰው ብቻ
","በሃኪም ትዕዛዝ መሰረት ግፊቱ የመዳኒት መውሰድ ደረጃ ላይ ያልደረሰ ሰው ብቻ
"
"ለደም ግፊት ምን አይነት የአኗኗር ዘይቤ ልከተል?

",ውፍረት መቀነስ፣የአመጋገብ ስርዓትን መቀየር (አትክልት እና ፍራፍሬዎችን መመገብ፣ቅባት የበዛበት ምግብ ማስወገድ),ውፍረት መቀነስ፣የአመጋገብ ስርዓትን መቀየር (አትክልት እና ፍራፍሬዎችን መመገብ፣ቅባት የበዛበት ምግብ ማስወገድ)
"የግብረ ሥጋ ግንኙነት በእርግዝና ወቅት በእናቲቱ ወይም በልጁ ላይ ችግር ይፈጥር ይሆን?
",ይህ ጥያቄ ብዙዎችን የሚያሳስብ ነው። በአጠቃላይ መልሱም በፍፁም ነው። ሴቷ በወሲብ ወቅት በምትረካበት ጊዜ በማህፀን ላይ የመኮማተር (የመጫን) ስሜት ሊፈጥር ይችላል። የብልት ግርግዳ ስለሚሳሳ በግንኙነት ወቅት በትንሹ ሊደማ ይችላል። እኚህ ሁኔታዎች ባይመቹም በብዛት አደጋ የላቸውም። ,ይህ ጥያቄ ብዙዎችን የሚያሳስብ ነው። በአጠቃላይ መልሱም በፍፁም ነው። ሴቷ በወሲብ ወቅት በምትረካበት ጊዜ በማህፀን ላይ የመኮማተር (የመጫን) ስሜት ሊፈጥር ይችላል። የብልት ግርግዳ ስለሚሳሳ በግንኙነት ወቅት በትንሹ ሊደማ ይችላል። እኚህ ሁኔታዎች ባይመቹም በብዛት አደጋ የላቸውም። 
"ሴክስ ማድረግ እና መታጠብ ምችለው መቼ ነው?

",አንድ ሴት ዉርጃ ካካሄደች በኋላ ከፍተኛ የሆነ መድማት ከቆመበት ጊዜ ወዲያ የግብረ ስጋ ግንኙነትም ሆነ መታጠብ ትችላላለች,አንድ ሴት ዉርጃ ካካሄደች በኋላ ከፍተኛ የሆነ መድማት ከቆመበት ጊዜ ወዲያ የግብረ ስጋ ግንኙነትም ሆነ መታጠብ ትችላላለች
"ለማስወረድ መድሃኒት ከወሰድኩ በኋላ ጽንሱ መውጣት ሚጀምረው መቸ ነው?

",ከ24 ሰአት በኋላ የተሰጠሽን መድሃኒት ከወሰድሽበት ከ2 ሰአት እስከ 24 ሰአት ባለበት ጊዜ ዉስጥ በባብዛኛው ይወጣል,ከ24 ሰአት በኋላ የተሰጠሽን መድሃኒት ከወሰድሽበት ከ2 ሰአት እስከ 24 ሰአት ባለበት ጊዜ ዉስጥ በባብዛኛው ይወጣል
"በመድሃኒት ነበር ያስወረድኩት አንድ ሳምንት አልፎኛል አሁንም ግን ትንሽ ደም አልፎ አልፎ ይፈሰኛል ምን ላድርግ?

",ዉርጃ ከተካሄደ እስከ 2 ሳምንት ዉስጥ የሚፈስ ትንሽ እና መጠነኛ ደም መፍሰስ የሚጠበቅ እና ኖርማል ነው አንዳንድ እህቶች ላይ እስከ 45 ቀን ድረስ ሊፈስ ይችላል,ዉርጃ ከተካሄደ እስከ 2 ሳምንት ዉስጥ የሚፈስ ትንሽ እና መጠነኛ ደም መፍሰስ የሚጠበቅ እና ኖርማል ነው አንዳንድ እህቶች ላይ እስከ 45 ቀን ድረስ ሊፈስ ይችላል
"ከዉርጃ ጋር ተያይዘው የሚመጡ ችግሮች ዘርዝር

",ከፍተኛ የሆነ ደም መፍሰስ፣የማህጸን መበሳት ፣ኢንፌክሽን ,ከፍተኛ የሆነ ደም መፍሰስ፣የማህጸን መበሳት ፣ኢንፌክሽን 
"አንዴ ዉርጃ ካደረኩ በኋላ ከስንት ግዜ ወዲ እርግዝና ሊከሰት ይችላል?

",ዉርጃ ከተካሄደ ከሁለት ሳምንት በኋላ እርግዝና ሊከሰት ይችላል ነገር ግን እኛ እንደ ሃኪም የምንመክርሽ የተለያዩ የወሊድ መቆጣጠርያ መንገዶች አሉ የፈለግሽዉን አይነት መርጠሽ እንድትጠቀሚ ነው,ዉርጃ ከተካሄደ ከሁለት ሳምንት በኋላ እርግዝና ሊከሰት ይችላል ነገር ግን እኛ እንደ ሃኪም የምንመክርሽ የተለያዩ የወሊድ መቆጣጠርያ መንገዶች አሉ የፈለግሽዉን አይነት መርጠሽ እንድትጠቀሚ ነው
"ለዉርጃ ሆስፒታል ተኝቼ ነው እንዴ ምታከመው?

",ይህ እንደ ጽንሱ እድሜ ይወሰናል ከ12 ሳምንት ያነሰ ከሆነ ቤትሽ ሆነሽ በመድሃኒት ትታከሚያለሽ ነገር ግን ከ12 ሳምንት በላይ ከሆነ ከ በመድሃኒትም ይሁን በሰርጀሪ ሆስፒታል ገበተሽ ነው ምትታከሚው ምክንያቱም ክትትል ያስፈልግሻል,ይህ እንደ ጽንሱ እድሜ ይወሰናል ከ12 ሳምንት ያነሰ ከሆነ ቤትሽ ሆነሽ በመድሃኒት ትታከሚያለሽ ነገር ግን ከ12 ሳምንት በላይ ከሆነ ከ በመድሃኒትም ይሁን በሰርጀሪ ሆስፒታል ገበተሽ ነው ምትታከሚው ምክንያቱም ክትትል ያስፈልግሻል
"ፖስት ፒል ወስጄ ነው እርግዝናው የተከሰተው እንዲ ይሆናል እንዴ?

",ፖስት ፒል ለድንገተኛ ጊዜ የሚጠቅም የሊድ መቆጣጠርያ ነው በአግባቡ እነ በተገቢው ሰአት ካልተወሰደ እርግዝና የመከላከል እድሉ በጣም ዝቅተኛ ነው,ፖስት ፒል ለድንገተኛ ጊዜ የሚጠቅም የሊድ መቆጣጠርያ ነው በአግባቡ እነ በተገቢው ሰአት ካልተወሰደ እርግዝና የመከላከል እድሉ በጣም ዝቅተኛ ነው
"የዉርጃ መድሃኒቶች ዉድ ናቸው እንዴ?

",አዎ ከግል የሚገዙ ከሆነ በጣም ዉድ ናቸውነገር ግን የመንግስት ሆስፒታል በነጻ ነው ።የኔ እህት መድሃኒቱን በነጻ ብታገኚ እንኳን ያለ ሃኪም ፍቃድ በግል እንዳትወስጅ,አዎ ከግል የሚገዙ ከሆነ በጣም ዉድ ናቸውነገር ግን የመንግስት ሆስፒታል በነጻ ነው ።የኔ እህት መድሃኒቱን በነጻ ብታገኚ እንኳን ያለ ሃኪም ፍቃድ በግል እንዳትወስጅ
ጥሩ እንቅልፍ ለመተኛት ማድረግ የሚገባንን ዘርዝር,"ቋሚ የመተኛ ሰዓት መመደብ ፣ቋሚ የመነሻ ሰዓት መመደብ (አእምሮአችን መደበኛ የሆነ የእንቅልፍ ፕሮግራም እንዲይዝ ያደርጋሉ
","ቋሚ የመተኛ ሰዓት መመደብ ፣ቋሚ የመነሻ ሰዓት መመደብ (አእምሮአችን መደበኛ የሆነ የእንቅልፍ ፕሮግራም እንዲይዝ ያደርጋሉ
"
ጥሩ እንቅልፍ ለመተኛት ማድረግ የሌለብን  ዘርዝር,"አልጋ ላይ ሆኖ ስልክ ማወራት፤ ቻት ማደረግ ፣አልጋ ላይ ሆኖ ቲቪ ማየት፣ ሬዲዮ ማዳመጥ ፣አነቃቂ ነገሮች አመሻሽ ላይ መጠቀም
","አልጋ ላይ ሆኖ ስልክ ማወራት፤ ቻት ማደረግ ፣አልጋ ላይ ሆኖ ቲቪ ማየት፣ ሬዲዮ ማዳመጥ ፣አነቃቂ ነገሮች አመሻሽ ላይ መጠቀም
"
ከእንቅልፍ ጋር ተያይዞ ህክምና የሚያስፈልጋቸዉን ዘርዝር,"ተያያዞ የድብርት ስሜት የሚሰማ ከሆነ፣ተያይዞ ጭንቀት ካለ፣ በአጠቃላይ የእንቅልፍ ችግሩ በሥራችን ወይም በማህበራዊ ህይወታችንን ላይ ተፅኖ ካሳደረ።
","ተያያዞ የድብርት ስሜት የሚሰማ ከሆነ፣ተያይዞ ጭንቀት ካለ፣ በአጠቃላይ የእንቅልፍ ችግሩ በሥራችን ወይም በማህበራዊ ህይወታችንን ላይ ተፅኖ ካሳደረ።
"
የኪንታሮት በሽታ ማለት ምን ማለት ነዉ?,የኪንታሮት በሽታ (Molluscum contagiosum ) ፓክስ ቫይረስ በሚባል የሚመጣ የቆዳ ኢንፌክሽን ነው። ብዙውን ጊዜ በማንኛውም የሰውነት ቆዳ ላይ በፊት ፤ አንገት፤ ሆድ፤ እጅ እግር ላይ ሊወጣ ይችላል። ,የኪንታሮት በሽታ (Molluscum contagiosum ) ፓክስ ቫይረስ በሚባል የሚመጣ የቆዳ ኢንፌክሽን ነው። ብዙውን ጊዜ በማንኛውም የሰውነት ቆዳ ላይ በፊት ፤ አንገት፤ ሆድ፤ እጅ እግር ላይ ሊወጣ ይችላል። 
የኪንታሮት በሽታ አጋላጮች ምንድን ናቸዉ?,Molluscum የሚያመጣ ቫይረስ በቀጥታ ከሰው ወደ ሰው አካላዊ ግንኙነት እና በተበከለ ግዑዝ ነገሮች ይተላለፋል። በአልባሳት እና ፎጣዎች ፣ ገላ መታጠቢያዎች ፣ ገንዳ እና መጫወቻዎች ሊያካትት ይችላል፡፡,Molluscum የሚያመጣ ቫይረስ በቀጥታ ከሰው ወደ ሰው አካላዊ ግንኙነት እና በተበከለ ግዑዝ ነገሮች ይተላለፋል። በአልባሳት እና ፎጣዎች ፣ ገላ መታጠቢያዎች ፣ ገንዳ እና መጫወቻዎች ሊያካትት ይችላል፡፡
"የኪንታሮት በሽታ ተጋላጭ ማነው?
",በማንኛዉም ሰዉ ላይ ሊወጣ ቢችልም በብዛት እድሜያቸው ከፍ 1 በታች እና ከ1 እስከ 10 ዓመት ዕድሜ ልጆች ላይ አብዛኛውን ጊዜ ይከሰታል ፡፡,በማንኛዉም ሰዉ ላይ ሊወጣ ቢችልም በብዛት እድሜያቸው ከፍ 1 በታች እና ከ1 እስከ 10 ዓመት ዕድሜ ልጆች ላይ አብዛኛውን ጊዜ ይከሰታል ፡፡
"የኪንታሮት በሽታ የመጋለጥ እድሉ ያላቸው ሰዎች እነማን ናቸዉ?

",የተዳከመ የበሽታ መቋቋም አቅም ያላቸው ሰዎች (ለምሳሌ ፣ በኤች አይ ቪ የተያዙ ሰዎች ወይም በካንሰር የተያዙ ወዘተ )፡፡ በነዚህ ግለሰቦች ላይ እድገታቸው ትልቅ የበዛ እና ለማከም በጣም ከባድ ሆኖ ሊወጣ ይችላል።,የተዳከመ የበሽታ መቋቋም አቅም ያላቸው ሰዎች (ለምሳሌ ፣ በኤች አይ ቪ የተያዙ ሰዎች ወይም በካንሰር የተያዙ ወዘተ )፡፡ በነዚህ ግለሰቦች ላይ እድገታቸው ትልቅ የበዛ እና ለማከም በጣም ከባድ ሆኖ ሊወጣ ይችላል።
የኪንታሮት በሽታ ህክምናዉ ምንድን ነዉ?,molluscum contagiosum በጤናማ ግለሰቦች ላይ ያለህክምና በራሱ የሚጠፋ ስለሆነ ብዙዎች ላይ ያለ ህክምና ይጠፋል፡፡ ነገር ግን ቁስሎቹ በጾታ ብልት ውስጥ (በብልት ፣ በብልት ወይም በፊንጢጣ አከባቢ) ላይ ወይም አከባቢ ከወጣ ሕክምና ሊያስፈልገው ይችላል። ,molluscum contagiosum በጤናማ ግለሰቦች ላይ ያለህክምና በራሱ የሚጠፋ ስለሆነ ብዙዎች ላይ ያለ ህክምና ይጠፋል፡፡ ነገር ግን ቁስሎቹ በጾታ ብልት ውስጥ (በብልት ፣ በብልት ወይም በፊንጢጣ አከባቢ) ላይ ወይም አከባቢ ከወጣ ሕክምና ሊያስፈልገው ይችላል። 
የኪንታሮት በሽታ የሕክምና አማራጮች ዘርዝር,ቁስሎች ወይም ቁስሎች ውስጥ ያለውን ፈሳሽ በእራስዎ ላማስወገድ መሞከር እና ማስወገድ ጥሩ ሀሳብ አይደለም፡፡ የቁስሎችን ፈሳሽ ሳያውቁ ወደ ሌላ የሰውነት ክፍሎች ሊያሰራጩ ይችላሉ። ቆዳውን በመቧጨር የባክቴሪያ ኢንፌክሽን ሊያስከትሉ ይችላሉ ።,ቁስሎች ወይም ቁስሎች ውስጥ ያለውን ፈሳሽ በእራስዎ ላማስወገድ መሞከር እና ማስወገድ ጥሩ ሀሳብ አይደለም፡፡ የቁስሎችን ፈሳሽ ሳያውቁ ወደ ሌላ የሰውነት ክፍሎች ሊያሰራጩ ይችላሉ። ቆዳውን በመቧጨር የባክቴሪያ ኢንፌክሽን ሊያስከትሉ ይችላሉ ።
የኪንታሮት በሽታ መከላከያዉ ምንድን ነዉ?,የራስዎን ቆዳ ብቻ ሳይሆን የሌላውን ሰው ጨምሮ የቆዳ ቁስሎችን የያዘውን ቆዳ አለመንካት አስፈላጊ ነው። መነካካት እና መቧጨር ቫይረሱን ወደ ሌሎች የሰውነት ክፍሎች ሊያሰራጭ እና በሽታውን ወደ ሌሎች ሰዎች በቀላሉ ለማሰራጨት ቀላል ያደርገዋል፡፡,የራስዎን ቆዳ ብቻ ሳይሆን የሌላውን ሰው ጨምሮ የቆዳ ቁስሎችን የያዘውን ቆዳ አለመንካት አስፈላጊ ነው። መነካካት እና መቧጨር ቫይረሱን ወደ ሌሎች የሰውነት ክፍሎች ሊያሰራጭ እና በሽታውን ወደ ሌሎች ሰዎች በቀላሉ ለማሰራጨት ቀላል ያደርገዋል፡፡
"የምች በሽታ ምንድን ነዉ?

","ምች (cold sore) በተለምዶ ከሚከሰቱ የቇዳ ኢንፌክሽኖች መካከል ዋነኛዉ ሲሆን በተለይም የላይኛዉ ወይም የታችኛዉ የከንፈር ጠርዝ ከፊታችን ቇዳ ጋር በሚገናኝበት አካባቢ ላይ በሚወጡ ውሃ የቋጠሩ ጥቃቅን ቁስለቶች ይታወቃል።
","ምች (cold sore) በተለምዶ ከሚከሰቱ የቇዳ ኢንፌክሽኖች መካከል ዋነኛዉ ሲሆን በተለይም የላይኛዉ ወይም የታችኛዉ የከንፈር ጠርዝ ከፊታችን ቇዳ ጋር በሚገናኝበት አካባቢ ላይ በሚወጡ ውሃ የቋጠሩ ጥቃቅን ቁስለቶች ይታወቃል።
"
"የምች በሽታ ምክንያት ምንድን ነዉ? 
",በተለምዶ የምች በሽታ የምንለው (Cold sores ) የሚከሰተው የኸርፒስ (Herpes) ቫይረስ 1 በሚባሉ በሽታ አምጭ ተዋህስያን ነው። ,በተለምዶ የምች በሽታ የምንለው (Cold sores ) የሚከሰተው የኸርፒስ (Herpes) ቫይረስ 1 በሚባሉ በሽታ አምጭ ተዋህስያን ነው። 
የምች አምጪ ተህዋስያን ዘርዝር,የምች አምጪ ተህዋስያን ኤች.ኤስ.ቪ- 1 (HSV-1) ፣ ኤች.ኤስ.ቪ -2 (HSV-2),የምች አምጪ ተህዋስያን ኤች.ኤስ.ቪ- 1 (HSV-1) ፣ ኤች.ኤስ.ቪ -2 (HSV-2)
የኸርፒስ ቫይረስ ማለት ምን ማለት ነዉ?,የኸርፒስ (Herpes) ቫይረስ ዝርያዎች በነጭ የደም ሴሎቻችን ተጠግተዉ ከሰዉታችን ሙሉ በሙሉ በመወገድ ፈንታ በሰዉነታችን የነርቭ አካላት ዉስጥ በመሸሸግ የሰዉነታችን ዉስጣዊ ሁኔታዎች ምቹ እስኪሆኑ በመጠባበቅ ከተሽሽጉበት በመዉጣት በድጋሜ የምቸ በሽታን ያስከትላሉ ።,የኸርፒስ (Herpes) ቫይረስ ዝርያዎች በነጭ የደም ሴሎቻችን ተጠግተዉ ከሰዉታችን ሙሉ በሙሉ በመወገድ ፈንታ በሰዉነታችን የነርቭ አካላት ዉስጥ በመሸሸግ የሰዉነታችን ዉስጣዊ ሁኔታዎች ምቹ እስኪሆኑ በመጠባበቅ ከተሽሽጉበት በመዉጣት በድጋሜ የምቸ በሽታን ያስከትላሉ ።
"የምች በሽታ ምልክቶች ምንድን ናቸዉ?

",የምች በሽታ ተህዋስያን ለመጀመርያ ጊዜ በሰዉነታችን ኢንፌክሽን ስያስከስቱ በአብዛኛዉ ምንም ምልክት አይኖራቸዉም ነገር ግን በሚከተሉት ጊዜያት ሲከሰቱ የሚከተሉትን የመሳሰሉ ምልክቶች ልያሳዩ ዪችላሉ።,የምች በሽታ ተህዋስያን ለመጀመርያ ጊዜ በሰዉነታችን ኢንፌክሽን ስያስከስቱ በአብዛኛዉ ምንም ምልክት አይኖራቸዉም ነገር ግን በሚከተሉት ጊዜያት ሲከሰቱ የሚከተሉትን የመሳሰሉ ምልክቶች ልያሳዩ ዪችላሉ።
"የምች በሽታን በተደጋጋሚ የሚቀሰቅሱ ሁኔታዎች ምንምን ናቸዉ?

",ለሰዉነት በሽታ መከላከል አቅም የመዉረድ የሚያጋልጡ ሁኔታዎች (የኤች.አይ.ቪ ፣ የካንሰር ህመሞች) በወር አበባ ጊዜ የሚከሰቱ ሆርሞናዊ ለውጦች ,ለሰዉነት በሽታ መከላከል አቅም የመዉረድ የሚያጋልጡ ሁኔታዎች (የኤች.አይ.ቪ ፣ የካንሰር ህመሞች) በወር አበባ ጊዜ የሚከሰቱ ሆርሞናዊ ለውጦች 
"በምች ለሚመጡ ቁስለቶች በቤታችን ምን ማድረግ እንችላለን?

",የህመም ማስታገሻ በምች በሽታ ሚመጡ ቁስለቶች በተያያዘ የሚሰማዎትን ህመም ለመቀነስ ያለ ሃኪም ትዛዝ በፋርማሲ የምናገኛችውን አይቡፐሮፈን (Ibuprofen) እና አሴታሚኖፈን (Paracetamol) በፋርማሲ ባለሙያው ትዛዝ መሰረት መጠቀም ይቻላል ።,የህመም ማስታገሻ በምች በሽታ ሚመጡ ቁስለቶች በተያያዘ የሚሰማዎትን ህመም ለመቀነስ ያለ ሃኪም ትዛዝ በፋርማሲ የምናገኛችውን አይቡፐሮፈን (Ibuprofen) እና አሴታሚኖፈን (Paracetamol) በፋርማሲ ባለሙያው ትዛዝ መሰረት መጠቀም ይቻላል ።
"ለምች በሽታ የባህል ህክምናን መጠቀም ተገቢ ነዉ? 
",የባህል ህክምናየአንድ አካባቢ ተወላጆች ለዘመናት ያካበትዋቸዉ እንስሳን እና እጸዋት ነክ እዉቀቶችን አንዲሁም ማህበረሰባዊ አስተሳሰቦችን መሰረት ያደረገ የህክምና ዘርፍ ነዉ። ጆርናል ኦፍ እስያ-ፓሲፊክ ባዮዲቨርሲቲ (Journal of Asia-Pacific Biodiversity) በወጣዉ ጥናት መሰረት የአለማችን 64% የሚሆነዉ ማህበረሰብ ለሚገጥሙት የጤና እክሎች የባህል ህክምናን እንደ መጀመርያ አማራጩ ይጠቀማል። ,የባህል ህክምናየአንድ አካባቢ ተወላጆች ለዘመናት ያካበትዋቸዉ እንስሳን እና እጸዋት ነክ እዉቀቶችን አንዲሁም ማህበረሰባዊ አስተሳሰቦችን መሰረት ያደረገ የህክምና ዘርፍ ነዉ። ጆርናል ኦፍ እስያ-ፓሲፊክ ባዮዲቨርሲቲ (Journal of Asia-Pacific Biodiversity) በወጣዉ ጥናት መሰረት የአለማችን 64% የሚሆነዉ ማህበረሰብ ለሚገጥሙት የጤና እክሎች የባህል ህክምናን እንደ መጀመርያ አማራጩ ይጠቀማል። 
የምእራባዉያን ባህል ህክምና በምች ለሚመጡ ቁስለቶች ምን ይመክራል?,የምእራባዉያን ባህል ህክምና በምች ለሚመጡ ቁስለቶች በቫይታሚንሲ የበለጸጉ እንደ ሎሚ ፣ ብርቱካን ፣ ኪዊ እና ፓፓያ ያሉ ምግቦችን እንድንጠቀም ዪመክራል። ,የምእራባዉያን ባህል ህክምና በምች ለሚመጡ ቁስለቶች በቫይታሚንሲ የበለጸጉ እንደ ሎሚ ፣ ብርቱካን ፣ ኪዊ እና ፓፓያ ያሉ ምግቦችን እንድንጠቀም ዪመክራል። 
"ለምች በሽታ ሃኪም ማማከር ተገቢ ነዉ?
","በምች በሽታ የሚመጡ ቁስለቶች በአብዛኛዉ ጊዜ በራሳቸዉ የሚድኑ በመሆናቸዉ የሃኪም ምክር መሻት ላያስፈል ይችላል። 
","በምች በሽታ የሚመጡ ቁስለቶች በአብዛኛዉ ጊዜ በራሳቸዉ የሚድኑ በመሆናቸዉ የሃኪም ምክር መሻት ላያስፈል ይችላል። 
"
ለምች በሽታ በህክምና ምን ሊረዱ ይችላሉ? ,"ሃኪምዎ ቁስለቶቹን አጢኖ ከተመለከተ/ች በኋላ አሳይክሎቪር (Acyclovir) እና ቫልሳይክሎቪር (Valcyclovir) የመሳሰሉ ጸረ ምች አምጪ ተህዋስ መድሃኒትዎችን እንዲሁም የትለያዩ የህመም ማስታገሸ መድሃኒትዎችን ልያዝሎ ይችላል። ጸረ- ምች አምጪ ተህዋስ መድሃኒትዎቹ በቆዳ ላይ የሚቀቡ ወይም በኣፍ የሚዋጡ ሊሆኑ ይችላሉ። 
","ሃኪምዎ ቁስለቶቹን አጢኖ ከተመለከተ/ች በኋላ አሳይክሎቪር (Acyclovir) እና ቫልሳይክሎቪር (Valcyclovir) የመሳሰሉ ጸረ ምች አምጪ ተህዋስ መድሃኒትዎችን እንዲሁም የትለያዩ የህመም ማስታገሸ መድሃኒትዎችን ልያዝሎ ይችላል። ጸረ- ምች አምጪ ተህዋስ መድሃኒትዎቹ በቆዳ ላይ የሚቀቡ ወይም በኣፍ የሚዋጡ ሊሆኑ ይችላሉ። 
"
ደም የመለገስ የጤና ጥቅሞች ዘርዝር,"አዲስ የደም ሴል ምርትን ያነቃቃል፣የልብ ድካምን እና የደም ቧንቧ በሽታዎችን ለመቀነስ ይረዳል ፣የካንሰር ተጋላጭነትን ይቀንሳል
","አዲስ የደም ሴል ምርትን ያነቃቃል፣የልብ ድካምን እና የደም ቧንቧ በሽታዎችን ለመቀነስ ይረዳል ፣የካንሰር ተጋላጭነትን ይቀንሳል
"
ደም መለገስ ስንት ሰዎችን ህይወት ሊያድን ይችላል?,470 ሚ.ሊ(ml) ደም መለገስ የ 3 ሰዎችን ህይወት ሊያድን ይችላል!,470 ሚ.ሊ(ml) ደም መለገስ የ 3 ሰዎችን ህይወት ሊያድን ይችላል!
"የኮቪድ 19 ክትባትን ከተከተብን በኃላ ምን ማድረግ ይጠበቅብናል? 

",ለ 15 ደቂቃ ያህል ክትባቱን በወሰዱበት የጤና ተቋም መቆየት። ይህም እጅግ በጣም በጥቂት ሰዎች ላይ ሊከሰት የሚችል አለርጂ ቢከሰትብዎ ፈጣን እርዳታን ለማግኘት ያግዛል።,ለ 15 ደቂቃ ያህል ክትባቱን በወሰዱበት የጤና ተቋም መቆየት። ይህም እጅግ በጣም በጥቂት ሰዎች ላይ ሊከሰት የሚችል አለርጂ ቢከሰትብዎ ፈጣን እርዳታን ለማግኘት ያግዛል።
የኮቪድ 19 ክትባትን ከተከተብን በኃላ ምልክቱ ምንምን ነዉ?,"አነስተኛ ትኩሳት ፣የራስ ምታት ህመም፣የመገጣጠሚያ ቁርጥማትና ፣ድካም
","አነስተኛ ትኩሳት ፣የራስ ምታት ህመም፣የመገጣጠሚያ ቁርጥማትና ፣ድካም
"
ቡግር ማለት ምን ማለት ነዉ?,"ቡግር የረጅም ጊዜና በብዙ ሰዎች ላይ የሚከሰት እና የፀጉር መውጫ ቀዳዳዎች በተለያዩ ነገሮች በሚዘጋበት ጊዜ የሚመጣ የሰውነት ቆዳ ህመም ነው።
","ቡግር የረጅም ጊዜና በብዙ ሰዎች ላይ የሚከሰት እና የፀጉር መውጫ ቀዳዳዎች በተለያዩ ነገሮች በሚዘጋበት ጊዜ የሚመጣ የሰውነት ቆዳ ህመም ነው።
"
ቡግር ምን ያስከትላል?,ምንም እንኳ እስከሞት የሚያደርስ ችግር ባይሆንም የሰውነት ቆዳን በማበላሸት የስነ ልቦና ችግር ፣ ድብርት ፣ በራስ መተማመንን ይቀንሳል እንዲሁም የረጅም ጊዜ የቆዳ ለምጥ ያስከትላል ።,ምንም እንኳ እስከሞት የሚያደርስ ችግር ባይሆንም የሰውነት ቆዳን በማበላሸት የስነ ልቦና ችግር ፣ ድብርት ፣ በራስ መተማመንን ይቀንሳል እንዲሁም የረጅም ጊዜ የቆዳ ለምጥ ያስከትላል ።
"ቡግር ማንን ያጠቃል?

",ምንም እንኳ በየትኛውም የእድሜ ክልል የሚገኝ ቢሆንም በብዛት በአስራዎቹ እድሜ ክልል ያሉ ሰዎችን በብዛት ያጠቃል ።,ምንም እንኳ በየትኛውም የእድሜ ክልል የሚገኝ ቢሆንም በብዛት በአስራዎቹ እድሜ ክልል ያሉ ሰዎችን በብዛት ያጠቃል ።
ቡግር ከምን ጋር ይገናኛል?,በጉርምስና እና ኮረዳነት ጊዜ በሚጀመረው የሆርሞን በከፍተኛ መጠን መመረት ጋር የተያያዘ ነው።,በጉርምስና እና ኮረዳነት ጊዜ በሚጀመረው የሆርሞን በከፍተኛ መጠን መመረት ጋር የተያያዘ ነው።
"ቡግር እንዴት ይከሰታል?
","በሰውነታችን ላይ ትንንሽ ቀዳዳዎች ሲኖሩ እነዚህ ቀዳዳዎች ከስራቸው ፀጉር ሊበቅልበት የሚችልበት ከመሆኑ በተጨማሪ በስራቸው የሚገኙትን የወዝ ዕጢዎች የሚያመርቱት ወዝ ወደ ላይኛው የቆዳ ክፍል የሚወጡበት ሲሆን ይህ ቀዳዳ ከመጠን በላይ በሆነ ስብ መመረት እና በሞቱ የቆዳ ሴሎች በሚደፈኑበት ጊዜ በሰውነታችን ላይ የሚገኝ ኩኒባክቴሪየም አክኒ ውስጥ ላይ እንዲራባ እና ቁስለት እንዲፈጠር ያደርጋል ።
","በሰውነታችን ላይ ትንንሽ ቀዳዳዎች ሲኖሩ እነዚህ ቀዳዳዎች ከስራቸው ፀጉር ሊበቅልበት የሚችልበት ከመሆኑ በተጨማሪ በስራቸው የሚገኙትን የወዝ ዕጢዎች የሚያመርቱት ወዝ ወደ ላይኛው የቆዳ ክፍል የሚወጡበት ሲሆን ይህ ቀዳዳ ከመጠን በላይ በሆነ ስብ መመረት እና በሞቱ የቆዳ ሴሎች በሚደፈኑበት ጊዜ በሰውነታችን ላይ የሚገኝ ኩኒባክቴሪየም አክኒ ውስጥ ላይ እንዲራባ እና ቁስለት እንዲፈጠር ያደርጋል ።
"
ቡግር የሚያጋልጡ ሁኔታዎች ዘርዝር,"ከፍተኛ የሆነ የሆነ የወዝ መመረት፣የሰውነት የቆዳ ሴሎች የመመረት እና የመወገድ ሁኔታ አለመመጣጠን
","ከፍተኛ የሆነ የሆነ የወዝ መመረት፣የሰውነት የቆዳ ሴሎች የመመረት እና የመወገድ ሁኔታ አለመመጣጠን
"
"ቡግር የትኛውን የሰውነት ክፍል ያጠቃል?
","ቡግር በብዛት የፀጉር መውጫ ቀዳዳዎች በሚገኙበት ቦታ ማለትም በፊት ፣ በደረት አካባቢ እና በጀርባ ላይ ቢገኝም በሁሉም የሰውነት ቆዳ ላይ ሊወጣ ይችላል።
","ቡግር በብዛት የፀጉር መውጫ ቀዳዳዎች በሚገኙበት ቦታ ማለትም በፊት ፣ በደረት አካባቢ እና በጀርባ ላይ ቢገኝም በሁሉም የሰውነት ቆዳ ላይ ሊወጣ ይችላል።
"
"ቡግር አይነቶች ጥቀስ

",አነስተኛ ቡግር በቁጥር ከ30 በታች የሚሆኑ ነጫጭ እና ጥቋቁር ነጠብጣቦች፣መካከለኛ ቡግር በቁጥር ከ100 በታች የሆኑ ነጫጭ እና ጥቋቁር ነጠብጣቦች እና ቀያይ እብጠቶች,አነስተኛ ቡግር በቁጥር ከ30 በታች የሚሆኑ ነጫጭ እና ጥቋቁር ነጠብጣቦች፣መካከለኛ ቡግር በቁጥር ከ100 በታች የሆኑ ነጫጭ እና ጥቋቁር ነጠብጣቦች እና ቀያይ እብጠቶች
የቡግር ምልክቶች ዘርዝር,"ነጭ አናት ያላቸው ነጠብጣቦች፣ጥቁር አናት ያላቸው ነጠብጣቦች፣ትናንሽ ቀያይ ህመም ያላቸው ነጠብጣቦች
","ነጭ አናት ያላቸው ነጠብጣቦች፣ጥቁር አናት ያላቸው ነጠብጣቦች፣ትናንሽ ቀያይ ህመም ያላቸው ነጠብጣቦች
"
ቡግር ህክምናዉ ምንድን ነዉ?,በብዛት የሚመከር ቡግር ያለበት ቦታ ላይ የሚቀቡ ረቲኖል እና የሚቀቡ ፀረ-ተህዋስያን (ክሊንዳማይሲን፣ ኢሪትሮማይሲን) በአንድ ላይ ለሁሉም የቡግር አይነቶች እንደ መጀመሪያ ደረጃ ህክምና ነው።,በብዛት የሚመከር ቡግር ያለበት ቦታ ላይ የሚቀቡ ረቲኖል እና የሚቀቡ ፀረ-ተህዋስያን (ክሊንዳማይሲን፣ ኢሪትሮማይሲን) በአንድ ላይ ለሁሉም የቡግር አይነቶች እንደ መጀመሪያ ደረጃ ህክምና ነው።
አጣዳፊ የቶንሲል እንፌክሽን ማለት ምን ማለት ነዉ?,አጣዳፊ የቶንሲል እንፌክሽን ማለት የላይኛው ጉሮሯችን ክፍል ያለው ቶንሲል በእንፌክሽን ሲጠቃ ነው። ,አጣዳፊ የቶንሲል እንፌክሽን ማለት የላይኛው ጉሮሯችን ክፍል ያለው ቶንሲል በእንፌክሽን ሲጠቃ ነው። 
አጣዳፊ የቶንሲል እንፌክሽን መንስኤ ምንድን ነዉ?,አጣዳፊ የቶንሲል እንፌክሽን ብዙውን ጊዜ በቫይረስ የሚመጣ ሲሆን አንዳዴ ደግሞ በባክቴሪያ ይመጣል። ,አጣዳፊ የቶንሲል እንፌክሽን ብዙውን ጊዜ በቫይረስ የሚመጣ ሲሆን አንዳዴ ደግሞ በባክቴሪያ ይመጣል። 
አጣዳፊ የቶንሲል እንፌክሽን የሚያጠቃዉ የእድሜ ክልል ስንት ነዉ?,አጣዳፊ የቶንሲል እንፌክሽን በሽታ በአብዛኛው የሚያጠቃዉ ከ5-15 እድሜ ክልል ውስጥ የሚገኙትን ነው።,አጣዳፊ የቶንሲል እንፌክሽን በሽታ በአብዛኛው የሚያጠቃዉ ከ5-15 እድሜ ክልል ውስጥ የሚገኙትን ነው።
"የአጣዳፊ ቶንሲል እንፌክሽን ምልክቶች ዘርዝር

",የጉሮሮ መቁሰል፣መዋጥ መቸገር/ሲዉጡ የህመም ስሜት መሰማት፣የሰዉነት ሙቀት መጨመር፣የአንገት ሊምፍ ኖድ(lymph node) ማበጥ,የጉሮሮ መቁሰል፣መዋጥ መቸገር/ሲዉጡ የህመም ስሜት መሰማት፣የሰዉነት ሙቀት መጨመር፣የአንገት ሊምፍ ኖድ(lymph node) ማበጥ
የአጣዳፊ ቶንሲል እንፌክሽን ህክምናዉ ምንድን ነዉ?,"ለማነኛዉም ቶንሲል እፌክሽን መደረግ ያለበት፡ ህመሙን ና የሰዉነት ሙቀትን የሚቀንስ መዳህኒት መስጠት፦ ፓራስታሞል(paracetamol) ወይም አይቡፕሮፊን(ibuprofen)፣ፈሳሽ ነገር መዉሰድ፣ሙቅ ፈሳሽ መዉሰድ
","ለማነኛዉም ቶንሲል እፌክሽን መደረግ ያለበት፡ ህመሙን ና የሰዉነት ሙቀትን የሚቀንስ መዳህኒት መስጠት፦ ፓራስታሞል(paracetamol) ወይም አይቡፕሮፊን(ibuprofen)፣ፈሳሽ ነገር መዉሰድ፣ሙቅ ፈሳሽ መዉሰድ
"
የአጣዳፊ ቶንሲል እንፌክሽን መከላከያዉ ምንምን ነዉ?,"እጅን አዘዉትሮ መታጠብ በተለይም ከተፀዳዱ በኋላ ና ምግብ ከመብላትዎ በፊት፣የምንበላዉን ምግብ፣የምንጠጣዉን ዉሃ አለመጋራት
","እጅን አዘዉትሮ መታጠብ በተለይም ከተፀዳዱ በኋላ ና ምግብ ከመብላትዎ በፊት፣የምንበላዉን ምግብ፣የምንጠጣዉን ዉሃ አለመጋራት
"
እከክ ማለት ምን ማለት ነዉ?,እከክ ማለት የቆዳ ወረርሽኝ ሲሆን የሚያመጣውም ሳርኮፕተስ ስኬቢ(sarcoptes scabie) በተባለ ትንሽ ትል ነው። ,እከክ ማለት የቆዳ ወረርሽኝ ሲሆን የሚያመጣውም ሳርኮፕተስ ስኬቢ(sarcoptes scabie) በተባለ ትንሽ ትል ነው። 
እከክ የሚራባዉ እንዴት ዉ?,እከክ የሚራባዉና የሚያድገዉ በሰዉ ቆዳ ሲሆን ከሰዉ ወደ ሰዉ የሚተላለፈዉም አብዛኛውን ጊዜ በሰዉነታችን ቆዳ ንክኪ ሲሆን አንዳንዴ ግን በሽታዉ ያለባቸዉ ሰዎችን ልብስ መልበስ ፣ሚተኙበት አልጋ ላይ በመተኛትም ይተላለፋል ።ምክንያቱም የእከክ ትል(mite) ከልብስ ወይም አልጋ ላይ ከሁለት ቀን በላይ በህይወት መኖር ስለሚችል ነዉ ።,እከክ የሚራባዉና የሚያድገዉ በሰዉ ቆዳ ሲሆን ከሰዉ ወደ ሰዉ የሚተላለፈዉም አብዛኛውን ጊዜ በሰዉነታችን ቆዳ ንክኪ ሲሆን አንዳንዴ ግን በሽታዉ ያለባቸዉ ሰዎችን ልብስ መልበስ ፣ሚተኙበት አልጋ ላይ በመተኛትም ይተላለፋል ።ምክንያቱም የእከክ ትል(mite) ከልብስ ወይም አልጋ ላይ ከሁለት ቀን በላይ በህይወት መኖር ስለሚችል ነዉ ።
እከክ ምልክቱ ምንድን ነዉ?,"የእከክ በሽታ ሙሉዉን የሰዉነት ክፍላችንን ሊያጠቃ ይችላል ነገር ግን አብዛኛዉን ጊዜ ጎልማሶችን(adults)ና ትልቅ ልጆችን(old children) የሚጠቃው የሰዉነት ክፍል፡ በጣቶቻችን መሃል፣ወገብ አካባቢ፣የክንዳችን መታጠፊያ ውስጣዊውን
","የእከክ በሽታ ሙሉዉን የሰዉነት ክፍላችንን ሊያጠቃ ይችላል ነገር ግን አብዛኛዉን ጊዜ ጎልማሶችን(adults)ና ትልቅ ልጆችን(old children) የሚጠቃው የሰዉነት ክፍል፡ በጣቶቻችን መሃል፣ወገብ አካባቢ፣የክንዳችን መታጠፊያ ውስጣዊውን
"
እከክ ህክምናዉ ምንድን ነዉ?,የእከክ በሽታ ካለብን እኛ ብቻ ሳንሆን አብሮን የሚኖርና በጣም ንክኪ ሊኖረዉ የሚችል ሰውም መታከም አለበት ,የእከክ በሽታ ካለብን እኛ ብቻ ሳንሆን አብሮን የሚኖርና በጣም ንክኪ ሊኖረዉ የሚችል ሰውም መታከም አለበት 
የእከክ መዳህኒቶች ዘርዝር,"የሚቀቡ መዳህኒቶች፡ ፐርሜትሪን(permethrin) 5% ክሪም የሚያሳክክዎ ቦታ ከ8-14 ሰዓት ቀብቶ ቆይቶ መታጠብ ና በተመሳሳይ በ 7 ቀን ዉስጥ አንዴ መድገም፣ቤንዛይል ቤንዞይት(benzyl benzoate) 10% ሎሽን ለ24 ሰዓት ሚያሳክከን ቦታ ቀብተን ቆይተን መታጠብ ና በተመሳሳይ በ 7 ቀን ዉስጥ አንዴ መድገም፣ሊንዴን(lindane)1% solition
","የሚቀቡ መዳህኒቶች፡ ፐርሜትሪን(permethrin) 5% ክሪም የሚያሳክክዎ ቦታ ከ8-14 ሰዓት ቀብቶ ቆይቶ መታጠብ ና በተመሳሳይ በ 7 ቀን ዉስጥ አንዴ መድገም፣ቤንዛይል ቤንዞይት(benzyl benzoate) 10% ሎሽን ለ24 ሰዓት ሚያሳክከን ቦታ ቀብተን ቆይተን መታጠብ ና በተመሳሳይ በ 7 ቀን ዉስጥ አንዴ መድገም፣ሊንዴን(lindane)1% solition
"
የእከክ መዳህኒቱን ከመዉሰዳችን ጋር ማድረግ ያለብንን ዘርዝር,"መዳህኒቱን ከመዉሰዳችን ጋር ማድረግ ያለብን፡ ልብሳችንን መቀየር፣ሁሉንም ልብሶች አጥቦ ለአንድ ቀን ያህል ፀሀይ ላይ ማስጣት፣ቤትን ፣ ጠረጴዛን ፣ወንበር ና አልጋን ማፅዳት
","መዳህኒቱን ከመዉሰዳችን ጋር ማድረግ ያለብን፡ ልብሳችንን መቀየር፣ሁሉንም ልብሶች አጥቦ ለአንድ ቀን ያህል ፀሀይ ላይ ማስጣት፣ቤትን ፣ ጠረጴዛን ፣ወንበር ና አልጋን ማፅዳት
"
"በእንቅልፍ ሰዓት ለምን ያልበናል ምናልባት የጤና ችግር ይሆን?
","በእንቅልከፍ ሰዓትም ይሁን በቀን በሙቀት የተነሳ ወይም በሌላ ምክንያቶች ሊያልበን ይችላል።
","በእንቅልከፍ ሰዓትም ይሁን በቀን በሙቀት የተነሳ ወይም በሌላ ምክንያቶች ሊያልበን ይችላል።
"
በእንቅልፍ ሰዓት የሚከሰት ከፍተኛ የሆነ ማላብ ምንድን ነዉ?,በቅርብ የተሰራ ጥናት ግን በእንቅልፍ ሰዓት የሚከሰት ከፍተኛ የሆነ ማላብ የሌሎች ህመሞች ምልክት ሊሆን ይችላል እና ችላ ሊባል አይገባም ይላል።,በቅርብ የተሰራ ጥናት ግን በእንቅልፍ ሰዓት የሚከሰት ከፍተኛ የሆነ ማላብ የሌሎች ህመሞች ምልክት ሊሆን ይችላል እና ችላ ሊባል አይገባም ይላል።
"በእንቅልፍ ሰዓት ከሚከሰት ከፍተኛ ላብ ጋር ግንኙነት ሊኖራቸው ይችላል የተባሉ ህመም ዘርዝር

",ቲቢ (Tuberculosis)፦ በእንቅልፍ ሰዓት ከፍተኛ የሆነ ላብ እንዲከሰትብን ሊያደርጉ ይችላሉ ከተባሉ ህመሞች ውስጥ ቲቢ (የሳንባ ነቀርሳ) አንዱ ነው፣ካንሰር…,ቲቢ (Tuberculosis)፦ በእንቅልፍ ሰዓት ከፍተኛ የሆነ ላብ እንዲከሰትብን ሊያደርጉ ይችላሉ ከተባሉ ህመሞች ውስጥ ቲቢ (የሳንባ ነቀርሳ) አንዱ ነው፣ካንሰር…
ብሩሴሎሲስ ምንድን ነዉ?,ብሩሴሎሲስ “ብሩሴላ” በተባለ ባክቴሪያ አማካኝነት የሚከሰት ኢንፌክሽን ሲሆን፥ በብዛት ከእንስሳት ወደ ሰዎች የሚተላላፍ ነው።,ብሩሴሎሲስ “ብሩሴላ” በተባለ ባክቴሪያ አማካኝነት የሚከሰት ኢንፌክሽን ሲሆን፥ በብዛት ከእንስሳት ወደ ሰዎች የሚተላላፍ ነው።
በእንቅልፍ ሰዓት የሚከሰት ከፍተኛ የሆነ ማላብ መንስኤ ምንድን ነዉ?,ብሩሴሎሲስ ኢንፌክሽን የተጠቁ ሰዎች በእቅልፍ ሰዓት ከፍተኛ የሆነ ላብ እንደሚታይባቸው ነው የተነገረው።,ብሩሴሎሲስ ኢንፌክሽን የተጠቁ ሰዎች በእቅልፍ ሰዓት ከፍተኛ የሆነ ላብ እንደሚታይባቸው ነው የተነገረው።
በእንቅልፍ ሰዓት ከፍተኛ የሆነ ላብ የሚያልበን ከሆነ መፍትሄዉ ምንድን ነዉ?,በእንቅልፍ ሰዓት ከፍተኛ የሆነ ላብ የሚያልበን ከሆነ ወደ ህክምና ተቋም በመሄድ አስፈላጊውን ህክምና ማድረግ እና የህክምና ባለሙያዎችን ማማከር መልካም ነው,በእንቅልፍ ሰዓት ከፍተኛ የሆነ ላብ የሚያልበን ከሆነ ወደ ህክምና ተቋም በመሄድ አስፈላጊውን ህክምና ማድረግ እና የህክምና ባለሙያዎችን ማማከር መልካም ነው
"ለአይን መቅላት ምክንያቶች ዘርዝር
","በቂ እንቅልፍ አለማግኘት(insufficent sleep)፣አለርጂ፣ባክቴሪያ በዎናነት የአይን መቅላት ሊያመጡ የሚችሉ እነዚህ ናቸው።
","በቂ እንቅልፍ አለማግኘት(insufficent sleep)፣አለርጂ፣ባክቴሪያ በዎናነት የአይን መቅላት ሊያመጡ የሚችሉ እነዚህ ናቸው።
"
"የስኳር ሕመም መከላከያና መቆጣጠሪያ መንገዶች ዘርዝር
",የሰውነትዎ ክበደት ጤናማና ልከኛ ይሁን፣ የአካል ብቃት እንቅስቃሴዎን እለት ተእለት ይጨምሩ፣ፍራፍሬ፣ቅጠላቅጠል እና የእህል ውጤቶችን አዘውትረው ይመገቡ፡፡ ,የሰውነትዎ ክበደት ጤናማና ልከኛ ይሁን፣ የአካል ብቃት እንቅስቃሴዎን እለት ተእለት ይጨምሩ፣ፍራፍሬ፣ቅጠላቅጠል እና የእህል ውጤቶችን አዘውትረው ይመገቡ፡፡ 
የልብ ድካም ምልክቱ ምንድን ነዉ?,ከፍተኛ የሆነ የደረት ህመም ወደ ትከሻ ሚሄድና ከትከሻ ጋር ሚያያዝ በተለይም ግራ ትከሻ ጀርባና ተያይዞም ወደ እጃችን ሊሄድም ይችላል፣ቶሎ ቶሎ መዛልና መደካከም ብሎም ሴቶች ፣ ሸምገል ባሉ ሰዎች ፣ የስኳርና ተጓዳኝ ህመም ባለበት ሰዉ ላይ Atypical symptoms (ሽቅብ ሽቅብ ማለት ፣ ድካምና የልብ ምት ማስታወቅ (palpitation) መጨናነቅ ወዘተ ሊሆን ይችላል።,ከፍተኛ የሆነ የደረት ህመም ወደ ትከሻ ሚሄድና ከትከሻ ጋር ሚያያዝ በተለይም ግራ ትከሻ ጀርባና ተያይዞም ወደ እጃችን ሊሄድም ይችላል፣ቶሎ ቶሎ መዛልና መደካከም ብሎም ሴቶች ፣ ሸምገል ባሉ ሰዎች ፣ የስኳርና ተጓዳኝ ህመም ባለበት ሰዉ ላይ Atypical symptoms (ሽቅብ ሽቅብ ማለት ፣ ድካምና የልብ ምት ማስታወቅ (palpitation) መጨናነቅ ወዘተ ሊሆን ይችላል።
የልብ ድካም አጋላጮች ምንድን ናቸዉ?,"ሰፋ ያሉ ምክንያቶች ቢኖሩትም በዋናነት አሁን ላይ በ ሰፊዉ ድንገተኛ ሞት ተብሎ ከሚጠሩት Hypertrophic cardiomyopathy, Myocardial infarction (ACS), Dilated cardiomyopathy እና ሌሎችም አሉ","ሰፋ ያሉ ምክንያቶች ቢኖሩትም በዋናነት አሁን ላይ በ ሰፊዉ ድንገተኛ ሞት ተብሎ ከሚጠሩት Hypertrophic cardiomyopathy, Myocardial infarction (ACS), Dilated cardiomyopathy እና ሌሎችም አሉ"
የልብ ድካም መከላከያዉ ምንድን ነዉ?,"ሲጋራ ማጤስን መቀነስ ከተቻለም ማቆም አመጋገባችንና ላይፍ ስታይላችንን መገምገም ግፊትና ከላይ የተጠቀሱ ምክንያቶችን በከፍተኛ ጥንቃቄና ትኩርት መከታተልና፣የጤና ባለሙያ ምክር ባአግባቡ መተግበር ከ አመጋገባችን እስከ መድሃኒት አጠቃቀም ያለዉን በ አጽነኦት የ ሃኪሞን ትዛዝ በመከተል ከላይ የተጠቀሱትን በ ከፍተኛ ደረጃ መቀነስ ይቻላል።
","ሲጋራ ማጤስን መቀነስ ከተቻለም ማቆም አመጋገባችንና ላይፍ ስታይላችንን መገምገም ግፊትና ከላይ የተጠቀሱ ምክንያቶችን በከፍተኛ ጥንቃቄና ትኩርት መከታተልና፣የጤና ባለሙያ ምክር ባአግባቡ መተግበር ከ አመጋገባችን እስከ መድሃኒት አጠቃቀም ያለዉን በ አጽነኦት የ ሃኪሞን ትዛዝ በመከተል ከላይ የተጠቀሱትን በ ከፍተኛ ደረጃ መቀነስ ይቻላል።
"
"የኮቪድ-19 ቫይረስ ተገኝቶባቸው በቤት ውስጥ ቆይታና እንክብካቤ ላይ መቆየት የሚችለው ማን ነው?"" ",ማንኛውም ታካሚ የኮቪድ-19 ቫይረስ ህክምና ተቋም ውስጥ ቦታ እስካለ ድረስ በጤና ተቋማት መታከም አለበት,ማንኛውም ታካሚ የኮቪድ-19 ቫይረስ ህክምና ተቋም ውስጥ ቦታ እስካለ ድረስ በጤና ተቋማት መታከም አለበት
"ቫይረሱ የተገኘበት ታካሚ በቤት ውስጥ መቆየት የሚችለው እንዴት ነዉ?
","ቫይረሱ የተገኘበት ታካሚ በቤት ውስጥ መቆየት የሚችለው በጤና ባለሙያ ታይቶ በቤት ውስጥ መቆየት የሚችለው የሚከተሉትን መመዘኛ መስፈርቶችን ሲያሟላ ነው
-እድሜው ከ60 ዓመት በታች መሆን አለበት፣አስፈላጊውን ጥንቃቄ በማድረግ በቤት ውስጥ ለመቆት ፍቃደኛ ከሆነ
-ለክትትል ይረዳ ዘንድ አስተማማኝ የስልክ አገልግሎት ካለው
-ምንም/መለስተኛ የህመም ምልክት ብቻ ያለው","ቫይረሱ የተገኘበት ታካሚ በቤት ውስጥ መቆየት የሚችለው በጤና ባለሙያ ታይቶ በቤት ውስጥ መቆየት የሚችለው የሚከተሉትን መመዘኛ መስፈርቶችን ሲያሟላ ነው
-እድሜው ከ60 ዓመት በታች መሆን አለበት፣አስፈላጊውን ጥንቃቄ በማድረግ በቤት ውስጥ ለመቆት ፍቃደኛ ከሆነ
-ለክትትል ይረዳ ዘንድ አስተማማኝ የስልክ አገልግሎት ካለው
-ምንም/መለስተኛ የህመም ምልክት ብቻ ያለው"
"የኮቪድ-19 ቫይረስ ተገኝቶባቸው በቤት ውስጥ ህክምና ላይ የሚቆዩ ታካሚዎች ክትትል አስፈላጊነት ዘርዝር
","በማኛውም ጊዜ እርሶ ወደ ጤና ተቋም ሄደው መታከም የሚያስፈልጎት እንደሆነ ለመወሰን፣የሚኖሩ የህመም ስሜቶችን/ ምልቶችን በመከታተል ምን ማድረግ እንዳለቦት ለመመካከር፣ማንኛም የሚኖሮትን ጥያቄ ለመመለስ
","በማኛውም ጊዜ እርሶ ወደ ጤና ተቋም ሄደው መታከም የሚያስፈልጎት እንደሆነ ለመወሰን፣የሚኖሩ የህመም ስሜቶችን/ ምልቶችን በመከታተል ምን ማድረግ እንዳለቦት ለመመካከር፣ማንኛም የሚኖሮትን ጥያቄ ለመመለስ
"
በህጻናት ላይ የሚከሰተው  የጆሮ ኢንፌክሽን እንዴት ይከሰታል? ,በህጻናት ላይ የሚከሰተው የጆሮ ኢንፌክሽን በቫይረስ ወይም በባክቴሪያ አማካኝነት ሊፈጠር የሚችል የጆሮ በሽታ ወይም ህመም ነው። የመሃከለኛው የጆሮ ክፍል ውስጥ ከጆሮ ታምቡር በስተጀርባ ፈሳሽ በመያዝ እና በመመርቀዝ የጆሮ ታምቡር እንዲወጠር ያደርጋል። ,በህጻናት ላይ የሚከሰተው የጆሮ ኢንፌክሽን በቫይረስ ወይም በባክቴሪያ አማካኝነት ሊፈጠር የሚችል የጆሮ በሽታ ወይም ህመም ነው። የመሃከለኛው የጆሮ ክፍል ውስጥ ከጆሮ ታምቡር በስተጀርባ ፈሳሽ በመያዝ እና በመመርቀዝ የጆሮ ታምቡር እንዲወጠር ያደርጋል። 
የጆሮ ኢንፌክሽን እድሜያቸው ስንት አመት ህጻናት የሚያጠቃ በሽታ ነዉ?,አብዛኛውን ጊዜ እድሜያቸው ከ3 አመት በታች ያሉ ህጻናት የሚያጠቃ በሽታ ነው። ይህም የሆነበት ምክንያት በትናንሽ ልጆች የኡስታሺያን ቱቦ ከትላልቅ ልጆች እና ጎልማሶች ጋር ሲነፃፀር አጭር እና አግድም ስለሆነ ነው፡፡,አብዛኛውን ጊዜ እድሜያቸው ከ3 አመት በታች ያሉ ህጻናት የሚያጠቃ በሽታ ነው። ይህም የሆነበት ምክንያት በትናንሽ ልጆች የኡስታሺያን ቱቦ ከትላልቅ ልጆች እና ጎልማሶች ጋር ሲነፃፀር አጭር እና አግድም ስለሆነ ነው፡፡
"የጆሮ ኢንፌክሽን ምልክቶች ዘርዝር

",ከተለምድ የበዛ ለቅሶ፣ብስጭት፣እንቅልፍ ማጣት፣የጆሮ ህመም,ከተለምድ የበዛ ለቅሶ፣ብስጭት፣እንቅልፍ ማጣት፣የጆሮ ህመም
"ለጆሮ ኢንፌክሽን ተጋላጭ የሆኑት የትኞቹ ልጆች ናቸው?
","ከ6 እስከ 36 ወር ዕድሜ ያለ ሕፃናት፣የእንጀራ እናት የሚጠቀሙ ልጆች፣በመዋለ ሕጻናት የሚቆዩ 
","ከ6 እስከ 36 ወር ዕድሜ ያለ ሕፃናት፣የእንጀራ እናት የሚጠቀሙ ልጆች፣በመዋለ ሕጻናት የሚቆዩ 
"
ለጆሮ ኢንፌክሽን ምርመራዉ ምንድን ናቸዉ?,የልጅዎ ሐኪም ኦቶስኮፕ የተባለ መሣሪያ ተጠቅሞ የልጅዎን ጆሮ ለመመልከት እና ለማጣራት ይረዳል ,የልጅዎ ሐኪም ኦቶስኮፕ የተባለ መሣሪያ ተጠቅሞ የልጅዎን ጆሮ ለመመልከት እና ለማጣራት ይረዳል 
ለጆሮ ኢንፌክሽን ህክምናዉ ምንድን ነዉ?,አብዛኛዎቹ ኢንፌክሽኖች ያለ አንቲባዮቲክ ሕክምና ይፈታሉ፡፡ አንቲባዮቲኮችን ከመጠን በላይ ላለመጠቀም እና አንቲባዮቲኮችን የሚያስከትለውን አሉታዊ ምላሽ ለመቀነስ ከመሞከርዎ በፊት የቤት ውስጥ ህክምና እና የህመም መድሃኒቶች ይመከራል፡፡ ,አብዛኛዎቹ ኢንፌክሽኖች ያለ አንቲባዮቲክ ሕክምና ይፈታሉ፡፡ አንቲባዮቲኮችን ከመጠን በላይ ላለመጠቀም እና አንቲባዮቲኮችን የሚያስከትለውን አሉታዊ ምላሽ ለመቀነስ ከመሞከርዎ በፊት የቤት ውስጥ ህክምና እና የህመም መድሃኒቶች ይመከራል፡፡ 
ለጆሮ ኢንፌክሽን የቤት ውስጥ እንክብካቤ ምንድን ነዉ?,"በበሽታው በተያዘው ጆሮው ላይ ሞቃታማና እርጥበት ያለው የማጠቢያ ጨርቅ ተግባራዊ ማድረግ ለህመም ማስታገሻ (ኦቲሲ) የጆሮ ጠብታዎችን በመጠቀም ለህመም ማስታገሻ እንደ ibuprofen (Advil, Motrin) እና acetaminophen (Tylenol) ያሉ የኦቲሲ ህመም ማስታገሻዎችን መውሰድ። ከጥቂት ቀናት የቤት ውስጥ ሕክምና በኋላ ምልክቶችዎ የማይጠፉ ከሆነ ሐኪምዎ አንቲባዮቲኮችን ሊያዝል ይችላል፡፡
","በበሽታው በተያዘው ጆሮው ላይ ሞቃታማና እርጥበት ያለው የማጠቢያ ጨርቅ ተግባራዊ ማድረግ ለህመም ማስታገሻ (ኦቲሲ) የጆሮ ጠብታዎችን በመጠቀም ለህመም ማስታገሻ እንደ ibuprofen (Advil, Motrin) እና acetaminophen (Tylenol) ያሉ የኦቲሲ ህመም ማስታገሻዎችን መውሰድ። ከጥቂት ቀናት የቤት ውስጥ ሕክምና በኋላ ምልክቶችዎ የማይጠፉ ከሆነ ሐኪምዎ አንቲባዮቲኮችን ሊያዝል ይችላል፡፡
"
"ለጆሮ ኢንፌክሽን በጊዜ ህክምና ካልተሰጠው ምን ሊያስከትል ይችላል?
","ቋሚ የመስማት ችግር፣ ማጅራት ገትር እና ሌሎችም ወዘተ 
","ቋሚ የመስማት ችግር፣ ማጅራት ገትር እና ሌሎችም ወዘተ 
"
"ለጆሮ ኢንፌክሽን እንዴት መከላከል ወይም መቀነስ ይቻላል?
","የጉንፋን ወይም ሌላ የመተንፈሻ አካላት የመያዝ እድልን ለመቀነስ እጅዎን እና መጫወቻዎቻችሁን ብዙ ጊዜ ይታጠቡ።
","የጉንፋን ወይም ሌላ የመተንፈሻ አካላት የመያዝ እድልን ለመቀነስ እጅዎን እና መጫወቻዎቻችሁን ብዙ ጊዜ ይታጠቡ።
"
ጤነኛ የሆነ ሰው ስንት ዘረመሎች አሉት?,ጤነኛ የሆነ ሰው ከ23 ጥንድ ዘረመሎች በአጠቃላይ ከ46 ዘረመሎች የተዋቀረ ነው፡፡ ,ጤነኛ የሆነ ሰው ከ23 ጥንድ ዘረመሎች በአጠቃላይ ከ46 ዘረመሎች የተዋቀረ ነው፡፡ 
ዳውን ስይንድሮም ማለት ምን ማለት ነዉ?,ጤነኛ የሆነ ሰው ከ23 ጥንድ ዘረመሎች በአጠቃላይ ከ46 ዘረመሎች የተዋቀረ ነው፡፡ ሆኖም አንዳንድ ጊዜ ይህ ቁጥር ሊፋለስ ይችላል፡፡ ከነዚህ ችግሮች በዋነኛነት ተጠቃሹና የተለመደው የዘረመል ችግር ዳውን ስይንድሮም ነው፡፡,ጤነኛ የሆነ ሰው ከ23 ጥንድ ዘረመሎች በአጠቃላይ ከ46 ዘረመሎች የተዋቀረ ነው፡፡ ሆኖም አንዳንድ ጊዜ ይህ ቁጥር ሊፋለስ ይችላል፡፡ ከነዚህ ችግሮች በዋነኛነት ተጠቃሹና የተለመደው የዘረመል ችግር ዳውን ስይንድሮም ነው፡፡
ዳውን ስይንድሮም ምክነያት ምንድን ነዉ?,ዳውን ስንድሮም በ21ኛው ዘረመል ላይ ተጨማሪ ተቀጥላ በመሆን በአጠቃላይ 47 ዘረመሎች ሲኖሩ የሚፈጠር ደዌ ነው፡፡ ይህም ከመካከለኛ እስከ ከፍተኛ ደረጃ ለሚደርስ የአእምሮ እድገት ውስንነት ምክንያት ከሆኑ ህመሞች ውስጥ ዋነኛው ነው፡፡,ዳውን ስንድሮም በ21ኛው ዘረመል ላይ ተጨማሪ ተቀጥላ በመሆን በአጠቃላይ 47 ዘረመሎች ሲኖሩ የሚፈጠር ደዌ ነው፡፡ ይህም ከመካከለኛ እስከ ከፍተኛ ደረጃ ለሚደርስ የአእምሮ እድገት ውስንነት ምክንያት ከሆኑ ህመሞች ውስጥ ዋነኛው ነው፡፡
በዳውን ስይንድሮም ደዌ የተጠቁ ህፃናት ከሌሎች የተለየና የሚያመሳስላቸው አካላዊ መገለጫዎች ዘርዝር,"ጆሮአቸው ትንንሽና ዝቅ ያሉ ናቸው፣ክብ ፊት ይኖራቸዋል፣አፍንጫቸው ደፍጠጥ ይላል
","ጆሮአቸው ትንንሽና ዝቅ ያሉ ናቸው፣ክብ ፊት ይኖራቸዋል፣አፍንጫቸው ደፍጠጥ ይላል
"
ዳውን ስይንድሮም ያለባቸው ህፃናት ከሌሎች ህፃናት ልዩነት ምንድን ነዉ?,ዳውን ስይንድሮም ያለባቸው ህፃናት እድገታቸው ከሌሎች ህፃናት በእጅጉ የተለየና የዘገየ ይሆናል፡፡ ,ዳውን ስይንድሮም ያለባቸው ህፃናት እድገታቸው ከሌሎች ህፃናት በእጅጉ የተለየና የዘገየ ይሆናል፡፡ 
ዳውን ስይንድሮም የውስጣዊ አካላት ችግሮችና ህመሞች ዘርዝር,"የደም ካንሰር፣የኩላሊት ህመም፣የሆድ እቃ አካላት ችግሮች
","የደም ካንሰር፣የኩላሊት ህመም፣የሆድ እቃ አካላት ችግሮች
"
የዳውን ስይንድሮም መንስኤ ምንድን ነዉ?,የዳውን ስይንድሮም የዘረመል ችግር መሆኑ ቢታወቅም ይህ ነው የሚባል መንስኤ አልታወቀለትም፡፡ በእርግጥ በእድሜ ከገፉ በኋላ መውለድ አጋላጭ ከሚባሉ ነገሮች ውስጥ አንዱ ነው፡፡ ,የዳውን ስይንድሮም የዘረመል ችግር መሆኑ ቢታወቅም ይህ ነው የሚባል መንስኤ አልታወቀለትም፡፡ በእርግጥ በእድሜ ከገፉ በኋላ መውለድ አጋላጭ ከሚባሉ ነገሮች ውስጥ አንዱ ነው፡፡ 
የልጅዎን አካላዊ እድገት እንዴት ነው የምንከታተለው?,"የዓለም ጤና ድርጅት እና ሲዲሲ የዕድገት ሰንጠረዥ፡ እነዚ የእድገት ሰንጠረዥ በጊዜ ሂደት የህጻናትን እድገት ለመከታተል የሚረዱ መሳሪያዎች ናቸው። የልጅዎን ቁመት እና ክብደት ጨምሮ ብዙ ነገሮች የጂን, የአመጋገብና የእንቅስቃሴ ደረጃን ይጨምራሉ። ጤናማ ህፃናት በ 5 ኛ መቶኛ እና በ95ኛ መቶኛ መቶኛ ውስጥ ይገኛሉ።
","የዓለም ጤና ድርጅት እና ሲዲሲ የዕድገት ሰንጠረዥ፡ እነዚ የእድገት ሰንጠረዥ በጊዜ ሂደት የህጻናትን እድገት ለመከታተል የሚረዱ መሳሪያዎች ናቸው። የልጅዎን ቁመት እና ክብደት ጨምሮ ብዙ ነገሮች የጂን, የአመጋገብና የእንቅስቃሴ ደረጃን ይጨምራሉ። ጤናማ ህፃናት በ 5 ኛ መቶኛ እና በ95ኛ መቶኛ መቶኛ ውስጥ ይገኛሉ።
"
ጤናማ ሕፃናት ሲወለዱ ስንት ኪሎ ግራም ይመዝናሉ?,አብዛኛዎቹ ጤናማ ሕፃናት ሲወለዱ ከ2.5 እስከ 4 ኪሎ ግራም ይመዝናሉ።,አብዛኛዎቹ ጤናማ ሕፃናት ሲወለዱ ከ2.5 እስከ 4 ኪሎ ግራም ይመዝናሉ።
"የልጆችን የውልደት ክብደት ከሚወስኑ ነገሮች ዘርዝር

",ያለጊዜው የተወለዱ ህፃናት በተለምዶ አነስ ያሉ ናቸው፣ማጨስ ያጠቡ እናቶች አነስ አነስ ያሉ ህጻናት ይኖሩታል፣በእርግዝና ወቅት የስኳር በሽታ፣በእርግዝና ጊዜ የአመጋገብ ሁኔታ,ያለጊዜው የተወለዱ ህፃናት በተለምዶ አነስ ያሉ ናቸው፣ማጨስ ያጠቡ እናቶች አነስ አነስ ያሉ ህጻናት ይኖሩታል፣በእርግዝና ወቅት የስኳር በሽታ፣በእርግዝና ጊዜ የአመጋገብ ሁኔታ
በአማካይ አዲስ የተወለዱ ሕጻናት ከሴቶች እና ከወንዶች ማና ያንሳል?,በአማካይ አዲስ የተወለዱ ሕጻናት ሴቶች ከወንዶች ከወንዶች ያነሱ ናቸው,በአማካይ አዲስ የተወለዱ ሕጻናት ሴቶች ከወንዶች ከወንዶች ያነሱ ናቸው
ጨቅላ ሕፃናት ክብደት መቀነስ የተለመደ ነው?,በመጀመሪያዎቹ ጥቂት የህይወት ቀናት 14 ቀናት ጨቅላ ሕፃናትከ 10 እስከ 14 % ክብደት መቀነስ የተለመደ ነው ፤ ነገር ግን ከሁለት ሳምንትበኃላ በየቀኑ ክብደታቸው ይጨምራል።,በመጀመሪያዎቹ ጥቂት የህይወት ቀናት 14 ቀናት ጨቅላ ሕፃናትከ 10 እስከ 14 % ክብደት መቀነስ የተለመደ ነው ፤ ነገር ግን ከሁለት ሳምንትበኃላ በየቀኑ ክብደታቸው ይጨምራል።
 ከ 0 እስከ 3 ወር ጤነኛ ልጅ የሆነ እና በበቂ የእናት ወተት ያገኘ ልጅ በቀን ስንት ግራም መጨመር አለባቸው?,ጤነኛ እና በቂ የእናት ወተት የሚያገኝ ሕፃን በመጀመሪያዎቹ ሦስት ወራት ውስጥ በቀን በአማካኝ ከ25 እስከ 30 ግራም ክብደት የሚጨምር ሲሆን፣ ቁመቱም እስከ 60 ሴንቲ ሜትር እንዲሁም የራስ ቅል ዙሪያው እስከ 40 ሴንቲ ሜትር ሊደርስ ይችላል። ዕድሜው እየጨመረ ሲሄድ የዕድገት ፍጥነቱ በትንሹ እየቀነሰ በመምጣት ከ3 እስከ 6 ወር ባለው ጊዜ በቀን ከ15 እስከ 20 ግራም ክብደት፣ ከ6 እስከ 9 ወር ባለው ጊዜ ደግሞ በቀን ከ10 እስከ 15 ግራም ክብደት ይጨምራል። በመጨረሻም ሕፃኑ የአንድ ዓመት ዕድሜ (ከ9 እስከ 12 ወር) ሲሞላው የክብደት መጨመሩ በቀን ወደ 8-12 ግራም ዝቅ የሚል ሲሆን፣ ቁመቱ በአማካኝ 75 ሴንቲ ሜትር እንዲሁም የራስ ቅል ዙሪያው 46 ሴንቲ ሜትር አካባቢ ይደርሳል። በአጠቃላይ ሕፃናት እያደጉ ሲሄዱ የክብደት መጨመር መጠናቸው እየቀነሰ ቢመጣም፣ ቁመታቸው እና የጭንቅላት መጠናቸው በተከታታይ እና በጤናማ ሁኔታ ማደጉን ይቀጥላል።,20
 ከ 3 እስከ 6 ወር ጤነኛ ልጅ የሆነ እና በበቂ የእናት ወተት ያገኘ ልጅ በቀን ስንት ግራም መጨመር አለባቸው?,ጤነኛ እና በቂ የእናት ወተት የሚያገኝ ሕፃን በመጀመሪያዎቹ ሦስት ወራት ውስጥ በቀን በአማካኝ ከ25 እስከ 30 ግራም ክብደት የሚጨምር ሲሆን፣ ቁመቱም እስከ 60 ሴንቲ ሜትር እንዲሁም የራስ ቅል ዙሪያው እስከ 40 ሴንቲ ሜትር ሊደርስ ይችላል። ዕድሜው እየጨመረ ሲሄድ የዕድገት ፍጥነቱ በትንሹ እየቀነሰ በመምጣት ከ3 እስከ 6 ወር ባለው ጊዜ በቀን ከ15 እስከ 20 ግራም ክብደት፣ ከ6 እስከ 9 ወር ባለው ጊዜ ደግሞ በቀን ከ10 እስከ 15 ግራም ክብደት ይጨምራል። በመጨረሻም ሕፃኑ የአንድ ዓመት ዕድሜ (ከ9 እስከ 12 ወር) ሲሞላው የክብደት መጨመሩ በቀን ወደ 8-12 ግራም ዝቅ የሚል ሲሆን፣ ቁመቱ በአማካኝ 75 ሴንቲ ሜትር እንዲሁም የራስ ቅል ዙሪያው 46 ሴንቲ ሜትር አካባቢ ይደርሳል። በአጠቃላይ ሕፃናት እያደጉ ሲሄዱ የክብደት መጨመር መጠናቸው እየቀነሰ ቢመጣም፣ ቁመታቸው እና የጭንቅላት መጠናቸው በተከታታይ እና በጤናማ ሁኔታ ማደጉን ይቀጥላል።,30
 ከ 6 እስከ 9 ወር ጤነኛ ልጅ የሆነ እና በበቂ የእናት ወተት ያገኘ ልጅ በቀን ስንት ግራም መጨመር አለባቸው?,ጤነኛ እና በቂ የእናት ወተት የሚያገኝ ሕፃን በመጀመሪያዎቹ ሦስት ወራት ውስጥ በቀን በአማካኝ ከ25 እስከ 30 ግራም ክብደት የሚጨምር ሲሆን፣ ቁመቱም እስከ 60 ሴንቲ ሜትር እንዲሁም የራስ ቅል ዙሪያው እስከ 40 ሴንቲ ሜትር ሊደርስ ይችላል። ዕድሜው እየጨመረ ሲሄድ የዕድገት ፍጥነቱ በትንሹ እየቀነሰ በመምጣት ከ3 እስከ 6 ወር ባለው ጊዜ በቀን ከ15 እስከ 20 ግራም ክብደት፣ ከ6 እስከ 9 ወር ባለው ጊዜ ደግሞ በቀን ከ10 እስከ 15 ግራም ክብደት ይጨምራል። በመጨረሻም ሕፃኑ የአንድ ዓመት ዕድሜ (ከ9 እስከ 12 ወር) ሲሞላው የክብደት መጨመሩ በቀን ወደ 8-12 ግራም ዝቅ የሚል ሲሆን፣ ቁመቱ በአማካኝ 75 ሴንቲ ሜትር እንዲሁም የራስ ቅል ዙሪያው 46 ሴንቲ ሜትር አካባቢ ይደርሳል። በአጠቃላይ ሕፃናት እያደጉ ሲሄዱ የክብደት መጨመር መጠናቸው እየቀነሰ ቢመጣም፣ ቁመታቸው እና የጭንቅላት መጠናቸው በተከታታይ እና በጤናማ ሁኔታ ማደጉን ይቀጥላል።,15
 ከ 9 እስከ 12 ወር ጤነኛ ልጅ የሆነ እና በበቂ የእናት ወተት ያገኘ ልጅ በቀን ስንት ግራም መጨመር አለባቸው?,ጤነኛ እና በቂ የእናት ወተት የሚያገኝ ሕፃን በመጀመሪያዎቹ ሦስት ወራት ውስጥ በቀን በአማካኝ ከ25 እስከ 30 ግራም ክብደት የሚጨምር ሲሆን፣ ቁመቱም እስከ 60 ሴንቲ ሜትር እንዲሁም የራስ ቅል ዙሪያው እስከ 40 ሴንቲ ሜትር ሊደርስ ይችላል። ዕድሜው እየጨመረ ሲሄድ የዕድገት ፍጥነቱ በትንሹ እየቀነሰ በመምጣት ከ3 እስከ 6 ወር ባለው ጊዜ በቀን ከ15 እስከ 20 ግራም ክብደት፣ ከ6 እስከ 9 ወር ባለው ጊዜ ደግሞ በቀን ከ10 እስከ 15 ግራም ክብደት ይጨምራል። በመጨረሻም ሕፃኑ የአንድ ዓመት ዕድሜ (ከ9 እስከ 12 ወር) ሲሞላው የክብደት መጨመሩ በቀን ወደ 8-12 ግራም ዝቅ የሚል ሲሆን፣ ቁመቱ በአማካኝ 75 ሴንቲ ሜትር እንዲሁም የራስ ቅል ዙሪያው 46 ሴንቲ ሜትር አካባቢ ይደርሳል። በአጠቃላይ ሕፃናት እያደጉ ሲሄዱ የክብደት መጨመር መጠናቸው እየቀነሰ ቢመጣም፣ ቁመታቸው እና የጭንቅላት መጠናቸው በተከታታይ እና በጤናማ ሁኔታ ማደጉን ይቀጥላል።,12
ከ 0 እስከ 3 ወር አማካኝ የልጆች ቁመት በሴንቲ ሜትር ስንት ነው?,ጤነኛ እና በቂ የእናት ወተት የሚያገኝ ሕፃን በመጀመሪያዎቹ ሦስት ወራት ውስጥ በቀን በአማካኝ ከ25 እስከ 30 ግራም ክብደት የሚጨምር ሲሆን፣ ቁመቱም እስከ 60 ሴንቲ ሜትር እንዲሁም የራስ ቅል ዙሪያው እስከ 40 ሴንቲ ሜትር ሊደርስ ይችላል። ዕድሜው እየጨመረ ሲሄድ የዕድገት ፍጥነቱ በትንሹ እየቀነሰ በመምጣት ከ3 እስከ 6 ወር ባለው ጊዜ በቀን ከ15 እስከ 20 ግራም ክብደት፣ ከ6 እስከ 9 ወር ባለው ጊዜ ደግሞ በቀን ከ10 እስከ 15 ግራም ክብደት ይጨምራል። በመጨረሻም ሕፃኑ የአንድ ዓመት ዕድሜ (ከ9 እስከ 12 ወር) ሲሞላው የክብደት መጨመሩ በቀን ወደ 8-12 ግራም ዝቅ የሚል ሲሆን፣ ቁመቱ በአማካኝ 75 ሴንቲ ሜትር እንዲሁም የራስ ቅል ዙሪያው 46 ሴንቲ ሜትር አካባቢ ይደርሳል። በአጠቃላይ ሕፃናት እያደጉ ሲሄዱ የክብደት መጨመር መጠናቸው እየቀነሰ ቢመጣም፣ ቁመታቸው እና የጭንቅላት መጠናቸው በተከታታይ እና በጤናማ ሁኔታ ማደጉን ይቀጥላል።,3.5
ከ 3 እስከ 6 ወር አማካኝ የልጆች ቁመት በሴንቲ ሜትር ስንት ነው?,ጤነኛ እና በቂ የእናት ወተት የሚያገኝ ሕፃን በመጀመሪያዎቹ ሦስት ወራት ውስጥ በቀን በአማካኝ ከ25 እስከ 30 ግራም ክብደት የሚጨምር ሲሆን፣ ቁመቱም እስከ 60 ሴንቲ ሜትር እንዲሁም የራስ ቅል ዙሪያው እስከ 40 ሴንቲ ሜትር ሊደርስ ይችላል። ዕድሜው እየጨመረ ሲሄድ የዕድገት ፍጥነቱ በትንሹ እየቀነሰ በመምጣት ከ3 እስከ 6 ወር ባለው ጊዜ በቀን ከ15 እስከ 20 ግራም ክብደት፣ ከ6 እስከ 9 ወር ባለው ጊዜ ደግሞ በቀን ከ10 እስከ 15 ግራም ክብደት ይጨምራል። በመጨረሻም ሕፃኑ የአንድ ዓመት ዕድሜ (ከ9 እስከ 12 ወር) ሲሞላው የክብደት መጨመሩ በቀን ወደ 8-12 ግራም ዝቅ የሚል ሲሆን፣ ቁመቱ በአማካኝ 75 ሴንቲ ሜትር እንዲሁም የራስ ቅል ዙሪያው 46 ሴንቲ ሜትር አካባቢ ይደርሳል። በአጠቃላይ ሕፃናት እያደጉ ሲሄዱ የክብደት መጨመር መጠናቸው እየቀነሰ ቢመጣም፣ ቁመታቸው እና የጭንቅላት መጠናቸው በተከታታይ እና በጤናማ ሁኔታ ማደጉን ይቀጥላል።,2
ከ 6 እስከ 9 ወር አማካኝ የልጆች ቁመት በሴንቲ ሜትር ስንት ነው?,ጤነኛ እና በቂ የእናት ወተት የሚያገኝ ሕፃን በመጀመሪያዎቹ ሦስት ወራት ውስጥ በቀን በአማካኝ ከ25 እስከ 30 ግራም ክብደት የሚጨምር ሲሆን፣ ቁመቱም እስከ 60 ሴንቲ ሜትር እንዲሁም የራስ ቅል ዙሪያው እስከ 40 ሴንቲ ሜትር ሊደርስ ይችላል። ዕድሜው እየጨመረ ሲሄድ የዕድገት ፍጥነቱ በትንሹ እየቀነሰ በመምጣት ከ3 እስከ 6 ወር ባለው ጊዜ በቀን ከ15 እስከ 20 ግራም ክብደት፣ ከ6 እስከ 9 ወር ባለው ጊዜ ደግሞ በቀን ከ10 እስከ 15 ግራም ክብደት ይጨምራል። በመጨረሻም ሕፃኑ የአንድ ዓመት ዕድሜ (ከ9 እስከ 12 ወር) ሲሞላው የክብደት መጨመሩ በቀን ወደ 8-12 ግራም ዝቅ የሚል ሲሆን፣ ቁመቱ በአማካኝ 75 ሴንቲ ሜትር እንዲሁም የራስ ቅል ዙሪያው 46 ሴንቲ ሜትር አካባቢ ይደርሳል። በአጠቃላይ ሕፃናት እያደጉ ሲሄዱ የክብደት መጨመር መጠናቸው እየቀነሰ ቢመጣም፣ ቁመታቸው እና የጭንቅላት መጠናቸው በተከታታይ እና በጤናማ ሁኔታ ማደጉን ይቀጥላል።,1.5
ከ 9 እስከ 12 ወር አማካኝ የልጆች ቁመት በሴንቲ ሜትር ስንት ነው?,ጤነኛ እና በቂ የእናት ወተት የሚያገኝ ሕፃን በመጀመሪያዎቹ ሦስት ወራት ውስጥ በቀን በአማካኝ ከ25 እስከ 30 ግራም ክብደት የሚጨምር ሲሆን፣ ቁመቱም እስከ 60 ሴንቲ ሜትር እንዲሁም የራስ ቅል ዙሪያው እስከ 40 ሴንቲ ሜትር ሊደርስ ይችላል። ዕድሜው እየጨመረ ሲሄድ የዕድገት ፍጥነቱ በትንሹ እየቀነሰ በመምጣት ከ3 እስከ 6 ወር ባለው ጊዜ በቀን ከ15 እስከ 20 ግራም ክብደት፣ ከ6 እስከ 9 ወር ባለው ጊዜ ደግሞ በቀን ከ10 እስከ 15 ግራም ክብደት ይጨምራል። በመጨረሻም ሕፃኑ የአንድ ዓመት ዕድሜ (ከ9 እስከ 12 ወር) ሲሞላው የክብደት መጨመሩ በቀን ወደ 8-12 ግራም ዝቅ የሚል ሲሆን፣ ቁመቱ በአማካኝ 75 ሴንቲ ሜትር እንዲሁም የራስ ቅል ዙሪያው 46 ሴንቲ ሜትር አካባቢ ይደርሳል። በአጠቃላይ ሕፃናት እያደጉ ሲሄዱ የክብደት መጨመር መጠናቸው እየቀነሰ ቢመጣም፣ ቁመታቸው እና የጭንቅላት መጠናቸው በተከታታይ እና በጤናማ ሁኔታ ማደጉን ይቀጥላል።,1.2
ከ 0 እስከ 3 ወር አማካኝ የልጆች የራስ ቅል እድገት በሴንቲ ሜትር ስንት ነው?,ጤነኛ እና በቂ የእናት ወተት የሚያገኝ ሕፃን በመጀመሪያዎቹ ሦስት ወራት ውስጥ በቀን በአማካኝ ከ25 እስከ 30 ግራም ክብደት የሚጨምር ሲሆን፣ ቁመቱም እስከ 60 ሴንቲ ሜትር እንዲሁም የራስ ቅል ዙሪያው እስከ 40 ሴንቲ ሜትር ሊደርስ ይችላል። ዕድሜው እየጨመረ ሲሄድ የዕድገት ፍጥነቱ በትንሹ እየቀነሰ በመምጣት ከ3 እስከ 6 ወር ባለው ጊዜ በቀን ከ15 እስከ 20 ግራም ክብደት፣ ከ6 እስከ 9 ወር ባለው ጊዜ ደግሞ በቀን ከ10 እስከ 15 ግራም ክብደት ይጨምራል። በመጨረሻም ሕፃኑ የአንድ ዓመት ዕድሜ (ከ9 እስከ 12 ወር) ሲሞላው የክብደት መጨመሩ በቀን ወደ 8-12 ግራም ዝቅ የሚል ሲሆን፣ ቁመቱ በአማካኝ 75 ሴንቲ ሜትር እንዲሁም የራስ ቅል ዙሪያው 46 ሴንቲ ሜትር አካባቢ ይደርሳል። በአጠቃላይ ሕፃናት እያደጉ ሲሄዱ የክብደት መጨመር መጠናቸው እየቀነሰ ቢመጣም፣ ቁመታቸው እና የጭንቅላት መጠናቸው በተከታታይ እና በጤናማ ሁኔታ ማደጉን ይቀጥላል።,2
ከ 3 እስከ 6 ወር አማካኝ የልጆች የራስ ቅል እድገት በሴንቲ ሜትር ስንት ነው?,ጤነኛ እና በቂ የእናት ወተት የሚያገኝ ሕፃን በመጀመሪያዎቹ ሦስት ወራት ውስጥ በቀን በአማካኝ ከ25 እስከ 30 ግራም ክብደት የሚጨምር ሲሆን፣ ቁመቱም እስከ 60 ሴንቲ ሜትር እንዲሁም የራስ ቅል ዙሪያው እስከ 40 ሴንቲ ሜትር ሊደርስ ይችላል። ዕድሜው እየጨመረ ሲሄድ የዕድገት ፍጥነቱ በትንሹ እየቀነሰ በመምጣት ከ3 እስከ 6 ወር ባለው ጊዜ በቀን ከ15 እስከ 20 ግራም ክብደት፣ ከ6 እስከ 9 ወር ባለው ጊዜ ደግሞ በቀን ከ10 እስከ 15 ግራም ክብደት ይጨምራል። በመጨረሻም ሕፃኑ የአንድ ዓመት ዕድሜ (ከ9 እስከ 12 ወር) ሲሞላው የክብደት መጨመሩ በቀን ወደ 8-12 ግራም ዝቅ የሚል ሲሆን፣ ቁመቱ በአማካኝ 75 ሴንቲ ሜትር እንዲሁም የራስ ቅል ዙሪያው 46 ሴንቲ ሜትር አካባቢ ይደርሳል። በአጠቃላይ ሕፃናት እያደጉ ሲሄዱ የክብደት መጨመር መጠናቸው እየቀነሰ ቢመጣም፣ ቁመታቸው እና የጭንቅላት መጠናቸው በተከታታይ እና በጤናማ ሁኔታ ማደጉን ይቀጥላል።,1
ከ 6 እስከ 9 ወር አማካኝ የልጆች የራስ ቅል እድገት በሴንቲ ሜትር ስንት ነው?,ጤነኛ እና በቂ የእናት ወተት የሚያገኝ ሕፃን በመጀመሪያዎቹ ሦስት ወራት ውስጥ በቀን በአማካኝ ከ25 እስከ 30 ግራም ክብደት የሚጨምር ሲሆን፣ ቁመቱም እስከ 60 ሴንቲ ሜትር እንዲሁም የራስ ቅል ዙሪያው እስከ 40 ሴንቲ ሜትር ሊደርስ ይችላል። ዕድሜው እየጨመረ ሲሄድ የዕድገት ፍጥነቱ በትንሹ እየቀነሰ በመምጣት ከ3 እስከ 6 ወር ባለው ጊዜ በቀን ከ15 እስከ 20 ግራም ክብደት፣ ከ6 እስከ 9 ወር ባለው ጊዜ ደግሞ በቀን ከ10 እስከ 15 ግራም ክብደት ይጨምራል። በመጨረሻም ሕፃኑ የአንድ ዓመት ዕድሜ (ከ9 እስከ 12 ወር) ሲሞላው የክብደት መጨመሩ በቀን ወደ 8-12 ግራም ዝቅ የሚል ሲሆን፣ ቁመቱ በአማካኝ 75 ሴንቲ ሜትር እንዲሁም የራስ ቅል ዙሪያው 46 ሴንቲ ሜትር አካባቢ ይደርሳል። በአጠቃላይ ሕፃናት እያደጉ ሲሄዱ የክብደት መጨመር መጠናቸው እየቀነሰ ቢመጣም፣ ቁመታቸው እና የጭንቅላት መጠናቸው በተከታታይ እና በጤናማ ሁኔታ ማደጉን ይቀጥላል።,0.5
ከ 9 እስከ 12 ወር አማካኝ የልጆች የራስ ቅል እድገት በሴንቲ ሜትር ስንት ነው?,ጤነኛ እና በቂ የእናት ወተት የሚያገኝ ሕፃን በመጀመሪያዎቹ ሦስት ወራት ውስጥ በቀን በአማካኝ ከ25 እስከ 30 ግራም ክብደት የሚጨምር ሲሆን፣ ቁመቱም እስከ 60 ሴንቲ ሜትር እንዲሁም የራስ ቅል ዙሪያው እስከ 40 ሴንቲ ሜትር ሊደርስ ይችላል። ዕድሜው እየጨመረ ሲሄድ የዕድገት ፍጥነቱ በትንሹ እየቀነሰ በመምጣት ከ3 እስከ 6 ወር ባለው ጊዜ በቀን ከ15 እስከ 20 ግራም ክብደት፣ ከ6 እስከ 9 ወር ባለው ጊዜ ደግሞ በቀን ከ10 እስከ 15 ግራም ክብደት ይጨምራል። በመጨረሻም ሕፃኑ የአንድ ዓመት ዕድሜ (ከ9 እስከ 12 ወር) ሲሞላው የክብደት መጨመሩ በቀን ወደ 8-12 ግራም ዝቅ የሚል ሲሆን፣ ቁመቱ በአማካኝ 75 ሴንቲ ሜትር እንዲሁም የራስ ቅል ዙሪያው 46 ሴንቲ ሜትር አካባቢ ይደርሳል። በአጠቃላይ ሕፃናት እያደጉ ሲሄዱ የክብደት መጨመር መጠናቸው እየቀነሰ ቢመጣም፣ ቁመታቸው እና የጭንቅላት መጠናቸው በተከታታይ እና በጤናማ ሁኔታ ማደጉን ይቀጥላል።,0.5
ስቅታ ማለት ምን ማለት ነዉ?,ስቅታ (Hiccup) በአዋቂም ሆነ ልጆች ላይ ሊታይ የሚቺል ብዙ ጊዜ ጤናማ እና ተፈጥሯዊ ምላሽ (reflex) ሲሆን አዋቂ ሰዎችን እንደሚረብሽው ግን ህፃናትን ብዙ ጊዜ አይረሻቸውም እንደውም ህፃናት ስቅ እያላችው ጥሩ እንቅልፍ መተኛት ይቺላሉ።,ስቅታ (Hiccup) በአዋቂም ሆነ ልጆች ላይ ሊታይ የሚቺል ብዙ ጊዜ ጤናማ እና ተፈጥሯዊ ምላሽ (reflex) ሲሆን አዋቂ ሰዎችን እንደሚረብሽው ግን ህፃናትን ብዙ ጊዜ አይረሻቸውም እንደውም ህፃናት ስቅ እያላችው ጥሩ እንቅልፍ መተኛት ይቺላሉ።
ህፃናት ስቅታ የሚጀምራቸው መቸ ነዉ?,ህፃናት ስቅታ የሚጀምራቸው ገና በእናት ማህፀን እያሉ ነው (ከ6 ሳምንት ጀምሮ) ስለዚህ ለነሱ በጣም ቀላል እና የለመዱት ነገር ነው ስለዚህ ብዙ መቸነቅ አይገባም።,ህፃናት ስቅታ የሚጀምራቸው ገና በእናት ማህፀን እያሉ ነው (ከ6 ሳምንት ጀምሮ) ስለዚህ ለነሱ በጣም ቀላል እና የለመዱት ነገር ነው ስለዚህ ብዙ መቸነቅ አይገባም።
ስቅታ የሚመጣው እንዴት ነው?,ስቅታ የሚከሰተው ዲያፍራም የሚባለው ሳንባችን ከታች ደግፎ የሚገኘው ጡንቻ ድንገት ስኮማተር እና ቮካል ኮርድ የሚባለው የአየር መግቢያ ድንገት ሲዘጋ ነው።,ስቅታ የሚከሰተው ዲያፍራም የሚባለው ሳንባችን ከታች ደግፎ የሚገኘው ጡንቻ ድንገት ስኮማተር እና ቮካል ኮርድ የሚባለው የአየር መግቢያ ድንገት ሲዘጋ ነው።
"የልጆች ስቅታስ መንስኤው ምንድነው?
","ቶሎ ቶሎ እና ብዙ ምግብ መመገብ: ቶሎ ቶሎ ብዙ ጡት ወይም ጡጦ መጥባት ይህም ብዙ አየር ወደ ጨጓራ እንዲገባ እና ዲያፍራም የሚባለው ሳንባችን ከታች ደግፎ የሚገኘው ጡንቻ ድንገት እንዲኮማተር ያደርጋል።
","ቶሎ ቶሎ እና ብዙ ምግብ መመገብ: ቶሎ ቶሎ ብዙ ጡት ወይም ጡጦ መጥባት ይህም ብዙ አየር ወደ ጨጓራ እንዲገባ እና ዲያፍራም የሚባለው ሳንባችን ከታች ደግፎ የሚገኘው ጡንቻ ድንገት እንዲኮማተር ያደርጋል።
"
"ልጆች ስቅታስ መፍትሄው ምንድነው?
","ጡት ወይም ጡጦ ቀጠባ በዋላ በደንብ ማስገሳት የአሜሪካ የህፃናት ሕክምና ማህበር አንድ ህፃን ከ60 ሚሊ ሊትር በላይ ተጠባ በደንብ ማስገሳት እና ልጁን ከ 20-30 ደቂቃ ቀና አድርጎ (upright position) ማስቀመጥን ይመክራል።
","ጡት ወይም ጡጦ ቀጠባ በዋላ በደንብ ማስገሳት የአሜሪካ የህፃናት ሕክምና ማህበር አንድ ህፃን ከ60 ሚሊ ሊትር በላይ ተጠባ በደንብ ማስገሳት እና ልጁን ከ 20-30 ደቂቃ ቀና አድርጎ (upright position) ማስቀመጥን ይመክራል።
"
"ስቅታ መቸ ነው መታከም ያለበት?
","የተከሰተው ልጁ 1 ዓመት እድሜ በላይ ከሆነ እና ስቅታው በጣም ተከታታይ ከሆነ
","የተከሰተው ልጁ 1 ዓመት እድሜ በላይ ከሆነ እና ስቅታው በጣም ተከታታይ ከሆነ
"
የታይፈስ አይነቶች ስንት ናቸዉ?,በሚተላለፉበት መንገድ እና በሚያስከትሉት በሽታ አደገኛነት የሚለያዩ ሁለት የታይፈስ አይነቶች አሉ።,በሚተላለፉበት መንገድ እና በሚያስከትሉት በሽታ አደገኛነት የሚለያዩ ሁለት የታይፈስ አይነቶች አሉ።
"በቁንጫ አማካይነት ከአይጥ ወደ ሰው የሚተላለፍ ታይፈስ ምንድነው? 
",ይህ ብዙ ጊዜ የሚታየው የታይፈስ አይነት ነው። የሚተላለፈውም በባክቴሪያው የተያዙ አይጦችወይንም ድመቶች ላይ የሚመገቡ ቁንጫዎች ወደ ሰው በማለፍ ሲናከሱ ነው። እነዚህ ቁንጫዎች ቆዳ ላይ ተጣብቀው ደም ከመጠጡ በኋላ በአይን የማይታይ ሰገራ ጥለው ያልፋሉ።,ይህ ብዙ ጊዜ የሚታየው የታይፈስ አይነት ነው። የሚተላለፈውም በባክቴሪያው የተያዙ አይጦችወይንም ድመቶች ላይ የሚመገቡ ቁንጫዎች ወደ ሰው በማለፍ ሲናከሱ ነው። እነዚህ ቁንጫዎች ቆዳ ላይ ተጣብቀው ደም ከመጠጡ በኋላ በአይን የማይታይ ሰገራ ጥለው ያልፋሉ።
በሰውነት ተባይ አማካይነት ከሰው ወደ ሰው የሚተላለፍ ታይፈስ ምንድነው? ,ይህኛው አይነት ታይፈስ በወረርሺኝ መልክ ከሰው ወደ ሰው የሚተላለፍ አደገኛ እና ለሞት ሊያደርስ የሚችል በሽታ ነው። የሚተላለፈውም በሰውነት ተባይ ነው። ,ይህኛው አይነት ታይፈስ በወረርሺኝ መልክ ከሰው ወደ ሰው የሚተላለፍ አደገኛ እና ለሞት ሊያደርስ የሚችል በሽታ ነው። የሚተላለፈውም በሰውነት ተባይ ነው። 
የታይፈስ ምክነያት ምንድን ነዉ?,የሁለቱም ታይፈስ አይነቶች ምልክቶች ከሞላ ጎደል አንድ አይነት ናቸው። ነገር ግን በቁንጫ የሚመጣው ታይፈስ ምልክቶች ቀላል የሆኑና አደገኛ ያልሆነ በሽታ ሲሆን በሰውነት ተባይ የሚተላለፈው ግን ህመሙ እጅግ አደገኛ እና ቶሎ ካልታከመ ለህይወት የሚያስጋ ከመሆኑም በላይ ከሰው ወደ ሰው የሚተላለፍ በመሆኑ ለህብረተሰቡ አደጋ ነው።,የሁለቱም ታይፈስ አይነቶች ምልክቶች ከሞላ ጎደል አንድ አይነት ናቸው። ነገር ግን በቁንጫ የሚመጣው ታይፈስ ምልክቶች ቀላል የሆኑና አደገኛ ያልሆነ በሽታ ሲሆን በሰውነት ተባይ የሚተላለፈው ግን ህመሙ እጅግ አደገኛ እና ቶሎ ካልታከመ ለህይወት የሚያስጋ ከመሆኑም በላይ ከሰው ወደ ሰው የሚተላለፍ በመሆኑ ለህብረተሰቡ አደጋ ነው።
ታይፈስ ምልክቱ ምንምን ነዉ?,"ንገተኛ የሆነ ሀይለኛ ትኩሳት፣ራሰ ምታት፣ብርድ ብርድ ማለት እና መገጣጠሚያ መቆረጣጠም
","ንገተኛ የሆነ ሀይለኛ ትኩሳት፣ራሰ ምታት፣ብርድ ብርድ ማለት እና መገጣጠሚያ መቆረጣጠም
"
ታይፈስ ምርመራዉ ምንድን ነዉ?,ልክ እንደታይፎይድ አሁን በየላብራቶሪው እየተሰራ ያለው የታይፈስ ምርመራ(Weil Felix የሚያየው የፀረ-ታይፈስ ኬሚካል(antibody) መኖር አለመኖሩን ነው። ,ልክ እንደታይፎይድ አሁን በየላብራቶሪው እየተሰራ ያለው የታይፈስ ምርመራ(Weil Felix የሚያየው የፀረ-ታይፈስ ኬሚካል(antibody) መኖር አለመኖሩን ነው። 
ታይፈስ ህክምናዉ ምንድን ነዉ?,ሁለቱም የታይፈስ አይነቶች በተመሳሳይ አይነት መድሀኒት ይታከማሉ። አብዛኛውን ጊዜ የምንጠቀመው መድሀኒት በአፍ የሚወሰድ doxycycline ነው።,ሁለቱም የታይፈስ አይነቶች በተመሳሳይ አይነት መድሀኒት ይታከማሉ። አብዛኛውን ጊዜ የምንጠቀመው መድሀኒት በአፍ የሚወሰድ doxycycline ነው።
ታይፈስ መከላከያዉ ምንድን ነዉ?,በቁንጫ ለሚተላለፈው ቁንጫዎችን እና አይጥ ማስወገድ እና መከላከል፣በተባይ ለሚተላለፈው አይነት የግል ንፅህናን መጠበቅ፣ የሰው ልብስ አለመልበስ፣,በቁንጫ ለሚተላለፈው ቁንጫዎችን እና አይጥ ማስወገድ እና መከላከል፣በተባይ ለሚተላለፈው አይነት የግል ንፅህናን መጠበቅ፣ የሰው ልብስ አለመልበስ፣
"አዲስ የተወለደ ጨቅላ ህፃን ለመጀመሪያ ጊዜ ገላውን መታጠብ ያለበት መቸ ነው?
","በአሁኑ ሰአት የአለም ጤና ድርጅት ጨቅላ ህፃናት ከተወለደ ከ24 ሰአት በኃላ ገላቸውን እንዲታጠብ ይመክራል። 
","በአሁኑ ሰአት የአለም ጤና ድርጅት ጨቅላ ህፃናት ከተወለደ ከ24 ሰአት በኃላ ገላቸውን እንዲታጠብ ይመክራል። 
"
የተወለደ ጨቅላ ህፃን ለመጀመሪያ ጊዜ ገላውን ለመታጠብ እስከ 24 ሰአት ማዘግየት የተፈለገበትም ምክንያት ዘርዝር,"ወዲያው ማጠብ የሰውነት ሙቀታቸውን ዝቅ ሊያደርግ ስለሚችል (hypothermia ) እንዲሁም የደም ስኳር መጠናቸውን ሊቀንስ ስለሚችል (hypoglycemia ) አጋላጭነት ስለሚኖረው፣የህፃኑን እና የእናትን ትስስር ለመጨመር ሲባል እና የጡት ማጥባት ስኬትን ሲለሚጨምር 
","ወዲያው ማጠብ የሰውነት ሙቀታቸውን ዝቅ ሊያደርግ ስለሚችል (hypothermia ) እንዲሁም የደም ስኳር መጠናቸውን ሊቀንስ ስለሚችል (hypoglycemia ) አጋላጭነት ስለሚኖረው፣የህፃኑን እና የእናትን ትስስር ለመጨመር ሲባል እና የጡት ማጥባት ስኬትን ሲለሚጨምር 
"
"አምብርታቸው ያልወደቁ ጨቅላ ህፃናት እንዴት ነው ገላቸውን መታጠብ ያለባቸው? 
",ህፃናት ገና እንደተወሰዱ ህትብታቸው በራሱ ደርቆ ድኖ ተቆርጦ እስኪወድቅ ድረስ ገላቸውን ማጠብ አይቻልም። ,ህፃናት ገና እንደተወሰዱ ህትብታቸው በራሱ ደርቆ ድኖ ተቆርጦ እስኪወድቅ ድረስ ገላቸውን ማጠብ አይቻልም። 
"እትብታቸው ደርቆ ድኖ የወደቀ ጨቅላ ህፃናት ገላ ማጠብ ከመጀመርዎ በፊት ሊያዘጋጇቸው የሚያስፈልጉ ግብአቶች ዘርዝር

",ለህፃናት ማጠቢያነት የተዘጋጀ የማጠቢያ ፕላስቲክ፣የህፃናት የተዘጋጀ ቫዝሊን እና ሳሙና፣ንፋስ እና ቅዝቃዜ የሌለው የማጠቢያ ክፍል ,ለህፃናት ማጠቢያነት የተዘጋጀ የማጠቢያ ፕላስቲክ፣የህፃናት የተዘጋጀ ቫዝሊን እና ሳሙና፣ንፋስ እና ቅዝቃዜ የሌለው የማጠቢያ ክፍል 
የህፃናትን የቆዳ ድርቀት መከላከያዉ ምንድን ነዉ?,የህፃናትን የቆዳ ድርቀት ለመከላከል ሲባል በሳምንት ሶስት ጊዜ ማጠብ በቂ ነው ።,የህፃናትን የቆዳ ድርቀት ለመከላከል ሲባል በሳምንት ሶስት ጊዜ ማጠብ በቂ ነው ።
የነርቭ ዘንግ ክፍተት እንዴት ይከሰታል?,የነርቭ ዘንግ ክፍተት ችግር ከላይኛው የአእምሮ ክፍል እስከ ታችኛው ህብለ ሰረሰር ድረስ የነርቭ ዘንግና መሸፈኛው የአፈጣጠር ችግር ሲኖርበት የሚከሰት ነው፡፡,የነርቭ ዘንግ ክፍተት ችግር ከላይኛው የአእምሮ ክፍል እስከ ታችኛው ህብለ ሰረሰር ድረስ የነርቭ ዘንግና መሸፈኛው የአፈጣጠር ችግር ሲኖርበት የሚከሰት ነው፡፡
የነርቭ ዘንግ ክፍተት ምን ችግሮች ይኖሩታል?,የነርቭ ዘንግ ክፍተት ያለባቸው ህፃናት ተያያዥ የጭንቅላት መጠን በአእምሮ ፈሳሽ መሞላትና መጠኑ መጨመር (hydrocephalus)፣ የእግር አለመንቀሳቀስ መጣመምና ውስጣዊ አካላዊ ችግሮች ሊኖሩባቸው ይችላሉ፡፡,የነርቭ ዘንግ ክፍተት ያለባቸው ህፃናት ተያያዥ የጭንቅላት መጠን በአእምሮ ፈሳሽ መሞላትና መጠኑ መጨመር (hydrocephalus)፣ የእግር አለመንቀሳቀስ መጣመምና ውስጣዊ አካላዊ ችግሮች ሊኖሩባቸው ይችላሉ፡፡
"ለነርቭ ዘንግ ክፍተት አጋላጭ የሆኑ ነገሮች ዘርዝር

",የፎሊክ አሲድ እጥረት፣እናትየው የምትወስዳቸው መድኃኒቶች የፎሊክ አሲድን የሚፃረሩ ከሆኑ  ለምሳሌ የሚጥል ህመም መድኃኒቶች ,የፎሊክ አሲድ እጥረት፣እናትየው የምትወስዳቸው መድኃኒቶች የፎሊክ አሲድን የሚፃረሩ ከሆኑ  ለምሳሌ የሚጥል ህመም መድኃኒቶች 
የነርቭ ዘንግ ክፍተት መከላከያዉ ምንድን ነዉ?,የነርቭ ዘንግ ክፍተት ያለባቸውን ህፃናት ለማከም ከፍተኛ የሆነ ወጪ ይጠይቃል፡፡ በተጨማሪም የብዙ ባለሙያዎችን ርብርብ የሚፈልግና ፈታኝ ሲሆን የህክምና ውጤቱም በአብዛኛው ጥሩ አይደለም፡፡ በመሆኑም በዋነኝነት የእርጉዝ እናት የፎሊክ አሲድ አጠቃቀምን በማስተካከል መከላከል ላይ ማተኮር ያስፈልጋል፡፡,የነርቭ ዘንግ ክፍተት ያለባቸውን ህፃናት ለማከም ከፍተኛ የሆነ ወጪ ይጠይቃል፡፡ በተጨማሪም የብዙ ባለሙያዎችን ርብርብ የሚፈልግና ፈታኝ ሲሆን የህክምና ውጤቱም በአብዛኛው ጥሩ አይደለም፡፡ በመሆኑም በዋነኝነት የእርጉዝ እናት የፎሊክ አሲድ አጠቃቀምን በማስተካከል መከላከል ላይ ማተኮር ያስፈልጋል፡፡
በፎሊክ አሲድ የበለፀጉ ምግቦች ዘርዝር,"ፓፓያ ፣ አቮካዶ፣ብርቱካን፣ቀይስር ፣ አበባ ጎመን
","ፓፓያ ፣ አቮካዶ፣ብርቱካን፣ቀይስር ፣ አበባ ጎመን
"
ሳምባ ምች ማለት ምን ማለት ነዉ?,ሳምባ ምች (ኒሞኒያ) ማለት የሳምባችን የታችኛው እና የመጨረሻው ክፍል መቆጣት እና መታመም ነው:: ,ሳምባ ምች (ኒሞኒያ) ማለት የሳምባችን የታችኛው እና የመጨረሻው ክፍል መቆጣት እና መታመም ነው:: 
ሳምባችን ምንድን ነዉ?,ሳምባችን ለሰውነታችን ኦክስጅን የሚባለውን ጠቃሚ አየር የምናስገባበት እና ካርቦንዳይ ኦክሳይድ የሚባለውን የተቃጠለ አየር የሚናስወግድበት አካላችን ,ሳምባችን ለሰውነታችን ኦክስጅን የሚባለውን ጠቃሚ አየር የምናስገባበት እና ካርቦንዳይ ኦክሳይድ የሚባለውን የተቃጠለ አየር የሚናስወግድበት አካላችን 
"ሳምባ ምች (ኒሞኒያ) መንስኤው ምንድነው? 
","ይህ በሽታ ብዙ ጊዜ በአይን በማይታዩ የበሽታ አምጭ ጀርሞች ማለትም በቫይረስ, በባክቴርያ, በፕሮቶዝዋ አልፎ አልፎም በፓራሳይት አማካኝነት ሊመጣ ይቻላል:: ","ይህ በሽታ ብዙ ጊዜ በአይን በማይታዩ የበሽታ አምጭ ጀርሞች ማለትም በቫይረስ, በባክቴርያ, በፕሮቶዝዋ አልፎ አልፎም በፓራሳይት አማካኝነት ሊመጣ ይቻላል:: "
"ልጆችን ለሳም ባምች(ኒሞኒያ) የሚያጋልጡ ነገሮች ዘርዝር

",የላይኛው የትንፋሽ አካላት ኢንፌክሽን ለምሳሌ ጉፋን፤ የቶንሲል ኢንፌክሽን እና የመሳሰሉት ,የላይኛው የትንፋሽ አካላት ኢንፌክሽን ለምሳሌ ጉፋን፤ የቶንሲል ኢንፌክሽን እና የመሳሰሉት 
ልጆችን ለሳም ባምች(ኒሞኒያ) ምልክቱ ምንምን ነዉ?,"ቶሎ ቶሎ መተንፈስ ፣ትንፋሽ ማጠር እና ለመተፈስ መቸገረ
","ቶሎ ቶሎ መተንፈስ ፣ትንፋሽ ማጠር እና ለመተፈስ መቸገረ
"
"ልጆች ሳምባምች(ኒሞኒያ) እንዳይዛቸው ምን እናድርግ መከላከያ መንገዶችስ ምንምን ናቸው? 

",ክትባት፣ቤት ዉስጥ ማንኛዉም ጭስ አለማጨስ ፣ቤት ዉስጥ በቂ የ አየር ዝውውር እንዲሮር ማድረግ ፣የተመጣጠነ ምግብ መመገብ ,ክትባት፣ቤት ዉስጥ ማንኛዉም ጭስ አለማጨስ ፣ቤት ዉስጥ በቂ የ አየር ዝውውር እንዲሮር ማድረግ ፣የተመጣጠነ ምግብ መመገብ 
ብርድ የሚባል በሽታ አለ ወይስ የለም?,በዘመናዊ ሕክምና ዉስጥ ብርድ የሚባል ነገር የለም! አንዳንድ ሰዎች ብርድ የሚለው ቃል ከሳምባ ምች (ኒሞኒያ) ጋር ሲያምታቱ ይታያል ይሄ ትክክል አይደለም ,በዘመናዊ ሕክምና ዉስጥ ብርድ የሚባል ነገር የለም! አንዳንድ ሰዎች ብርድ የሚለው ቃል ከሳምባ ምች (ኒሞኒያ) ጋር ሲያምታቱ ይታያል ይሄ ትክክል አይደለም 
ቀዝቃዛ አየር ጉዳት አለዉ?,ቀዝቃዛ አየር የሳምባ ምች አያመጣም! በርግጥ ቀዝቃዛ አየር ሊያነሳሳቸው የሚችሉ በሽታዎች ይኖራሉ ለምሳሌ የአፍንጫ ወይም የሳይነስ አለርጂ እና የመሳሰሉት::,ቀዝቃዛ አየር የሳምባ ምች አያመጣም! በርግጥ ቀዝቃዛ አየር ሊያነሳሳቸው የሚችሉ በሽታዎች ይኖራሉ ለምሳሌ የአፍንጫ ወይም የሳይነስ አለርጂ እና የመሳሰሉት::
ባዕድ ነገር ምንድን ነዉ?,ባዕድ ነገር ወደ አየር ቱቦ ሲገባ ትንታን ያስከትላል። ይህ የአየር ወደ ሳንባ መግባትን በመከላከል እና ትንፋሽን በመቁረጥ የአተነፋፈስ ስርዓትን በማቆራረጥ ለአዳጋ ያጋልጣል። ,ባዕድ ነገር ወደ አየር ቱቦ ሲገባ ትንታን ያስከትላል። ይህ የአየር ወደ ሳንባ መግባትን በመከላከል እና ትንፋሽን በመቁረጥ የአተነፋፈስ ስርዓትን በማቆራረጥ ለአዳጋ ያጋልጣል። 
ወደ አየር ቱቦ ሊገቡ እና ትንታን ሊያስከትሉ የሚችሉትን ዘርዝር,አጥንት ፣ ክኒን ፣ ውሃ ፣ ኦቸሎኒ ፍሬ ፣ ስንዴ… ሌሎችን ጠጣር ነገሮች ወደ አየር ቱቦ ሊገቡ እና ትንታን ሊያስከትሉ የሚችሉ ናቸው።,አጥንት ፣ ክኒን ፣ ውሃ ፣ ኦቸሎኒ ፍሬ ፣ ስንዴ… ሌሎችን ጠጣር ነገሮች ወደ አየር ቱቦ ሊገቡ እና ትንታን ሊያስከትሉ የሚችሉ ናቸው።
የትንታ ምልክቶች ዘርዝር,"በሃይል ማሳል፣ መናገር አለመቻል፣ጮክ ያለ ድምፅ፣መጥቆር፣ትንፋሽ ማጠር
","በሃይል ማሳል፣ መናገር አለመቻል፣ጮክ ያለ ድምፅ፣መጥቆር፣ትንፋሽ ማጠር
"
"የትንታ የመጀመርያ እርዳታ አሰጣጥ ዘርዝር

","1. ሁኔታውን መታዘብ
2. መጠየቅ
3. ሰዎች እንዲረዱን መጣራት","1. ሁኔታውን መታዘብ
2. መጠየቅ
3. ሰዎች እንዲረዱን መጣራት"
"ልጆች እየተጫወቱ ቆይተው ክኒን ውጠው ቢታነቁ ምን እናደርጋለን?

",ሁኔታን መታዘብ፣ምን እንደዋጡ መታዘብ፣ይህም ህክምና ሂደን ለማስረዳት ይረዳናል፣እርዳታ ሰጪ የአደጋ ምስክር እንደሆነ አስቡ።,ሁኔታን መታዘብ፣ምን እንደዋጡ መታዘብ፣ይህም ህክምና ሂደን ለማስረዳት ይረዳናል፣እርዳታ ሰጪ የአደጋ ምስክር እንደሆነ አስቡ።
ልጆች ወደ አየር ቱቦ ሲገቡባቸዉ ምን እናደርጋለን?,አንድ ባዕድ ነገር ወደ አየር ቱቦው የገባበት ሰው ወደ ህክምና መሄድ አለበት። ሳንባ ቁስለት እንዳይፈጥርበት ሃኪም ሊያየው ይገባል።,አንድ ባዕድ ነገር ወደ አየር ቱቦው የገባበት ሰው ወደ ህክምና መሄድ አለበት። ሳንባ ቁስለት እንዳይፈጥርበት ሃኪም ሊያየው ይገባል።
" መጋኛ በሽታ ምንድነው?
","ቤልስ ፓልሲ ይባላል ይህ የፊትን ጡንቻ የሚቆጣጠረው የነርቭ ሲጎዳ ወይም ሙሉ በሙሉ ስራ ሲያቆም የሚመጣ ሲሆን ይህም 
በአንድ በኩል ያለዉን የፊታችን ክፍል እንዲጣመም ወይም የዉቅረት ችግር እንዲኖርበት ያደርጋል። 
","ቤልስ ፓልሲ ይባላል ይህ የፊትን ጡንቻ የሚቆጣጠረው የነርቭ ሲጎዳ ወይም ሙሉ በሙሉ ስራ ሲያቆም የሚመጣ ሲሆን ይህም 
በአንድ በኩል ያለዉን የፊታችን ክፍል እንዲጣመም ወይም የዉቅረት ችግር እንዲኖርበት ያደርጋል። 
"
መጋኛ እንዴት ይከሰታል? ,ፋሺያል ነርቭ ወይም ከጭንቅላታችን የሚወጣው ሰባተኛው ነርቭ በቫይረስ ሲጠቃ እና እሱንም ተከትሎ መቆጣትን ሲያመጣ ነው። ,ፋሺያል ነርቭ ወይም ከጭንቅላታችን የሚወጣው ሰባተኛው ነርቭ በቫይረስ ሲጠቃ እና እሱንም ተከትሎ መቆጣትን ሲያመጣ ነው። 
መጋኛ ምልክቱ ምንምን ነዉ?,"የአይን ቆብ መንጠልጠል ፣የአይን እና የአፍ ጫፍ ጠርዝ መንጋደድ፣አንዱ አይን ሙሉ በሙሉ ለመዝጋት መቸገር 
","የአይን ቆብ መንጠልጠል ፣የአይን እና የአፍ ጫፍ ጠርዝ መንጋደድ፣አንዱ አይን ሙሉ በሙሉ ለመዝጋት መቸገር 
"
መጋኛ ምርመራዎች ምንምን ናቸዉ?,ይህን እክል ለማከም ምንም አይነት የደም ምርመራም ሆነ የራጅ ምርመራዎች አያስፈልጉትን ታካሚዉን በማየት ብቻ ህመሙን ማወቅ ይቻላል ነገር ግን ሃኪሞት ሌላ ህመም ከጠረጠረ የተለያዩ ምርመራዎች ሊልክሎት ይችላል ,ይህን እክል ለማከም ምንም አይነት የደም ምርመራም ሆነ የራጅ ምርመራዎች አያስፈልጉትን ታካሚዉን በማየት ብቻ ህመሙን ማወቅ ይቻላል ነገር ግን ሃኪሞት ሌላ ህመም ከጠረጠረ የተለያዩ ምርመራዎች ሊልክሎት ይችላል 
መጋኛ ህክምናዉ ምንድን ነዉ?,"ይህን ህመም ሙሉ በሙሉ ለማጥፋት የሚያስችል ህክምና ባይኖርም በሃኪሞት የሚታዘዝሎ መድሃኒቶች ከበሽታው በፍጥነት 
እንዲያገግሙ ያግዛል በተለየ ህመሙ ከጀመሮት በጥቂት ቀናት ዉስጥ ወደ ሃኪሞት ሄደው ህክምናዉን ከጀመሩ ዉጤቱ አመርቂ ነው። 
","ይህን ህመም ሙሉ በሙሉ ለማጥፋት የሚያስችል ህክምና ባይኖርም በሃኪሞት የሚታዘዝሎ መድሃኒቶች ከበሽታው በፍጥነት 
እንዲያገግሙ ያግዛል በተለየ ህመሙ ከጀመሮት በጥቂት ቀናት ዉስጥ ወደ ሃኪሞት ሄደው ህክምናዉን ከጀመሩ ዉጤቱ አመርቂ ነው። 
"
"በእንቅልፍ የመሄድ ችግር ማለት ምን ማለት ነዉ?
", ከተኙበት እንቅልፍ ተነስቶ መጓዝ ሲሆን ይህ ችግር በአብዛኛው ከ አዋቂዎች ይልቅ በልጆች ላይ ይከሰታል።, ከተኙበት እንቅልፍ ተነስቶ መጓዝ ሲሆን ይህ ችግር በአብዛኛው ከ አዋቂዎች ይልቅ በልጆች ላይ ይከሰታል።
በእንቅልፍ የመሄድ ችግር የሚፈጠረዉ መቸ ነዉ?, አባዛኛውን ጊዜ በእንቅልፍ መጓዝ ሚያጋጥመው ከተኙ ብዙም ሳንቆዩ ሲሆን ፦አባዛኛውን ጊዜ እንቅልፍ ከወሰዳቸው ከ 1 ወይም 2 ሰአት በኋላ ነው።ናፕ እየወሰዱ የመፈጠር እድሉ በጣም ዝቅተኛ/የማይታሰብ ነው። , አባዛኛውን ጊዜ በእንቅልፍ መጓዝ ሚያጋጥመው ከተኙ ብዙም ሳንቆዩ ሲሆን ፦አባዛኛውን ጊዜ እንቅልፍ ከወሰዳቸው ከ 1 ወይም 2 ሰአት በኋላ ነው።ናፕ እየወሰዱ የመፈጠር እድሉ በጣም ዝቅተኛ/የማይታሰብ ነው። 
ለእንቅልፍ የመሄድ ችግር መቸ በሃኪም መታየት አለብን?,"ይህ ነገር በተደጋጋሚ ሚከሰት ከሆነ፣በእንቅልፍ በሚሄዱበት ወቅት ለራስም ሆነ ለሌላውም አስጊ ከሆኑ
","ይህ ነገር በተደጋጋሚ ሚከሰት ከሆነ፣በእንቅልፍ በሚሄዱበት ወቅት ለራስም ሆነ ለሌላውም አስጊ ከሆኑ
"
"በእንቅልፍ ወቅት ለመሄድ ችግር ሌላ ነገሮች አስተዋጾ አላቸው?
","እንቅልፍ ማጣት፣ጭንቀት፣ትኩሳት
","እንቅልፍ ማጣት፣ጭንቀት፣ትኩሳት
"
በእንቅልፍ ወቅት ለመሄድ ችግር አጋላጮች ምንድን ናቸዉ?,"እድሜ ፦አባዛኛው ን በህጻናት ላይ ነው ሚከሰተው፣በቤተሰብ ዉስጥ በዚ ህመም የተጠቃ ካለ
","እድሜ ፦አባዛኛው ን በህጻናት ላይ ነው ሚከሰተው፣በቤተሰብ ዉስጥ በዚ ህመም የተጠቃ ካለ
"
"የሬቢስ በሽታ ምንድን ነው? 

",በተለምዶ የእብድ ውሻ በሽታ(Rabies) የምንለው ሬቢስ በሚባል ቫይረስ አማካኝነት የሚመጣ ከእንስሳት ወደ የሰዉ ልጅ የሚተላለፍ በሽታ ነው።,በተለምዶ የእብድ ውሻ በሽታ(Rabies) የምንለው ሬቢስ በሚባል ቫይረስ አማካኝነት የሚመጣ ከእንስሳት ወደ የሰዉ ልጅ የሚተላለፍ በሽታ ነው።
"የሬቢስ በሽታ መተላለፊያ መንገዱ ምንድን ነዉ?

","በቫይረሱ ከተጠቁ እንስሳት በተለይ ከውሾች ወደ የሰው ልጅ በንክሻ ወይም በመቧጨር ከአፉቸው በሚወጣ ፈሳሽ (saliva) በቀጥታ ቆዳን ዘልቆ የሚገባ ከሆነ ወይም በሰወነታችን ትኩስ ቁስል (fresh skin wounds) ካለ ሊተላለፍ ይችላል።
","በቫይረሱ ከተጠቁ እንስሳት በተለይ ከውሾች ወደ የሰው ልጅ በንክሻ ወይም በመቧጨር ከአፉቸው በሚወጣ ፈሳሽ (saliva) በቀጥታ ቆዳን ዘልቆ የሚገባ ከሆነ ወይም በሰወነታችን ትኩስ ቁስል (fresh skin wounds) ካለ ሊተላለፍ ይችላል።
"
የሬቢስ በሽታ ችግር ምንድን ነዉ?,የተነከስነው ወይም የተቧጨርነው አንገት እነ ከአንገት በላይ ከሆነ ቫየረሱ በፍጥነት ወደ ማእከላዊ የነርቭ ስርአት (central nervous system) ቅርብ ስለሆነ በፍጥነት ወደ አንጎል (brain) በመድረስ ለሞት ሊዳርገን ይችላል።,የተነከስነው ወይም የተቧጨርነው አንገት እነ ከአንገት በላይ ከሆነ ቫየረሱ በፍጥነት ወደ ማእከላዊ የነርቭ ስርአት (central nervous system) ቅርብ ስለሆነ በፍጥነት ወደ አንጎል (brain) በመድረስ ለሞት ሊዳርገን ይችላል።
የሬቢስ በሽታ ምልክቱ ምንድን ነዉ?,አንድ ሰው በቫይረሱ ከተጋለጠ በዃላ ምልክት እስከሚያሳይ (incubation period) ከ3ሳምንት እስከ 3 ወር ሊቆይ ይችላል።,አንድ ሰው በቫይረሱ ከተጋለጠ በዃላ ምልክት እስከሚያሳይ (incubation period) ከ3ሳምንት እስከ 3 ወር ሊቆይ ይችላል።
የሬቢስ በሽታ ምልክቱን ዘርዝር,ምልክት የሚያሳዩ ሰዎች የተነከሰበት ቦታ ለይ መጠዝጠዝ አና መደንዘዝ ፣ ትኩሳት ፣ እራስ ምታት ፣ ማቅለሽለሽ ፣ ማስመለስ ፣ ጡንቻ አካባቢ የህመም ስሜት ፣ ፍራቻ ፣ ከመጠን በላይ ምራቅ መኖር ፣ ለመዋጥ መቸገር ፣ ቅዠት ፣ ግራ መጋባት ፣ ዉሃን መፍራት (hydrophobia) ፣ እንቅልፍ ማጣት ፣ የከፉ ደረጃ ሲደርስም ለኮማ ከዛም ለሞት ሊዳረግ ይችላል።,ምልክት የሚያሳዩ ሰዎች የተነከሰበት ቦታ ለይ መጠዝጠዝ አና መደንዘዝ ፣ ትኩሳት ፣ እራስ ምታት ፣ ማቅለሽለሽ ፣ ማስመለስ ፣ ጡንቻ አካባቢ የህመም ስሜት ፣ ፍራቻ ፣ ከመጠን በላይ ምራቅ መኖር ፣ ለመዋጥ መቸገር ፣ ቅዠት ፣ ግራ መጋባት ፣ ዉሃን መፍራት (hydrophobia) ፣ እንቅልፍ ማጣት ፣ የከፉ ደረጃ ሲደርስም ለኮማ ከዛም ለሞት ሊዳረግ ይችላል።
የሬቢስ በሽታ መከላከያዉ ምንድን ነዉ?,የቤትም ሆነ የዱር እንስሳ ካለን ማስከተብ,የቤትም ሆነ የዱር እንስሳ ካለን ማስከተብ
የሬቢስ በሽታ ህክምናዉ ምንድን ነዉ?,የሬቢስ በሽታ ይሄ ነው ሚባል ህክምና የለውም። ምክነያቱም የሬቢስ ቫይረስ ሰውታችን ውስጥ ከገባ እራሱን ስለሚደብቅ በጸረ ቫይረስ (Anti viral) አንኳን መዳን አይችልም።,የሬቢስ በሽታ ይሄ ነው ሚባል ህክምና የለውም። ምክነያቱም የሬቢስ ቫይረስ ሰውታችን ውስጥ ከገባ እራሱን ስለሚደብቅ በጸረ ቫይረስ (Anti viral) አንኳን መዳን አይችልም።
የጨብጥ በሽታ ማለት ምን ማለት ነዉ?,የጨብጥ በሽታ የሚያስከትለው ናይሰርያ የሚባለው ባክቴሪያ ሲሆን እኩል ወንድን እንዲሁም ሴትን ያጠቃል። የሚተላለፈው በግንኙነት ጊዜ ነው። ,የጨብጥ በሽታ የሚያስከትለው ናይሰርያ የሚባለው ባክቴሪያ ሲሆን እኩል ወንድን እንዲሁም ሴትን ያጠቃል። የሚተላለፈው በግንኙነት ጊዜ ነው። 
የጨብጥ በሽታ ስሜቶቹ ዘርዝር,"*አረንጓዴያማ ወይም ነጭ ፈሳሽ
*የሽንት መሽኛ ማቃጠል፣ እንዲሁም ቶሎ ቶሎ መምጣት 
*ብልት አካባቢ ማሳከክ
","*አረንጓዴያማ ወይም ነጭ ፈሳሽ
*የሽንት መሽኛ ማቃጠል፣ እንዲሁም ቶሎ ቶሎ መምጣት 
*ብልት አካባቢ ማሳከክ
"
የጨብጥ በሽታ ህክምናዉ ምንድን ነዉ?,ይይህ በሽታ በቀላሉ በሚዋጥ መድኃኒት ይታከማል። ሆኖም የግንኙነት ጓደኛዎ አብሮ ካልታከመ በሚቀጥለው ግንኙነት ደግሞ ይይዞታል። ለመከላከል ኮንዶምን በትክክል መጠቀም ያስፈልጋል።,ይይህ በሽታ በቀላሉ በሚዋጥ መድኃኒት ይታከማል። ሆኖም የግንኙነት ጓደኛዎ አብሮ ካልታከመ በሚቀጥለው ግንኙነት ደግሞ ይይዞታል። ለመከላከል ኮንዶምን በትክክል መጠቀም ያስፈልጋል።
የአይን ቢጫ መሆን የሚከሰተው እንዴት ነዉ?,የአይን ቢጫ መሆን የሚከሰተው ‘ቢሊሩቢን’(bilirubin) በሚባል ኬሚካል ክምችት የተነሳ ነው። ይህ ኬሚካል በቀይ የደመ ህዋሶች ውስጥ የሚገኘው ሄሞግሎቢን ሲሰባበር የሚፈጠር ኬሚካል ነው። ,የአይን ቢጫ መሆን የሚከሰተው ‘ቢሊሩቢን’(bilirubin) በሚባል ኬሚካል ክምችት የተነሳ ነው። ይህ ኬሚካል በቀይ የደመ ህዋሶች ውስጥ የሚገኘው ሄሞግሎቢን ሲሰባበር የሚፈጠር ኬሚካል ነው። 
አንድ ጤናማ የሆነ ቀይ የደም ህዋስ በአማካይ ስንት ቀን ከኖረ በኋላ ይሞታል?,አንድ ጤናማ የሆነ ቀይ የደም ህዋስ በአማካይ ለ 120 ቀናት ከኖረ በኋላ ይሞታል። በዚህም ቀመር በየቀኑ 1% የሚሆኑት ቀይ የደም ህዋሶች ይሞታሉ። ,አንድ ጤናማ የሆነ ቀይ የደም ህዋስ በአማካይ ለ 120 ቀናት ከኖረ በኋላ ይሞታል። በዚህም ቀመር በየቀኑ 1% የሚሆኑት ቀይ የደም ህዋሶች ይሞታሉ። 
"በሰውነት ውስጥ 'የቢሊሩቢን' መብዛት በምን ሊመጣ ይችላል? 
",የቀይ የደም ህዋሶች ያለ ዕድሜያቸው በብዛት መሞት,የቀይ የደም ህዋሶች ያለ ዕድሜያቸው በብዛት መሞት
"የጉበት ቫይረስ A(Hepatitis A) ምንድን ነዉ?
",ይህ ቫይረስ የሚተላለፈው በበሽታው በተያዘ ሰው ሰገራ በተበከለ ምግብ ወይንም ውሀ ነው። ,ይህ ቫይረስ የሚተላለፈው በበሽታው በተያዘ ሰው ሰገራ በተበከለ ምግብ ወይንም ውሀ ነው። 
የጉበት ቫይረስ A ምልክቱ ምንምን ነዉ?,በመጀመሪያው 02 ሳምንት ትኩሳት፣ የመገጣጠሚያ ህመም፣ የምግብ ማስጠላት፣ ማቅለሽለሽ፣ ማስታወክ፣ በቀኝ ጎን ህመም እና ድካም ሲሆን በሚቀጥሉት ሳምንታት አይን እና ሽንት ቢጫ መሆን ይከሰታል። ይህም ለተወሰነ ግዜ ቆይቶ ቀስ በቀስ እየጠፋ ይሄዳል። ,በመጀመሪያው 02 ሳምንት ትኩሳት፣ የመገጣጠሚያ ህመም፣ የምግብ ማስጠላት፣ ማቅለሽለሽ፣ ማስታወክ፣ በቀኝ ጎን ህመም እና ድካም ሲሆን በሚቀጥሉት ሳምንታት አይን እና ሽንት ቢጫ መሆን ይከሰታል። ይህም ለተወሰነ ግዜ ቆይቶ ቀስ በቀስ እየጠፋ ይሄዳል። 
የጉበት ቫይረስ A ምርመራዎች ምንድን ናቸዉ?,የሚታወቀውም ቫይረሱን ለመዋጋት የሚመረተውን ፀረ-ቫይረስ(antibody) በደም ውስጥ በመመርመር ነው።,የሚታወቀውም ቫይረሱን ለመዋጋት የሚመረተውን ፀረ-ቫይረስ(antibody) በደም ውስጥ በመመርመር ነው።
የጉበት ቫይረስ A ህክምናዉ ምንድን ነዉ?,ሄፓታይቲስ A በራሱ ግዜ የሚድን ስለሆነ ህክምናው ምልክቶቹን ከመቆጣጠር እና ሌሎች ጉበትን ከሚጎዱ ነገሮች ከመቆጠብ(ለምሳሌ አልኮል፣ መድሀኒቶች) እና የህመሙን አካሄድ ከመከታተል የዘለለ አይደለም።,ሄፓታይቲስ A በራሱ ግዜ የሚድን ስለሆነ ህክምናው ምልክቶቹን ከመቆጣጠር እና ሌሎች ጉበትን ከሚጎዱ ነገሮች ከመቆጠብ(ለምሳሌ አልኮል፣ መድሀኒቶች) እና የህመሙን አካሄድ ከመከታተል የዘለለ አይደለም።
የጉበት ቫይረስ A መከላከያዉ ምንድን ነዉ?,መከላከያ መንገዱም እንደማንኛውም ምግብ እና ውሀ ወለድ በሽታ ንፅህናን በመጠበቅ ነው። አስፈላጊ ሆኖ ሲገኝ ክትባት ሊሰጥ ይችላል።,መከላከያ መንገዱም እንደማንኛውም ምግብ እና ውሀ ወለድ በሽታ ንፅህናን በመጠበቅ ነው። አስፈላጊ ሆኖ ሲገኝ ክትባት ሊሰጥ ይችላል።
የጉበት ቫይረስ A በሽታ የተያዘ ሰው ማድረግ ያለበትን ዘርዝር,"በሽታ የተያዘ ሰው ማድረግ ያለበት፡ አልኮል ፈጽሞ አለመጠጣት፣ማንኛውንም መድሀኒት(ህመም ማስታገሻም ቢሆን) ጉበት ላይ ተጨማሪ ጉዳት ሊያመጣ ስለሚችል ሀኪም ሳያማክሩ አለመውሰድ
","በሽታ የተያዘ ሰው ማድረግ ያለበት፡ አልኮል ፈጽሞ አለመጠጣት፣ማንኛውንም መድሀኒት(ህመም ማስታገሻም ቢሆን) ጉበት ላይ ተጨማሪ ጉዳት ሊያመጣ ስለሚችል ሀኪም ሳያማክሩ አለመውሰድ
"
"የጉበት ቫይረስ B( Hepatitis B) መተላለፊያ መንገዱ ምንድን ነዉ?
",ይህ ቫይረስ የሚተላለፈው በደም እና በሰውነት ፈሳሽ ንክኪ፣ በግብረ ስጋ ግንኙነት እና ከእናት ወደ ልጅ ነው። ,ይህ ቫይረስ የሚተላለፈው በደም እና በሰውነት ፈሳሽ ንክኪ፣ በግብረ ስጋ ግንኙነት እና ከእናት ወደ ልጅ ነው። 
የጉበት ቫይረስ B( Hepatitis B) ምንድን ነዉ?,እጅግ ተላላፊ ከሚባሉት የቫይረስ አይነቶች ነው። ልክ እንደ ሄፓታይቲስ A ድንገተኛ የሆነ የጉበት ኢንፌክሽን በማምጣት ተመሳሳይ ምልክቶችን ያመጣል።,እጅግ ተላላፊ ከሚባሉት የቫይረስ አይነቶች ነው። ልክ እንደ ሄፓታይቲስ A ድንገተኛ የሆነ የጉበት ኢንፌክሽን በማምጣት ተመሳሳይ ምልክቶችን ያመጣል።
የጉበት ቫይረስ B( Hepatitis B) ምርመራዎች ምንድን ናቸዉ?,የሚታወቀውም የቫይረሱን ፕሮቲን በደም ውስጥ በመመርመር ነው። ይህ ምርመራ በየክሊኒኩ በቀላሉ የሚገኝ ነው። ,የሚታወቀውም የቫይረሱን ፕሮቲን በደም ውስጥ በመመርመር ነው። ይህ ምርመራ በየክሊኒኩ በቀላሉ የሚገኝ ነው። 
የጉበት ቫይረስ B( Hepatitis B) ህክምናዉ ምንድን ነዉ?,ህክምናውም ለረጅም ጊዜ የሚወሰዱ የፀረ ቫይረስ መድሀኒቶች ናቸው። መከላከያ መንገዶቹ ልክ እንደ HIV ከልቅ የግብረ ስጋ ግንኙነት መጠበቅ፣ ኮንዶም መጠቀም፣ ከደም እና ሌሎች የሰውነት ፈሳሾች ንክኪ መቆጠብ የመሳሰሉት ናቸው። ,ህክምናውም ለረጅም ጊዜ የሚወሰዱ የፀረ ቫይረስ መድሀኒቶች ናቸው። መከላከያ መንገዶቹ ልክ እንደ HIV ከልቅ የግብረ ስጋ ግንኙነት መጠበቅ፣ ኮንዶም መጠቀም፣ ከደም እና ሌሎች የሰውነት ፈሳሾች ንክኪ መቆጠብ የመሳሰሉት ናቸው። 
የጉበት ቫይረስ B( Hepatitis B) መከላከያዉ ምንድን ነዉ?,ክትባት ያለው በመሆኑ ተመርምሮ ቫይረሱ ከሌለበት ማንኛውም ሰው ክትባቱን ቢወስድ ይመከራል። አሁን በእኛ ሀገር ለህፃናት የሚሰጠው ክትባት የዚህን ቫይረስም የሚያጠቃልል ነው።,ክትባት ያለው በመሆኑ ተመርምሮ ቫይረሱ ከሌለበት ማንኛውም ሰው ክትባቱን ቢወስድ ይመከራል። አሁን በእኛ ሀገር ለህፃናት የሚሰጠው ክትባት የዚህን ቫይረስም የሚያጠቃልል ነው።
"የጉበት ቫይረስ C(Hepatitis C) ምንድን ነዉ?
",ይህ ቫይረስ ከሞላ ጎደል ከ ሄፖታይቲስ B ጋር ይመሳሰላል። በሰውነት ውስጥ ለረጅም ጊዜ ምልክት ሳያሳይ አዝጋሚ የጉበት መድከም ያመጣል። ,ይህ ቫይረስ ከሞላ ጎደል ከ ሄፖታይቲስ B ጋር ይመሳሰላል። በሰውነት ውስጥ ለረጅም ጊዜ ምልክት ሳያሳይ አዝጋሚ የጉበት መድከም ያመጣል። 
የጉበት ቫይረስ C(Hepatitis C) መተላለፊያ መንገዱ ምንድን ነዉ?,መተላለፊያ መንገዱ በዋናነት የደም ንክኪ ነው። ,መተላለፊያ መንገዱ በዋናነት የደም ንክኪ ነው። 
የጉበት ቫይረስ C(Hepatitis C) ምርመራዎች ምንድን ናቸዉ?,በደም ውስጥ የሚገኘውን antibody በመመርመር ሊታወቅ ይችላል።,በደም ውስጥ የሚገኘውን antibody በመመርመር ሊታወቅ ይችላል።
የጉበት ቫይረስ C(Hepatitis C) ህክምናዉ ምንድን ነዉ?,ህክምናው ለሶስት ወር የሚወሰድ ፀረ ቫይረስ መድሀኒት ነው። ክትባት የለውም።,ህክምናው ለሶስት ወር የሚወሰድ ፀረ ቫይረስ መድሀኒት ነው። ክትባት የለውም።
የጉበት ቫይረስ C(Hepatitis C) በሽታ የተያዘ ሰው ማድረግ ያለበትን ዘርዝር,ማንኛወንም መድሀኒት ሲወስዱ ጉበት የማይጎዳ መሆኑን ማረጋገጥ(ማስታገሻም ቢሆን ለምሳሌ ፓራሲታሞል ወይንም ፓናዶል ጉበት ሊጎዳ ስለሚችል አይመከርም),ማንኛወንም መድሀኒት ሲወስዱ ጉበት የማይጎዳ መሆኑን ማረጋገጥ(ማስታገሻም ቢሆን ለምሳሌ ፓራሲታሞል ወይንም ፓናዶል ጉበት ሊጎዳ ስለሚችል አይመከርም)
የደም ማነስ ህመም ማለት ምን ማለት ነዉ?,አንድ ሰው የደም ማነስ ህመም አለበት የሚባለው በአንድ ወይም ከአንድ በላይ በሆኑ ምክንያቶች በደም ውስጥ የቀይ ደም ህዋሳት ቁጥር ሲመናመን ነው።,አንድ ሰው የደም ማነስ ህመም አለበት የሚባለው በአንድ ወይም ከአንድ በላይ በሆኑ ምክንያቶች በደም ውስጥ የቀይ ደም ህዋሳት ቁጥር ሲመናመን ነው።
የደም ማነስ ህመም ስሜቶች ዘርዝር,"ከፍተኛ የድካም ስሜት፣ማዞር፣ጆሮ ውስጥ ጭውው የሚል ድምጽ መሰማት
","ከፍተኛ የድካም ስሜት፣ማዞር፣ጆሮ ውስጥ ጭውው የሚል ድምጽ መሰማት
"
የቀይ ደም ህዋሳት ቁጥራቸው ይመናመናል?,ከሰውነት ደም መፍሰስ፣-በበቂ ቁጥር ያለመመረት (የመቅኒ መስተጓጎል፣የብረት iron ቫይታሚን ቢ 12 እና ፎሊክ ኣሲድ እጥረት),ከሰውነት ደም መፍሰስ፣-በበቂ ቁጥር ያለመመረት (የመቅኒ መስተጓጎል፣የብረት iron ቫይታሚን ቢ 12 እና ፎሊክ ኣሲድ እጥረት)
የደም ማነስ መንስኤ ምንድን ነዉ?,በሃገራችን ዋነኛው የደም ማነስ መንስኤ ከብረት (iron) እጥረት የሚመጣ ሲሆን ይህም የተመጣጠነ ምግብ ኣቅርቦት በቂ ባለመሆኑና በሆድ ውስጥ ደምን የሚመጡ ትላትሎች በብዙ የሃገራችን ማህበረሰብ ውስጥ በመኖራቸው ነው። ,በሃገራችን ዋነኛው የደም ማነስ መንስኤ ከብረት (iron) እጥረት የሚመጣ ሲሆን ይህም የተመጣጠነ ምግብ ኣቅርቦት በቂ ባለመሆኑና በሆድ ውስጥ ደምን የሚመጡ ትላትሎች በብዙ የሃገራችን ማህበረሰብ ውስጥ በመኖራቸው ነው። 
"በብረትና(iron) በቫይታሚን (vitamin) እጥረት የሚከሰተው ደም ማነስ የትኛው የማህበረሰብ ክፍል ይበልጡን ተጋላጭ ነው?
","ነፍሰ ጡርና የሚያጠቡ እናቶች፣ህጻናትና ታዳጊዎች፣
","ነፍሰ ጡርና የሚያጠቡ እናቶች፣ህጻናትና ታዳጊዎች፣
"
የደም ማነስ ህመም እንዴት ይታወቃል?,የጤና ባለሞያዎችም የሚከተሉትን ምርመራዎች በላቦራቶሪ እንደየአስፈላጊነታቸው ሊያዙ ይችላሉ።,የጤና ባለሞያዎችም የሚከተሉትን ምርመራዎች በላቦራቶሪ እንደየአስፈላጊነታቸው ሊያዙ ይችላሉ።
የደም ማነስ ህመም ምርመራዎች ምንምን ናቸዉ?,"ሙሉ የደም ቆጠራ፣ የቀይ ደም ህዋሳትን ብዛት ለማወቅ፣በማይክሮስኮፕ በመታገዝ የቀይ ደም ህዋሳት መልክና ቅርጽ ምርመራ፣
","ሙሉ የደም ቆጠራ፣ የቀይ ደም ህዋሳትን ብዛት ለማወቅ፣በማይክሮስኮፕ በመታገዝ የቀይ ደም ህዋሳት መልክና ቅርጽ ምርመራ፣
"
የደም ማነስ ህመም ህክምናዉ ምንድን ነዉ?,ህክምናው እንደየምክንያቶቹ የተለያየ ቢሆንም የከፋ የደም ማነስ ያለ እንደሆነ ግን ከህመምተኛው የደም አይነት ጋር ተስማሚ የሆነ በህክምና ተቋም ውስጥ ደም በመስጠት የታካሚውን ህይወት መታደግ ይችላል።ለመጠነኛና ,ህክምናው እንደየምክንያቶቹ የተለያየ ቢሆንም የከፋ የደም ማነስ ያለ እንደሆነ ግን ከህመምተኛው የደም አይነት ጋር ተስማሚ የሆነ በህክምና ተቋም ውስጥ ደም በመስጠት የታካሚውን ህይወት መታደግ ይችላል።ለመጠነኛና 
የብረት(iron) እጥረት ህክምናዉ ምንድን ነዉ?,"የብረት(iron) እጥረት ፣ በብረት የበለጸጉ እንክብሎችን በመስጠት (ferrous sulphate, ferrous fumarate, ferrous gluconate) እንዲሁም በፍጥነት ብረቱን መተካት ሲያስፈልግ በመርፌ የሚሰጥ የብረት ቅንብር( dextran) መስጠት ይቻላል።

","የብረት(iron) እጥረት ፣ በብረት የበለጸጉ እንክብሎችን በመስጠት (ferrous sulphate, ferrous fumarate, ferrous gluconate) እንዲሁም በፍጥነት ብረቱን መተካት ሲያስፈልግ በመርፌ የሚሰጥ የብረት ቅንብር( dextran) መስጠት ይቻላል።

"
ለቫይታሚን ቢ 12 እጥረት ህክምናዉ ምንድን ነዉ?,"ለቫይታሚን ቢ 12 vitamin B 12 እጥረት ፣በመርፌ cobalamin የተሰኘ መድሃኒት ይሰጣል።
","ለቫይታሚን ቢ 12 vitamin B 12 እጥረት ፣በመርፌ cobalamin የተሰኘ መድሃኒት ይሰጣል።
"
ለፎሊክ ኣሲድ እጥረት ህክምናዉ ምንድን ነዉ?,"ለፎሊክ ኣሲድ እጥረት የ folic acid እንክብል በመስጠት ይታከማል።
","ለፎሊክ ኣሲድ እጥረት የ folic acid እንክብል በመስጠት ይታከማል።
"
የደም ማነስ ህመም መከላከያዉ ምንድን ነዉ?,በብረትና በቫይታሚች የበለጸጉ ምግቦችን መመገብ በነዚህ ንጥረ ነገሮች እጥረት የሚከሰተው የደም ማነስ መከላከል ይቻላል።,በብረትና በቫይታሚች የበለጸጉ ምግቦችን መመገብ በነዚህ ንጥረ ነገሮች እጥረት የሚከሰተው የደም ማነስ መከላከል ይቻላል።
"በብረት የበለፀጉ ምግቦች ዘርዝር

",ጉበት፣ቀይ ስጋ፣ዓሣ ፣ባቄላ፣አተር ፣ጥቁር ቸኮሌት እና ሌሎች ,ጉበት፣ቀይ ስጋ፣ዓሣ ፣ባቄላ፣አተር ፣ጥቁር ቸኮሌት እና ሌሎች 
"በቫይታሚን ቢ 12 (vitaminB12) የበለፀጉ ምግቦች ዘርዝር 

",ቀይስጋ እና ዓሣ፣ዶሮ ፣ እንቁላል ፣ወተትና ሌሎችም ,ቀይስጋ እና ዓሣ፣ዶሮ ፣ እንቁላል ፣ወተትና ሌሎችም 
"በፎሊክ አሲድ (folic acid) የበለፀጉ ምግቦች ዘርዝር 
","አረንጓዴ ኣትክልት አትክል( ጎመን፣ ሰላጣ)፣ጥራጥሬዎች (ባቄላ፣ አተር፣ምስር)፣ለውዝ
","አረንጓዴ ኣትክልት አትክል( ጎመን፣ ሰላጣ)፣ጥራጥሬዎች (ባቄላ፣ አተር፣ምስር)፣ለውዝ
"
አንድ አዋቂ ሰው በጠቅላላ ስንት አጥንቶች አሉት?,አንድ አዋቂ ሰው በጠቅላላ 206 አጥንቶች አሉት,አንድ አዋቂ ሰው በጠቅላላ 206 አጥንቶች አሉት
"ስንት አጥንት እግራችን ላይ ይገኛሉ?

",26 አጥንት እግራችን ላይ ይገኛሉ,26 አጥንት እግራችን ላይ ይገኛሉ
"የእጅ አንጓ/ፍንጅ ላይ ስንት አጥንት ይገኛሉ?
",የእጅ አንጓ/ፍንጅ ላይ 54 አጥንት ይገኛሉ,የእጅ አንጓ/ፍንጅ ላይ 54 አጥንት ይገኛሉ
"በሰውነታችን ዉስጥ እረጅሙ እና ጠንካራው አጥንት ማን ነው?
","የጭን አጥንት በሰውነታችን ዉስጥ እረጅሙ እና ጠንካራው አጥንት ነው
","የጭን አጥንት በሰውነታችን ዉስጥ እረጅሙ እና ጠንካራው አጥንት ነው
"
ሰውነታችን ዉስጥ ካሉ አጥንቶች በጣም ትንሿ እና ቀላሏ ማን ናት?,ስቴፐስ ምትባለው ጆሮአችን ዉስጥ ያለችው አጥን ሰውነታችን ዉስጥ ካሉ አጥንቶች በጣም ትንሿ እና ቀላሏ ናት,ስቴፐስ ምትባለው ጆሮአችን ዉስጥ ያለችው አጥን ሰውነታችን ዉስጥ ካሉ አጥንቶች በጣም ትንሿ እና ቀላሏ ናት
የአጥንታችን እድገት መቸ ማደግ ያቆማሉ?,በአብዛኛው የአጥንታችን እድገት ከጉርምስና በኋላ ማደግ ያቆማሉ,በአብዛኛው የአጥንታችን እድገት ከጉርምስና በኋላ ማደግ ያቆማሉ
ሃዮይድ ማለት ምን ማለት ነዉ?,አንድ አጥንት ከሌላ ተዛምጅ አጥንት ጋር ይገጣጣማሉ ነገር ግን በሰውነታችን ዉስጥ ለብቻዋ የተቀመጠች አጥንት ብትኖር ሃዮይድ ትባላለች,አንድ አጥንት ከሌላ ተዛምጅ አጥንት ጋር ይገጣጣማሉ ነገር ግን በሰውነታችን ዉስጥ ለብቻዋ የተቀመጠች አጥንት ብትኖር ሃዮይድ ትባላለች
የድህረ ወሊድ መደበት ጤና እክል ማለት ምን ማለት ነዉ?,ልጅ ወልደሽ በተገላገልሽበት ወቅት ብዙ የስሜት መቀያየሮች ሊኖር እና ሊያጋጥሙሽ ይችላሉ የተፈጥሮ ህግ ነውና ከ ግርግር ና ደስታ አንስቶ እስከ ፍርሀትና እና ስጋት እንዚህን ስሜቶች የትኛዋም እናት ላይ ሚታዩ ናቸው ፤ነገር ግን አ ንዳንድ እናቶች ላይ ከዛ ከፋ ያለ ነገርም ሊመጣ ወይም ሊከሰት ይችላል ይህም የ ድህረ ወሊድ መደበት ጤና እክል ወይም/postpartum depression disorder/ይባላል,ልጅ ወልደሽ በተገላገልሽበት ወቅት ብዙ የስሜት መቀያየሮች ሊኖር እና ሊያጋጥሙሽ ይችላሉ የተፈጥሮ ህግ ነውና ከ ግርግር ና ደስታ አንስቶ እስከ ፍርሀትና እና ስጋት እንዚህን ስሜቶች የትኛዋም እናት ላይ ሚታዩ ናቸው ፤ነገር ግን አ ንዳንድ እናቶች ላይ ከዛ ከፋ ያለ ነገርም ሊመጣ ወይም ሊከሰት ይችላል ይህም የ ድህረ ወሊድ መደበት ጤና እክል ወይም/postpartum depression disorder/ይባላል
የድህረ ወሊድ መደበት ምክነያት ምንድን ነዉ?,ከ ወሊድ በኋላ በሰዉነታችን ዉስጥ ያሉ ሆርሞን መለዋወጥ/መቀነስ,ከ ወሊድ በኋላ በሰዉነታችን ዉስጥ ያሉ ሆርሞን መለዋወጥ/መቀነስ
የድህረ ወሊድ መደበት አጋላጮች ምንድን ናቸዉ?,"ከዚ ቀደም እርግዝናዎ ላይ ይህ ችግር አጋጥሞት ከሆነ፣እድሜ ፦በለጋነት እድሜ የሚወልዱ ሴቶች ለዚ እክል በ አብዛኛው ይጠቃሉ
","ከዚ ቀደም እርግዝናዎ ላይ ይህ ችግር አጋጥሞት ከሆነ፣እድሜ ፦በለጋነት እድሜ የሚወልዱ ሴቶች ለዚ እክል በ አብዛኛው ይጠቃሉ
"
የድህረ ወሊድ መደበት ምልክቱ ምንድን ነዉ? ,"ለረጅም ጊዜ የቆየ መደበት/መከፋት፣በሆነው ባልሆነው ማልቀስ 
","ለረጅም ጊዜ የቆየ መደበት/መከፋት፣በሆነው ባልሆነው ማልቀስ 
"
የኮሮናቫይረስ በሽታ ማለት ምን ማለት ነዉ?,የኮሮናቫይረስ በሽታ (ኮቪድ-19) ከቀላል እስከ ከባድ የመተንፈሻ አካል ሕመም የሚያስከትል በሽታ ነው፡፡ ,የኮሮናቫይረስ በሽታ (ኮቪድ-19) ከቀላል እስከ ከባድ የመተንፈሻ አካል ሕመም የሚያስከትል በሽታ ነው፡፡ 
የአንጀት ቁስለት ማለት ምን ማለት ነዉ?,የአንጀት ቁስለት በኢግሊዘኛው Inflammatory Bowel Disease ተብሎ የሚጠራው ህመም ሲሆን ክሮንስ (Crohn's Disease) እና አልሰሬቲቭ ኮላይተስ (Ulcerative Colitis) ተብለው የሚጠሩትን በሽታዎች በስሩ ያካተተ ነው። ,የአንጀት ቁስለት በኢግሊዘኛው Inflammatory Bowel Disease ተብሎ የሚጠራው ህመም ሲሆን ክሮንስ (Crohn's Disease) እና አልሰሬቲቭ ኮላይተስ (Ulcerative Colitis) ተብለው የሚጠሩትን በሽታዎች በስሩ ያካተተ ነው። 
ኢምፕላንት ማለት ምን ማለት ነዉ?,ኢምፕላንት ረዘም ላለ ጊዜ የሚሆን የወሊድ መቆጣጠርያ መንገድ ሲሆን ክብ ፕላስቲክ የክብሪትን መጠን ሚያክል መጠን ያላት ሲሆን በዋነኝነት በማንጠቀመው ክንዳችን ስር የሚቀበር ሲሆን ከ3 አመት እስከ 7 አመት ለሚሆን ጊዜ እርግዝናን ይከላከላል።ምንም ኢስትሮጅን ያለያዘ ሲሆን በወጣበት ጊዜ መጸነስ ይቻላል።,ኢምፕላንት ረዘም ላለ ጊዜ የሚሆን የወሊድ መቆጣጠርያ መንገድ ሲሆን ክብ ፕላስቲክ የክብሪትን መጠን ሚያክል መጠን ያላት ሲሆን በዋነኝነት በማንጠቀመው ክንዳችን ስር የሚቀበር ሲሆን ከ3 አመት እስከ 7 አመት ለሚሆን ጊዜ እርግዝናን ይከላከላል።ምንም ኢስትሮጅን ያለያዘ ሲሆን በወጣበት ጊዜ መጸነስ ይቻላል።
ድንገተኛ የልብ ህመም ማለት ምን ማለት ነዉ?,ድንገተኛ የልብ ህመም (Heart Attack) የሚባለው በሽታ በአብዛኛው በወጣትነት፣ በጐልማሣነት እንዲሁም በእርጅና የዕድሜ ክልል ውስጥ በሚገኙ ሰዎች አብዝቶ ይከሰታል፡፡ ,ድንገተኛ የልብ ህመም (Heart Attack) የሚባለው በሽታ በአብዛኛው በወጣትነት፣ በጐልማሣነት እንዲሁም በእርጅና የዕድሜ ክልል ውስጥ በሚገኙ ሰዎች አብዝቶ ይከሰታል፡፡ 
ኪንታሮት ማለት ምን ማለት ነዉ?,ኪንታሮት በንጽጽሩ ከተለመዱ በቫይራል ኢንፌክሽን ከሚመጡ የቆዳ ችግሮች ዉስጥ አንዱ ሲሆን ክብ፤ ለስላሳ፤ህመም የለሽ፤ ከስፒል ጫፍ እስከ እርሳስ ማጥፊይ ድረስ መጠን ባለው እብጠት ይገለጻል።,ኪንታሮት በንጽጽሩ ከተለመዱ በቫይራል ኢንፌክሽን ከሚመጡ የቆዳ ችግሮች ዉስጥ አንዱ ሲሆን ክብ፤ ለስላሳ፤ህመም የለሽ፤ ከስፒል ጫፍ እስከ እርሳስ ማጥፊይ ድረስ መጠን ባለው እብጠት ይገለጻል።
የጭንቅላት ካንሰር ማለት ምን ማለት ነዉ?,የጭንቅላት ካንሰር(Brain Cancer) የካንሰር ሴሎች ቁጥራቸው ሲጨምርና በመጠንም ሲያድጉ ወደ ጤነኛው ሴል ይዛመታሉ::በተጨማሪ ጭንቅላት ውስጥ እብጠት በመፍጠር ምልክቶችን ሊያሳይ ይችላል::,የጭንቅላት ካንሰር(Brain Cancer) የካንሰር ሴሎች ቁጥራቸው ሲጨምርና በመጠንም ሲያድጉ ወደ ጤነኛው ሴል ይዛመታሉ::በተጨማሪ ጭንቅላት ውስጥ እብጠት በመፍጠር ምልክቶችን ሊያሳይ ይችላል::
ጭንቀት ማለት ምን ማለት ነዉ?,ጭንቀት ማለት ህይወታችን ላይ አደጋ የሚፈጥር ነገር ሳይኖር አዕምሮሯችን አደጋ እንዳለ ማሰብ ሲጀምር የሚሰማን ስሜት ነው::,ጭንቀት ማለት ህይወታችን ላይ አደጋ የሚፈጥር ነገር ሳይኖር አዕምሮሯችን አደጋ እንዳለ ማሰብ ሲጀምር የሚሰማን ስሜት ነው::
ቋቅቻ ማለት ምን ማለት ነዉ?,ቋቅቻ በፈነገስ የሚመጣ ተላላፊ ያልሆነ የቆዳ በሽታ ሲሆን ምንም አይነት የህመምም ስሜት ነገር ግን ቆዳችን የተለያዩ ቀለማት በማላበስ ድብርትን እና በራስ የመተማመን አቅምን ይሸረሽራል።,ቋቅቻ በፈነገስ የሚመጣ ተላላፊ ያልሆነ የቆዳ በሽታ ሲሆን ምንም አይነት የህመምም ስሜት ነገር ግን ቆዳችን የተለያዩ ቀለማት በማላበስ ድብርትን እና በራስ የመተማመን አቅምን ይሸረሽራል።
የእንቅልፍ እጦት ማለት ምን ማለት ነዉ?,"ኢንሶምንያ(የእንቅልፍ እጦት)  በሽታ በተለምዶ የ እንቅልፍ እጦት እያልን የምንጠራው ሲሆን ለመተኛት በቂ ጊዜ አግኝቶ ነገር ግን ለመተኛት መቸገር፣ተኝተው መነሳት ፣ወደ እንቅልፍ ተመልሶ አለመሄድ ችግር ነው::ይህ እክል የቀን ውሎን ከማሰናከሉም በላይ አዕምሮ በትክክል እንዳይሰራ ያደርጋል ።
","ኢንሶምንያ(የእንቅልፍ እጦት)  በሽታ በተለምዶ የ እንቅልፍ እጦት እያልን የምንጠራው ሲሆን ለመተኛት በቂ ጊዜ አግኝቶ ነገር ግን ለመተኛት መቸገር፣ተኝተው መነሳት ፣ወደ እንቅልፍ ተመልሶ አለመሄድ ችግር ነው::ይህ እክል የቀን ውሎን ከማሰናከሉም በላይ አዕምሮ በትክክል እንዳይሰራ ያደርጋል ።
"
ምግብ ያለመብላት በሽታ ማለት ምን ማለት ነዉ?,"ምግብ ያለመብላት በሽታ አኖሬክዚያ ነርቮሳ (Anorexia Nervosa) ይህ በሽታ ከአዕምሮ በሽታዎች አንዱ ሲሆን ፤ የዚህ በሽታ ተጠቂ የሆኑ ሰዎች ስለሚበሉት እና ስለ መወፈር አብዝቶ የሚያሳስባቸው ሲሆን መወፈርን እጅግ አብዝተው የሚጠሉ ናቸው::
","ምግብ ያለመብላት በሽታ አኖሬክዚያ ነርቮሳ (Anorexia Nervosa) ይህ በሽታ ከአዕምሮ በሽታዎች አንዱ ሲሆን ፤ የዚህ በሽታ ተጠቂ የሆኑ ሰዎች ስለሚበሉት እና ስለ መወፈር አብዝቶ የሚያሳስባቸው ሲሆን መወፈርን እጅግ አብዝተው የሚጠሉ ናቸው::
"
የወገብ ህመም ማለት ምን ማለት ነዉ?,"የወገብ ህመም የምንለው የታችኛውን የጀርባችን ክፍል(ወደ መቀመጫ አከባቢ) ህመም ሲሰማን ነው:: 
በአማካኝ 80% የሚሆኑ ሰዎች ላይ በህይወታቸው ቢያንስ አንድ ጊዜ የጀርባ ህመም ያጋትማቸዋል::
","የወገብ ህመም የምንለው የታችኛውን የጀርባችን ክፍል(ወደ መቀመጫ አከባቢ) ህመም ሲሰማን ነው:: 
በአማካኝ 80% የሚሆኑ ሰዎች ላይ በህይወታቸው ቢያንስ አንድ ጊዜ የጀርባ ህመም ያጋትማቸዋል::
"
ሸለብታ ማለት ምን ማለት ነዉ?,"ሸለብታ በተለምዶው ናፕ እያልን የምንጠራው ለትንሽ ደቂቃ (15-30 ደቂቃ ) እረፍት ወስዶ መነሳት ነው። ሸለብታ ብዙ ጥቅሞች አሉት ከነዚህም ውስጥ ፦
ንቃትን ይጨምራል
","ሸለብታ በተለምዶው ናፕ እያልን የምንጠራው ለትንሽ ደቂቃ (15-30 ደቂቃ ) እረፍት ወስዶ መነሳት ነው። ሸለብታ ብዙ ጥቅሞች አሉት ከነዚህም ውስጥ ፦
ንቃትን ይጨምራል
"
ደማ ከሴ ማለት ምን ማለት ነዉ?,"ደማ ከሴ አገር በቀል ተክል ሲሆን በሳይንሳዊ ስሙ ኦሲመም ላሚፎለም(Ocimum lamiifolium) እየተባለ ይጠራል። ተክሉ ሁለገብ የሆነ የመድኃኒትነት ባህሪ አለው። በሀገራችን በአብዛኛው ቦታዎች የምች መድሀኒት በመባል ይታወቃል።
","ደማ ከሴ አገር በቀል ተክል ሲሆን በሳይንሳዊ ስሙ ኦሲመም ላሚፎለም(Ocimum lamiifolium) እየተባለ ይጠራል። ተክሉ ሁለገብ የሆነ የመድኃኒትነት ባህሪ አለው። በሀገራችን በአብዛኛው ቦታዎች የምች መድሀኒት በመባል ይታወቃል።
"
ከቆዳ ሰር ያለ እብጠት ማለት ምን ማለት ነዉ?,ከቆዳ ሰር ያለ እብጠት (LIPOMA) ይህ እብጠት በቆዳ እና በጦንቻ መካከል የሚክስት የስብ ክምችት ሲሆን ሲነካ የድፎ ዳቦ አይነት ይዘት አለው ሁኖም ገነ ሲነካ ህመም አልባ ከመሆኑ ባሻገር በጣቶቻችን ስንጫነው በቀላሉ ይንቀሳቀሳል፡፡ ,ከቆዳ ሰር ያለ እብጠት (LIPOMA) ይህ እብጠት በቆዳ እና በጦንቻ መካከል የሚክስት የስብ ክምችት ሲሆን ሲነካ የድፎ ዳቦ አይነት ይዘት አለው ሁኖም ገነ ሲነካ ህመም አልባ ከመሆኑ ባሻገር በጣቶቻችን ስንጫነው በቀላሉ ይንቀሳቀሳል፡፡ 
የቂጥ ኪንታሮት ማለት ምን ማለት ነዉ?,የቂጥ ኪንታሮት ሠገራን በምናስወገድ ጊዜ ከማማጥ ወይንም በእርግዝና ጊዜ በሚከሰት የደም ስሮች ላይ የሚገኝ ግፊት ምክንያት የሚመጣ ነዉ,የቂጥ ኪንታሮት ሠገራን በምናስወገድ ጊዜ ከማማጥ ወይንም በእርግዝና ጊዜ በሚከሰት የደም ስሮች ላይ የሚገኝ ግፊት ምክንያት የሚመጣ ነዉ
ማንኮራፋት ማለት ምን ማለት ነዉ?,ማንኮራፋት የምንለው በምንተኛበት ጊዜ በመተንፈሻ አካላችን ላይ በሚፈጠሩ ለውጦች ምክንያት በሚመጣ ድምፅ ነው። ማንኮራፋት አብሮ የሚተኛን ሰው ከመረበሽ ባለፈ አንዳንድ ትኩረት ሊሰጣቸው የሚገቡ የጤና እክሎች ምልክት ሊሆን ይችላል፡፡,ማንኮራፋት የምንለው በምንተኛበት ጊዜ በመተንፈሻ አካላችን ላይ በሚፈጠሩ ለውጦች ምክንያት በሚመጣ ድምፅ ነው። ማንኮራፋት አብሮ የሚተኛን ሰው ከመረበሽ ባለፈ አንዳንድ ትኩረት ሊሰጣቸው የሚገቡ የጤና እክሎች ምልክት ሊሆን ይችላል፡፡
የሆድ መንፋት ማለት ምን ማለት ነዉ?,የሆድ መንፋት ብዙ ምግብ ሳይኖር ሆዳችን የመሙላት ስሜት መሰማት፣የመጭነቅ ምቾት ማጣት ሲያስከትል ነው፡፡የሆድ መንፋት እምደ አደገኛ ምልክት የሚታይበት ወቅትም አለ፡፡,የሆድ መንፋት ብዙ ምግብ ሳይኖር ሆዳችን የመሙላት ስሜት መሰማት፣የመጭነቅ ምቾት ማጣት ሲያስከትል ነው፡፡የሆድ መንፋት እምደ አደገኛ ምልክት የሚታይበት ወቅትም አለ፡፡
የደም ግፊት በሽታ ማለት ምን ማለት ነዉ?,"የደም ግፊት በሽታ (Hypertensive Disorder"" ይህ ችግር በተለምዶ የደም ብዛት በመባል የሚታወቅ ሲሆን በጣም ከፍ ካለ የህመም ስሜት ሳይኖረው በፍጥነት የሚገድል (Silent Killer) ነው፡፡
","የደም ግፊት በሽታ (Hypertensive Disorder"" ይህ ችግር በተለምዶ የደም ብዛት በመባል የሚታወቅ ሲሆን በጣም ከፍ ካለ የህመም ስሜት ሳይኖረው በፍጥነት የሚገድል (Silent Killer) ነው፡፡
"
ማንጅራት ገትር በሽታ ማለት ምን ማለት ነዉ?,ማንጅራት ገትር በሽታ በድንገት የሚከሰትና የአንጎልንና የህብለሰረሰር ሽፋን የሆነውን ስስ አካል \meninges\ በማስቆጣት ከፍተኛ የህመም ስሜት የሚያስከትል ተላላፊ በሽታ ነው፡፡ ለዚህ በሽታ በተለያዩ አካባቢዎች የተለያዩ ስያሜዎች ቢሰጡትም በስፋት የሚታወቁት ስያሜዎቹ ግን ማንጅራት ገትር፣የጋንጃ በሽታና ሞኝ ባገኝ የሚባሉት ናቸው፡፡,ማንጅራት ገትር በሽታ በድንገት የሚከሰትና የአንጎልንና የህብለሰረሰር ሽፋን የሆነውን ስስ አካል \meninges\ በማስቆጣት ከፍተኛ የህመም ስሜት የሚያስከትል ተላላፊ በሽታ ነው፡፡ ለዚህ በሽታ በተለያዩ አካባቢዎች የተለያዩ ስያሜዎች ቢሰጡትም በስፋት የሚታወቁት ስያሜዎቹ ግን ማንጅራት ገትር፣የጋንጃ በሽታና ሞኝ ባገኝ የሚባሉት ናቸው፡፡
የሽንታችን ቀለም ውሃ መሰለ ማለት ምን ማለት ነዉ?,"ከመጠን ያለፈ ውሃ ስንጠጣ ያጋጥመናል ማለት ነዉ
","ከመጠን ያለፈ ውሃ ስንጠጣ ያጋጥመናል ማለት ነዉ
"
የሽንታችን ቀለም ደብዛዛ ነጭ መሰለ ማለት ምን ማለት ነዉ?,"ይህ የሚያሳየው በደንብ ውሃ እንደምንጠጣ  ነዉ

","ይህ የሚያሳየው በደንብ ውሃ እንደምንጠጣ  ነዉ

"
የሽንታችን ቀለም ነጣ ያለ ቢጫ መሰለ ማለት ምን ማለት ነዉ?,"ጤናማ ማለት ነዉ
","ጤናማ ማለት ነዉ
"
የሽንታችን ቀለም ደብዛዛ ቢጫ መሰለ ማለት ምን ማለት ነዉ?,"ጤናማ፤ ነገር ግን ውሃ መጠጣት ይኖርብናል ማለት ነዉ
","ጤናማ፤ ነገር ግን ውሃ መጠጣት ይኖርብናል ማለት ነዉ
"
የሽንታችን ቀለም ቡኒ ቢጫማ መሰለ ማለት ምን ማለት ነዉ?,"ውሃ ያለመጠጣት ወይም የጉበት በሽታ ምልክት ሊሆን ይችላል ማለት ነዉ
","ውሃ ያለመጠጣት ወይም የጉበት በሽታ ምልክት ሊሆን ይችላል ማለት ነዉ
"
የሽንታችን ቀለም ቀይ ሮዝማ መሰለ ማለት ምን ማለት ነዉ?,"የኩላሊት፣ የሽንት ቧንቧ ኢንፌክሽን ወይም የእጢ ምልክት ሊሆን ይችላል ማለት ነዉ
","የኩላሊት፣ የሽንት ቧንቧ ኢንፌክሽን ወይም የእጢ ምልክት ሊሆን ይችላል ማለት ነዉ
"
የሽንታችን ቀለም ሰማያዊ ወይም አረንጓዴ መሰለ ማለት ምን ማለት ነዉ?,"ያልተለመዱ በጀነቲክ የሚመጡ የበሽታ አይነት ምልክቶች ማለት ነዉ
","ያልተለመዱ በጀነቲክ የሚመጡ የበሽታ አይነት ምልክቶች ማለት ነዉ
"
የሽንታችን ቀለም አረፋማ መሰለ ማለት ምን ማለት ነዉ?,"የኩላሊት በሽታ ምልክት ማለት ነዉ
","የኩላሊት በሽታ ምልክት ማለት ነዉ
"
የአፍንጫ አለርጂ ማለት ምን ማለት ነዉ?,"የማሽተት ችሎታን ከመከላከል በላይ ሌሎች የአፍንጫን ስራዎች ያስተጓጉላል። አንድ ግለሰብ የአለርጂ ችግር ካለበት ወደ አፍንጫ የሚገቡ አንዳንድ የሚቆጠቁጡ አካላት ሲገጥሙት የመቆጥቆጥ ስሜት በአፍንጫ ዉስጥ ይፈጠራል። የሰውነት በሽታ ተከላካይ አካላት በበኩላቸዉ ይህንን ለመቋቋም ንጥረ ቅመሞችን (ለምሳሌ ሂስታሚንና ሊውኮትሪንስ) ይለቃሉ። የደም ቧንቧዎች ያብጣሉ። በዚህ ምክንያት የአፍንጫ መደፈንንና የንፍጥ መብዛትን ያስክትላል።
","የማሽተት ችሎታን ከመከላከል በላይ ሌሎች የአፍንጫን ስራዎች ያስተጓጉላል። አንድ ግለሰብ የአለርጂ ችግር ካለበት ወደ አፍንጫ የሚገቡ አንዳንድ የሚቆጠቁጡ አካላት ሲገጥሙት የመቆጥቆጥ ስሜት በአፍንጫ ዉስጥ ይፈጠራል። የሰውነት በሽታ ተከላካይ አካላት በበኩላቸዉ ይህንን ለመቋቋም ንጥረ ቅመሞችን (ለምሳሌ ሂስታሚንና ሊውኮትሪንስ) ይለቃሉ። የደም ቧንቧዎች ያብጣሉ። በዚህ ምክንያት የአፍንጫ መደፈንንና የንፍጥ መብዛትን ያስክትላል።
"
አብዝቶ የመጠራጠር የስብእና ህመም ማለት ምን ማለት ነዉ?,እንደዚህ አይነት ስብእና ያላቸው ሰዎች በብዛት 'ሲሪየስ' እና ለራሳቸው የተጋነነ ግምት የሚሰጡ ሲሆኑ ከሁሉም ሰው ጋር ያላቸውን ግንኙነት በንቃት ነው የሚከታተሉት።,እንደዚህ አይነት ስብእና ያላቸው ሰዎች በብዛት 'ሲሪየስ' እና ለራሳቸው የተጋነነ ግምት የሚሰጡ ሲሆኑ ከሁሉም ሰው ጋር ያላቸውን ግንኙነት በንቃት ነው የሚከታተሉት።
የጡት ካንሰር ማለት ምን ማለት ነዉ?,የጡት ካንሰር በ አለም አቀፍ ደረጃ የ ጡት ካንሰር  ሁለተኛ ካንሰር ተያያዥ ሴቶችን ገዳይ ሲሆን አንድ እና አንድ ብቻ የሆነ የካንሰሩ አምጪ ምክንያት የለዉም/አይታወቅም በመሆኑም እራሳችንን ከተለያዩ ከ ህመሙ አጋላጭ በመጠበቅ የህምሙን የመከሰት እድል መቀነስ እንችላለን።ህመም ,የጡት ካንሰር በ አለም አቀፍ ደረጃ የ ጡት ካንሰር  ሁለተኛ ካንሰር ተያያዥ ሴቶችን ገዳይ ሲሆን አንድ እና አንድ ብቻ የሆነ የካንሰሩ አምጪ ምክንያት የለዉም/አይታወቅም በመሆኑም እራሳችንን ከተለያዩ ከ ህመሙ አጋላጭ በመጠበቅ የህምሙን የመከሰት እድል መቀነስ እንችላለን።ህመም 
የአይን ሞራ ማለት ምን ማለት ነዉ?,የአይን ሞራ ማለት ትክክለኛው ንጹህ የሆነው የአይናችን ሌንስ ጉም/ጨለማ መሆን ማለት ነው።የአይን ሞራ ላለባቸው ሰዎች በዚ ጉም  በሆነ ሌንስ ዉስጥ ማየት ማለት ጭጋግ/ዉርጭ በሞላው ደመና ዉስጥ ዉጩን በመስኮት እንደ ማየት ነው። ,የአይን ሞራ ማለት ትክክለኛው ንጹህ የሆነው የአይናችን ሌንስ ጉም/ጨለማ መሆን ማለት ነው።የአይን ሞራ ላለባቸው ሰዎች በዚ ጉም  በሆነ ሌንስ ዉስጥ ማየት ማለት ጭጋግ/ዉርጭ በሞላው ደመና ዉስጥ ዉጩን በመስኮት እንደ ማየት ነው። 
ራስ ምታት ማለት ምን ማለት ነዉ?,"ራስ ምታት በአብዛኛው በራሱ በሽታ ከመሆን ይልቅ የሌላ በሽታ መገለጫ ነው፡፡ብዙ የራስ ምታት አይነቶች ቢኖሩም ሁሉም አንድ የሆነ መለያ አላቸው፡፡ ይኸውም ህመም ማስከተላቸው ነው፡፡ አንዳንዶቹ በራስ ህመም ብቻ ሲያቆሙ ሌሎቹ ደግሞ እንደ ማቅለሽለሽ እና ማስታወክ የመሳሰሉትን ያስከትላሉ፡፡ ራስ ምታት በብዛት አደጋ የሌለውና በቀላሉ ልትከላከለው የምትችለው ነገር ነው፡፡
","ራስ ምታት በአብዛኛው በራሱ በሽታ ከመሆን ይልቅ የሌላ በሽታ መገለጫ ነው፡፡ብዙ የራስ ምታት አይነቶች ቢኖሩም ሁሉም አንድ የሆነ መለያ አላቸው፡፡ ይኸውም ህመም ማስከተላቸው ነው፡፡ አንዳንዶቹ በራስ ህመም ብቻ ሲያቆሙ ሌሎቹ ደግሞ እንደ ማቅለሽለሽ እና ማስታወክ የመሳሰሉትን ያስከትላሉ፡፡ ራስ ምታት በብዛት አደጋ የሌለውና በቀላሉ ልትከላከለው የምትችለው ነገር ነው፡፡
"
ካንሰር ማለት ምን ማለት ነዉ?,ካንሰር ግን እጅግ ክፉ ነው የተለያዩ አይነት የካንሰር በሽታዎች ቢኖሩም በደፈናው ካንሰር ሲባል ውስጣችን ክፉኛ ይረበሻል በአለማችን ላይ ግንባር ቀደም ለሞት የሚዳርጉ ከሚባሉ በሽታዎች ተርታ የሚሰልፍ ነው,ካንሰር ግን እጅግ ክፉ ነው የተለያዩ አይነት የካንሰር በሽታዎች ቢኖሩም በደፈናው ካንሰር ሲባል ውስጣችን ክፉኛ ይረበሻል በአለማችን ላይ ግንባር ቀደም ለሞት የሚዳርጉ ከሚባሉ በሽታዎች ተርታ የሚሰልፍ ነው
ዝቅተኛ የደም ግፊት ማለት ምን ማለት ነዉ?,ዝቅተኛ የደም ግፊት (hypotension) ተብሎ የሚጠራው የደም ግፊት ዝቅተኛ ሲሆን ይህም የደም ዝውውር ወደ የሰውነት ክፍሎች በቂ ስላልሆነ ዝቅተኛ የደም መፍሰስ ምልክቶች እና / ወይም ምልክቶች ይከሰታሉ.,ዝቅተኛ የደም ግፊት (hypotension) ተብሎ የሚጠራው የደም ግፊት ዝቅተኛ ሲሆን ይህም የደም ዝውውር ወደ የሰውነት ክፍሎች በቂ ስላልሆነ ዝቅተኛ የደም መፍሰስ ምልክቶች እና / ወይም ምልክቶች ይከሰታሉ.
ጤናማ የደም ግፊ ማለት ምን ማለት ነዉ?,ጤናማ የደም ግፊት (Healthy blood pressure)፣ ዘወትር ሲለካ የደም ግፊት ቁጥር ከ 120/80 በታች ከሆነ ጤናማ ነው። ,ጤናማ የደም ግፊት (Healthy blood pressure)፣ ዘወትር ሲለካ የደም ግፊት ቁጥር ከ 120/80 በታች ከሆነ ጤናማ ነው። 
የደም ማነስ ማለት ምን ማለት ነዉ?,የደም ማነስ የቀይ የደም ሴሎች ብዛት ወይም የሂሞግሎቢን መጠን ከመደበኛ በታች የሆነበት የጤና ችግር ነው። ,የደም ማነስ የቀይ የደም ሴሎች ብዛት ወይም የሂሞግሎቢን መጠን ከመደበኛ በታች የሆነበት የጤና ችግር ነው። 
የቶንሲል ህመም ማለት ምን ማለት ነዉ?,ቅባትነት ያላቸውን ምግቦች በፀሐይ ላይ መመገብ፣ እንደ አይስክሬም ያሉ የቀዘቀዙ ምግቦችን በተለይ ለህፃናት መስጠትና በከባድ ፀሐይ መመታት፤ ከቶንሲል ህመም ጋር ምንም አይነት ግንኙነት እንደሌለውና በሽታው በባክቴሪያና በቫይረስ ሳቢያ የሚከሰት የጤና ችግር ነው።,ቅባትነት ያላቸውን ምግቦች በፀሐይ ላይ መመገብ፣ እንደ አይስክሬም ያሉ የቀዘቀዙ ምግቦችን በተለይ ለህፃናት መስጠትና በከባድ ፀሐይ መመታት፤ ከቶንሲል ህመም ጋር ምንም አይነት ግንኙነት እንደሌለውና በሽታው በባክቴሪያና በቫይረስ ሳቢያ የሚከሰት የጤና ችግር ነው።
የአስም በሽታ ማለት ምን ማለት ነዉ?,የአስም በሽታ አየርን ወደ ሳምባ የሚወስድ የአየር ቧምቧን እና በሳምባ ውስጥ የሚገኙ ትናንሽ የአየር ቱቦዎችን የሚያጠቃ በሽታ ነው፡፡ ,የአስም በሽታ አየርን ወደ ሳምባ የሚወስድ የአየር ቧምቧን እና በሳምባ ውስጥ የሚገኙ ትናንሽ የአየር ቱቦዎችን የሚያጠቃ በሽታ ነው፡፡ 
የስኳር ህመም ማለት ምን ማለት ነዉ?,የስኳር ህመም የእድሜ ልክ ህመም ነው ፤ የደም የስኳር መጠን ለረጅም ጊዜ ከልክ በላይ መጨመር ነው። እስካሁን ድረስ መተኪያ መድሀኒት እንጅ ፈውስ የለውም። የስኳር ህመምን መከላከል እና መቀነስ ይቻላል። ,የስኳር ህመም የእድሜ ልክ ህመም ነው ፤ የደም የስኳር መጠን ለረጅም ጊዜ ከልክ በላይ መጨመር ነው። እስካሁን ድረስ መተኪያ መድሀኒት እንጅ ፈውስ የለውም። የስኳር ህመምን መከላከል እና መቀነስ ይቻላል። 
ኢንሱሊን ማለት ምን ማለት ነዉ?,"ኢንሱሊን - Insulin ከምግብ በኋላ የደም የስኳር መጠን ሲጨምር ከቆሽት ወደ ደም ስር በመለቀቅ ለጊዜው አገልግሎት ላይ የማይውለውን የስኳር መጠን ወደ ጡንቻወቻችን: ስብ እና ወደ ጉበት ውስጥ እንዲሰርግ በማድረግ የስኳር መጠንን ያስተካክላል። 
","ኢንሱሊን - Insulin ከምግብ በኋላ የደም የስኳር መጠን ሲጨምር ከቆሽት ወደ ደም ስር በመለቀቅ ለጊዜው አገልግሎት ላይ የማይውለውን የስኳር መጠን ወደ ጡንቻወቻችን: ስብ እና ወደ ጉበት ውስጥ እንዲሰርግ በማድረግ የስኳር መጠንን ያስተካክላል። 
"
ግሉካጎን ማለት ምን ማለት ነዉ?,"ግሉካጎን - Glucagon የሰውነት የስኳር መጠን ሲያንስ በጡንቻ በጉበት እና በስብ መልክ ከተከማቸ ግላይኮጅን ግሉኮስ እንዲመረት በማድረግ የደም የስኳር መጠን ከፍ እንዲል ያደርጋል።
","ግሉካጎን - Glucagon የሰውነት የስኳር መጠን ሲያንስ በጡንቻ በጉበት እና በስብ መልክ ከተከማቸ ግላይኮጅን ግሉኮስ እንዲመረት በማድረግ የደም የስኳር መጠን ከፍ እንዲል ያደርጋል።
"
የነርቭ ዘንግ ክፍተት ማለት ምን ማለት ነዉ?,የነርቭ ዘንግ ክፍተት ያለባቸው ህፃናት ተያያዥ የጭንቅላት መጠን በአእምሮ ፈሳሽ መሞላትና መጠኑ መጨመር (hydrocephalus)፣ የእግር አለመንቀሳቀስ መጣመምና ውስጣዊ አካላዊ ችግሮች ሊኖሩባቸው ይችላሉ፡፡,የነርቭ ዘንግ ክፍተት ያለባቸው ህፃናት ተያያዥ የጭንቅላት መጠን በአእምሮ ፈሳሽ መሞላትና መጠኑ መጨመር (hydrocephalus)፣ የእግር አለመንቀሳቀስ መጣመምና ውስጣዊ አካላዊ ችግሮች ሊኖሩባቸው ይችላሉ፡፡
ግላኮማ ማለት ምን ማለት ነዉ?,ግላኮማ በብርሃን አማካኝነት ዓይናችን የሚቀበለዉን መረጃ ለአንጎላችን የሚያደርሰዉን እይታይ ነርቭ የሚያጠቃ የዓይን ጤና ችግር ነዉ። ,ግላኮማ በብርሃን አማካኝነት ዓይናችን የሚቀበለዉን መረጃ ለአንጎላችን የሚያደርሰዉን እይታይ ነርቭ የሚያጠቃ የዓይን ጤና ችግር ነዉ። 
የአሲድ ሪፍለክስ ማለት ምን ማለት ነዉ?,"የአሲድ ሪፍለክስ ማለት በጨጓራ ውስጥ ምግብን ለማብላላት የሚመነጨው አሲድ ወደ ምግብ ቱቦ (esophagus) እና ጉሮሮ ሲመጣ የሚከሠት ነው።
","የአሲድ ሪፍለክስ ማለት በጨጓራ ውስጥ ምግብን ለማብላላት የሚመነጨው አሲድ ወደ ምግብ ቱቦ (esophagus) እና ጉሮሮ ሲመጣ የሚከሠት ነው።
"
ታይፎይድ ማለት ምን ማለት ነዉ?,"ታይፎይድ (typhoid fever) ሳልሞኔላ(salmonella) በሚባል ባክቴሪያ የሚመጣ ሲሆን ከሰው ወደ ሠው የሚተላለፈውም በበሽታው የተያዘ ሰው በሚፀዳዳበት ጊዜ በሠገራው የሚወጣው ባክቴሪያ ለመጠጥ ወይም ለምግብ ዝግጅት የሚውል ውሃን ሲበክል
","ታይፎይድ (typhoid fever) ሳልሞኔላ(salmonella) በሚባል ባክቴሪያ የሚመጣ ሲሆን ከሰው ወደ ሠው የሚተላለፈውም በበሽታው የተያዘ ሰው በሚፀዳዳበት ጊዜ በሠገራው የሚወጣው ባክቴሪያ ለመጠጥ ወይም ለምግብ ዝግጅት የሚውል ውሃን ሲበክል
"
የምች በሽታ ማለት ምን ማለት ነዉ?,"የምች በሽታ በተለምዶ የምች በሽታ የምንለው (Cold sores ) የሚከሰተው የኸርፒስ (Herpes) ቫይረስ 1 በሚባሉ በሽታ አምጭ ተዋህስያን ነው። 
","የምች በሽታ በተለምዶ የምች በሽታ የምንለው (Cold sores ) የሚከሰተው የኸርፒስ (Herpes) ቫይረስ 1 በሚባሉ በሽታ አምጭ ተዋህስያን ነው። 
"
አጥንት መሳሳት ማለት ምን ማለት ነዉ?,አጥንት መሳሳት በአብዛኛው አድሜያቸው ከ50 ዓመት በላይ የሆኑ ወገኖችን የሚያጠቃ ሲሆን፥ ለየት ባለ መልኩም ማረጥን (የወር አበባ መቆምን) ተከትሎ በሚከሰቱ የሆርሞን ለውጦች ምክንያት እናቶችን በከፍተኛ ሁኔታ ያጠቃል። ,አጥንት መሳሳት በአብዛኛው አድሜያቸው ከ50 ዓመት በላይ የሆኑ ወገኖችን የሚያጠቃ ሲሆን፥ ለየት ባለ መልኩም ማረጥን (የወር አበባ መቆምን) ተከትሎ በሚከሰቱ የሆርሞን ለውጦች ምክንያት እናቶችን በከፍተኛ ሁኔታ ያጠቃል። 
የሃሞት ጠጠር ማለት ምን ማለት ነዉ?,አንድ ሰው በሃሞት ከረጥቱ ውስጥ ጠጠር ከተፈጠረ የሃሞት ጠጠር አለ እንላን፡፡ ይህም አንድ ሰው የተለያየ ምርመራ በሚያደርግበት ጊዜ ሊታውቅ ይቸላል፡፡ነገር ግን ሰውየው ለተለያዩ ህምሞች የሃሞት ጠጠር ከተገኘበት ሕመሙ በሃትሞት ጠጠሩ ምክንያት ዐልያም እንዳጋጣሚ አብሮ ሊኖር ይችላል፡፡,አንድ ሰው በሃሞት ከረጥቱ ውስጥ ጠጠር ከተፈጠረ የሃሞት ጠጠር አለ እንላን፡፡ ይህም አንድ ሰው የተለያየ ምርመራ በሚያደርግበት ጊዜ ሊታውቅ ይቸላል፡፡ነገር ግን ሰውየው ለተለያዩ ህምሞች የሃሞት ጠጠር ከተገኘበት ሕመሙ በሃትሞት ጠጠሩ ምክንያት ዐልያም እንዳጋጣሚ አብሮ ሊኖር ይችላል፡፡
ትርፍ አንጀት ማለት ምን ማለት ነዉ?,ትርፍ አንጀት እንደ ሌሎች የሰውነት ክፍሎች በተለያየ ህመም የሚጠቃ ሲሆን በዋናነት የሚታወቀው የትርፍ አንጀት በሽታ ትርፍ አንጀቱ በሚቆጣበት ጊዜ የሚፈጠር ሲሆን ለምን ትርፍ አንጀት እንደሚቆጣ የተለያዩ ምክንያቶች ቢኖሩም በዋናነት ቱቦው በሚዘጋበት ጊዜ ነው ,ትርፍ አንጀት እንደ ሌሎች የሰውነት ክፍሎች በተለያየ ህመም የሚጠቃ ሲሆን በዋናነት የሚታወቀው የትርፍ አንጀት በሽታ ትርፍ አንጀቱ በሚቆጣበት ጊዜ የሚፈጠር ሲሆን ለምን ትርፍ አንጀት እንደሚቆጣ የተለያዩ ምክንያቶች ቢኖሩም በዋናነት ቱቦው በሚዘጋበት ጊዜ ነው 
የወፌት በሽታ ማለት ምን ማለት ነዉ?,"በደም ዉስጥ ቢሉሩቢን የሚባል ንጥረ ነገር አለ፡፡  ይህ ንጠረ ነገር መጠን ሢጨምር መጀመሪያ ዓይን ቀጥሎም ሰውነት ቢጫ ይሆናል፡፡ይህ በሽታ የወፌ በመባል ይጣወቃል፡፡
","በደም ዉስጥ ቢሉሩቢን የሚባል ንጥረ ነገር አለ፡፡  ይህ ንጠረ ነገር መጠን ሢጨምር መጀመሪያ ዓይን ቀጥሎም ሰውነት ቢጫ ይሆናል፡፡ይህ በሽታ የወፌ በመባል ይጣወቃል፡፡
"
አጣዳፊ የሆድ ህመም ማለት ምን ማለት ነዉ?,"አጣዳፊ የሆድ ህመም የምንለው ባባዛኛው ጤነኛ የነበረ ሰው በድንገት ከባድ የሆነ የሆድ ህመም ከተሰማው አጣዳፊ የሆድ ህምም ሊሆን ይችላል፡፡ አጣዳፊ የሆድ ህመም የተሰማው ሰው ቶሎ ሃኪም ቤት ሄዶ መታየት ይኖርበታል፡፡ 
","አጣዳፊ የሆድ ህመም የምንለው ባባዛኛው ጤነኛ የነበረ ሰው በድንገት ከባድ የሆነ የሆድ ህመም ከተሰማው አጣዳፊ የሆድ ህምም ሊሆን ይችላል፡፡ አጣዳፊ የሆድ ህመም የተሰማው ሰው ቶሎ ሃኪም ቤት ሄዶ መታየት ይኖርበታል፡፡ 
"
የአይን ቆብ ላይ የሚፈጠር እብጠት ማለት ምን ማለት ነዉ?,"የአይን ቆብ ላይ የሚፈጠር እብጠት ማለት የላይኛው የአይን ቆብ ብግነት ወይም መቆጣት መቅላት ማበጥ ማለት ሲሆን ይህ ሁኔታ ከሰው ወደ ሰው ተላላፊ አይደለም፡፡ 
","የአይን ቆብ ላይ የሚፈጠር እብጠት ማለት የላይኛው የአይን ቆብ ብግነት ወይም መቆጣት መቅላት ማበጥ ማለት ሲሆን ይህ ሁኔታ ከሰው ወደ ሰው ተላላፊ አይደለም፡፡ 
"
ላክቶስ ማለት ምን ማለት ነዉ?,ላክቶስ ወይም ወተት አለመስማማት የሚከስትዉ ትንሹ አንጀትዎ ወተት ለመፈጨት የሚያስችል ኢንዛይም በበቂ መጠን ማምረት ሲያቅተዉ ነዉ ፡፡,ላክቶስ ወይም ወተት አለመስማማት የሚከስትዉ ትንሹ አንጀትዎ ወተት ለመፈጨት የሚያስችል ኢንዛይም በበቂ መጠን ማምረት ሲያቅተዉ ነዉ ፡፡
ችፌ ማለት ምን ማለት ነዉ?,ችፌ (eczema) የተለመደ የቆዳ ላይ ህመም ሲሆን ልጆች አንድ አመት ሳይሞላቸው ይከሰታል ፡፡ በችፌ(eczema) የተጠቃ ቆዳ ይደርቃል ይቀላል እና ያሳክካቸዋል ነገር ግን ማሳከኩን ልጆች ስሜታቸውን መግለጽ ስለማይችሉ ላናስተውለው እንችላለን፡፡ችፌ (eczema) አይድንም ግን መቆጣጠር ይቻላል በተጨማሪም ችፌ(eczema) ተላለፊ አይደለም፡፡,ችፌ (eczema) የተለመደ የቆዳ ላይ ህመም ሲሆን ልጆች አንድ አመት ሳይሞላቸው ይከሰታል ፡፡ በችፌ(eczema) የተጠቃ ቆዳ ይደርቃል ይቀላል እና ያሳክካቸዋል ነገር ግን ማሳከኩን ልጆች ስሜታቸውን መግለጽ ስለማይችሉ ላናስተውለው እንችላለን፡፡ችፌ (eczema) አይድንም ግን መቆጣጠር ይቻላል በተጨማሪም ችፌ(eczema) ተላለፊ አይደለም፡፡
የቆሽት ብግነት ማለት ምን ማለት ነዉ?,የቆሽት ብግነት  (pancreatitis) ማለት በቆሽት መቆጣት ምክንያት የሚመጣ ህመም ነው ፡፡ ቆሽት ከሆድ በስተጀርባ የሚገኝ ትልቅ የሰውነት ክፍል ሲሆን ምግብ እንዲፈጭ የሚያደርጉ ኢንዛይሞችን እና በርካታ ሆርሞኖችን ያመርታል በሽታው በድንገት ሊጀምር እና ለቀናት ሊቆይ ይችላል ወይም ለብዙ ዓመታት ሊቆይ ይችላል።,የቆሽት ብግነት  (pancreatitis) ማለት በቆሽት መቆጣት ምክንያት የሚመጣ ህመም ነው ፡፡ ቆሽት ከሆድ በስተጀርባ የሚገኝ ትልቅ የሰውነት ክፍል ሲሆን ምግብ እንዲፈጭ የሚያደርጉ ኢንዛይሞችን እና በርካታ ሆርሞኖችን ያመርታል በሽታው በድንገት ሊጀምር እና ለቀናት ሊቆይ ይችላል ወይም ለብዙ ዓመታት ሊቆይ ይችላል።
የፅንስ አቀማመጥ ማለት ምን ማለት ነዉ?,የፅንስ አቀማመጥ ፅንሱ በማህፀን በር ቱቦ ላይ ምን አይነት አቀማመጥ እንደያዘ ይገልጻል. ,የፅንስ አቀማመጥ ፅንሱ በማህፀን በር ቱቦ ላይ ምን አይነት አቀማመጥ እንደያዘ ይገልጻል. 
ጤናማ የሆነ የፅንስ አቀማመጥ ማለት ምን ማለት ነዉ?,"ጤናማ የሆነ የፅንስ አቀማመጥ የፅንሱ መሃል ጭንቅላት በማህፀን በር ላይ ፣ ፊቱ ወደ እናት ጀርባ እና የፅንሱ አገጭ ደረት የነካ ከሆነ ይህ የቨርቴክስ አቀማመጥ (vertex presentation) ይባላል። ፅንሱ በማንኛውም ሌላ ቦታ ላይ ከሆነ ጤናማ ያልሆነ የፅንስ አቀማመጥ ይባላል፡፡

","ጤናማ የሆነ የፅንስ አቀማመጥ የፅንሱ መሃል ጭንቅላት በማህፀን በር ላይ ፣ ፊቱ ወደ እናት ጀርባ እና የፅንሱ አገጭ ደረት የነካ ከሆነ ይህ የቨርቴክስ አቀማመጥ (vertex presentation) ይባላል። ፅንሱ በማንኛውም ሌላ ቦታ ላይ ከሆነ ጤናማ ያልሆነ የፅንስ አቀማመጥ ይባላል፡፡

"
ጤናማ ያልሆነ የፅንስ አቀማመጥ ማለት ምን ማለት ነዉ?,ጤናማ ያልሆነ የፅንስ አቀማመጥ የፅንሱ ፊት፣ ግንባር፣ መቀመጫ፣ እግር፣ ትከሻ፣ ክንድ፣ እና እምብርት በማህጸን ጫፍ አቅጣጫ ሲመጡ ማለት ነው።,ጤናማ ያልሆነ የፅንስ አቀማመጥ የፅንሱ ፊት፣ ግንባር፣ መቀመጫ፣ እግር፣ ትከሻ፣ ክንድ፣ እና እምብርት በማህጸን ጫፍ አቅጣጫ ሲመጡ ማለት ነው።
ውርጃ ማለት ምን ማለት ነዉ?,ውርጃ የሚባለው ከ28 ሳምንት በፊት ድንገተኛ የሆነ የፅንስ መቋረጥ ሂደት ነው,ውርጃ የሚባለው ከ28 ሳምንት በፊት ድንገተኛ የሆነ የፅንስ መቋረጥ ሂደት ነው
የጥፍር መጥቆር ማለት ምን ማለት ነዉ?,የጥፍር መጥቆር በእግር ወይም በእጅ ላይ ሊከሰት ይችላል፡፡ ይህ የጥፍር መጥቆር ችግር የሚከሰተው ሜላኒን የተባለው የሰውነታችን ንጥረ ነገር የሚበዛ ከሆነ ይህ ችግር እንዲፈጠር ያደርጋል፡፡,የጥፍር መጥቆር በእግር ወይም በእጅ ላይ ሊከሰት ይችላል፡፡ ይህ የጥፍር መጥቆር ችግር የሚከሰተው ሜላኒን የተባለው የሰውነታችን ንጥረ ነገር የሚበዛ ከሆነ ይህ ችግር እንዲፈጠር ያደርጋል፡፡
አጣዳፊ የኩላሊት ህመም ማለት ምን ማለት ነዉ?,አጣዳፊ የኩላሊት ህመም ማለት በድንገት የኩላሊት ተግባር መቀነስ ሲሆን በጥቂት ሳምንታት ይፈጠራል፡፡ አጣዳፊ የኩላሊት ህመም በደም ውስጥ ያለ የኬራቲኒን (creatinine) መጠን እንዲጨምር እና የሽንት መጠን እንዲቀንስ ያደርጋል፡፡,አጣዳፊ የኩላሊት ህመም ማለት በድንገት የኩላሊት ተግባር መቀነስ ሲሆን በጥቂት ሳምንታት ይፈጠራል፡፡ አጣዳፊ የኩላሊት ህመም በደም ውስጥ ያለ የኬራቲኒን (creatinine) መጠን እንዲጨምር እና የሽንት መጠን እንዲቀንስ ያደርጋል፡፡
የሳምባ ምች ማለት ምን ማለት ነዉ?,የሳምባ ምች በአንድ ወይም በሁለቱም የአየር ከረጢቶች ላይ ብግነት የሚፈጥር የሳንባ ኢንፌክሽን ነው፡፡ የአየር ከረጢቶቹ በፈሳሽ ወይም በመግል ሊሞሉ ይችላሉ፤ ይህም በአክታ፣ ትኩሳት፣ ብርድ ብርድ ማለት እና የመተንፈስ ችግር ያስከትላል። ,የሳምባ ምች በአንድ ወይም በሁለቱም የአየር ከረጢቶች ላይ ብግነት የሚፈጥር የሳንባ ኢንፌክሽን ነው፡፡ የአየር ከረጢቶቹ በፈሳሽ ወይም በመግል ሊሞሉ ይችላሉ፤ ይህም በአክታ፣ ትኩሳት፣ ብርድ ብርድ ማለት እና የመተንፈስ ችግር ያስከትላል። 
በሰውነት ውስጥ ፈሳሽ እጥረት ማለት ምን ማለት ነዉ?,በሰውነት ውስጥ ፈሳሽ እጥረት ከሰውነት ውስጥ ብዙ ፈሳሽ በመጥፋቱ ምክንያት የሚከሰት ሁኔታ ነው፡፡ ይህ የሚከሰተው እርስዎ ከሚወስዱት በላይ ፈሳሽ ሲያስዎግዱ እና ሰውነትዎ በትክክል ለመስራት በቂ ፈሳሽ ከሌለው ይህ ችግር ሊከሰት ይችላል።,በሰውነት ውስጥ ፈሳሽ እጥረት ከሰውነት ውስጥ ብዙ ፈሳሽ በመጥፋቱ ምክንያት የሚከሰት ሁኔታ ነው፡፡ ይህ የሚከሰተው እርስዎ ከሚወስዱት በላይ ፈሳሽ ሲያስዎግዱ እና ሰውነትዎ በትክክል ለመስራት በቂ ፈሳሽ ከሌለው ይህ ችግር ሊከሰት ይችላል።
የሰውነት ውስጥ ፈሳሽ እጥረት ምንድን ነዉ?,የሰውነት ውስጥ ፈሳሽ እጥረት ከሰውነት ውስጥ ብዙ ፈሳሽ በመጥፋቱ ምክንያት የሚከሰት ሁኔታ ነው፡፡,የሰውነት ውስጥ ፈሳሽ እጥረት ከሰውነት ውስጥ ብዙ ፈሳሽ በመጥፋቱ ምክንያት የሚከሰት ሁኔታ ነው፡፡
የሰውነት ውስጥ ፈሳሽ እጥረት መንስኤዎች ምንምን ናቸዉ?,"ከፍተኛ ትኩሳት፣በደም ዉስጥ የስኳር መጠን መጨመር፣ከመጠን በላይ ላብ
","ከፍተኛ ትኩሳት፣በደም ዉስጥ የስኳር መጠን መጨመር፣ከመጠን በላይ ላብ
"
የሰውነት ውስጥ ፈሳሽ እጥረት ምልክቱ ምንድን ነዉ?,"የከንፈር፣ምላስ እና ጉሮሮ መድረቅ፣ከፍተኛ የሆነ የዉሃ ጥማት
","የከንፈር፣ምላስ እና ጉሮሮ መድረቅ፣ከፍተኛ የሆነ የዉሃ ጥማት
"
የሰውነት ፈሳሽን እጥረትን መከላከል ይቻላል?,የሰውነት ፈሳሽ እጥረት ለመከላከል ዋናው ነገር በቂ ፈሳሽ ማግኘትዎን ማረጋገጥ ነው,የሰውነት ፈሳሽ እጥረት ለመከላከል ዋናው ነገር በቂ ፈሳሽ ማግኘትዎን ማረጋገጥ ነው
የሰውነት ፈሳሽን እጥረት ህክምናዉ ምንድን ነዉ?,ፈሳሽ ነገር አብዝቶ መዉሰድ፣ካፊን ያላቸዉ ነገሮችን ከመዉሰድ መቆጠብ፣መንስኤ የሆኑ ችግሮችን ማከም፣ኦ አር ኤስ (ORS) መጠቀም,ፈሳሽ ነገር አብዝቶ መዉሰድ፣ካፊን ያላቸዉ ነገሮችን ከመዉሰድ መቆጠብ፣መንስኤ የሆኑ ችግሮችን ማከም፣ኦ አር ኤስ (ORS) መጠቀም
" ከርቀት የማየት ችግር መንስኤ ምንድን ነዉ?
",በዘር የሚተላለፍ / ይህ በብዛት የሚታየው ከ8-12 አመት የእድሜ ክልል ውስጥ ነው፣ የዓይን ኳስ ትልቅ መሆን ,በዘር የሚተላለፍ / ይህ በብዛት የሚታየው ከ8-12 አመት የእድሜ ክልል ውስጥ ነው፣ የዓይን ኳስ ትልቅ መሆን 
 ከርቀት የማየት ችግር ምልክቱ ምንድን ነዉ?,"ከሩቅ ያሉ ነገሮችን ሲያዩ መደብዘዝ፣ራስ ምታት
","ከሩቅ ያሉ ነገሮችን ሲያዩ መደብዘዝ፣ራስ ምታት
"
" ከርቀት የማየት ችግር መከላከያ መንገድ ምንድን ነዉ?
",ከርቀት የማየት ችግር መከላከል አንችልም ነገር ግን ጥንቃቄዎች በማድረግ እይታችንን ማስተካከል እንችላለን,ከርቀት የማየት ችግር መከላከል አንችልም ነገር ግን ጥንቃቄዎች በማድረግ እይታችንን ማስተካከል እንችላለን
ከርቀት የማየት ችግር ህክምና ዘርዝር,ቀላሉ መንገድ ሩቅ የማየት ችግር ለማከም ምረመራ ከተደረገ በኋላ የሚታዘዙ የአይን መነፃሮች፣በአይን ውስጥ የምትደረግ ሌንስ ማድረግ (contact lenses) እይታን ለማስተካከል.,ቀላሉ መንገድ ሩቅ የማየት ችግር ለማከም ምረመራ ከተደረገ በኋላ የሚታዘዙ የአይን መነፃሮች፣በአይን ውስጥ የምትደረግ ሌንስ ማድረግ (contact lenses) እይታን ለማስተካከል.
ለግሉተን ፕሮቲን አለርጂ ሊያጋልጡ የሚችሉ ሁኔታዎች ዘርዝር,በቤተሰብ ተመሳሳ ችግር ካለ፣አይነት አንድ የስኳር ህመም ካለ፣የዘረመል ችግር (ዳዉን ሲንድረም)ካለ,በቤተሰብ ተመሳሳ ችግር ካለ፣አይነት አንድ የስኳር ህመም ካለ፣የዘረመል ችግር (ዳዉን ሲንድረም)ካለ
"የግሉተን ፕሮቲን አለርጂ የሚያስከትላቸዉ መዘዞች ዘርዝር
",የምግብ እጥረት፣የአጥንት መሳሳት፣የጣፊያ ስራ መዳከም,የምግብ እጥረት፣የአጥንት መሳሳት፣የጣፊያ ስራ መዳከም
ብሮንካይተስ  እንዴትስ  ይከሰታል?,ብሮንካይተስ የመተንፈሻ አካል በሽታ ሲሆን ወደ ሳንባችን አየር ሚያጓጉዙ ቱቦዎች በሚቆጡበት እና በሚያብጡበት ወቅት የሚፈጠር ነው፡፡,ብሮንካይተስ የመተንፈሻ አካል በሽታ ሲሆን ወደ ሳንባችን አየር ሚያጓጉዙ ቱቦዎች በሚቆጡበት እና በሚያብጡበት ወቅት የሚፈጠር ነው፡፡
የመርሳት  በሽታ መንስኤ ምንድን ነዉ?,"አልዛይመር (Alzheimer's disease) ፣ የደም ግፍት ወይም መርጋት ህመም
","አልዛይመር (Alzheimer's disease) ፣ የደም ግፍት ወይም መርጋት ህመም
"
የመርሳት  በሽታ መንስኤ ምልክቱ ነዉ?,አብዛኛውን ጊዜ የማስታወስ ችሎታ መቀነስ ከባድ የመርሳት ችግር ቀዳሚና በጉልህ የሚታይ ምልክት ነው፡፡,አብዛኛውን ጊዜ የማስታወስ ችሎታ መቀነስ ከባድ የመርሳት ችግር ቀዳሚና በጉልህ የሚታይ ምልክት ነው፡፡
ራሰ በራነት መንስኤውን ዘርዝር,በእድሜ መግፋት፣የሆርሞን ለውጦች፣አንዳንድ ፀጉርን የሚያረግፉ ህመሞች፣ይህ ችግር በቤተሰብ ካለ,በእድሜ መግፋት፣የሆርሞን ለውጦች፣አንዳንድ ፀጉርን የሚያረግፉ ህመሞች፣ይህ ችግር በቤተሰብ ካለ
የቁርጭምጭሚት እብጠት መንስኤው ምንድን ነው?,ከመጠን በላይ መወፈር፣ የደም ሥር ጋር ተያያዝ ችግሮች C1700,ከመጠን በላይ መወፈር፣ የደም ሥር ጋር ተያያዝ ችግሮች C1700
በእርግዝና ወቅት የቁርጭምጭሚት እብጠት እና እግሮች ለምን ይከሰታል?,በማሕፀንዎ ተጨማሪ ክብደት ምክንያት በደም ቧንቧዎች ላይ ጫና፣በሆርሞኖች ለውጥ,በማሕፀንዎ ተጨማሪ ክብደት ምክንያት በደም ቧንቧዎች ላይ ጫና፣በሆርሞኖች ለውጥ
የቁርጭምጭሚት እብጠት ምን አይነት ችግሮች ሊያስከትል ይችላል?,"ከቁርጭምጭሚት እብጠት የሚመጡ ችግሮች የሚከተሉትን ሊያካትቱ ይችላሉ፡-፣እብጠት መጨመር፣መቅላት ወይም ሙቀት፣ከዚህ ቀደም ያልነበረ ድንገተኛ ህመም
","ከቁርጭምጭሚት እብጠት የሚመጡ ችግሮች የሚከተሉትን ሊያካትቱ ይችላሉ፡-፣እብጠት መጨመር፣መቅላት ወይም ሙቀት፣ከዚህ ቀደም ያልነበረ ድንገተኛ ህመም
"
"ያበጠ ቁርጭምጭሚት እንዴት ይታከማል?
",እረፍት ያድርጉ፣በረዶ ከ 15 እስከ 20 ደቂቃዎች በተቻለዎት መጠን ቦታዎ ላይ ይያዙት ከዚያ በየሶስት እስከ አራት ሰአታት ይድገሙት፡፡,እረፍት ያድርጉ፣በረዶ ከ 15 እስከ 20 ደቂቃዎች በተቻለዎት መጠን ቦታዎ ላይ ይያዙት ከዚያ በየሶስት እስከ አራት ሰአታት ይድገሙት፡፡
"በልጆች ላይ የሽንት ቧንቧ ኢንፌክሽን ሲከሰት የሚያሳዩአቸዉ ምልክቶች ዘርዝር
",ቶሎ ቶሎ ሽንት መሽናት፣በሽንት መሽናት ጊዜ ህመም መሰማት ወይም ማልቀስ፣ትኩሳት,ቶሎ ቶሎ ሽንት መሽናት፣በሽንት መሽናት ጊዜ ህመም መሰማት ወይም ማልቀስ፣ትኩሳት
"የሽንት ቱቦ ኢንፌክሽን በልጆች ላይ የሚያመጣቸው ውስብስብ ችግሮች ዘርዝር
",የኩላሊት እብጠት፣የኩላሊት ሥራ መቀነስ፣ከፍተኛ የሆነ ኢንፌክሽን ,የኩላሊት እብጠት፣የኩላሊት ሥራ መቀነስ፣ከፍተኛ የሆነ ኢንፌክሽን 
"ህፃናት የወይራ ዘይት መቸ መጀመር አለባቸው?
",ከ 6 ወር ጀምሮ ምግባቸው ላይ ጠብ እያደረግን መመገብ እንችላለን፡፡,ከ 6 ወር ጀምሮ ምግባቸው ላይ ጠብ እያደረግን መመገብ እንችላለን፡፡
"የጡንቻ መሸማቀቅ እንዴት ይከሰታል?
",በተመሳሳይ አቅጣጫ ለረጅም ሰዓት በመቀመጥ ለምሳሌ ለረጅም ሰዓት እግራችንን አጣምረን መቀመጥ፣ ከልክ ያለፈ የአካል ብቃት እንቅስቃሴ በመስራት,በተመሳሳይ አቅጣጫ ለረጅም ሰዓት በመቀመጥ ለምሳሌ ለረጅም ሰዓት እግራችንን አጣምረን መቀመጥ፣ ከልክ ያለፈ የአካል ብቃት እንቅስቃሴ በመስራት
"የጡንቻ መሸማቀቅ በሚግጥመን ጊዜ ምን ማድረግ አለብን?
",የጡንቻ መሸማቀቅ በሚያጋጥመን ጊዜ ሚፈጠርብንን ህመም ስሜት ለማስታገስ የተለያዩ ዘዴዎች እንዳሉ ይነገራሉ።,የጡንቻ መሸማቀቅ በሚያጋጥመን ጊዜ ሚፈጠርብንን ህመም ስሜት ለማስታገስ የተለያዩ ዘዴዎች እንዳሉ ይነገራሉ።
የጡንቻ መሸማቀቅ እንዳያጋጥመን ምን ማድረግ አለብን?,የአካል ብቃት ወይም ስፖርታዊ እንቅስቃሴዎችን ከመስራታችን በፊት ሰውነታችንን በደንብ ማማሟቅ እና ሰርተን ስንጨርስም ሰውነታችንን ለማረጋጋት ወይም ለማቀዝቀዝ ሚረዱንን እንቅስቃሴዎች ማድረግ።,የአካል ብቃት ወይም ስፖርታዊ እንቅስቃሴዎችን ከመስራታችን በፊት ሰውነታችንን በደንብ ማማሟቅ እና ሰርተን ስንጨርስም ሰውነታችንን ለማረጋጋት ወይም ለማቀዝቀዝ ሚረዱንን እንቅስቃሴዎች ማድረግ።
"ሀይል እና ጉልበት ሰጪ ምግቦችን ዘርዝር
",ዳቦ፣ ድንች ፣ ሩዝ እና ፓስታ ተጠቃሽ ናቸው፡፡,ዳቦ፣ ድንች ፣ ሩዝ እና ፓስታ ተጠቃሽ ናቸው፡፡
ከሩቅ የማየት ችግር ማለት ምን ማለት ነዉ?,ከሩቅ የማየት ችግር የምንለው ቅርብ ያሉ ነገሮችን በጥሩ ሁኔታ ማየት እየተቻለ ሩቅ ያለውን ለማየት መቸገር ወይም መደብዘዝ ማለት ነው፡፡የሚከሰተውም የአይን መጠን ወይም የብርሃን አቅጣጫ የማስቀየር ሃይል ከፍተኛ ሲሆን ተንጸባርቆ የመጣውን የብርሃን በተፈለገው መጠን ረቲና/ብርሃንን ተቀብሎ ምስልን ወደ አእምሮ የሚልክ የአይን አካል/ ላይ አያርፍም፡፡,ከሩቅ የማየት ችግር የምንለው ቅርብ ያሉ ነገሮችን በጥሩ ሁኔታ ማየት እየተቻለ ሩቅ ያለውን ለማየት መቸገር ወይም መደብዘዝ ማለት ነው፡፡የሚከሰተውም የአይን መጠን ወይም የብርሃን አቅጣጫ የማስቀየር ሃይል ከፍተኛ ሲሆን ተንጸባርቆ የመጣውን የብርሃን በተፈለገው መጠን ረቲና/ብርሃንን ተቀብሎ ምስልን ወደ አእምሮ የሚልክ የአይን አካል/ ላይ አያርፍም፡፡
የግሉተን ፕሮቲን አለርጂ ማለት ምን ማለት ነዉ?,የግሉተን ፕሮቲን አለርጂ ማለት የስርዐተ ምግብ እንሽርሽሪት ሂደት ላይ የሚፈጠር እክል ነዉ፡፡ ,የግሉተን ፕሮቲን አለርጂ ማለት የስርዐተ ምግብ እንሽርሽሪት ሂደት ላይ የሚፈጠር እክል ነዉ፡፡ 
ብሮንካይተስ ማለት ምን ማለት ነዉ?,ብሮንካይተስ የመተንፈሻ አካል በሽታ ሲሆን ወደ ሳንባችን አየር ሚያጓጉዙ ቱቦዎች በሚቆጡበት እና በሚያብጡበት ወቅት የሚፈጠር ነው፡፡,ብሮንካይተስ የመተንፈሻ አካል በሽታ ሲሆን ወደ ሳንባችን አየር ሚያጓጉዙ ቱቦዎች በሚቆጡበት እና በሚያብጡበት ወቅት የሚፈጠር ነው፡፡
አኪውት ብሮንካይተስ ማለት ምን ማለት ነዉ?,አኪውት ብሮንካይተስ አብዛኛውን ጊዜ ሚከሰተው አይነት ሲሆን በጥቂት ሳምንት ውስጥ ግለሰቡ ማገገም እና ጤናማ የሚሆንበት ሁኔታ አለ፡፡,አኪውት ብሮንካይተስ አብዛኛውን ጊዜ ሚከሰተው አይነት ሲሆን በጥቂት ሳምንት ውስጥ ግለሰቡ ማገገም እና ጤናማ የሚሆንበት ሁኔታ አለ፡፡
ክሮኒክ ብሮንካይተስ ማለት ምን ማለት ነዉ?,ክሮኒክ ብሮንካይተስ ጠንከር ያለ አይነት ሲሆን የማይጠፋና ግለሰቡ ላይ እየተመላለሰ የሚከሰት ነው፡፡,ክሮኒክ ብሮንካይተስ ጠንከር ያለ አይነት ሲሆን የማይጠፋና ግለሰቡ ላይ እየተመላለሰ የሚከሰት ነው፡፡
ቂጥኝ ማለት ምን ማለት ነዉ?,ቂጥኝ እንደ ጨብጥ በጾታዊ ግንኙነት የሚተላለፍ በሽታ ሲሆን በሽታው ካለበት ሰው ጋር በቀጥታ ንክኪ እንዲሁም ከእናት ወደ ጽንስም ይተላለፋል። ,ቂጥኝ እንደ ጨብጥ በጾታዊ ግንኙነት የሚተላለፍ በሽታ ሲሆን በሽታው ካለበት ሰው ጋር በቀጥታ ንክኪ እንዲሁም ከእናት ወደ ጽንስም ይተላለፋል። 
የመጀመሪያው የቂጥኝ ደረጃ ማለት ምን ማለት ነዉ?,የመጀመሪያው የቂጥኝ ደረጃ የሚመጣው ከመራቢያው ጊዜ በኋላ ነው፡፡ በዚህ ጊዜ ህመም የሌለው ነገር ግን በጣም የተበከለ Chancre (ሻንከር) የተባለ ቁስል በብልት አካባቢ አልፎ አልፎ ደግሞ በአፍ አካባቢ ይመሰረታል፡፡ ,የመጀመሪያው የቂጥኝ ደረጃ የሚመጣው ከመራቢያው ጊዜ በኋላ ነው፡፡ በዚህ ጊዜ ህመም የሌለው ነገር ግን በጣም የተበከለ Chancre (ሻንከር) የተባለ ቁስል በብልት አካባቢ አልፎ አልፎ ደግሞ በአፍ አካባቢ ይመሰረታል፡፡ 
ሁለተኛው የቂጥኝ ደረጃ ማለት ምን ማለት ነዉ?,ሁለተኛው የቂጥኝ ደረጃ ከአንድ እስከ ሶስት ወራት ድረስ ሊቆይ ይችላል፡፡ ይህ ደረጃ በአብዛኛው ከቆዳ የተያያዘ ነው፡፡ ሮዝ ቀለም ያላቸው ሽፍታዎች በመዳፍ፣ በውስጥ እግር እና በተለያዩ የቆዳ ክፍሎች ላይ ይወጣሉ፡፡ እነዚህም በከፍተኛ ሁኔታ ተላላፊ ናቸው፡፡ ,ሁለተኛው የቂጥኝ ደረጃ ከአንድ እስከ ሶስት ወራት ድረስ ሊቆይ ይችላል፡፡ ይህ ደረጃ በአብዛኛው ከቆዳ የተያያዘ ነው፡፡ ሮዝ ቀለም ያላቸው ሽፍታዎች በመዳፍ፣ በውስጥ እግር እና በተለያዩ የቆዳ ክፍሎች ላይ ይወጣሉ፡፡ እነዚህም በከፍተኛ ሁኔታ ተላላፊ ናቸው፡፡ 
ሶስተኛው የቂጥኝ ደረጃ ማለት ምን ማለት ነዉ?,"ሶስተኛው የቂጥኝ ደረጃ ያለ ሕክምና ከቆዩ አንድ ሶስተኛ የሚሆኑት ተጠቂዎች ወደ ሶስተኛው ደረጃ ያመራሉ፡፡ ሶስተኛው እና የመጨረሻው ደረጃ ከመጀመሪያው ኢንፌክሽን ከ 3 እስከ 15 ዓመታት በኋላ ነው፡፡ 
","ሶስተኛው የቂጥኝ ደረጃ ያለ ሕክምና ከቆዩ አንድ ሶስተኛ የሚሆኑት ተጠቂዎች ወደ ሶስተኛው ደረጃ ያመራሉ፡፡ ሶስተኛው እና የመጨረሻው ደረጃ ከመጀመሪያው ኢንፌክሽን ከ 3 እስከ 15 ዓመታት በኋላ ነው፡፡ 
"
የብብት ስር እብጠት ማለት ምን ማለት ነዉ?,የብብት ስር እብጠት የምንለው ቢያንስ አንዱ የብብት ስር ንፊፊት በሚያድግበት እና በሚያብጠት ወቅት ነው ,የብብት ስር እብጠት የምንለው ቢያንስ አንዱ የብብት ስር ንፊፊት በሚያድግበት እና በሚያብጠት ወቅት ነው 
የመርሳት ችግር ማለት ምን ማለት ነዉ?,የመርሳት ችግር ይህ ነው የሚባል በሽታ አይደለም። በየቀኑ ወደ አዕምሯችን የሚመጡትን መረጃዎችን አዕምሯችን መዝግቦ የትውስታ ማህደር ክፍላችን ውስጥ ማስቀመጥ ይኖርበታል ፡፡ ነገር ግን አዕምሯችን ይህንን ተግባር በትክክል ማከናወን ካቃተው ፣ አንድ ገለሰብ የተለመደ ስራውን ማከናወን ይቸገራል ፡፡,የመርሳት ችግር ይህ ነው የሚባል በሽታ አይደለም። በየቀኑ ወደ አዕምሯችን የሚመጡትን መረጃዎችን አዕምሯችን መዝግቦ የትውስታ ማህደር ክፍላችን ውስጥ ማስቀመጥ ይኖርበታል ፡፡ ነገር ግን አዕምሯችን ይህንን ተግባር በትክክል ማከናወን ካቃተው ፣ አንድ ገለሰብ የተለመደ ስራውን ማከናወን ይቸገራል ፡፡
የከባድ የመርሳት ችግር ማለት ምን ማለት ነዉ?,የከባድ የመርሳት ችግር ተጠቂዎች አእምሯዊ አተገባበራቸው እጅጉን በመስተጓጎሉ የእለት ተለት ተግባራቸውና ከሰዎች ጋር ያላቸውን ግንኙነት ይጎዳል፡፡ ,የከባድ የመርሳት ችግር ተጠቂዎች አእምሯዊ አተገባበራቸው እጅጉን በመስተጓጎሉ የእለት ተለት ተግባራቸውና ከሰዎች ጋር ያላቸውን ግንኙነት ይጎዳል፡፡ 
ራሰ በራነት ማለት ምን ማለት ነዉ?,ራሰ በራነት የሚከሰተዉ በረገፉት ጸጉሮች መጠን አዳዲስ ጸጉሮች መተካት ካልቻሉ ነዉ፡፡,ራሰ በራነት የሚከሰተዉ በረገፉት ጸጉሮች መጠን አዳዲስ ጸጉሮች መተካት ካልቻሉ ነዉ፡፡
በወንዶች ላይ የሚከሰት ራሰ-በራነት ማለት ምን ማለት ነዉ?,በወንዶች ላይ የሚከሰት ራሰ-በራነት: - አብዛኛውን ጊዜ በዘር የሚተላለፍ ሲሆን፤ በማንኛውም ዕድሜ ላይ ሊጀምር ይችላል:: የፀጉር መሸሽ ብዙውን ጊዜ ከፊት፣ ከጎን ወይም መሃል ላይ ይጀምራል:: አንዳንድ ወንዶች ራሰ በራ ወይም ወደ ኋላ የሚያፈገፍግ የፀጉር መሸሽ ሊያጋጥማቸው ይችላል። ሌሎች ደግሞ ፀጉራቸውን በሙሉ ሊያጡ ይችላሉ::,በወንዶች ላይ የሚከሰት ራሰ-በራነት: - አብዛኛውን ጊዜ በዘር የሚተላለፍ ሲሆን፤ በማንኛውም ዕድሜ ላይ ሊጀምር ይችላል:: የፀጉር መሸሽ ብዙውን ጊዜ ከፊት፣ ከጎን ወይም መሃል ላይ ይጀምራል:: አንዳንድ ወንዶች ራሰ በራ ወይም ወደ ኋላ የሚያፈገፍግ የፀጉር መሸሽ ሊያጋጥማቸው ይችላል። ሌሎች ደግሞ ፀጉራቸውን በሙሉ ሊያጡ ይችላሉ::
በሴቶች ላይ የሚከሰት ራሰ-በራነት ማለት ምን ማለት ነዉ?,በሴቶች ላይ የሚከሰት ራሰ-በራነት፡- ምንም እንኳን ብዙም ያልተለመደ ቢሆንም የሴት ራሰ-በራነት ከወንድ ራሰ-በራነት የሚለየው በአጠቃላይ ፀጉር ከጭንቅላት ላይ ስለሚሳሳ ነው። የሴት ራሰ በራነት አጠቃላይ የፀጉር መርገፍ እምብዛም አያመጣም።,በሴቶች ላይ የሚከሰት ራሰ-በራነት፡- ምንም እንኳን ብዙም ያልተለመደ ቢሆንም የሴት ራሰ-በራነት ከወንድ ራሰ-በራነት የሚለየው በአጠቃላይ ፀጉር ከጭንቅላት ላይ ስለሚሳሳ ነው። የሴት ራሰ በራነት አጠቃላይ የፀጉር መርገፍ እምብዛም አያመጣም።
ቅዠት ማለት ምን ማለት ነዉ?,ቅዠት ማለት በተለያዩ ምክንያቶች ከባድ የሆነ የአዕምሮ መረበሽ፣ ለማሰብ መቸገር እንዲሁም ስለአካባቢያችን ያለን ግንዛቤ መቀነስ ወይም አለመኖር ነዉ፡፡,ቅዠት ማለት በተለያዩ ምክንያቶች ከባድ የሆነ የአዕምሮ መረበሽ፣ ለማሰብ መቸገር እንዲሁም ስለአካባቢያችን ያለን ግንዛቤ መቀነስ ወይም አለመኖር ነዉ፡፡
የድድ ኢንፌክሽን ማለት ምን ማለት ነዉ?,ጤናማ ድድ ጠንካራ ፤ ፈዛዛ ሮዝ እና በጥርሶች ዙሪያ በጥብቅ ግጥም ያለ ሲሆን ፤ ከዚህ ሁኔታ ከተለየ እና በበሽታ አምጭ በሆኑ ተዋስያን ሲጠቁ የድድ ኢንፌክሽን እንለዋለን፡፡ ይህ በሽታ በጣም የተለመደ ነው ፡፡,ጤናማ ድድ ጠንካራ ፤ ፈዛዛ ሮዝ እና በጥርሶች ዙሪያ በጥብቅ ግጥም ያለ ሲሆን ፤ ከዚህ ሁኔታ ከተለየ እና በበሽታ አምጭ በሆኑ ተዋስያን ሲጠቁ የድድ ኢንፌክሽን እንለዋለን፡፡ ይህ በሽታ በጣም የተለመደ ነው ፡፡
የሽንት ቧንቧ ኢንፌክሽን ማለት ምን ማለት ነዉ?,የሽንት ቧንቧ ኢንፌክሽን የምንለው ከኩላሊት እስከ የውሃ ሽንት ማስወገጃ ጫፍ ድረስ የሚከሰተውን የኢንፌክሽን ዓይነት ነው፡፡,የሽንት ቧንቧ ኢንፌክሽን የምንለው ከኩላሊት እስከ የውሃ ሽንት ማስወገጃ ጫፍ ድረስ የሚከሰተውን የኢንፌክሽን ዓይነት ነው፡፡
የትልቁ  አንጀት  ካንሰር ማለት ምን ማለት ነዉ?,"የትልቁ  አንጀት  ካንሰር በብዛት በአንጀታችን ውስጥ የሚከሰትን ካንሰር ለመግለፅ ጥቅም ላይ የሚውል ሲሆን ካንሰሩ ከሚስተዋልበት ስፍራ ጋር ተያይዞ የትልቁ አንጀት ካንሰር መጠሪያዎችም ሊሰጡት ይችላሉ።
","የትልቁ  አንጀት  ካንሰር በብዛት በአንጀታችን ውስጥ የሚከሰትን ካንሰር ለመግለፅ ጥቅም ላይ የሚውል ሲሆን ካንሰሩ ከሚስተዋልበት ስፍራ ጋር ተያይዞ የትልቁ አንጀት ካንሰር መጠሪያዎችም ሊሰጡት ይችላሉ።
"
ተስፋ መቁረጥ ማለት ምን ማለት ነዉ?,ተስፋ መቁረጥ ማለት ለመኖር እድል እያለ ለመጠቀም አለመፈለግ ለመኖር ትርጉም ማጣት ማለት ነው ።,ተስፋ መቁረጥ ማለት ለመኖር እድል እያለ ለመጠቀም አለመፈለግ ለመኖር ትርጉም ማጣት ማለት ነው ።
ብሩሴሎሲስ ማለት ምን ማለት ነዉ?,ብሩሴሎሲስ በባክቴሪያ የሚመጣ ተላላፊ ህመም ነው። ሰዎች በበሽታው ከተያዙ እንስሳት ወይም በባክቴሪያ የተበከሉ የእንስሳት ተዋጽኦዎች ጋር ሲገናኙ በበሽታው ሊያዙ ይችላሉ:: በብዛት ከሚጠቁ እንስሳት መካከል በጎች፣ ከብቶች፣ ፍየሎች፣ አሳማዎች እና ውሾች እና ሌሎችም ይጠቀሳሉ።,ብሩሴሎሲስ በባክቴሪያ የሚመጣ ተላላፊ ህመም ነው። ሰዎች በበሽታው ከተያዙ እንስሳት ወይም በባክቴሪያ የተበከሉ የእንስሳት ተዋጽኦዎች ጋር ሲገናኙ በበሽታው ሊያዙ ይችላሉ:: በብዛት ከሚጠቁ እንስሳት መካከል በጎች፣ ከብቶች፣ ፍየሎች፣ አሳማዎች እና ውሾች እና ሌሎችም ይጠቀሳሉ።
የጡንቻ መሸማቀቅ ማለት ምን ማለት ነዉ?,የጡንቻ መሸማቀቅ ወይም መኮማተር በድንገት ሊከሰት የሚችል ነው። በብዛት እግር እና እጃችን ላይ ሚከሰት ሲሆን አልፎ አልፎም በሆዳችን አካባቢ ሊከሰት ይችላል። በርካታ ጊዜም ከእርግዝና፣ ከሰውነት ድርቀት እና ከእድሜ ጋር ተያይዞ ሊከሰት ይችላል። ,የጡንቻ መሸማቀቅ ወይም መኮማተር በድንገት ሊከሰት የሚችል ነው። በብዛት እግር እና እጃችን ላይ ሚከሰት ሲሆን አልፎ አልፎም በሆዳችን አካባቢ ሊከሰት ይችላል። በርካታ ጊዜም ከእርግዝና፣ ከሰውነት ድርቀት እና ከእድሜ ጋር ተያይዞ ሊከሰት ይችላል። 
ጤናማ የአመጋገብ ሥርአት ማለት ምን ማለት ነዉ?,ጤናማ የአመጋገብ ሥርአት ማለት የተለያዩ የምግብ አይነቶችን በመመገብ ለሰውነታችን የሚያስፈልገውን የተመጣጠነ ንጥረ ነገር ማስገኘት ማለት ነው ፡፡,ጤናማ የአመጋገብ ሥርአት ማለት የተለያዩ የምግብ አይነቶችን በመመገብ ለሰውነታችን የሚያስፈልገውን የተመጣጠነ ንጥረ ነገር ማስገኘት ማለት ነው ፡፡
የታይሮይድ ሆርሞን መቀነስ ማለት ምን ማለት ነዉ?,"የታይሮይድ ሆርሞን መቀነስ ( Hypothyroidism) ታይሮድ በፊት ለፊት አንገታችን ላይ የሚገኝ እጢ ሲሆን ሰውነታችን በሁሉም መልኩ የተስተካከለ አሰራር እንዲኖረው የሚያደርጉ ሆርሞኖችን ያመርታል:: የታይሮይድ ሆርሞን መጠን መቀነስ (Hypothyroidism) አጠቃላይ የሰውነታችንን ስርዓት እንዲዛባ ያደርጋል፡፡
","የታይሮይድ ሆርሞን መቀነስ ( Hypothyroidism) ታይሮድ በፊት ለፊት አንገታችን ላይ የሚገኝ እጢ ሲሆን ሰውነታችን በሁሉም መልኩ የተስተካከለ አሰራር እንዲኖረው የሚያደርጉ ሆርሞኖችን ያመርታል:: የታይሮይድ ሆርሞን መጠን መቀነስ (Hypothyroidism) አጠቃላይ የሰውነታችንን ስርዓት እንዲዛባ ያደርጋል፡፡
"
ደም የቀላቀለ ሽንት ማለት ምን ማለት ነዉ?,ደም የቀላቀለ ሽንት ብዙ የተለመደ ክስተት ነው ፡፡ ከሽንት ጋር ጥቂት ቀይ የደም ህዋሳት ቢገኙ የሽንት መልክ ላይቀየር ከመቻሉም በላይ እነዚህን የደም ህዋሳት በአጉሊ መነጽር ዕርዳታ ካልሆነ መለየት ይከብዳል ፡፡ አንዳንድ ጊዜ ይህ ዓይነቱ ችግር ፈጣን ሆኖ የህክምና ዕርዳታን ሲጠይቅ አልፎ አልፎ ደግሞ ምንም ዓይነት ህክምና ሳይደረግ በራሱ ጊዜ ሊድን የሚችልባቸው ሁኔታዎች ይታያሉ ፡፡ ,ደም የቀላቀለ ሽንት ብዙ የተለመደ ክስተት ነው ፡፡ ከሽንት ጋር ጥቂት ቀይ የደም ህዋሳት ቢገኙ የሽንት መልክ ላይቀየር ከመቻሉም በላይ እነዚህን የደም ህዋሳት በአጉሊ መነጽር ዕርዳታ ካልሆነ መለየት ይከብዳል ፡፡ አንዳንድ ጊዜ ይህ ዓይነቱ ችግር ፈጣን ሆኖ የህክምና ዕርዳታን ሲጠይቅ አልፎ አልፎ ደግሞ ምንም ዓይነት ህክምና ሳይደረግ በራሱ ጊዜ ሊድን የሚችልባቸው ሁኔታዎች ይታያሉ ፡፡ 
ሪህ ማለት ምን ማለት ነዉ?,ሪህ ማንኛውንም ሰው ሊጎዳ የሚችል የተለመደ እና ውስብስብ የአርትራይተስ ህመም ነው። በአንድ ወይም ከዚያ በላይ በሆኑ መገጣጠሚያዎች ላይ ድንገተኛ ከፍተኛ የሆነ ህመም፣ እብጠት፣ መቅላት እና ሲነካ ህመም መሰማት በሚያስከትሉ ምልክቶች ይታወቃል:: ብዙ ጊዜ እግር አዉራ ጣት ላይ ይከሰታል።,ሪህ ማንኛውንም ሰው ሊጎዳ የሚችል የተለመደ እና ውስብስብ የአርትራይተስ ህመም ነው። በአንድ ወይም ከዚያ በላይ በሆኑ መገጣጠሚያዎች ላይ ድንገተኛ ከፍተኛ የሆነ ህመም፣ እብጠት፣ መቅላት እና ሲነካ ህመም መሰማት በሚያስከትሉ ምልክቶች ይታወቃል:: ብዙ ጊዜ እግር አዉራ ጣት ላይ ይከሰታል።
ታይፈስ ማለት ምን ማለት ነዉ?,ታይፈስ ሪኬትስያ በሚባል የባክቴሪያ ዓይነት አማካኝነት የሚመጣ የሕመም ዓይነት ሲሆን፣ የታይፈስ ዓይነቶች በዋነኛነት በሁለት ይከፈላሉ፡፡ ነገር ግን ሌሎች የታይፈስ አይነቶችም ይገኛሉ፡፡,ታይፈስ ሪኬትስያ በሚባል የባክቴሪያ ዓይነት አማካኝነት የሚመጣ የሕመም ዓይነት ሲሆን፣ የታይፈስ ዓይነቶች በዋነኛነት በሁለት ይከፈላሉ፡፡ ነገር ግን ሌሎች የታይፈስ አይነቶችም ይገኛሉ፡፡
በወረርሽኝ መልክ የሚመጣ ታይፈስ ማለት ምን ማለት ነዉ?,"በወረርሽኝ መልክ የሚመጣ ታይፈስ (Epidemic Typhus) - ይህ የታይፈስ ዓይነት በሪኬትሲያ ፕሮዋዚክ በሚባል ባክቴሪያ ዓይነት የሚከሰት ሲሆን ባክቴሪያውን አስታላላፊዎች ደግሞ በሰውነት ላይ በሚገኙ ቅማሎች ናቸው፡፡

","በወረርሽኝ መልክ የሚመጣ ታይፈስ (Epidemic Typhus) - ይህ የታይፈስ ዓይነት በሪኬትሲያ ፕሮዋዚክ በሚባል ባክቴሪያ ዓይነት የሚከሰት ሲሆን ባክቴሪያውን አስታላላፊዎች ደግሞ በሰውነት ላይ በሚገኙ ቅማሎች ናቸው፡፡

"
ሙሪን ታይፈስ ማለት ምን ማለት ነዉ?,ሙሪን ታይፈስ (Murine Typhus) - የምንለው ሁለተኛው የታይፈስ ዓይነት ሲሆን ይህ ደግሞ ሬኬትሲያ ታይፌ በሚባለው ባክቴሪያ ምክንያት የሚመጣ ነው፡፡ የባክቴሪያው አስተላላፊዎች በአይጦች ላይ የሚገኝ ቁንጫ(Fleas) ናቸው፡፡,ሙሪን ታይፈስ (Murine Typhus) - የምንለው ሁለተኛው የታይፈስ ዓይነት ሲሆን ይህ ደግሞ ሬኬትሲያ ታይፌ በሚባለው ባክቴሪያ ምክንያት የሚመጣ ነው፡፡ የባክቴሪያው አስተላላፊዎች በአይጦች ላይ የሚገኝ ቁንጫ(Fleas) ናቸው፡፡
የቅድመ የወር አበባ ማለት ምን ማለት ነዉ?,"የቅድመ የወር አበባ ምልክቶች በወር አበባ ዑደት ውስጥ በተወሰኑ ቀናት ውስጥ የሴትን ስሜት, አካላዊ ጤንነት እና ባህሪን የሚጎዳ ህመም ነው:: በአጠቃላይ የወር አበባ ከመጀመሩ በፊት የቅድመ የወር አበባ ምልክት የተለመደ ሁኔታ ሲሆን፤ ምልክቶቹ ከ90 በመቶ በላይ የወር አበባ የሚያዩ ሴቶችን ያጠቃል።","የቅድመ የወር አበባ ምልክቶች በወር አበባ ዑደት ውስጥ በተወሰኑ ቀናት ውስጥ የሴትን ስሜት, አካላዊ ጤንነት እና ባህሪን የሚጎዳ ህመም ነው:: በአጠቃላይ የወር አበባ ከመጀመሩ በፊት የቅድመ የወር አበባ ምልክት የተለመደ ሁኔታ ሲሆን፤ ምልክቶቹ ከ90 በመቶ በላይ የወር አበባ የሚያዩ ሴቶችን ያጠቃል።"
የአፍንጫ ፈሳሽ መብዛት ማለት ምን ማለት ነዉ?,የአፍንጫ ፈሳሽ መብዛት ከአፍንጫ ንፍጥ የመሰለ ፈሳሽ በተለያዩ ምክንያቶች በመጠን በዛ ብሎ ሲከሰት ነው ,የአፍንጫ ፈሳሽ መብዛት ከአፍንጫ ንፍጥ የመሰለ ፈሳሽ በተለያዩ ምክንያቶች በመጠን በዛ ብሎ ሲከሰት ነው 
የበሽታ መከላከል አቅም ማለት ምን ማለት ነዉ?,የበሽታ መከላከል አቅም ማለት አንድ ሰው በህመም እንዳይያዝ ወይም ህመም አምጪ በሆኑ ነፍሳት እንዳይጠቃ ወይም ከተጠቃ በኋላ እንዳይራቡ የሚዋጋልን የሰውነታችን ስርአት ነው፡፡,የበሽታ መከላከል አቅም ማለት አንድ ሰው በህመም እንዳይያዝ ወይም ህመም አምጪ በሆኑ ነፍሳት እንዳይጠቃ ወይም ከተጠቃ በኋላ እንዳይራቡ የሚዋጋልን የሰውነታችን ስርአት ነው፡፡
የጽንስ እንቅስቃሴ መቀነስ ማለት ምን ማለት ነዉ?,"በህክምና አጠራሩ (Quickening) ተብሎ የሚጠራው በእርግዝና ጊዜ የጽንሱ እንቅስቃሴ ከ16ኛው የእርግዝና ሳምንት ጀምሮ እስከ 25ኛው ሳምንት ድረስ ለመጀመሪያ ጊዜ ይሰማል።
","በህክምና አጠራሩ (Quickening) ተብሎ የሚጠራው በእርግዝና ጊዜ የጽንሱ እንቅስቃሴ ከ16ኛው የእርግዝና ሳምንት ጀምሮ እስከ 25ኛው ሳምንት ድረስ ለመጀመሪያ ጊዜ ይሰማል።
"
የታይሮይድ እጢ ካንሰር ማለት ምን ማለት ነዉ?,"የታይሮይድ እጢ ካንሰር ( Thyroid  cancer)  በታይሮይድ ሴሎች ውስጥ ይከሰታል - የቢራቢሮ ቅርጽ ያለው እጢ በአንገትዎ ስር ከአዳም አፕል በታች ይገኛል። የእርስዎ ታይሮይድ የልብ ምትዎን ፣ የደም ግፊትዎን ፣ የሰውነትዎን ሙቀት እና ክብደት የሚቆጣጠሩ ሆርሞኖችን ያመነጫል።
","የታይሮይድ እጢ ካንሰር ( Thyroid  cancer)  በታይሮይድ ሴሎች ውስጥ ይከሰታል - የቢራቢሮ ቅርጽ ያለው እጢ በአንገትዎ ስር ከአዳም አፕል በታች ይገኛል። የእርስዎ ታይሮይድ የልብ ምትዎን ፣ የደም ግፊትዎን ፣ የሰውነትዎን ሙቀት እና ክብደት የሚቆጣጠሩ ሆርሞኖችን ያመነጫል።
"
ፕሮላክቲን ሆርሞን ማለት ምን ማለት ነዉ?,ፕሮላክቲን ሆርሞን የሚመነጨው ከአእምሮዎ በታች ባለው ፒቱታሪ እጢ ውስጥ ነው ።ሴቶች ነፍሰ ጡር ሲሆኑ ወይም ከወለዱ በኋላ (ጡት በሚያጠቡ ጊዜ) የፕሮላኪን መጠናቸው ይጨምራል ስለዚህ የጡት ወተት ማምረት ይችላሉ፡፡ ነገር ግን ነፍሰ ጡር ባልሆኑ ሴቶች ላይ እና በወንድ ላይ ከፍ ያለ የፕሮላክሲን መጠን ሊኖር ይችላል፡፡ ይህም አንዳንድ የጤና እክሎችን ሊያመጣ ይችላል፡፡,ፕሮላክቲን ሆርሞን የሚመነጨው ከአእምሮዎ በታች ባለው ፒቱታሪ እጢ ውስጥ ነው ።ሴቶች ነፍሰ ጡር ሲሆኑ ወይም ከወለዱ በኋላ (ጡት በሚያጠቡ ጊዜ) የፕሮላኪን መጠናቸው ይጨምራል ስለዚህ የጡት ወተት ማምረት ይችላሉ፡፡ ነገር ግን ነፍሰ ጡር ባልሆኑ ሴቶች ላይ እና በወንድ ላይ ከፍ ያለ የፕሮላክሲን መጠን ሊኖር ይችላል፡፡ ይህም አንዳንድ የጤና እክሎችን ሊያመጣ ይችላል፡፡
ግርዛት ማለት ምን ማለት ነዉ?,ግርዛት ማለት ቀዶ ህክምናን በመጠቀም የወንድ ልጅን የብልት ጫፍ የሚሸፍነውን አላስፈላጊ የቆዳ ክፍል ማስወገድ ማለት ነው፡፡,ግርዛት ማለት ቀዶ ህክምናን በመጠቀም የወንድ ልጅን የብልት ጫፍ የሚሸፍነውን አላስፈላጊ የቆዳ ክፍል ማስወገድ ማለት ነው፡፡
የቆሽት ካንሰር ማለት ምን ማለት ነዉ?,የቆሽት ካንሰር የሚጀምረው በቆሽት ሕብረ ሕዋሳት ውስጥ ነው - በሆድዎ ውስጥ ከሆድዎ የታችኛው ክፍል ጀርባ ያለው አካል ነው። ቆሽትዎ የምግብ መፈጨትን የሚረዱ ኢንዛይሞችን ይለቃል እና የደምዎን ስኳር ለመቆጣጠር የሚረዱ ሆርሞኖችን ያመነጫል።,የቆሽት ካንሰር የሚጀምረው በቆሽት ሕብረ ሕዋሳት ውስጥ ነው - በሆድዎ ውስጥ ከሆድዎ የታችኛው ክፍል ጀርባ ያለው አካል ነው። ቆሽትዎ የምግብ መፈጨትን የሚረዱ ኢንዛይሞችን ይለቃል እና የደምዎን ስኳር ለመቆጣጠር የሚረዱ ሆርሞኖችን ያመነጫል።
ላሽ ማለት ምን ማለት ነዉ?,ላሽ የተፈጥሮ በሽታ የመከላከል አቅማችን ፀጉር የሚሰሩ ሕዋሳትን (hair follicles) በድንገት በማጥቃት የሚከት በሽታ ነው፡፡ ጥቃቱ በምን ምክንያት እንደሚከሰት ሳይንስ እስካሁን ያልደረሰበት ቢሆንም በመላው አለም በዚህ በሽታ በ10 ሚሊዮን የሚጠጉ ሰዎች ይጠቃሉ፡፡,ላሽ የተፈጥሮ በሽታ የመከላከል አቅማችን ፀጉር የሚሰሩ ሕዋሳትን (hair follicles) በድንገት በማጥቃት የሚከት በሽታ ነው፡፡ ጥቃቱ በምን ምክንያት እንደሚከሰት ሳይንስ እስካሁን ያልደረሰበት ቢሆንም በመላው አለም በዚህ በሽታ በ10 ሚሊዮን የሚጠጉ ሰዎች ይጠቃሉ፡፡
የልጆች ባዕድ ነገር መዋጥ ችግር ማለት ምን ማለት ነዉ?,የልጆች ባዕድ ነገር መዋጥ ችግር በብዙ ህጻናት ላይ የሚፈጠር ሲሆን በተለይ ከ6 ወር እስከ 4 አመት ያሉት ላይ በይበልጥ ይፈጠራል። በዚህ ሂደት ህጻናቱ እንደ ለውዝ፣ ጥራጥሬ፣እንዲሁም አነስተኛ መጠን ያላቸውን ነገሮች ወደ መተንፈሻ አካል ያስገባሉ፤ በዚህም ወቅት የመተንፈሻ አካላትን ይዘጋሉ ይህም እስከ ሞት የሚያደርስ መዘዝን ያስከትላል።,የልጆች ባዕድ ነገር መዋጥ ችግር በብዙ ህጻናት ላይ የሚፈጠር ሲሆን በተለይ ከ6 ወር እስከ 4 አመት ያሉት ላይ በይበልጥ ይፈጠራል። በዚህ ሂደት ህጻናቱ እንደ ለውዝ፣ ጥራጥሬ፣እንዲሁም አነስተኛ መጠን ያላቸውን ነገሮች ወደ መተንፈሻ አካል ያስገባሉ፤ በዚህም ወቅት የመተንፈሻ አካላትን ይዘጋሉ ይህም እስከ ሞት የሚያደርስ መዘዝን ያስከትላል።
ዉልቃት ማለት ምን ማለት ነዉ?,ዉልቃት በመገጣጠሚያዎች ላይ የሚደርስ ጉዳት ሲሆን ሁለት ወይም ከዚያ በላይ አጥንቶች የሚገናኙበት ቦታ ስፍራዉን ሲለቅ የሚከሰት ችግር ነዉ። ይህ ከፍተኛ ህመም ያለዉ ጉዳት ጊዜያዊ የአካል ጉዳት እና ለማንቀሳቀስ መቸገርን ያስከትላል፡፡,ዉልቃት በመገጣጠሚያዎች ላይ የሚደርስ ጉዳት ሲሆን ሁለት ወይም ከዚያ በላይ አጥንቶች የሚገናኙበት ቦታ ስፍራዉን ሲለቅ የሚከሰት ችግር ነዉ። ይህ ከፍተኛ ህመም ያለዉ ጉዳት ጊዜያዊ የአካል ጉዳት እና ለማንቀሳቀስ መቸገርን ያስከትላል፡፡
በሴቶች ላይ የሚከሰት መሃንነት ማለት ምን ማለት ነዉ?,በሴቶች ላይ የሚከሰት መሃንነት ማለት አንዲት በመውለድ ዕድሜ ላይ የምትገኝ ሴት ጾታዊ ግኑኝነት እያደረገች እና ምንም ዓይነት የወሊድ መከላከያ መንገዶችን ሳትጠቀም በማህጸኗ ጽንስ መቋጠር አለመቻል ማለት ነው፡፡,በሴቶች ላይ የሚከሰት መሃንነት ማለት አንዲት በመውለድ ዕድሜ ላይ የምትገኝ ሴት ጾታዊ ግኑኝነት እያደረገች እና ምንም ዓይነት የወሊድ መከላከያ መንገዶችን ሳትጠቀም በማህጸኗ ጽንስ መቋጠር አለመቻል ማለት ነው፡፡
የጉልበት እጢ ማለት ምን ማለት ነዉ?,የጉልበት እጢ የምንለው ጉልበት ጀርባ ላይ የሚፈጠር ውሃ የቋጠረ እባጭ ሲሆን በምናጥፍበት እና በምንዘረጋበት ጊዜ ህመሙ የመባባስ ሁኔታ አለው፡፡ ችግሩ የሚፈጠረው በጉልበት መገጣጠሚያ ላይ ሲሆን እሱም የመገጣጠሚያ መቆጣት ካለ ወይም ሽፋኑ ከተቀደደ ጉልበት ጀርባ ፈሳሽ እንዲጠራቀም ያደርጋል፡፡,የጉልበት እጢ የምንለው ጉልበት ጀርባ ላይ የሚፈጠር ውሃ የቋጠረ እባጭ ሲሆን በምናጥፍበት እና በምንዘረጋበት ጊዜ ህመሙ የመባባስ ሁኔታ አለው፡፡ ችግሩ የሚፈጠረው በጉልበት መገጣጠሚያ ላይ ሲሆን እሱም የመገጣጠሚያ መቆጣት ካለ ወይም ሽፋኑ ከተቀደደ ጉልበት ጀርባ ፈሳሽ እንዲጠራቀም ያደርጋል፡፡
የአጥንት ካንሰር ማለት ምን ማለት ነዉ?,የአጥንት ካንሰር ጤነኛ የአጥንት ጥቃቅን ህዋሳትን ማጥፋት የአጥንት ያለአግባብ እብጠት እንዲኖር የሚያደርግ አደገኛ የህመም ዓይነት ነዉ፡፡ ሁሉም የአጥንት እብጠቶች አደገኛ ናቸዉ,የአጥንት ካንሰር ጤነኛ የአጥንት ጥቃቅን ህዋሳትን ማጥፋት የአጥንት ያለአግባብ እብጠት እንዲኖር የሚያደርግ አደገኛ የህመም ዓይነት ነዉ፡፡ ሁሉም የአጥንት እብጠቶች አደገኛ ናቸዉ
ኦስቲዮሳርኮማ  ማለት ምን ማለት ነዉ?,ኦስቲዮሳርኮማ አደገኛዉ እና በስፋት የሚታየዉ የካንሰር አይነት ነዉ፡፡ብዙ ጊዜ እድሜያቸዉ ከ10 እስከ 25 አመት በሆናቸዉ ላይ የሚከሰት ነዉ፡፡ በዋናነት የእጅ እና የእግር አጥንቶች ላይ እንዲሁም ህጻናት ፈጣን እድገት በሚያሳዩባቸዉ የቁርጭምጭሚት እና ጫንቃ አካባቢዎች ላይ ይከሰታል፡፡,ኦስቲዮሳርኮማ አደገኛዉ እና በስፋት የሚታየዉ የካንሰር አይነት ነዉ፡፡ብዙ ጊዜ እድሜያቸዉ ከ10 እስከ 25 አመት በሆናቸዉ ላይ የሚከሰት ነዉ፡፡ በዋናነት የእጅ እና የእግር አጥንቶች ላይ እንዲሁም ህጻናት ፈጣን እድገት በሚያሳዩባቸዉ የቁርጭምጭሚት እና ጫንቃ አካባቢዎች ላይ ይከሰታል፡፡
ማሊግናንት ፋይብረስ ሂስቲዮሳይቶማ ማለት ምን ማለት ነዉ?,ማሊግናንት ፋይብረስ ሂስቲዮሳይቶማ ፡- ይህ አይነት ካንሰር በአብዛኛዉ ጡንቻ እና ጅማትን በማጥቃት ይታወቃል፡፡ እድሜያቸዉ ከ50 እስከ 60 አመት ባሉ ሰዎች ላይ ይከሰታል፡፡,ማሊግናንት ፋይብረስ ሂስቲዮሳይቶማ ፡- ይህ አይነት ካንሰር በአብዛኛዉ ጡንቻ እና ጅማትን በማጥቃት ይታወቃል፡፡ እድሜያቸዉ ከ50 እስከ 60 አመት ባሉ ሰዎች ላይ ይከሰታል፡፡
ሆርሞናል የወሊድ መከላከያ ማለት ምን ማለት ነዉ?,ሆርሞናል የወሊድ መከላከያ ፡- ይህ አይነቱ በውስጡ ሆርሞን የያዘ ሲሆን የጡት ምርት ላይ ተጽእኖ ይኖረዋል ተብሎ የሚታሰበውን ኢስትሮጅንን አስወግዶ ከ ፕሮጀስትሮን ብቻ የሚዘጋጅ ነው፡፡,ሆርሞናል የወሊድ መከላከያ ፡- ይህ አይነቱ በውስጡ ሆርሞን የያዘ ሲሆን የጡት ምርት ላይ ተጽእኖ ይኖረዋል ተብሎ የሚታሰበውን ኢስትሮጅንን አስወግዶ ከ ፕሮጀስትሮን ብቻ የሚዘጋጅ ነው፡፡
መልኩ የተዘጋጀ የወሊድ መከላከያ ማለት ምን ማለት ነዉ?,መልኩ የተዘጋጀ (The Mini-Pill) ፡-ይህ ለአጭር ጊዜ መጠቀም ለሚሹ እናቶች ይመረጣል፤ ስለሆነም በየቀኑ በሚዋጥ መልኩ የተዘጋጁ ስለሆኑ ሳይረሱ መጠቀምን ይፈልጋል።,መልኩ የተዘጋጀ (The Mini-Pill) ፡-ይህ ለአጭር ጊዜ መጠቀም ለሚሹ እናቶች ይመረጣል፤ ስለሆነም በየቀኑ በሚዋጥ መልኩ የተዘጋጁ ስለሆኑ ሳይረሱ መጠቀምን ይፈልጋል።
በክንድ የሚገባ የወሊድ መከላከያ ማለት ምን ማለት ነዉ?,"በክንድ የሚገባ (Implants)፡- ይህ ለሶስት አመት የመከላከል ብቃት የያለው ሲሆን እረሳለው ብለው ለሚሰጉ እናቶች አማራጭ ነው።

","በክንድ የሚገባ (Implants)፡- ይህ ለሶስት አመት የመከላከል ብቃት የያለው ሲሆን እረሳለው ብለው ለሚሰጉ እናቶች አማራጭ ነው።

"
በመርፌ መልክ የወሊድ መከላከያ ማለት ምን ማለት ነዉ?,በመርፌ መልክ (Depo-Provera) ፡- ይህ ለሶስት ወር የሚያገለግል በመርፌ መልክ የሚሰጥ ነው።,በመርፌ መልክ (Depo-Provera) ፡- ይህ ለሶስት ወር የሚያገለግል በመርፌ መልክ የሚሰጥ ነው።
በማህጸን የሚገባ ሆርሞናል ማለት ምን ማለት ነዉ?,በማህጸን የሚገባ ሆርሞናል (hormonal IUD) ፡- ይህ በመሃጸን የሚገባ ፐሮጀስትሮን ሆርሞን በትንሹ እየለቀቀ እርግዝናን ይከላከላል። ይህ አይነቱ የረዥም ጊዜ እቅድ ላላቸው ምርጫቸው ማድረግ ይችላሉ።,በማህጸን የሚገባ ሆርሞናል (hormonal IUD) ፡- ይህ በመሃጸን የሚገባ ፐሮጀስትሮን ሆርሞን በትንሹ እየለቀቀ እርግዝናን ይከላከላል። ይህ አይነቱ የረዥም ጊዜ እቅድ ላላቸው ምርጫቸው ማድረግ ይችላሉ።
ኮንዶም ማለት ምን ማለት ነዉ?,ኮንዶም (የሴት /የወንድ )፡- ይህ እርግዝናን ከመከላከል ባለፈ የአባላዘር ተጋላጭነተትንም ለመከላከል ይረዳል።,ኮንዶም (የሴት /የወንድ )፡- ይህ እርግዝናን ከመከላከል ባለፈ የአባላዘር ተጋላጭነተትንም ለመከላከል ይረዳል።
ደም የቋጠረ እባጭ ማለት ምን ማለት ነዉ?,ደም የቋጠረ እባጭ የደም ሥሮች ካንሰር ያልሆኑ እድገቶች ናቸው፡፡ በልጆች ላይ በጣም የተለመዱ እድገቶች ወይም እብጠቶች ናቸው፡፡ አብዛኛውን ጊዜ ለተወሰነ ጊዜ ያድጋሉ ከዚያም ያለ ህክምና ይጠፋሉ ,ደም የቋጠረ እባጭ የደም ሥሮች ካንሰር ያልሆኑ እድገቶች ናቸው፡፡ በልጆች ላይ በጣም የተለመዱ እድገቶች ወይም እብጠቶች ናቸው፡፡ አብዛኛውን ጊዜ ለተወሰነ ጊዜ ያድጋሉ ከዚያም ያለ ህክምና ይጠፋሉ 
የጉበት ስብ ማለት ምን ማለት ነዉ?,የጉበት ስብ በጉበትዎ ውስጥ ከመጠን በላይ ስብ በመከማቸት የሚከሰት የተለመደ ህመም ነው። ጤናማ ጉበት ትንሽ መጠን ያለው ስብ ይዟል፡፡ ነገር ግን ይህ የስብ መጠን የጉበትን ክብደት ከ 5% እስከ 10% ሲሸፍን ችግር ይሆናል፡፡,የጉበት ስብ በጉበትዎ ውስጥ ከመጠን በላይ ስብ በመከማቸት የሚከሰት የተለመደ ህመም ነው። ጤናማ ጉበት ትንሽ መጠን ያለው ስብ ይዟል፡፡ ነገር ግን ይህ የስብ መጠን የጉበትን ክብደት ከ 5% እስከ 10% ሲሸፍን ችግር ይሆናል፡፡
አስም ማለት ምን ማለት ነዉ?,"አስም የምንለው የመተንፈሻ ትቦ ሊያብጥና በማበጡም ሲጠብ የሚፈጠር ነው፡፡ተያይዞም እነዚህ ምልክቶች ሊስተዋሉ ይችላሉ- ሲርታ ድምጽ መሰማት፤የትንፋሽ ማጠር 
","አስም የምንለው የመተንፈሻ ትቦ ሊያብጥና በማበጡም ሲጠብ የሚፈጠር ነው፡፡ተያይዞም እነዚህ ምልክቶች ሊስተዋሉ ይችላሉ- ሲርታ ድምጽ መሰማት፤የትንፋሽ ማጠር 
"
ቃር ማለት ምን ማለት ነዉ?,ቃር፡ ይህ ችግር የጨጓራ አሲድ ከመጠን በላይ በመመረቱ ወደላይ ( ወደ ምግብ ትቦና ጉሮሮ ) ሲመለስ የሚፈጠር ችግር ነው፡፡,ቃር፡ ይህ ችግር የጨጓራ አሲድ ከመጠን በላይ በመመረቱ ወደላይ ( ወደ ምግብ ትቦና ጉሮሮ ) ሲመለስ የሚፈጠር ችግር ነው፡፡
ሾተላይ ማለት ምን ማለት ነዉ?,ሾተላይ የሚከሰተው አንዲት ሴት የደም ዓይነቷ አር ኤች ኔጋቲቭ (Rh-) ሆኖ ከዚህ በፊት አር ኤች ፖዘቲቭ (Rh +) የሆነ ደም ወደ ሰውነቷ ከገባና ደሟ ውስጥ አር ኤች ፖዘቲቭ (Rh +) የሆኑ የደም ህዋሶችን የሚያጠፋ ንጥረ-ነገር በደሟ ውስጥ ከተመረተ ነው ። ይህ ንጥረ-ነገር አንዴ ከተመረተ በደሟ ውስጥ እስከ ህይወቷ ፍጻሜ ድረስ ይኖራል።,ሾተላይ የሚከሰተው አንዲት ሴት የደም ዓይነቷ አር ኤች ኔጋቲቭ (Rh-) ሆኖ ከዚህ በፊት አር ኤች ፖዘቲቭ (Rh +) የሆነ ደም ወደ ሰውነቷ ከገባና ደሟ ውስጥ አር ኤች ፖዘቲቭ (Rh +) የሆኑ የደም ህዋሶችን የሚያጠፋ ንጥረ-ነገር በደሟ ውስጥ ከተመረተ ነው ። ይህ ንጥረ-ነገር አንዴ ከተመረተ በደሟ ውስጥ እስከ ህይወቷ ፍጻሜ ድረስ ይኖራል።
ጨጓራ ህመም ማለት ምን ማለት ነዉ?,ጨጓራ ህመም (peptic ulcer disease ...PUD) የጨጓራችን እና የላይኛዉ አንጀት መቁሰል ሲሆን ከቀላል ማጋሳት እስከ አንጀት መበሳትና ከፍተኛ አደጋ ሊያደርስ የሚችል የብዙ ሰዎች ህመም ሲሆን በአግባቡ ህክምናና ጥንቃቄ ከተደረገ ከ6- 8 ሳምንታት ዉሰጥ የአንጀት ቁስሉ ሊድን ይችላል።,ጨጓራ ህመም (peptic ulcer disease ...PUD) የጨጓራችን እና የላይኛዉ አንጀት መቁሰል ሲሆን ከቀላል ማጋሳት እስከ አንጀት መበሳትና ከፍተኛ አደጋ ሊያደርስ የሚችል የብዙ ሰዎች ህመም ሲሆን በአግባቡ ህክምናና ጥንቃቄ ከተደረገ ከ6- 8 ሳምንታት ዉሰጥ የአንጀት ቁስሉ ሊድን ይችላል።
የወር አበባ መቅረት ማለት ምን ማለት ነዉ?,የወር አበባ መቅረት ወይም ቀን አሳልፎ መምጣት ስንል አንድ ሴት ትክክለኛ የወር አበባ መምጣት ከነበረበት 21-35 ቀን ውስጥ ሳይመጣ ሲቀር ማለት ነው። ,የወር አበባ መቅረት ወይም ቀን አሳልፎ መምጣት ስንል አንድ ሴት ትክክለኛ የወር አበባ መምጣት ከነበረበት 21-35 ቀን ውስጥ ሳይመጣ ሲቀር ማለት ነው። 
ቴስቴስትሮን ሆርሞን ማለት ምን ማለት ነዉ?,ቴስቴስትሮን ሆርሞን በዋነኝነት የሚመረተው በወንድ የዘር ፍሬዎች (testicles) አማካኝነት ነው። ይህ ሆርሞን ለወንድ ልጅ አካላዊና ወሲባዊ እድገቶች ጠቃሚ ነው። የወንድ የዘር ፈሳሽ እንዲመረት፣ የግንኙነት ፍላጎት እንዲኖር፣ አጥንት እና ጡንቻ እንዲዳብር ያደርጋል።,ቴስቴስትሮን ሆርሞን በዋነኝነት የሚመረተው በወንድ የዘር ፍሬዎች (testicles) አማካኝነት ነው። ይህ ሆርሞን ለወንድ ልጅ አካላዊና ወሲባዊ እድገቶች ጠቃሚ ነው። የወንድ የዘር ፈሳሽ እንዲመረት፣ የግንኙነት ፍላጎት እንዲኖር፣ አጥንት እና ጡንቻ እንዲዳብር ያደርጋል።
የኩላሊት ጠጠር ማለት ምን ማለት ነዉ?,የኩላሊት ጠጠር ማለት በኩላሊትዎ ውስጥ ከሚፈጠሩ ማዕድናት እና ጨዎች የተሰሩ ጠንካራ ክምችቶች ናቸው፡፡,የኩላሊት ጠጠር ማለት በኩላሊትዎ ውስጥ ከሚፈጠሩ ማዕድናት እና ጨዎች የተሰሩ ጠንካራ ክምችቶች ናቸው፡፡
ከፍ ያለ የረሀብ ስሜትማለት ምን ማለት ነዉ?,"ከፍ ያለ የረሀብ ስሜት፡ የረሃብ ስሜት ጤናማ ቢሆንም ከፍ ያለ የረሃብ ስሜት ግን በተለያየ ምክንያት ሊፈጠር ይችላል፤ መንስኤዎቹ የጨጓራ ህመም፤እርግዝና 
","ከፍ ያለ የረሀብ ስሜት፡ የረሃብ ስሜት ጤናማ ቢሆንም ከፍ ያለ የረሃብ ስሜት ግን በተለያየ ምክንያት ሊፈጠር ይችላል፤ መንስኤዎቹ የጨጓራ ህመም፤እርግዝና 
"
ታይሮይድ ዕጢ ማለት ምን ማለት ነዉ?,ታይሮይድ ዕጢ በሰውነት ውስጥ ከሚገኙት ኢንዶክራይን ተብለው ከሚጠሩ የአካል ክፍሎችና ሕብረ ሕዋሳት ውስጥ አንዱ ነው፤ እነዚህ የአካል ክፍሎችና ሕብረ ሕዋሳት ሆርሞኖችን ማለትም ኬሚካላዊ መልእክተኞችን ይሠራሉ፣ ያከማቻሉ እንዲሁም ሆርሞኖቹ በቀጥታ ወደ ደም ውስጥ እንዲገቡ እና የሚጠበቅባቸውን ስራ እንዲሰሩ ያደርጋሉ።,ታይሮይድ ዕጢ በሰውነት ውስጥ ከሚገኙት ኢንዶክራይን ተብለው ከሚጠሩ የአካል ክፍሎችና ሕብረ ሕዋሳት ውስጥ አንዱ ነው፤ እነዚህ የአካል ክፍሎችና ሕብረ ሕዋሳት ሆርሞኖችን ማለትም ኬሚካላዊ መልእክተኞችን ይሠራሉ፣ ያከማቻሉ እንዲሁም ሆርሞኖቹ በቀጥታ ወደ ደም ውስጥ እንዲገቡ እና የሚጠበቅባቸውን ስራ እንዲሰሩ ያደርጋሉ።
የጆሮ ኩክ ማለት ምን ማለት ነዉ?,የጆሮ  ኩክ፡- ተፈጥሯዊ የሆነ ፈሳሽ ሲሆን ቢጫ፣ነጣ ያለ አልያም ቡናማ ከለር ይኖረዋል።ይህም ጆሮ ንጹህና ለኢንፌክሽን እንዳይጋለጥ ይረዳል።,የጆሮ  ኩክ፡- ተፈጥሯዊ የሆነ ፈሳሽ ሲሆን ቢጫ፣ነጣ ያለ አልያም ቡናማ ከለር ይኖረዋል።ይህም ጆሮ ንጹህና ለኢንፌክሽን እንዳይጋለጥ ይረዳል።
የህፃናት ጭንቅላት መናጋት ማለት ምን ማለት ነዉ?,የህፃናት ጭንቅላት መናጋት የህፃኑ የአንጎሉ ሴሎች በማውደም አንጎሉ/አንጎሏ በቂ ኦክስጅን እንዳያገኝ ያደርገዋል፡፡የህፃናት ጭንቅላት መናጋት በህፃናት ላይ የሚደርስ አደጋ ሲሆን የህፃናቱን አንጎል ለዘለቄታው የሚጎዳ አልፎም ሞትን ሊያስከትል ይችላል፡፡,የህፃናት ጭንቅላት መናጋት የህፃኑ የአንጎሉ ሴሎች በማውደም አንጎሉ/አንጎሏ በቂ ኦክስጅን እንዳያገኝ ያደርገዋል፡፡የህፃናት ጭንቅላት መናጋት በህፃናት ላይ የሚደርስ አደጋ ሲሆን የህፃናቱን አንጎል ለዘለቄታው የሚጎዳ አልፎም ሞትን ሊያስከትል ይችላል፡፡
ኦብሰሲቭ ኮምፐልሲቭ ዲስኦርደር ማለት ምን ማለት ነዉ?,"ኦብሰሲቭ ኮምፐልሲቭ ዲስኦርደር (ኦሲዲ) ከነባራዊ አለም ጋር የማይጣጣም በጎ ተጽእኖ የሌለው ፤አሉታዊ ስሜትን የሚፈጥር፤ የሚያሸማቅቅ፤ የሚያስፈራ፤ የሚያስጨንቅ አፍራሽ ሃሳብ በተከታታይና በተደጋጋሚ በህሊናዎ (በዓምእሮዎ) በማሰብና ለዚህም ምላሽ ለመስጠት በሚጣጣሩ ወቅት የሚፈጠር የጭንቀት አይነት ነው፡፡
","ኦብሰሲቭ ኮምፐልሲቭ ዲስኦርደር (ኦሲዲ) ከነባራዊ አለም ጋር የማይጣጣም በጎ ተጽእኖ የሌለው ፤አሉታዊ ስሜትን የሚፈጥር፤ የሚያሸማቅቅ፤ የሚያስፈራ፤ የሚያስጨንቅ አፍራሽ ሃሳብ በተከታታይና በተደጋጋሚ በህሊናዎ (በዓምእሮዎ) በማሰብና ለዚህም ምላሽ ለመስጠት በሚጣጣሩ ወቅት የሚፈጠር የጭንቀት አይነት ነው፡፡
"
የልብ ቱቦዎች መስፋት ማለት ምን ማለት ነዉ?,"የልብ ቱቦዎች መስፋት ( Dilated  cardiomyopathy) ችግር የልብ ቧንቧ ከመስፋቱ ጋር ተያይዞ ደም ከልብ ወደ ሌሎች ሰውነቶች እንዳይሰራጭ ያደርጋል ፡፡
","የልብ ቱቦዎች መስፋት ( Dilated  cardiomyopathy) ችግር የልብ ቧንቧ ከመስፋቱ ጋር ተያይዞ ደም ከልብ ወደ ሌሎች ሰውነቶች እንዳይሰራጭ ያደርጋል ፡፡
"
የራስ ቆዳ ላይ የፈንገስ ኢንፌክሽን ማለት ምን ማለት ነዉ?,"የራስ ቆዳ ላይ የፈንገስ ኢንፌክሽን ( Tinea  Capitis) ይህ ኢንፌክሽን በራስ ቆዳ ላይ በፈንገስ አማካኝነት የሚከሰት ሲሆን አብዛኛውን ጊዜ በራስ ቆዳ ላይ ማሳከክ እና መድረቅን ያስከትላል፡፡
","የራስ ቆዳ ላይ የፈንገስ ኢንፌክሽን ( Tinea  Capitis) ይህ ኢንፌክሽን በራስ ቆዳ ላይ በፈንገስ አማካኝነት የሚከሰት ሲሆን አብዛኛውን ጊዜ በራስ ቆዳ ላይ ማሳከክ እና መድረቅን ያስከትላል፡፡
"
በወንዶች ላይ የዘር ፈሳሽ በመልቀቅ ወቅት የሚፈጠር ህመም ማለት ምን ማለት ነዉ?,"በወንዶች ላይ የዘር ፈሳሽ በመልቀቅ ወቅት የሚፈጠር ህመም ከትንሽ ምቾት መንሳት እስከ ከባድ የህመም ስሜት ሊፈጥር የሚችል ነው።ህመሙ ብልት ላይ የዘር ፍሬ ላይ እና በዙሪያው ሊከሰት ይችላል።በግንኙነት ሂደት ላይም ከፍተኛ ተፅዕኖ ሊያስከትል የሚችል ነው።
","በወንዶች ላይ የዘር ፈሳሽ በመልቀቅ ወቅት የሚፈጠር ህመም ከትንሽ ምቾት መንሳት እስከ ከባድ የህመም ስሜት ሊፈጥር የሚችል ነው።ህመሙ ብልት ላይ የዘር ፍሬ ላይ እና በዙሪያው ሊከሰት ይችላል።በግንኙነት ሂደት ላይም ከፍተኛ ተፅዕኖ ሊያስከትል የሚችል ነው።
"
በቤተ ሙከራ ተዳቅሎ የሚፈጠር ጽንስ ማለት ምን ማለት ነዉ?,በቤተ ሙከራ ተዳቅሎ የሚፈጠር ጽንስ ማለት የወንዱ የዘር ህዋስ እና የሴቷን እንቁላል አውጥቶ ከማህፀን ውጪ በላብራቶሪ ውስጥ እንዲዋሃዱ የሚደረግበት በህክምና የታገዘ የስነ ተዋልዶ ዘዴ ሲሆን የተፈጠረው ፅንስ በሚፈለገው ደረጃ እድገቱን ከቀጠለ በኋላ ወደ ሴቷዋ ማህፀን በማስገባት የተፈጥሮ እርግዝና ሂደቱን እንዲቀጥል የሚደረግ ይሆናል፡፡,በቤተ ሙከራ ተዳቅሎ የሚፈጠር ጽንስ ማለት የወንዱ የዘር ህዋስ እና የሴቷን እንቁላል አውጥቶ ከማህፀን ውጪ በላብራቶሪ ውስጥ እንዲዋሃዱ የሚደረግበት በህክምና የታገዘ የስነ ተዋልዶ ዘዴ ሲሆን የተፈጠረው ፅንስ በሚፈለገው ደረጃ እድገቱን ከቀጠለ በኋላ ወደ ሴቷዋ ማህፀን በማስገባት የተፈጥሮ እርግዝና ሂደቱን እንዲቀጥል የሚደረግ ይሆናል፡፡
የጡት ህመም ማለት ምን ማለት ነዉ?,የጡት ህመም ማለት ጡት ሲነካ ህመም መሰማት ፣ የማቃጠል ስሜት ፣ የውጋት ስሜት ሲሆን ህመሙ የማያቋርጥ ወይም አልፎ አልፎ ብቻ ሊከሰት ይችላል ወይም ቀጣይነት ያለው ሊሆን ይችላል፡፡ይህ ችግር በአብዛኛው በሴቶች ላይ የሚከሰት ቢሆንም በወንዶችም ላይ ሊከሰት ይችላል፡፡,የጡት ህመም ማለት ጡት ሲነካ ህመም መሰማት ፣ የማቃጠል ስሜት ፣ የውጋት ስሜት ሲሆን ህመሙ የማያቋርጥ ወይም አልፎ አልፎ ብቻ ሊከሰት ይችላል ወይም ቀጣይነት ያለው ሊሆን ይችላል፡፡ይህ ችግር በአብዛኛው በሴቶች ላይ የሚከሰት ቢሆንም በወንዶችም ላይ ሊከሰት ይችላል፡፡
የሰውነት ቢጫ መሆን ማለት ምን ማለት ነዉ?,የሰውነት ቢጫ መሆን ፡- በዋናነት ከሚጠቀሱ ችግሮች አንደኛው ሲሆን መጠኑ የበዛ የባይልሩቢን ክምችት ሲከሰት ይፈጠራል፤ ይህም የሰውነት ቀለም ለውጥን ያስከትላል ።,የሰውነት ቢጫ መሆን ፡- በዋናነት ከሚጠቀሱ ችግሮች አንደኛው ሲሆን መጠኑ የበዛ የባይልሩቢን ክምችት ሲከሰት ይፈጠራል፤ ይህም የሰውነት ቀለም ለውጥን ያስከትላል ።
የሆድ ህመም ማለት ምን ማለት ነዉ?,የሆድ ህመም በጣም በብዛት የሚታይና ሁሉንም ሰው የሚያጠቃ ችግር ነው። ምንም እንኳን የሆድ ህመም በየጊዜው የሚከሰት ነገር ቢሆንም ዋናው ነገር ከጀርባው ያለውን ምክንያት አውቆ እራስን መጠበቅ ነው፡,የሆድ ህመም በጣም በብዛት የሚታይና ሁሉንም ሰው የሚያጠቃ ችግር ነው። ምንም እንኳን የሆድ ህመም በየጊዜው የሚከሰት ነገር ቢሆንም ዋናው ነገር ከጀርባው ያለውን ምክንያት አውቆ እራስን መጠበቅ ነው፡
የሽንት ቱቦ ኢንፌክሽን ማለት ምን ማለት ነዉ?,የሽንት ቱቦ ኢንፌክሽን የሚከሰተው ከሴቷ አካል ውጭ የሆነ ቦታ ላይ ያለ ባክቴሪያ በሽንት ቧንቧዋ ቱቦ ዉስጥ ገብተው ኢንፌክሽን ሲፈጥሩ ነው። ሴቶች ከወንዶች ይልቅ በሽንት ቱቦ የመያዝ እድላቸው ከፍተኛ ነው። ,የሽንት ቱቦ ኢንፌክሽን የሚከሰተው ከሴቷ አካል ውጭ የሆነ ቦታ ላይ ያለ ባክቴሪያ በሽንት ቧንቧዋ ቱቦ ዉስጥ ገብተው ኢንፌክሽን ሲፈጥሩ ነው። ሴቶች ከወንዶች ይልቅ በሽንት ቱቦ የመያዝ እድላቸው ከፍተኛ ነው። 
ማጅራት ገትር ማለት ምን ማለት ነዉ?,ማጅራት ገትር የምንለዉ በአንጎል እና አከርካሪ አጥንት ዙሪያ ያለው ፈሳሽ እና ሽፋን ላይ የሚከሰት ብግነት ነው። አንዳንድ የማጅራት ገትር ህመሞች በጥቂት ሳምንታት ውስጥ ያለ ህክምና ይሻሻላሉ፡፡ ሌሎቹ ለሕይወት አስጊ ሊሆኑ ይችላሉ እና አስቸኳይ ሕክምና ያስፈልጋቸዋል፡፡,ማጅራት ገትር የምንለዉ በአንጎል እና አከርካሪ አጥንት ዙሪያ ያለው ፈሳሽ እና ሽፋን ላይ የሚከሰት ብግነት ነው። አንዳንድ የማጅራት ገትር ህመሞች በጥቂት ሳምንታት ውስጥ ያለ ህክምና ይሻሻላሉ፡፡ ሌሎቹ ለሕይወት አስጊ ሊሆኑ ይችላሉ እና አስቸኳይ ሕክምና ያስፈልጋቸዋል፡፡
ዓይነት አንድ የስኳር በሽታ ማለት ምን ማለት ነዉ?,"ዓይነት አንድ የስኳር በሽታ ብዙውን ጊዜ በዘር የሚተላለፍ ሲሆን ልጆች ላይ ይከሰታል፡፡

","ዓይነት አንድ የስኳር በሽታ ብዙውን ጊዜ በዘር የሚተላለፍ ሲሆን ልጆች ላይ ይከሰታል፡፡

"
አይነት ሁለት የስኳር በሽታ ማለት ምን ማለት ነዉ?,አይነት ሁለት የስኳር በሽታ የኢንሱሊን ጥገኛ ተብሎ ይጠራል ፣ በሽተኛው የማያቋርጥ የስኳር ህመም ነው፡፡,አይነት ሁለት የስኳር በሽታ የኢንሱሊን ጥገኛ ተብሎ ይጠራል ፣ በሽተኛው የማያቋርጥ የስኳር ህመም ነው፡፡
ጉበት ላይ ውሀ መቆጠር ማለት ምን ማለት ነዉ?,ጉበት ላይ ውሀ መቆጠር ማለት በጉበት ላይ የሚወጡ በፈሳሽ የተሞላ ከረጢቶች ናቸው ፡፡ እነዚህ እባጮች ካንሰር ያልሆኑ ሲሆኑ ምልክቶቹን ካላየን የጉበት ተግባር ላይ ብዙ ተፅእኖ አያሳርፉም፡፡,ጉበት ላይ ውሀ መቆጠር ማለት በጉበት ላይ የሚወጡ በፈሳሽ የተሞላ ከረጢቶች ናቸው ፡፡ እነዚህ እባጮች ካንሰር ያልሆኑ ሲሆኑ ምልክቶቹን ካላየን የጉበት ተግባር ላይ ብዙ ተፅእኖ አያሳርፉም፡፡
አኖሬክሲያ  ነርቮሳ ማለት ምን ማለት ነዉ?,"አኖሬክሲያ  ነርቮሳ ( Anorexia  nervosa)  ይህ ህመም ከአዕምሮ በሽታዎች አንዱ ሲሆን የዚህ ሀመም ተጠቂ የሆኑ ሰዎች ስለሚበሉት እና ስለመወፈር አብዝተው የሚጠሉ ናቸው 
","አኖሬክሲያ  ነርቮሳ ( Anorexia  nervosa)  ይህ ህመም ከአዕምሮ በሽታዎች አንዱ ሲሆን የዚህ ሀመም ተጠቂ የሆኑ ሰዎች ስለሚበሉት እና ስለመወፈር አብዝተው የሚጠሉ ናቸው 
"
ለመዋጥ መቸገር ማለት ምን ማለት ነዉ?,ለመዋጥ መቸገር ማለት ጠጣርም ይሁን ፈሳሽ ነገር ለመዋጥ ጊዜ ሲወስድብን ወይም ከአፋችን ወደ ጨጓራ ማሳለፍ ሳንችል ሲቀር ነው። አንዳንዴም ለመዋጥ ከመቸገር ወጪ ህመም አብሮት ሊመጣ ይችላል።,ለመዋጥ መቸገር ማለት ጠጣርም ይሁን ፈሳሽ ነገር ለመዋጥ ጊዜ ሲወስድብን ወይም ከአፋችን ወደ ጨጓራ ማሳለፍ ሳንችል ሲቀር ነው። አንዳንዴም ለመዋጥ ከመቸገር ወጪ ህመም አብሮት ሊመጣ ይችላል።
የልብ ምት ጎልቶ መሰማት ማለት ምን ማለት ነዉ?,"የልብ ምት ጎልቶ መሰማት አንዳንዴ ተረጋግተን ስናስተዉል የልብ ምት ይሰማናል ይህ ስሜት የጤና እክል እንዳለ አያመላክተንም ሆኖም ግን የልብ ምት ጎልቶ መሰማት (Palpitation) ሲኖር አልፎ አልፎ ከተለመደዉ ዉጪ የልብ ምት ሲዘል እና ሌላ የምት አይነት ሲጨመር እና ጎልቶ ሲሰማ ልብ ላይ ችግር እንዳለ ይጠቁመናል፡፡ይህ የልብ ምት ስሜት ከልብ አልፎ አንገት፣ጉሮሮ እና ደረት ላይ ሊሰማ ይችላል፡፡
","የልብ ምት ጎልቶ መሰማት አንዳንዴ ተረጋግተን ስናስተዉል የልብ ምት ይሰማናል ይህ ስሜት የጤና እክል እንዳለ አያመላክተንም ሆኖም ግን የልብ ምት ጎልቶ መሰማት (Palpitation) ሲኖር አልፎ አልፎ ከተለመደዉ ዉጪ የልብ ምት ሲዘል እና ሌላ የምት አይነት ሲጨመር እና ጎልቶ ሲሰማ ልብ ላይ ችግር እንዳለ ይጠቁመናል፡፡ይህ የልብ ምት ስሜት ከልብ አልፎ አንገት፣ጉሮሮ እና ደረት ላይ ሊሰማ ይችላል፡፡
"
የእንቅልፍ መዛባት ማለት ምን ማለት ነዉ?,የእንቅልፍ መዛባት ወይም መጣረስ በውስጥ ደዌ ወይም በስነ አዕምሮ ህክምና ውስጥ የተለመደ ችግር ነው፡፡ ይህ ችግር በሁለት አይነት ዋና ምክንያቶች የሚመጣ ሲሆን በተፈጥሮ የሚመጣ(primary) እንዲሁም ከጊዜ በኋላ በሚገጥሙ ሁኔታዎች የሚፈጠር (secondary) በመባል እንከፍላቸዋለን ፡፡,የእንቅልፍ መዛባት ወይም መጣረስ በውስጥ ደዌ ወይም በስነ አዕምሮ ህክምና ውስጥ የተለመደ ችግር ነው፡፡ ይህ ችግር በሁለት አይነት ዋና ምክንያቶች የሚመጣ ሲሆን በተፈጥሮ የሚመጣ(primary) እንዲሁም ከጊዜ በኋላ በሚገጥሙ ሁኔታዎች የሚፈጠር (secondary) በመባል እንከፍላቸዋለን ፡፡
የወር አበባ ኡደት ማለት ምን ማለት ነዉ?,የወር አበባ ኡደት የአንዲት ሴት ሰውነት በየወሩ ሊከሰት ለሚችል እርግዝና በሚያደርገው ቅድመ ዝግጅት የተነሳ የሚፈጠሩ የተለያዩ ለውጦች ውጤት ነው፡፡ ,የወር አበባ ኡደት የአንዲት ሴት ሰውነት በየወሩ ሊከሰት ለሚችል እርግዝና በሚያደርገው ቅድመ ዝግጅት የተነሳ የሚፈጠሩ የተለያዩ ለውጦች ውጤት ነው፡፡ 
የጀርባ ቁርጥማት ማለት ምን ማለት ነዉ?,"የጀርባ ቁርጥማት ( Lumbago) ይህ የታችኛው የጀርባ ሕመም ሲሆን ሕመሙ በቀናት የሚዘልቅና ከፍተኛ የስነ-ልቦና ቀውስ የሚያስከትል ነው፡፡ ሕመሙ ቀለል ያለ ፣ምቾት የሚነሳ አጣዳፊና ኃይለኛ ሊሆን ይችላል፡፡ ዘላቂ የሆነ የጀርባ ህመም እስከ ሦስት ወራት የሚዘልቅ ሲሆን በሕመሙ በየትኛውም ዕድሜ ላይ የሚገኙ ሰዎች ይጠቃሉ፡፡
","የጀርባ ቁርጥማት ( Lumbago) ይህ የታችኛው የጀርባ ሕመም ሲሆን ሕመሙ በቀናት የሚዘልቅና ከፍተኛ የስነ-ልቦና ቀውስ የሚያስከትል ነው፡፡ ሕመሙ ቀለል ያለ ፣ምቾት የሚነሳ አጣዳፊና ኃይለኛ ሊሆን ይችላል፡፡ ዘላቂ የሆነ የጀርባ ህመም እስከ ሦስት ወራት የሚዘልቅ ሲሆን በሕመሙ በየትኛውም ዕድሜ ላይ የሚገኙ ሰዎች ይጠቃሉ፡፡
"
ደም የቀላቀለ አክታ ማለት ምን ማለት ነዉ?,ደም የቀላቀለ አክታ ሊከሰት የሚችለው ሳንባ ላይ ኢንፌክሽን በሚኖርበት ጊዜ እና የመተንፈሻ አካል ላይ ጉዳት በሚያጋጥመን ወቅት ነው ፡፡,ደም የቀላቀለ አክታ ሊከሰት የሚችለው ሳንባ ላይ ኢንፌክሽን በሚኖርበት ጊዜ እና የመተንፈሻ አካል ላይ ጉዳት በሚያጋጥመን ወቅት ነው ፡፡
የሰውነት መድከም ማለት ምን ማለት ነዉ?,የሰውነት መድከም ማለት የመዛል ስሜት ያለው ሲሆን አካላችንን ወይም ጡንቻዎቻችንን በስርአቱ ማንቀሳቀስ ሲያቅተን ማለት ነው።,የሰውነት መድከም ማለት የመዛል ስሜት ያለው ሲሆን አካላችንን ወይም ጡንቻዎቻችንን በስርአቱ ማንቀሳቀስ ሲያቅተን ማለት ነው።
በስጋት የመያዝ ስሜት ማለት ምን ማለት ነዉ?,በስጋት የመያዝ ስሜት በጣም የተለመደ የስሜት ቀውስ ነው፤ በማንኛውም ዕድሜ ላይ ማንኛውም ሰው ሊጠቃ ይችላል፡፡,በስጋት የመያዝ ስሜት በጣም የተለመደ የስሜት ቀውስ ነው፤ በማንኛውም ዕድሜ ላይ ማንኛውም ሰው ሊጠቃ ይችላል፡፡
ከልክ ያለፈ የሰውነት ላብ ማለት ምን ማለት ነዉ?," ከልክ ያለፈ የሰውነት ላብ- ሙቀት እና ከአካል ብቃት እንቅስቃሴ ዉጪ የሰዉነት ላብ ሲበዛ ከልክ ያለፈ ላብ ችግር እንዳለ ይጠቁመናል፡፡
"," ከልክ ያለፈ የሰውነት ላብ- ሙቀት እና ከአካል ብቃት እንቅስቃሴ ዉጪ የሰዉነት ላብ ሲበዛ ከልክ ያለፈ ላብ ችግር እንዳለ ይጠቁመናል፡፡
"
በስኳር ህመም ምክንያት የሚከሰት የነርቭ ጉዳት ማለት ምን ማለት ነዉ?,በስኳር ህመም ምክንያት የሚከሰት የነርቭ ጉዳት የሚመጣው የደም ስኳር መጠን በሚጨምርበት ጊዜ ሲሆን አብዛኛውን ጊዜ እግር አካባቢ የሚገኙ ነርቮችን ይጎዳል፡፡,በስኳር ህመም ምክንያት የሚከሰት የነርቭ ጉዳት የሚመጣው የደም ስኳር መጠን በሚጨምርበት ጊዜ ሲሆን አብዛኛውን ጊዜ እግር አካባቢ የሚገኙ ነርቮችን ይጎዳል፡፡
ፕሮስቴት ማለት ምን ማለት ነዉ?,ፕሮስቴት የወንዶች የመራቢያ ሥርዓት ውስጥ የሚጠቃለል ትንሽ አካል ነው። ፕሮስቴት የሚገኘው ከሽንት ፊኛ በታች እና በፊንጢጣ ፊት ለፊት ነው።,ፕሮስቴት የወንዶች የመራቢያ ሥርዓት ውስጥ የሚጠቃለል ትንሽ አካል ነው። ፕሮስቴት የሚገኘው ከሽንት ፊኛ በታች እና በፊንጢጣ ፊት ለፊት ነው።
ሆድ ወስጥ ውሃ መጠራቀም ማለት ምን ማለት ነዉ?,"የሆድ ዕቃ አቃፍ የሚባል ቲሹ የሆድ ዕቃን ማለትም ሆድን፣ አንጀትን፣ ጉበትን እና ኩላሊትን ያጠቃልላል። የሆድ እቃ አቃፊ ሁለት ንብርብሮች አሉት፡፡የሆድ ውስጥ ውሃ መጠራቀም የሚከሰተው በሁለቱ ንብርብሮች መካከል ፈሳሽ ሲፈጠር ነው፡፡
","የሆድ ዕቃ አቃፍ የሚባል ቲሹ የሆድ ዕቃን ማለትም ሆድን፣ አንጀትን፣ ጉበትን እና ኩላሊትን ያጠቃልላል። የሆድ እቃ አቃፊ ሁለት ንብርብሮች አሉት፡፡የሆድ ውስጥ ውሃ መጠራቀም የሚከሰተው በሁለቱ ንብርብሮች መካከል ፈሳሽ ሲፈጠር ነው፡፡
"
በግንኙነት ወቅት የወንድ ዘር ፈሳሽ ቶሎ መፍሰስ ማለት ምን ማለት ነዉ?,በግንኙነት ወቅት የወንድ ዘር ፈሳሽ ቶሎ መፍሰስ የምንለው አንድ ወንድ አጋሩ ሳይረኩ የወንድ ዘር ፈሳሽ ቀድሞ መፍሰስ ሲከሰት ነው፡፡ ይህ ብዙ ሰው ላይ የሚታይ የተለመደ የሚባል ችግር ነው፡፡,በግንኙነት ወቅት የወንድ ዘር ፈሳሽ ቶሎ መፍሰስ የምንለው አንድ ወንድ አጋሩ ሳይረኩ የወንድ ዘር ፈሳሽ ቀድሞ መፍሰስ ሲከሰት ነው፡፡ ይህ ብዙ ሰው ላይ የሚታይ የተለመደ የሚባል ችግር ነው፡፡
ነገር ግን ከቀዶ ሕክምናው በኋላ ወደ ሆስፒታል አለመወሰዳቸውን ገልጸዋል,"ሕክምናውን ተከትሎ ለሚከሰተው የደም መፍሰስ ማስታገሻ እንደተሰጣቸው ያስታወሱት የቤተሰብ አባላቱ ""የተሰጣቸው የማስታገሻ መድኃኒትም አልቆባቸዋል። ሕመሙን ለማስታገስ ቶሎ ቶሎ እየወሰዱት ስለነበር"" ሲሉ ለቢቢሲ ተናግረዋል።","ሕክምናውን ተከትሎ ለሚከሰተው የደም መፍሰስ ማስታገሻ እንደተሰጣቸው ያስታወሱት የቤተሰብ አባላቱ ""የተሰጣቸው የማስታገሻ መድኃኒትም አልቆባቸዋል። ሕመሙን ለማስታገስ ቶሎ ቶሎ እየወሰዱት ስለነበር"" ሲሉ ለቢቢሲ ተናግረዋል።"
ትላንት ማስታገሻ ይዘን ስንሄድ መግባት አትችሉም ተባልን,"የአቶ ዮሐንስ ቤተሰብ አባል፤ ""ትላንት ማስታገሻ ይዘን ስንሄድ መግባት አትችሉም ተባልን፤ ለምንድን ነው ስንል? ሊቀየሩ ነው አሉን። እስከ ትናንት ግን እነሱ አይሄዱም ብለውን ነበር። ትናንት በድንገት ተነስተው ሊወጡ ስለሆነ ምንም ምግብ ማስገባት አትችሉም መድኃኒትም አይገባም ብለው ከለከሉን"" ብልዋል","የአቶ ዮሐንስ ቤተሰብ አባል፤ ""ትላንት ማስታገሻ ይዘን ስንሄድ መግባት አትችሉም ተባልን፤ ለምንድን ነው ስንል? ሊቀየሩ ነው አሉን። እስከ ትናንት ግን እነሱ አይሄዱም ብለውን ነበር። ትናንት በድንገት ተነስተው ሊወጡ ስለሆነ ምንም ምግብ ማስገባት አትችሉም መድኃኒትም አይገባም ብለው ከለከሉን"" ብልዋል"
ትላንትና ምግብም ማስታገሻም ይዘን ስንሄድ የሚያስገባን ስለሌለ ተመለስን,"የአቶ ክርስቲያንም የቤተሰብ አባል በተመሳሳይ ""ትላንትና ምግብም ማስታገሻም ይዘን ስንሄድ የሚያስገባን ስለሌለ ተመለስን"" ሲሉ ተናግረዋል።","የአቶ ክርስቲያንም የቤተሰብ አባል በተመሳሳይ ""ትላንትና ምግብም ማስታገሻም ይዘን ስንሄድ የሚያስገባን ስለሌለ ተመለስን"" ሲሉ ተናግረዋል።"
የፌደራል ማረሚያ ቤት ኮሚሽን ባለፈው ሳምንት ሰኞ ታህሳስ 7/ 2017 ዓ.ም,"የፌደራል ማረሚያ ቤት ኮሚሽን ባለፈው ሳምንት ሰኞ ታህሳስ 7/ 2017 ዓ.ም. ባወጣው መግለጫ፤ ""ታራሚዎችን ከቃሊቲ ማረሚያ ቤት ገላን አካባቢ ወደ ሚገኘው እና በተለምዶ አባ ሳሙኤል ተብሎ ወደሚጠራው ማረሚያ ቤት እንደሚያዘዋውር አስታውቆ ነበር።","የፌደራል ማረሚያ ቤት ኮሚሽን ባለፈው ሳምንት ሰኞ ታህሳስ 7/ 2017 ዓ.ም. ባወጣው መግለጫ፤ ""ታራሚዎችን ከቃሊቲ ማረሚያ ቤት ገላን አካባቢ ወደ ሚገኘው እና በተለምዶ አባ ሳሙኤል ተብሎ ወደሚጠራው ማረሚያ ቤት እንደሚያዘዋውር አስታውቆ ነበር።"
የታራሚ ቤተሰብ ጥየቃም,"ይህን ተከትሎም ""በአዲስ አበባ ቃሊቲ ማረሚያ ማዕከል ይሰጥ የነበረውን የታራሚ ቤተሰብ ጥየቃም ሆነ የቢሮ ስራ አገልግሎት ከታህሳስ 8 እስከ 13 ቀን 2017 ዓ.ም ድረስ ተቋርጦ የሚቆይ"" መሆኑን ጠቁሟል።","ይህን ተከትሎም ""በአዲስ አበባ ቃሊቲ ማረሚያ ማዕከል ይሰጥ የነበረውን የታራሚ ቤተሰብ ጥየቃም ሆነ የቢሮ ስራ አገልግሎት ከታህሳስ 8 እስከ 13 ቀን 2017 ዓ.ም ድረስ ተቋርጦ የሚቆይ"" መሆኑን ጠቁሟል።"
 ከዛሬ ታህሳስ 14,ኮሚሽኑ በዚሁ መግለጫው ካለፈው ሳምንት ማክሰኞ ጀምሮ የተቋረጠው አገልግሎት ከዛሬ ታህሳስ 14 እንደገና እንደሚጀምር በመግለጫው ገልጾ ነበር።,ኮሚሽኑ በዚሁ መግለጫው ካለፈው ሳምንት ማክሰኞ ጀምሮ የተቋረጠው አገልግሎት ከዛሬ ታህሳስ 14 እንደገና እንደሚጀምር በመግለጫው ገልጾ ነበር።
የአቶ ክርስቲያን እና አቶ ዮሐንስ ቤተሰቦች,ነገር ግን የአቶ ክርስቲያን እና አቶ ዮሐንስ ቤተሰቦች ዛሬም ምግብ ማስገባት እና እስረኞቹን መጠየቅ እንዳልቻሉ ለቢቢሲ ተናግረዋል።,ነገር ግን የአቶ ክርስቲያን እና አቶ ዮሐንስ ቤተሰቦች ዛሬም ምግብ ማስገባት እና እስረኞቹን መጠየቅ እንዳልቻሉ ለቢቢሲ ተናግረዋል።
የፌደራል ማረሚያ ቤት ኮሚሽን የሕዝብ ግንኙነት,ቢቢሲ ጉዳዩን በተመለከተ የፌደራል ማረሚያ ቤት ኮሚሽን የሕዝብ ግንኙነት ሥራ አስፈጻሚ አቶ ገረመው አያሌው ጋር ያደረገው ተደጋጋሚ የስልክ ጥሪ ምላሽ ባለማግኘቱ አስተያየታቸውን ማካተት አልቻለም።,ቢቢሲ ጉዳዩን በተመለከተ የፌደራል ማረሚያ ቤት ኮሚሽን የሕዝብ ግንኙነት ሥራ አስፈጻሚ አቶ ገረመው አያሌው ጋር ያደረገው ተደጋጋሚ የስልክ ጥሪ ምላሽ ባለማግኘቱ አስተያየታቸውን ማካተት አልቻለም።
ዐቃቤ ህግ አቶ ዮሐንስ ቧያሌው እና አቶ ክርስቲያን ታደለ ላይ ክስ የመሰረተው ባለፈው ዓመ,ዐቃቤ ህግ አቶ ዮሐንስ ቧያሌው እና አቶ ክርስቲያን ታደለ ላይ ክስ የመሰረተው ባለፈው ዓመት መጋቢት ወር ላይ ነበር። ከሁለት የምክር ቤት አባላት በተጨማሪ ሌሎች 50 ግለሰቦች እና ፖለቲከኞችም በአቶ ዮሐንስ ቧያሌው ስም በሚጠራው የክስ መዝገብ ተካትተዋል።,ዐቃቤ ህግ አቶ ዮሐንስ ቧያሌው እና አቶ ክርስቲያን ታደለ ላይ ክስ የመሰረተው ባለፈው ዓመት መጋቢት ወር ላይ ነበር። ከሁለት የምክር ቤት አባላት በተጨማሪ ሌሎች 50 ግለሰቦች እና ፖለቲከኞችም በአቶ ዮሐንስ ቧያሌው ስም በሚጠራው የክስ መዝገብ ተካትተዋል።
 የአስቸኳይ ጊዜ አዋጅ ጋር በተያያዘ,ግለሰቦቹ በ2015 ዓ.ም. ማብቂያ ላይ በአማራ ክልል ከተጣለው የአስቸኳይ ጊዜ አዋጅ ጋር በተያያዘ በቁጥጥር ስር ከዋሉ በኋላ ክስ ሳይመሠረትባቸው ለስድስት ወር ቆይተው ነበር።,ግለሰቦቹ በ2015 ዓ.ም. ማብቂያ ላይ በአማራ ክልል ከተጣለው የአስቸኳይ ጊዜ አዋጅ ጋር በተያያዘ በቁጥጥር ስር ከዋሉ በኋላ ክስ ሳይመሠረትባቸው ለስድስት ወር ቆይተው ነበር።
ፀረ ሽብር አዋጅን ,ዐቃቤ ህግ ክሱን የመሰረተው የወንጀል ሕጉን እና የፀረ ሽብር አዋጅን ጠቅሶ ነው።,ዐቃቤ ህግ ክሱን የመሰረተው የወንጀል ሕጉን እና የፀረ ሽብር አዋጅን ጠቅሶ ነው።
የተከሳሽ ጠበቆች በበኩላቸው ,የተከሳሽ ጠበቆች በበኩላቸው ባለፈው ዓመት ግንቦት ወር ላይ በ12 ገጾች የተዘጋጀ የክስ መቃወሚያቸውን ለፍርድ ቤት አቅርበዋል።,የተከሳሽ ጠበቆች በበኩላቸው ባለፈው ዓመት ግንቦት ወር ላይ በ12 ገጾች የተዘጋጀ የክስ መቃወሚያቸውን ለፍርድ ቤት አቅርበዋል።
የደም ግፊት መደበኛ መጠን ስንት ነው?,ለአንድ ጤነኛ ሰው መደበኛው የደም ግፊት መጠን 120/80 mmHg አካባቢ ነው።,ለአንድ ጤነኛ ሰው መደበኛው የደም ግፊት መጠን 120/80 mmHg አካባቢ ነው።
የስኳር በሽታ ምልክቶች ምንድን ናቸው?,ከፍተኛ ጥማት፣ ቶሎ ቶሎ መሽናት፣ ከፍተኛ ረሃብ እና ያለምክንያት ክብደት መቀነስ ዋና ዋናዎቹ ናቸው።,ከፍተኛ ጥማት፣ ቶሎ ቶሎ መሽናት፣ ከፍተኛ ረሃብ እና ያለምክንያት ክብደት መቀነስ ዋና ዋናዎቹ ናቸው።
የሰውነት ሙቀት (ትኩሳት) ስንት ሲሆን ነው?,አብዛኛውን ጊዜ የሰውነት ሙቀት ከ 38°C በላይ ሲሆን እንደ ትኩሳት ይቆጠራል።,አብዛኛውን ጊዜ የሰውነት ሙቀት ከ 38°C በላይ ሲሆን እንደ ትኩሳት ይቆጠራል።
አንቲባዮቲክ (Antibiotics) ቫይረስን ይገድላል?,አይገድልም። አንቲባዮቲክስ የሚሰራው በባክቴሪያ ለሚመጡ በሽታዎች ብቻ ነው።,አይገድልም። አንቲባዮቲክስ የሚሰራው በባክቴሪያ ለሚመጡ በሽታዎች ብቻ ነው።
የደም ማነስ (Anemia) ዋና መንስኤ ምንድነው?,በሰውነት ውስጥ የብረት (Iron) ንጥረ ነገር እጥረት መኖር ቀዳሚው ምክንያት ነው።,በሰውነት ውስጥ የብረት (Iron) ንጥረ ነገር እጥረት መኖር ቀዳሚው ምክንያት ነው።
ስትሮክ (Stroke) ምንድነው?,ወደ አንጎል የሚሄደው የደም ዝውውር ሲቋረጥ ወይም ደም ሲፈስ የሚከሰት ድንገተኛ አደጋ ነው።,ወደ አንጎል የሚሄደው የደም ዝውውር ሲቋረጥ ወይም ደም ሲፈስ የሚከሰት ድንገተኛ አደጋ ነው።
ጤነኛ የልብ ምት በደቂቃ ስንት ነው?,በአማካይ እረፍት ላይ ላለ አዋቂ ሰው በደቂቃ ከ 60 እስከ 100 ጊዜ ይመታል።,በአማካይ እረፍት ላይ ላለ አዋቂ ሰው በደቂቃ ከ 60 እስከ 100 ጊዜ ይመታል።
ቪታሚን ዲ (Vitamin D) እንዴት ይገኛል?,በዋናነት ከፀሐይ ብርሃን፣ እንዲሁም እንደ ዓሳ እና እንቁላል ካሉ ምግቦች ይገኛል።,በዋናነት ከፀሐይ ብርሃን፣ እንዲሁም እንደ ዓሳ እና እንቁላል ካሉ ምግቦች ይገኛል።
ኮሌስትሮል ምንድነው?,በደም ውስጥ የሚገኝ ቅባት መሰል ንጥረ ነገር ሲሆን፣ መጠኑ ሲበዛ የልብ በሽታ ያመጣል።,በደም ውስጥ የሚገኝ ቅባት መሰል ንጥረ ነገር ሲሆን፣ መጠኑ ሲበዛ የልብ በሽታ ያመጣል።
ውሃ መጠጣት ለጤና ለምን ይጠቅማል?,የሰውነት ሙቀትን ለመቆጣጠር፣ ለምግብ መፈጨት እና መርዛማ ነገሮችን ለማስወገድ ይረዳል።,የሰውነት ሙቀትን ለመቆጣጠር፣ ለምግብ መፈጨት እና መርዛማ ነገሮችን ለማስወገድ ይረዳል።
ምን አይነት ምግቦች የስኳር መጠን ይጨምራሉ?,አብዛኞቹ ምግቦች እና መጠጦች ካርቦሃይድሬት ያላቸው ሲሆን በደም ውስጥ ያለን የስኳር መጠን ይጨምራሉ፡፡,አብዛኞቹ ምግቦች እና መጠጦች ካርቦሃይድሬት ያላቸው ሲሆን በደም ውስጥ ያለን የስኳር መጠን ይጨምራሉ፡፡
በመጀመሪያ ወቅት ሰውነትዎን ለምን ያህል ጊዜ ማፍታታት ይገባል?,በ5-10 ደቂቃ ይጀምሩና ጊዜ እየጨመሩ ይሂዱ።,በ5-10 ደቂቃ ይጀምሩና ጊዜ እየጨመሩ ይሂዱ።
ብዙ ሰርተው ሰውነትዎ ከደከመ ምን ማድረግ ተገቢ ነው?,በሚቀጥለው ጊዜ ቀነስ አድርገው ይስሩ።,በሚቀጥለው ጊዜ ቀነስ አድርገው ይስሩ።
ሰውነትዎን በሚያፍታቱበት ወቅት ምን ማድረግ ተገቢ ነው?,ሀኪምዎን ያነጋግሩ,ሀኪምዎን ያነጋግሩ
ትራይሶሚ 18 በዘር የሚተላለፍ ነው?,"አብዛኛዎቹ የትራይሶሚ 18 ጉዳዮች በዘር የሚተላለፉ አይደሉም, ነገር ግን እንቁላል እና ስፐርም በሚፈጠሩበት ጊዜ በዘፈቀደ ይከሰታሉ. የማይለያይ ተብሎ የሚጠራው የሕዋስ ክፍፍል ስህተት ያልተለመደ የክሮሞሶም ብዛት ወዳለው የመራቢያ ሕዋስ ይመራል። ለምሳሌ፣ እንቁላል ወይም ስፐርም ሴል ተጨማሪ የክሮሞሶም 18 ቅጂ ሊኖረው ይችላል። ከእነዚህ ያልተለመዱ የመራቢያ ሴሎች ውስጥ አንዱ ለልጁ የጄኔቲክ ሜካፕ አስተዋፅዖ ካደረገ, ህጻኑ በሁሉም የሰውነት ሴሎች ውስጥ ተጨማሪ ክሮሞሶም 18 ይኖረዋል. ሞዛይክ ትራይሶሚ 18 እንዲሁ በዘር የሚተላለፍ አይደለም። በፅንሱ እድገት መጀመሪያ ላይ በሴል ክፍፍል ወቅት በዘፈቀደ ይከሰታል. በውጤቱም, አንዳንድ የሰውነት ሴሎች መደበኛ ሁለት የክሮሞሶም 18 ቅጂዎች ሲኖራቸው ሌሎች ሴሎች ደግሞ ሶስት ቅጂዎች አሏቸው. ከፊል ትራይሶሚ 18 በዘር ሊተላለፍ ይችላል. ምልክት የሌለበት ሰው በክሮሞሶም 18 እና በሌላ ክሮሞሶም መካከል የጄኔቲክ ቁሳቁሶችን እንደገና ማስተካከል ይችላል። ከክሮሞሶም 18 ምንም ተጨማሪ ቁሳቁስ ስለማይሳተፍ ይህ ማስተካከያ ሚዛናዊ ሽግግር ይባላል። ምንም እንኳን ቢያደርጉም","አብዛኛዎቹ የትራይሶሚ 18 ጉዳዮች በዘር የሚተላለፉ አይደሉም, ነገር ግን እንቁላል እና ስፐርም በሚፈጠሩበት ጊዜ በዘፈቀደ ይከሰታሉ. የማይለያይ ተብሎ የሚጠራው የሕዋስ ክፍፍል ስህተት ያልተለመደ የክሮሞሶም ብዛት ወዳለው የመራቢያ ሕዋስ ይመራል። ለምሳሌ፣ እንቁላል ወይም ስፐርም ሴል ተጨማሪ የክሮሞሶም 18 ቅጂ ሊኖረው ይችላል። ከእነዚህ ያልተለመዱ የመራቢያ ሴሎች ውስጥ አንዱ ለልጁ የጄኔቲክ ሜካፕ አስተዋፅዖ ካደረገ, ህጻኑ በሁሉም የሰውነት ሴሎች ውስጥ ተጨማሪ ክሮሞሶም 18 ይኖረዋል. ሞዛይክ ትራይሶሚ 18 እንዲሁ በዘር የሚተላለፍ አይደለም። በፅንሱ እድገት መጀመሪያ ላይ በሴል ክፍፍል ወቅት በዘፈቀደ ይከሰታል. በውጤቱም, አንዳንድ የሰውነት ሴሎች መደበኛ ሁለት የክሮሞሶም 18 ቅጂዎች ሲኖራቸው ሌሎች ሴሎች ደግሞ ሶስት ቅጂዎች አሏቸው. ከፊል ትራይሶሚ 18 በዘር ሊተላለፍ ይችላል. ምልክት የሌለበት ሰው በክሮሞሶም 18 እና በሌላ ክሮሞሶም መካከል የጄኔቲክ ቁሳቁሶችን እንደገና ማስተካከል ይችላል። ከክሮሞሶም 18 ምንም ተጨማሪ ቁሳቁስ ስለማይሳተፍ ይህ ማስተካከያ ሚዛናዊ ሽግግር ይባላል። ምንም እንኳን ቢያደርጉም"
ሲጋራ ማጨስ ማቆም ከካንስር (ነቀርሳ)ለማገገም ሊረዳዎ ይችላልን?,ሲጋራ ማጨስ ማቆም ከካንስር (ነቀርሳ)ለማገገም ሊረዳዎ ይችላል,ሲጋራ ማጨስ ማቆም ከካንስር (ነቀርሳ)ለማገገም ሊረዳዎ ይችላል
ለካንሰር ህክምና እያገኙ ነው ወይም ካንሰር ይዞት ያውቃል?,ምንም እንኳ የያዞት ካንሰር መንሰኤው ማጨስ ባይሆንም -ማጨስ ማቆም ከካንስር የመትረፍ እድልዎን ከፍ ሊያደርገው ይችላል,ምንም እንኳ የያዞት ካንሰር መንሰኤው ማጨስ ባይሆንም -ማጨስ ማቆም ከካንስር የመትረፍ እድልዎን ከፍ ሊያደርገው ይችላል
ሲጋራ ማጨስ ማቆም ሊጠቅም የሚችልበት በርካታ መንገዶች ውስጥ ጥቂቶችን ጥቀስ።,ከህክምና የተሻለ ውጤቶች ሊያገኙ ይችላሉ፡ የሳንባ ካንስር ወይም በማጨስ ምክንያት የሚመጣ ሌላ የካንሰር በሽታ ካለብዎ፣ ካንሰሩ የማገርሸት እድሉ ዝቅተኛ ይሆናል፡ያለብዎት ካንስር ከማጨስ ጋር የተያያዘ ካልሆነ በተመሳሳይ ወይም በሌላ የሰውነትዎ ክፍል በሌላ የካንስር አይነት የመያዝ እድዎት ዝቅተኛ ይሆናል፡ በማጨስ በሚመጡ ሌሎች በሽታዎች የመያዝ እድልዎ ዝቅተኛ ይሆናል፡           ,ከህክምና የተሻለ ውጤቶች ሊያገኙ ይችላሉ፡ የሳንባ ካንስር ወይም በማጨስ ምክንያት የሚመጣ ሌላ የካንሰር በሽታ ካለብዎ፣ ካንሰሩ የማገርሸት እድሉ ዝቅተኛ ይሆናል፡ያለብዎት ካንስር ከማጨስ ጋር የተያያዘ ካልሆነ በተመሳሳይ ወይም በሌላ የሰውነትዎ ክፍል በሌላ የካንስር አይነት የመያዝ እድዎት ዝቅተኛ ይሆናል፡ በማጨስ በሚመጡ ሌሎች በሽታዎች የመያዝ እድልዎ ዝቅተኛ ይሆናል፡           
ማጨስ ማቆም ወደ ሆስፒታሎች እንዳይመላለሱ ያደርጋልን?,የቀዶ ጥገና ከተደረገልዎት: ማጨስ ማቆም በፍጥነት እንዲያገግሙ ይረዳዎታል፡፡ ማጨስ ማቆም ወደ ሆስፒታሎች እንዳይመላለሱ ወይም በሆስፒታል ውስጥ ረጅም ጊዜ እንያሳልፉ ሊረዳዎ ይችላል፡፡ ቁስሎችዎ በፍጠነት ይድናሉ፡፡ ሳንባዎ ላይ አንስተኛ ችግሮች ይኖርዎታል፡፡ በተጨማሪም አንስተኛ ኢንፌክሽን እና በሰውነትዎ የደም ዝውውር ላይ አንስተኛ ችግር ነው ሊያጋጥሞዎ የሚችለው,የቀዶ ጥገና ከተደረገልዎት: ማጨስ ማቆም በፍጥነት እንዲያገግሙ ይረዳዎታል፡፡ ማጨስ ማቆም ወደ ሆስፒታሎች እንዳይመላለሱ ወይም በሆስፒታል ውስጥ ረጅም ጊዜ እንያሳልፉ ሊረዳዎ ይችላል፡፡ ቁስሎችዎ በፍጠነት ይድናሉ፡፡ ሳንባዎ ላይ አንስተኛ ችግሮች ይኖርዎታል፡፡ በተጨማሪም አንስተኛ ኢንፌክሽን እና በሰውነትዎ የደም ዝውውር ላይ አንስተኛ ችግር ነው ሊያጋጥሞዎ የሚችለው
አስማ የት ሊነሳ ይችላል?,አስማ በቤት ውስጥ ወይንም ከቤት ውጭ ሊነሳ ይችላል።,አስማ በቤት ውስጥ ወይንም ከቤት ውጭ ሊነሳ ይችላል።
የጨረራ ወይም የራዲየሽን ሕክምና ከተሰጠ በኋላ የሚያስከትለው መዘዝ ምንድን ነው?,የጨረራ ወይም የራዲየሽን ሕክምና ከተሰጠ በኋላ የሚያስከትለው መዘዝ የሰውነት መላሸቅ ሕክምናው በተሰጠበት አካባቢ ቆዳ ላይ ሽፍታ ወይም መቅላት ናቸው፡፡ አብዛኛዎቹ እነዚህ ተከታይ መዘዞች ጊዜያዊ ናቸው፡፡ ሕክምናውን የወሰደ ብዙዎቹ ሴቶች ከሁለት ሳምንታት ባልበለጠ ጊዜ ውስጥ የዘወትር ስራቸውን ማከናወን ይጀምራሉ፡፡ ቁስሉ ጨርሶ ድኖ ጠበሳውን ለማየት ወራትን ይወስዳል፡፡ ስለዚህ የጡቱን አቀማመጥና የመጨረሻ ሁኔታውን ለማወቅ ብዙ ጊዜ ይወስዳል።,የጨረራ ወይም የራዲየሽን ሕክምና ከተሰጠ በኋላ የሚያስከትለው መዘዝ የሰውነት መላሸቅ ሕክምናው በተሰጠበት አካባቢ ቆዳ ላይ ሽፍታ ወይም መቅላት ናቸው፡፡ አብዛኛዎቹ እነዚህ ተከታይ መዘዞች ጊዜያዊ ናቸው፡፡ ሕክምናውን የወሰደ ብዙዎቹ ሴቶች ከሁለት ሳምንታት ባልበለጠ ጊዜ ውስጥ የዘወትር ስራቸውን ማከናወን ይጀምራሉ፡፡ ቁስሉ ጨርሶ ድኖ ጠበሳውን ለማየት ወራትን ይወስዳል፡፡ ስለዚህ የጡቱን አቀማመጥና የመጨረሻ ሁኔታውን ለማወቅ ብዙ ጊዜ ይወስዳል።
ለአንድ ለማይሰማ ወይም መናገር ለማይችል ሰው ነገሮችን እንዴት አድርጌ መግለፅ እችላለሁ?,በምልክት ቋንቋ በመጠቀም,በምልክት ቋንቋ በመጠቀም
መስማት የተሳናቸው ህፃናት በምናቸው እርዳታን ሊፈልጉ ይችላሉ?,መስማት የተሳናቸው ሕፃናት እጃቸው እርዳታን ሊፈልጉ ይችላሉ?,መስማት የተሳናቸው ሕፃናት እጃቸው እርዳታን ሊፈልጉ ይችላሉ?
ሰዎች ከሌላው የእድሜ ክልል በተሻለ ነገሮችን በቀላሉ ሊማሩ የሚችሉት መቼ ነው?,በህፃንነት የእድሜ ክልል,በህፃንነት የእድሜ ክልል
የህጻን አእምሮ መቼ ማደግ ይችላል?,እንደተወልዱ ወዲያው ማደግ ይጀምራል።,እንደተወልዱ ወዲያው ማደግ ይጀምራል።
ህፃናት ቋንቋቸውና የመግባባት ችሎታቸው እያደገ ሲሄድ ምናችው ሊያድግ ይችላል?,የማሰብ ችሎታቸውም ሊያድግ ይችላል።,የማሰብ ችሎታቸውም ሊያድግ ይችላል።
ማንኛውም ህፃን በምን በምን መንገዶች ሊያድግ ይችላል?,በሰውነት፡ በአስተሳሰብ፡ በመናገርና በማዳመጥ,በሰውነት፡ በአስተሳሰብ፡ በመናገርና በማዳመጥ
ሕፃናት እንዴት ሊማሩ ይችላሉ?,ልጅች ቋንቋን የሚማሩት ሰዎች እርስ በርሳቸው ሲነጋገሩ በመስማትና ምን እንደሚያደርጉም በማየት እንደዚሁም ደግሞ ከሌሎች ሰዎች ጋር በመነጋገር ነው።,ልጅች ቋንቋን የሚማሩት ሰዎች እርስ በርሳቸው ሲነጋገሩ በመስማትና ምን እንደሚያደርጉም በማየት እንደዚሁም ደግሞ ከሌሎች ሰዎች ጋር በመነጋገር ነው።
ቋንቋ ሕጻናትን ምን እንዲያደርጉ ሊያደርጋቸው ይችላል?,ቋንቋ ሕጻናትን እንዲያስቡ ፡ እንዲያቅዱ፡ በዙሪያቸው ያለውን ዓለም እንዲረዱ እና የማህበረሰብ አባል እንዲሆኑ ይረዳቸዋል።,ቋንቋ ሕጻናትን እንዲያስቡ ፡ እንዲያቅዱ፡ በዙሪያቸው ያለውን ዓለም እንዲረዱ እና የማህበረሰብ አባል እንዲሆኑ ይረዳቸዋል።
ልጅዎ እርዳታ እንደሚፈልግ እንዴት ማወቅ ይችላሉ?,ሕጻናት የሚያድጉት በራሳቸው ፍጥነት ነው።አንዳንዶቹ ከሌሎቹ በበለጠ ፍጥነት ያድጋሉ። ነገር ግን አብዛኛዎቹ ሕጻናት የሚያድጉትና አዲስ ክህሎትን የሚያዳብሩት በተመሳሳይ ዕድሜ ነው።,ሕጻናት የሚያድጉት በራሳቸው ፍጥነት ነው።አንዳንዶቹ ከሌሎቹ በበለጠ ፍጥነት ያድጋሉ። ነገር ግን አብዛኛዎቹ ሕጻናት የሚያድጉትና አዲስ ክህሎትን የሚያዳብሩት በተመሳሳይ ዕድሜ ነው።
በ2 ዓመት ዕድሜአቸው አብዛኛዎቹ ሕፃናት ከስንት እስከ ስንት ቃላትን መናገር ይችላሉ?,ከ50 እስከ 200 ቃላትን መናገር ይችላሉ,ከ50 እስከ 200 ቃላትን መናገር ይችላሉ
በ3 ዓመት ዕድሜአቸው አብዛኛዎቹ ሕፃናት ምን ያህል ቃላት ያውቃሉ?,900 የሚሆኑ ቃላትን ያውቃሉ።,900 የሚሆኑ ቃላትን ያውቃሉ።
በ4 ዓመት ዕድሜአቸው አብዛኛዎቹ ሕፃናት ምን ያህል ቃላት ያውቃሉ?,1500 ቃላትን ያውቃሉ,1500 ቃላትን ያውቃሉ
የ5 ዓመት ህፃን ምን ሊያደርግ ይችላል?,ስለስራው ነገር ያወራል ፡ ብዙ ጥያቄዎችን ይጠይቃል,ስለስራው ነገር ያወራል ፡ ብዙ ጥያቄዎችን ይጠይቃል
መስማት የተሳነው ሕፃን መግባባትን የሚማረው በምን ሁኔታ ነው?,መስማት የተሳነው ሕፃን መግባባትን የሚማረው በማየት ነው።,መስማት የተሳነው ሕፃን መግባባትን የሚማረው በማየት ነው።
መስማት የተሳነው ሕፃን በማዳመጥ ቃላትን መማር ይችላልን?,አይችልም ,አይችልም 
የተጻፉ ቃላትን በሚመለከትበት ጊዜ በቃሉና በትርጉሙ መካከል ያለውን እንዴት ማወቅ ይችላል?,የተጻፉ ቃላትን በሚመለከትበት ጊዜ በቃሉና በትርጉሙ መካከል ያለውን ግንኙነት ይፈጥራል።,የተጻፉ ቃላትን በሚመለከትበት ጊዜ በቃሉና በትርጉሙ መካከል ያለውን ግንኙነት ይፈጥራል።
ሰዎች መስማት ለተሳናቸው ሕፃናት ማድረግ ከሚችሉት መካከል ምን ሊያደርጉ ይችላሉ።,ሰዎች መስማት ለተሳናቸው ሕፃናት ማድረግ ከሚችሉት ሁሉ በላይ እጅግ በጣም ጠቃሚ የሆነው ሕፃናቱ ቋንቋን እንዲማሩ መርዳት ነው።,ሰዎች መስማት ለተሳናቸው ሕፃናት ማድረግ ከሚችሉት ሁሉ በላይ እጅግ በጣም ጠቃሚ የሆነው ሕፃናቱ ቋንቋን እንዲማሩ መርዳት ነው።
ሰዎች መስማት በተሳናት  ልጃቸው ምን ሊሉ ይችላሉ?,አንዳንድ ጊዜ ወላጆች መስማት በተሳናት ልጃቸው ያፍራሉ።,አንዳንድ ጊዜ ወላጆች መስማት በተሳናት ልጃቸው ያፍራሉ።
ለልጅዎ እድገት ድጋፍ ለመስጠት ቤተሰብዎ ምን ሊያደርግ ይችላል?,ቤተሰብዎ በሚቀበሉበት ሁኔታ እንዴት ደጋፉን መስጠት እንደሚችሉ ማሰብ በጣም ጠቃሚ ነው፡ ለእያንዳንዱ ለሚያደርጉት ነገር ሁሉ ገለፃ ሲያደርጉ ተመሳሳይ የሆኑ ቃላትን ወይም ምልክቶችን ይጠቀሙ።,ቤተሰብዎ በሚቀበሉበት ሁኔታ እንዴት ደጋፉን መስጠት እንደሚችሉ ማሰብ በጣም ጠቃሚ ነው፡ ለእያንዳንዱ ለሚያደርጉት ነገር ሁሉ ገለፃ ሲያደርጉ ተመሳሳይ የሆኑ ቃላትን ወይም ምልክቶችን ይጠቀሙ።
ህፃናትን ቋንቋ ለማስተማር የማን ግዴታ መሆን አለበት?,ቤተሰብን፡ ጓደኛ፡ ጎረቤት ፡ ሌሎች የጎረቤት አባላት ሁሉ ድጋፍ ሊሰጡ ይገባል።,ቤተሰብን፡ ጓደኛ፡ ጎረቤት ፡ ሌሎች የጎረቤት አባላት ሁሉ ድጋፍ ሊሰጡ ይገባል።
ሌሎች ሰዎች ደግሞ መርዳት ቢፈልጉ ምን ሊያደርጉ ነው?,ሌሎች ሰዎች ደግሞ መርዳት እንኳ ቢፈልጉ እንዴት መርዳት እንደሚችሉ አያውቁም።,ሌሎች ሰዎች ደግሞ መርዳት እንኳ ቢፈልጉ እንዴት መርዳት እንደሚችሉ አያውቁም።
ከቤተሰብዎ ጋር ማውራት ምን ጥቅም አለው?,በቤተሰቡ ውስጥ ያለ ማንኛውም ሰው በአንድ ሕፃኑ ህይወት ውስጥ የሚጫወተው ሚና አለው።,በቤተሰቡ ውስጥ ያለ ማንኛውም ሰው በአንድ ሕፃኑ ህይወት ውስጥ የሚጫወተው ሚና አለው።
ሌሎቹም የማህበረሰቡ አባላትና ጎረቤቶች መስማት የተሳነውን ሕፃን በመርዳትና በመንከባከብ እንዲሳተፉ ወላጆች ምን ሊያደርጉ ይችላሉ።,ወላጆች ሊጠይቁ ይችላሉ።,ወላጆች ሊጠይቁ ይችላሉ።
ሕፃናት በምን በምን ሊረዱ ይችላሉ?,የአንድ መስማት የተሳነው ሕፃን ወንድሞቹ ፡ እህቶቹና ሌሎቹም ጓደኞቹ አብዛኛውን ጊዜ ምልክት ቋንቋን ይማሩ ዘንድ ይረዷቸዋል፡ የመሪነቱን ቦታ ሕፃኑ ይወሰድ፡,የአንድ መስማት የተሳነው ሕፃን ወንድሞቹ ፡ እህቶቹና ሌሎቹም ጓደኞቹ አብዛኛውን ጊዜ ምልክት ቋንቋን ይማሩ ዘንድ ይረዷቸዋል፡ የመሪነቱን ቦታ ሕፃኑ ይወሰድ፡
ህፃናት የሚጓጉት የሚወዱትን ነገር በሚያደርጉበት ጊዜ ነውን,በሚገባ ልጆች ለመማር የሚጓጉት የሚወዱትን ነገር በሚያደርጉበት ጊዜ ነው።,በሚገባ ልጆች ለመማር የሚጓጉት የሚወዱትን ነገር በሚያደርጉበት ጊዜ ነው።
ሴት ልጅ ውሳኔ መወሰን እንድትችል ምን ማድረግ ተገቢ ነው?,ሴት ልጅ ውሳኔ መወሰን እንድትችልና የራሷን ሃሳብም መከተል እንድትችል መርዳት ችሎታዋን ሊያጎለብትላትና በራሷ የምትተማመን እንድትሆን ያደርጋታል።,ሴት ልጅ ውሳኔ መወሰን እንድትችልና የራሷን ሃሳብም መከተል እንድትችል መርዳት ችሎታዋን ሊያጎለብትላትና በራሷ የምትተማመን እንድትሆን ያደርጋታል።
መግባባትን አስደሳችና ጠቃሚ ማድረግ ለህጻናት ምን ያህል ይጠቅማል?,መግባባትን አስደሳች ማድረግ ህጻናትን እጅግ በጣም ይጠቅማል,መግባባትን አስደሳች ማድረግ ህጻናትን እጅግ በጣም ይጠቅማል
ሪክትስ ምንድን ነው?,አጥንትን ደካማ የሚያደርግ በሽታ ነው፡፡ ይኸውም የሚመጣው በቫይታሚን D እጥረት ነው፡፡ በስሜን ምዕራብ (ሲያትል) አካባቢ በሪክትስ መያዝ የሚቻለው በፀሐይ እጥረት ነው፡,አጥንትን ደካማ የሚያደርግ በሽታ ነው፡፡ ይኸውም የሚመጣው በቫይታሚን D እጥረት ነው፡፡ በስሜን ምዕራብ (ሲያትል) አካባቢ በሪክትስ መያዝ የሚቻለው በፀሐይ እጥረት ነው፡
ይህ በሽታ ሊይዘው የሚችለው ማንን ነው?,የናት ጡት ብቻ ለስድስት ወር ወይም ከዛ በላይ ለሚጠቡ ሕፃናት፡፡ ካለጊዜው የተወለዱ ልጆች (ከዘጠኝ ወር በፊት)፡፡ ከእንሰሳ የሚገኝ ምግብ ለምሳሌ፡፡ ( ወተት፣ ስጋ፣ አይብን የመሳሰሉትን ላላገኙ),የናት ጡት ብቻ ለስድስት ወር ወይም ከዛ በላይ ለሚጠቡ ሕፃናት፡፡ ካለጊዜው የተወለዱ ልጆች (ከዘጠኝ ወር በፊት)፡፡ ከእንሰሳ የሚገኝ ምግብ ለምሳሌ፡፡ ( ወተት፣ ስጋ፣ አይብን የመሳሰሉትን ላላገኙ)
የሪክትስ ምልክት ምንድን ነው?,ድካም ፡ መቆም ወይም መሄድ አለመቻል፡ የእድገት መዘግየት፣ ትኩሳት አምጥቶ የሚያንቀጠቅጥ፡ የሚያነጫንጭ,ድካም ፡ መቆም ወይም መሄድ አለመቻል፡ የእድገት መዘግየት፣ ትኩሳት አምጥቶ የሚያንቀጠቅጥ፡ የሚያነጫንጭ
እንዴት ሕፃን ልጆች ሪክትስ እንዳይዛቸው መከላከል ይችላሉ?,ፀሐይ በስሜን ምዕራብ ውስን ስለሆነ በዚህ የስሜን አሜሪካ ግዛት እስከኖርክ/ሽ ድረስ ቫይታሚን D በቀን አንድ ጊዜ መወሰድ ይኖርብሃል/ሻል፡፡,ፀሐይ በስሜን ምዕራብ ውስን ስለሆነ በዚህ የስሜን አሜሪካ ግዛት እስከኖርክ/ሽ ድረስ ቫይታሚን D በቀን አንድ ጊዜ መወሰድ ይኖርብሃል/ሻል፡፡
ቫይታሚን D እንዴት ማግኘት ይችላል?,ቫይታሚን D ካለሃኪም ትዕዛዝ ከመድሀኒት ቤት መግዛት ይችላል፡፡ ቫይታሚን D የሚመጣው ከሌሎች ቫይታሚኖች ጋር (ቫይታሚን A እና C) በመቀመም ነው፡፡ ይኸውም (ትራቫይሰል ይባላል)፡፡ የሕክምና ኩፐን ካለዎት ከሐኪምዎ ወይንም ከWIC (ዊክ) ቢሮ የቫይታሚን መግዣ ወረቀት ይጠይቁ፡፡ በሚጠይቁበት ቦታ/ወቅት ቫይታሚን D ጡት ብቻ ለሚጠቡ ሕፃናት ለጤናቸው አስፈላጊ መሆኑን የሚገልፅ ወረቀት ይሰጥዎታል፡፡ ወረቀቱን መድሃኒት ቤት በማቅረብ ቫይታሚን D መግዛት ይችላሉ፡፡,ቫይታሚን D ካለሃኪም ትዕዛዝ ከመድሀኒት ቤት መግዛት ይችላል፡፡ ቫይታሚን D የሚመጣው ከሌሎች ቫይታሚኖች ጋር (ቫይታሚን A እና C) በመቀመም ነው፡፡ ይኸውም (ትራቫይሰል ይባላል)፡፡ የሕክምና ኩፐን ካለዎት ከሐኪምዎ ወይንም ከWIC (ዊክ) ቢሮ የቫይታሚን መግዣ ወረቀት ይጠይቁ፡፡ በሚጠይቁበት ቦታ/ወቅት ቫይታሚን D ጡት ብቻ ለሚጠቡ ሕፃናት ለጤናቸው አስፈላጊ መሆኑን የሚገልፅ ወረቀት ይሰጥዎታል፡፡ ወረቀቱን መድሃኒት ቤት በማቅረብ ቫይታሚን D መግዛት ይችላሉ፡፡
አስማ ምንድን ነው?,"አስማ በአማርኛ አስም፣ የአስም በሽታ ወይንም የአስም ህመም በመባል ይታወቃል።በአሜሪካ አገር ውስጥ አስማ የተለመደ በሽታ ነው፡፡ 
አስማ በህፃናት ሆነ በአዋቂዎች ላይ ሊከሰት ይችላል።","አስማ በአማርኛ አስም፣ የአስም በሽታ ወይንም የአስም ህመም በመባል ይታወቃል።በአሜሪካ አገር ውስጥ አስማ የተለመደ በሽታ ነው፡፡ 
አስማ በህፃናት ሆነ በአዋቂዎች ላይ ሊከሰት ይችላል።"
አስማ የአየር ቧንቧዎችና የሳምባ ህመም ምክንያት ሊሆን ይችላልን?,አስማ የአየር ቧንቧዎችና የሳምባ ህመም ነው,አስማ የአየር ቧንቧዎችና የሳምባ ህመም ነው
አስማ የሚነሳው የሳምባና የአየር ቧንቧ ክፍሎች በቀላሉ ሲቆጡና በአየር ውስጥ በሚገኝ ነገር ሲተነኮሱ ነው።,,
አስማን ሊያባብሱ የሚችሉ ነግሮችን ዘርዝር,"ጉንፋን ፡ የሲጋራ የማገዶ ጭስ ፡ የአየር ብክለት ፡ የሳር ብናኝ ወይም የአበባ ሽታ ፡ አቧራ ፡ እንሰሳት ወይንም የቤት እንሰሳት ብናኝ ፡ ቅዝቃዜ ወይንም የአየር መለዋወጥ፡የተለያዩ ሽታዎች ሽቶ፣ ቀለም፣ ፀረተባይ መድሃኒቶች፣ እጣን ወይንም 
ሰንደልና የመሳሰሉት ናቸው'","ጉንፋን ፡ የሲጋራ የማገዶ ጭስ ፡ የአየር ብክለት ፡ የሳር ብናኝ ወይም የአበባ ሽታ ፡ አቧራ ፡ እንሰሳት ወይንም የቤት እንሰሳት ብናኝ ፡ ቅዝቃዜ ወይንም የአየር መለዋወጥ፡የተለያዩ ሽታዎች ሽቶ፣ ቀለም፣ ፀረተባይ መድሃኒቶች፣ እጣን ወይንም 
ሰንደልና የመሳሰሉት ናቸው'"
ሳቅ ወይንም ለቅሶ አስማን ሊያባብስ ይችላልን?,አው። የእስፖርት እንቅስቃሴ ወይንም ከባድ የጉልበት ስራ፡ ሳቅ ወይንም ለቅሶ አስማን ሊያባብሱ የሚችሉ ነገሮች ናቸው።,አው። የእስፖርት እንቅስቃሴ ወይንም ከባድ የጉልበት ስራ፡ ሳቅ ወይንም ለቅሶ አስማን ሊያባብሱ የሚችሉ ነገሮች ናቸው።
ህፃኑ ጤናማ መሆኑን እንዴት ማረጋገጥ እችላለሁ?,"የዶክተርዎን ምክር ይከተሉ, በደንብ ይመገቡ እና እራስዎን ይንከባከቡ.","የዶክተርዎን ምክር ይከተሉ, በደንብ ይመገቡ እና እራስዎን ይንከባከቡ."
ወዲያውኑ ከልጄ ጋር እላመዳለሁ?,አንዳንድ ጊዜ ትንሽ ጊዜ ይወስዳል፣ እና ያ ሙሉ በሙሉ ደህና ነው!,አንዳንድ ጊዜ ትንሽ ጊዜ ይወስዳል፣ እና ያ ሙሉ በሙሉ ደህና ነው!
መቼም አንድ ነገር ማድረግ የምችለው እንዴት ነው?,አዲስ የዕለት ተዕለት ተግባር ስለማግኘት እና በሚፈልጉበት ጊዜ እርዳታ በመጠየቅ ላይ ያተኩሩ,አዲስ የዕለት ተዕለት ተግባር ስለማግኘት እና በሚፈልጉበት ጊዜ እርዳታ በመጠየቅ ላይ ያተኩሩ
ለዚህ ዝግጁ ነኝ?,"ሁልጊዜ እንደዚህ አይነት ስሜት ላይሰማዎት ይችላል, ነገር ግን እርስዎ ከሚያስቡት በላይ ጠንካራ ነዎት!","ሁልጊዜ እንደዚህ አይነት ስሜት ላይሰማዎት ይችላል, ነገር ግን እርስዎ ከሚያስቡት በላይ ጠንካራ ነዎት!"
ሰዎች ሳይጠይቁ ሆዴን እየነኩ ነው ምን ልበል?,በትህትና ንገሪያቸው፣ 'ደስታህን አደንቃለሁ፣ ግን እባክህ ሆዴን ከመንካትህ በፊት አስፍቅድ! በይ፡,በትህትና ንገሪያቸው፣ 'ደስታህን አደንቃለሁ፣ ግን እባክህ ሆዴን ከመንካትህ በፊት አስፍቅድ! በይ፡
በእርግዝናዬ ወቅት አሰሪዬ የማይደግፍ ነው፣ መብቶቼ ምንድን ናቸው?,መብትሽን እወቅ ሴት ልጅ! በአካባቢዎ ካሉ የወሊድ ፈቃድ ፖሊሲዎች እና ህጎች እራስዎን ይተዋወቁ እና ለመናገር ወይም የ HR ድጋፍን ከመጠየቅ ወደኋላ አይበሉ።,መብትሽን እወቅ ሴት ልጅ! በአካባቢዎ ካሉ የወሊድ ፈቃድ ፖሊሲዎች እና ህጎች እራስዎን ይተዋወቁ እና ለመናገር ወይም የ HR ድጋፍን ከመጠየቅ ወደኋላ አይበሉ።
የማያውቁ ሰዎች ያልተጠየቁ የወላጅነት ምክር እየሰጡኝ ነው፣ ምን ምላሽ እሰጣለሁ?,በጣፋጭ ፈገግ ይበሉ እና 'ስለ ስጋትዎ እናመሰግናለን፣ ግን ይህን አግኝቻለሁ!' ለማንም ማብራሪያ የለህም!,በጣፋጭ ፈገግ ይበሉ እና 'ስለ ስጋትዎ እናመሰግናለን፣ ግን ይህን አግኝቻለሁ!' ለማንም ማብራሪያ የለህም!
"በእርግዝና ወቅት የትዳር ጓደኛዬ አይረዳኝም, ምን ማድረግ እችላለሁ?",ፍላጎቶችዎን እና ስሜቶችዎን ከባልደረባዎ ጋር ያሳውቁ እና አስፈላጊ ከሆነ ከሚወዷቸው ሰዎች፣ ጓደኞች ወይም ቴራፒስት ድጋፍ ይጠይቁ። ድጋፍ ሊሰማዎት ይገባል!,ፍላጎቶችዎን እና ስሜቶችዎን ከባልደረባዎ ጋር ያሳውቁ እና አስፈላጊ ከሆነ ከሚወዷቸው ሰዎች፣ ጓደኞች ወይም ቴራፒስት ድጋፍ ይጠይቁ። ድጋፍ ሊሰማዎት ይገባል!
ባህላዊ የሕፃን ሻወር ለማድረግ ከቤተሰብ ግፊት እየገጠመኝ ነው፣ ግን አልፈልግም፣ ምን ልበል?,በጸጋው 'ስለ ጉጉት አመሰግናለሁ፣ ነገር ግን ዝቅተኛ-ቁልፍ በዓልን እመርጣለሁ' ይበሉ። የራስዎን ፍላጎቶች እና ምቾት ቅድሚያ ይስጡ!,በጸጋው 'ስለ ጉጉት አመሰግናለሁ፣ ነገር ግን ዝቅተኛ-ቁልፍ በዓልን እመርጣለሁ' ይበሉ። የራስዎን ፍላጎቶች እና ምቾት ቅድሚያ ይስጡ!
ሰዎች ስለ እርግዝናዬ ጣልቃ የሚገቡ ጥያቄዎችን እየጠየቁ ነው፣ እንዴት ነው የምይዘው?,‘አሁን ባላወያይበት ይሻለኛል’ በማለት ተለማመዱ። ወይም 'በይበልጥ አዎንታዊ በሆኑ ርዕሰ ጉዳዮች ላይ እናተኩር!'  አካልሽ ድንበርሽ!,‘አሁን ባላወያይበት ይሻለኛል’ በማለት ተለማመዱ። ወይም 'በይበልጥ አዎንታዊ በሆኑ ርዕሰ ጉዳዮች ላይ እናተኩር!'  አካልሽ ድንበርሽ!
ከእርግዝና በኋላ 'እንዲመለስ' ግፊት እየተሰማኝ ነው፣ ግን ዝግጁ አይደለሁም፣ ምን ማለት እችላለሁ?,ለራስሽ እና ለሌሎችም 'አሁን ትኩረቴ ከልጄ ጋር በመፈወስ እና በመተሳሰር ላይ ነው።' የድህረ ወሊድ ጉዞሽ ልዩ ነው፣ እና ያ እሺ ነው እማ!,ለራስሽ እና ለሌሎችም 'አሁን ትኩረቴ ከልጄ ጋር በመፈወስ እና በመተሳሰር ላይ ነው።' የድህረ ወሊድ ጉዞሽ ልዩ ነው፣ እና ያ እሺ ነው እማ!
የማታውቃቸው ሰዎች ስደርስ ይጠይቃሉ ወይም ስለ ሰውነቴ አስተያየት እየሰጡ ነው፣ ምን ምላሽ እሰጣለሁ?,በልበ ሙሉነት፣ 'ራሴን እና ልጄን እየተንከባከብኩ ነው፣ ስላሳሰብከኝ አመሰግናለሁ!' ወይም በቀላሉ 'አሁን ስለ ሰውነቴ ባላወራው ይሻለኛል',በልበ ሙሉነት፣ 'ራሴን እና ልጄን እየተንከባከብኩ ነው፣ ስላሳሰብከኝ አመሰግናለሁ!' ወይም በቀላሉ 'አሁን ስለ ሰውነቴ ባላወራው ይሻለኛል'
የጤና እንክብካቤ አቅራቢዬ ጭንቀቴን እየሰማ አይደለም፣ ምን ማድረግ እችላለሁ?,ለራስሽ ተሟጋች! ጥያቄዎችን ይጠይቁ፣ ሁለተኛ አስተያየት ይፈልጉ ወይም አስፈላጊ ከሆነ አቅራቢዎችን ይቀይሩ። የእርስዎ ጤና እና ደህንነት አስፈላጊ ነው!,ለራስሽ ተሟጋች! ጥያቄዎችን ይጠይቁ፣ ሁለተኛ አስተያየት ይፈልጉ ወይም አስፈላጊ ከሆነ አቅራቢዎችን ይቀይሩ። የእርስዎ ጤና እና ደህንነት አስፈላጊ ነው!
'ፍፁም' እናት እንድሆን የማህበረሰቡ ጫና እያጋጠመኝ ነው፣ ነገር ግን በጣም ተጨንቄአለሁ፣ ምን ማለት እችላለሁ?,'እናት ለመሆን 'ትክክለኛ' መንገድ ማንም የለም' በማለት ራሳችሁን እና ሌሎችን አስታውሱ። ለራስዎ ደህንነት ቅድሚያ ይስጡ እና በሚፈልጉበት ጊዜ ድጋፍ ይፈልጉ!,'እናት ለመሆን 'ትክክለኛ' መንገድ ማንም የለም' በማለት ራሳችሁን እና ሌሎችን አስታውሱ። ለራስዎ ደህንነት ቅድሚያ ይስጡ እና በሚፈልጉበት ጊዜ ድጋፍ ይፈልጉ!
ኮሮናቫይረስን ለማሸነፍ ከኢቦላ በሽታ ምን ልምድ መውሰድ ይቻላል?,የዓለም አቀፉ ማኅበረሰብ ሲተባበር የምንፈራውን ወረርሽኝም ሊቀንስ እንደሚችል አስረዳሁ። አሁንም ቢሆን ይህንን አጋጣሚ በመጠቀም መናገር የምፈልገው መተባበር እንደሚያስፈልግ ነው,የዓለም አቀፉ ማኅበረሰብ ሲተባበር የምንፈራውን ወረርሽኝም ሊቀንስ እንደሚችል አስረዳሁ። አሁንም ቢሆን ይህንን አጋጣሚ በመጠቀም መናገር የምፈልገው መተባበር እንደሚያስፈልግ ነው
ማሞግራም(Mammogram) ምንድን ነው?,ማሞግራም (Mammogram) አንድ ሴት ገና በሽታው ሳይታወቅ በፊት፣ የጡት ነቀርሳን/ካንሰርን ሊያሳይ የሚችል በጣም አስተማማኝና ጉዳትን የማያስከትል በራጅ/ኤክስ-ሬይ የሚነሳ የጡት ስዕል ነው፡፡ ስለሆነም የጡት ነቀርሳን ለመከላከል ማሞግራም መነሳት በጣም ትክክለኛው መንገድ ነው፡፡,ማሞግራም (Mammogram) አንድ ሴት ገና በሽታው ሳይታወቅ በፊት፣ የጡት ነቀርሳን/ካንሰርን ሊያሳይ የሚችል በጣም አስተማማኝና ጉዳትን የማያስከትል በራጅ/ኤክስ-ሬይ የሚነሳ የጡት ስዕል ነው፡፡ ስለሆነም የጡት ነቀርሳን ለመከላከል ማሞግራም መነሳት በጣም ትክክለኛው መንገድ ነው፡፡
መድሃኒት ቦታ በአማርኛ ምን ተብሎ ይጠራል?, ፋርማሲ።, ፋርማሲ።
ቴርሞሜትር ለምን ይጠቀማል?,ሙቀት ለመለካት።,ሙቀት ለመለካት።
የስኳር በሽታ ዓይነቶች ስንት ናቸው?,የስኳር በሽታ በዋናነት በሦስት ዓይነቶች ይከፈላል፤ እነሱም ዓይነት 1፣ ዓይነት 2 እና የእርግዝና የስኳር በሽታ ናቸው። የበሽታው ዋነኛ ምልክቶች ከመጠን በላይ መራብና መመገብ፣ ከፍተኛ የውሃ ጥማት፣ በተደጋጋሚ ሽንት መሽናት እና ቀደም ሲል ልምዱ በሌላቸው ሕፃናት ላይ ድንገተኛ የአልጋ እርጥበት (ሽንት መላክ) መታየት ናቸው። ይህንን የጤና እክል በአግባቡ ለመቆጣጠርና ለመከላከል ጤናማ የአመጋገብ ሥርዓትን መከተል፣ ጣፋጭና ቅባታማ ምግቦችን መቀነስ፣ ዘወትር የአካል ብቃት እንቅስቃሴ ማድረግ እና የሰውነት ክብደትን በአግባቡ መመገብ ወሳኝ እርምጃዎች ናቸው።,በዋናነት ሦስት፡ ዓይነት 1፣ ዓይነት 2 እና የእርግዝና የስኳር በሽታ
 የስኳር በሽታ ምልክቶች ምንድን ናቸው?,የስኳር በሽታ በዋናነት በሦስት ዓይነቶች ይከፈላል፤ እነሱም ዓይነት 1፣ ዓይነት 2 እና የእርግዝና የስኳር በሽታ ናቸው። የበሽታው ዋነኛ ምልክቶች ከመጠን በላይ መራብና መመገብ፣ ከፍተኛ የውሃ ጥማት፣ በተደጋጋሚ ሽንት መሽናት እና ቀደም ሲል ልምዱ በሌላቸው ሕፃናት ላይ ድንገተኛ የአልጋ እርጥበት (ሽንት መላክ) መታየት ናቸው። ይህንን የጤና እክል በአግባቡ ለመቆጣጠርና ለመከላከል ጤናማ የአመጋገብ ሥርዓትን መከተል፣ ጣፋጭና ቅባታማ ምግቦችን መቀነስ፣ ዘወትር የአካል ብቃት እንቅስቃሴ ማድረግ እና የሰውነት ክብደትን በአግባቡ መመገብ ወሳኝ እርምጃዎች ናቸው።,ብዛት መመገብ፣ ብዛት ሽንት መሽናት፣ ጥማት እና አልጋ እርጥብ
 የስኳር በሽታ እንዴት ይቆጣጠራል?,የስኳር በሽታ በዋናነት በሦስት ዓይነቶች ይከፈላል፤ እነሱም ዓይነት 1፣ ዓይነት 2 እና የእርግዝና የስኳር በሽታ ናቸው። የበሽታው ዋነኛ ምልክቶች ከመጠን በላይ መራብና መመገብ፣ ከፍተኛ የውሃ ጥማት፣ በተደጋጋሚ ሽንት መሽናት እና ቀደም ሲል ልምዱ በሌላቸው ሕፃናት ላይ ድንገተኛ የአልጋ እርጥበት (ሽንት መላክ) መታየት ናቸው። ይህንን የጤና እክል በአግባቡ ለመቆጣጠርና ለመከላከል ጤናማ የአመጋገብ ሥርዓትን መከተል፣ ጣፋጭና ቅባታማ ምግቦችን መቀነስ፣ ዘወትር የአካል ብቃት እንቅስቃሴ ማድረግ እና የሰውነት ክብደትን በአግባቡ መመገብ ወሳኝ እርምጃዎች ናቸው።,፡ በአመጋገብ ቁጥጥር፣ የአካል ብቃት
ጤናማ ምግብ ምንድን ነው?,ጤናማ ምግብ ሰውነትን ለመጠንከር እና ለመጠበቅ የሚያስፈልጉ ፕሮቲን፣ ቫይታሚን እና ንጥረ ነገሮችን የያዘ ምግብ ነው።,ጤናማ ምግብ ሰውነትን ለመጠንከር እና ለመጠበቅ የሚያስፈልጉ ፕሮቲን፣ ቫይታሚን እና ንጥረ ነገሮችን የያዘ ምግብ ነው።
ትኩሳት ምንድን ነው?,ትኩሳት የሰውነት ሙቀት ከመደበኛው 37°C በላይ ሲጨምር የሚከሰት ሁኔታ ነው,ትኩሳት የሰውነት ሙቀት ከመደበኛው 37°C በላይ ሲጨምር የሚከሰት ሁኔታ ነው
የደም ግፊት ምንድን ነው?,የደም ግፊት ደም በደም እስትንፋሶች ላይ የሚፈጥረው ግፊት ሲሆን ከፍ ሲል የጤና ችግኝ ሊያመጣ ይችላል።,የደም ግፊት ደም በደም እስትንፋሶች ላይ የሚፈጥረው ግፊት ሲሆን ከፍ ሲል የጤና ችግኝ ሊያመጣ ይችላል።
የስኳር በሽታ ምንድን ነው?,የስኳር በሽታ የሰውነት ደም ውስጥ ያለው የስኳር መጠን ከፍ ሲል የሚከሰት በሽታ ነው።,የስኳር በሽታ የሰውነት ደም ውስጥ ያለው የስኳር መጠን ከፍ ሲል የሚከሰት በሽታ ነው።
ራስ ምታት በምን ሊከሰት ይችላል?,ራስ ምታት በድካም፣ በጭንቀት፣ በእንቅልፍ እጥረት ወይም በበሽታ ሊከሰት ይችላል።,ራስ ምታት በድካም፣ በጭንቀት፣ በእንቅልፍ እጥረት ወይም በበሽታ ሊከሰት ይችላል።
ቫይታሚን ለሰውነት ምን ጥቅም አለው?,ቫይታሚን የሰውነትን እድገት፣ ኃይል እና መከላከያ አቅም ለማጠናከር ይረዳሉ።,ቫይታሚን የሰውነትን እድገት፣ ኃይል እና መከላከያ አቅም ለማጠናከር ይረዳሉ።
ብዙ ውሃ መጠጣት ለምን አስፈላጊ ነው?,ውሃ ሰውነትን እንዲሰራ ይረዳል፣ መርዛማ ነገሮችን ያስወግዳል እና የሰውነት ሙቀትን ይቆጣጠራል።,ውሃ ሰውነትን እንዲሰራ ይረዳል፣ መርዛማ ነገሮችን ያስወግዳል እና የሰውነት ሙቀትን ይቆጣጠራል።
እንቅልፍ ለጤና ምን ጥቅም አለው?,በቂ እንቅልፍ መውሰድ ሰውነትን ያድሳል፣ አእምሮን ያበረታታል እና የመከላከያ አቅምን ያጠናክራል።,በቂ እንቅልፍ መውሰድ ሰውነትን ያድሳል፣ አእምሮን ያበረታታል እና የመከላከያ አቅምን ያጠናክራል።
የልብ በሽታን እንዴት መከላከል ይቻላል?,ጤናማ ምግብ መመገብ፣ እንቅስቃሴ ማድረግ፣ ስጋራ መቆጣጠር እና የደም ግፊትን መቆጣጠር ይረዳል።,ጤናማ ምግብ መመገብ፣ እንቅስቃሴ ማድረግ፣ ስጋራ መቆጣጠር እና የደም ግፊትን መቆጣጠር ይረዳል።
የኢንፌክሽን በሽታ እንዴት ይተላለፋል?,ኢንፌክሽን በአየር፣ በንክኪ፣ በምግብ ወይም በውሃ ሊተላለፍ ይችላል።,ኢንፌክሽን በአየር፣ በንክኪ፣ በምግብ ወይም በውሃ ሊተላለፍ ይችላል።
ቫይረስ ለእጅግ አደገኛ ነው?,ቫይረሶች በተለያዩ የሰውነት ማህበራዊያዎች የሚያፈጸሙት ማህበራዊያዊ በሽታዎች ናቸው፣ ምልክቶቹ እንደ ፍሉ መነፈስ፣ ማለት፣ እና ጡት ማጥቃት ይታያሉ።,ቫይረሶች በተለያዩ የሰውነት ማህበራዊያዎች የሚያፈጸሙት ማህበራዊያዊ በሽታዎች ናቸው፣ ምልክቶቹ እንደ ፍሉ መነፈስ፣ ማለት፣ እና ጡት ማጥቃት ይታያሉ።
ብሮንካይተስ ምንድን ነው?,ብሮንካይተስ በአፕፋተር አካል ውስጥ የሚከሰት ህክምና ነው ይህም የአየር መፍጫን ያደርጋል፣ በተለይ በጥይት እና በህክምና ውስጥ ይጠቀማል።,ብሮንካይተስ በአፕፋተር አካል ውስጥ የሚከሰት ህክምና ነው ይህም የአየር መፍጫን ያደርጋል፣ በተለይ በጥይት እና በህክምና ውስጥ ይጠቀማል።
ችኩንጉኒያ ወረርሽኝ እንዴት ይከሰታል?,"ችኩንጉኒያ ወረርሽኝ ኤደስ በምትባል ትንኝ ንክሻ ወደ ሰው የሚተላለፍ በሽታ ሲሆን ችኩንጉኒያ በሚባል ቫይረስ የሚመጣ ህመም ነው፡፡ የችኩንጉኒያ ወረርሽኝ ከሀምሌ ወር ጀምሮ በድሬዳዋ ከተማ ተከስቷል፡፡ በወረርሽኙም እስካሁን ድረስ ከ20,000 በላይ ሰዎች የተያዙ ሲሆን እስከ አሁን ድረስ የተመዘገበ ሞት የለም፡፡",ችኩንጉኒያ ወረርሽኝ ኤደስ በምትባል ትንኝ ንክሻ ወደ ሰው የሚተላለፍ በሽታ ነው።
የችኩንጉኒያ ወረርሽኝ ከመቼ ወር ጀምሮ በድሬዳዋ ከተማ ተከስቷል?,"ችኩንጉኒያ ወረርሽኝ ኤደስ በምትባል ትንኝ ንክሻ ወደ ሰው የሚተላለፍ በሽታ ሲሆን ችኩንጉኒያ በሚባል ቫይረስ የሚመጣ ህመም ነው፡፡ የችኩንጉኒያ ወረርሽኝ ከሀምሌ ወር ጀምሮ በድሬዳዋ ከተማ ተከስቷል፡፡ በወረርሽኙም እስካሁን ድረስ ከ20,000 በላይ ሰዎች የተያዙ ሲሆን እስከ አሁን ድረስ የተመዘገበ ሞት የለም፡፡",የችኩንጉኒያ ወረርሽኝ ከሀምሌ ወር ጀምሮ በድሬዳዋ ከተማ ተከስቷል
ምን ያህል ፐርሰንት የሚሆኑ ቤቶች በወረርሸኙ ተገኝተዋል?,በተደረገ የቤት ለቤት አሰሳ 86 ፐርሰንት የሚሆኑት ቤቶች ወረርሽኙን የሚያስተላልፈው ትንኞች እጭ ተገኝቶባቸዋል,በተደረገ የቤት ለቤት አሰሳ 86 ፐርሰንት የሚሆኑት ቤቶች ወረርሽኙን የሚያስተላልፈው ትንኞች እጭ ተገኝቶባቸዋል
የስኳር በሽታ ከመደበኛ ምግብ ጋር ምን ግንኙነት አለው?,የስኳር በሽታ በመቆጣጠር እና በመመገብ ሊቀንስ ይችላል።,የስኳር በሽታ በመቆጣጠር እና በመመገብ ሊቀንስ ይችላል።
የልብ ጤና ምን ምልክቶች ይኖሩታል?,የልብ ጤና ምልክቶቹ በሰው ሰው ይለያያሉ።,የልብ ጤና ምልክቶቹ በሰው ሰው ይለያያሉ።
የልብ ጤና ምን ያስከትላል?,የልብ ጤና በሰውነት ላይ ትልቅ ተፅዕኖ ያሳያል።,የልብ ጤና በሰውነት ላይ ትልቅ ተፅዕኖ ያሳያል።
ኮቪድ-19 እንዴት መከላከል ይቻላል?,ኮቪድ-19 አብዛኛውን ጊዜ በተፈጥሯዊ መንገድ ሊቀንስ ይችላል።,ኮቪድ-19 አብዛኛውን ጊዜ በተፈጥሯዊ መንገድ ሊቀንስ ይችላል።
ኢንፍሉዌንዛ እንዴት ማስተካከል ይቻላል?,ኢንፍሉዌንዛ ለመከላከል የጤና መመሪያዎችን መከተል አስፈላጊ ነው።,ኢንፍሉዌንዛ ለመከላከል የጤና መመሪያዎችን መከተል አስፈላጊ ነው።
ሕብረተሰቡ ለትንኝ ንክሻ እንዳይጋለጥ ምን ማድረግ አለበት?,ሕብረተሰቡ ለትንኝ ንክሻ ከሚያጋልጡ ሁኔታዎች ራሱን መጠበቅ ይኖርበታል፡፡ በማንኛውም ጊዜ ሙሉ ሰውነትን የሚሸፍን ልብስ መልበስ፣ የትንኝ መከላከያ ቅባት በቆዳ ላይ መቀባትና በሚተኙበት ጊዜ ሁሉ የአልጋ አጎበር በመጠቀም ራስን ከትንኝ ንክሻ መጠበቅ ያስፈልጋል፡፡,ሕብረተሰቡ ለትንኝ ንክሻ ከሚያጋልጡ ሁኔታዎች ራሱን መጠበቅ ይኖርበታል፡፡ በማንኛውም ጊዜ ሙሉ ሰውነትን የሚሸፍን ልብስ መልበስ፣ የትንኝ መከላከያ ቅባት በቆዳ ላይ መቀባትና በሚተኙበት ጊዜ ሁሉ የአልጋ አጎበር በመጠቀም ራስን ከትንኝ ንክሻ መጠበቅ ያስፈልጋል፡፡
 በአሁን ወቅት ወረርሽኙ ምን ይመስላል?,በአሁን ወቅት ወረርሽኙ በኦሮሚያ ( በሻሸመኔ ወረዳ 15 ሰዎች ና ፈዲስ ወረዳ 20 ሰዎች) ፣ ሀረሪ ክልል በ6 ወረዳዎች 15 ሰዎች ና ደቡብ ክልል በሃዋሳ ከተማ 14 ሰዎች በበሽታው የተያዙ ሲሆን ሁሉም አስፈላጊውን የህክምና አገልግሎት አግኝተዋል፡፡,በአሁን ወቅት ወረርሽኙ በኦሮሚያ ( በሻሸመኔ ወረዳ 15 ሰዎች ና ፈዲስ ወረዳ 20 ሰዎች) ፣ ሀረሪ ክልል በ6 ወረዳዎች 15 ሰዎች ና ደቡብ ክልል በሃዋሳ ከተማ 14 ሰዎች በበሽታው የተያዙ ሲሆን ሁሉም አስፈላጊውን የህክምና አገልግሎት አግኝተዋል፡፡
የልጅነት ልምሻ በሽታ ማለት ምንድን ነው?,,እንደሚታወቀው ፖሊዮ (የልጅነት ልምሻ በሽታ ) በሶማሌ ክልል ዶሎ ዞን ቦህ ወረዳ አንጋሎ ቀበሌ በግንቦት ወር 2011ዓ.ም መከሰቱ ይታወቃል፡፡
ለምን ያህል ህጻናት ክትባት ተደርጓል?,"የፖሊዮ ቫይረስ ስርጭትን ለመግታት እንዲሁም የህፃናትን የፖሊዮ በሽታ የመከላከል አቅምን ለማጎልበት በሱማሌ ክልል በአምስት ዞኖች (በዶሎ፣ጀረር፣ፋፋን፣ኖጎብና ኤረር) በሚገኙ 48 ወረዳዎች እንዲሁም 5 ተፈናቃይና 3 ስደተኛ ጣቢያዎች ውስጥ ለሚገኙ እድሜቸው ከአምስት አመት በታች ለሆኑ ከ 500,000 በላይ ህፃናት ክትባት ተሰጥቷል፡፡"," ከ500,000 በላይ ህፃናት ክትባት ተሰጥቷል፡፡"
የድንበር ተሻጋሪ የፖሊዮ ወረርሽኝን ለመከላከል እንዲቻል ከማን ጋር ውይይት ተደርጓል?,የድንበር ተሸጋሪ የፖሊዮ ወረርሽኝን ለመከላከልና ለመቆጣጠር እንዲቻል ከሶማሌ ላንድና ፑንት ላንድ የጤና አመራሮች ጋር ውይይት ተደርጎ በጋራ በመስራት ላይ እንገኛለን፡፡,ከሶማሌ ላንድና ፑንት ላንድ የጤና አመራሮች
በሀገሪቱ ተከስቶ የነበረውን የኮሌራ ወረርሽኝ  በአሁኑ ሰዓት በስንት ክልሎች ላይ በሽታው አልፎ አልፎ እየታየ ነው?,በሀገሪቱ ተከስቶ የነበረውን የኮሌራ ወረርሽኝ በአብዛኛው ሙሉ በሙሉ መቆጣጠር የተቻለ ሲሆን በአሁኑ ሰዓት በሶስት ክልሎች ላይ በሽታው አልፎ አልፎ እየታየ ነው፡፡,በሀገሪቱ ተከስቶ የነበረውን የኮሌራ ወረርሽኝ በአብዛኛው ሙሉ በሙሉ መቆጣጠር የተቻለ ሲሆን በአሁኑ ሰዓት በሶስት ክልሎች ላይ በሽታው አልፎ አልፎ እየታየ ነው፡፡
በቫይረሱ የተያዙ ሰዎች ቁጥር ስንት ነው?,በዓለም የጤና ድርጅት ሪፖርት መሰረት፣ እስከ የካቲት 01/2012፣ ይህ መረጃ እስከ ተጠናቀረበት ሰዓት ድረስ ያልው በቫይረሱ የተያዙ ሰዎች ቁጥር፣ ሰሊሳ ሰባት ሺህ አራት መቶ ዘጠና አራት(37494) ሲሆን፣ እስከ ዛሬ የካቲት 01/2012 ድረስ ስምንት መቶ አስራ ሶስት (813) ሰዎች በቫይረሱ ምክንያት ህይወታቸው አልፏል ፡,ሰላሳ ሰባት ሺህ አራት መቶ ዘጠና አራት(37494)
ሰላሳ ሰባት ሺህ አራት መቶ ዘጠና አራት(37494) ቁጥር የተገለጸው በማን ነው?,በዓለም የጤና ድርጅት ሪፖርት መሰረት፣ እስከ የካቲት 01/2012፣ ይህ መረጃ እስከ ተጠናቀረበት ሰዓት ድረስ ያልው በቫይረሱ የተያዙ ሰዎች ቁጥር፣ ሰሊሳ ሰባት ሺህ አራት መቶ ዘጠና አራት(37494) ሲሆን፣ እስከ ዛሬ የካቲት 01/2012 ድረስ ስምንት መቶ አስራ ሶስት (813) ሰዎች በቫይረሱ ምክንያት ህይወታቸው አልፏል ፡,በዓለም የጤና ድርጅት ሪፖርት
በአሁኑ ሰዓት በኢትዮጵያ በኖቭል ኮሮና ቫይረስ የተያዘ ሰው ማን ነው?,በአሁኑ ጊዜ በኢትዮጵያ በኖቭል ኮሮና ቫይረስ በሽታ መያዙ የተረጋገጠም ሆነ በሇይቶ ማቆያ ማዕከለ ሆኖ ክትትል የሚዯረግሇት ሰው የሇም፣,በአሁኑ ሰዓት በኢትዮጵያ በኖቭል ኮሮና ቫይረስ የተያዘ ሰው የተረጋገጠ የለም።
በዓለም አቀፍ ላይ የተከሰተው በሽታ ምን ይባላል,በአሁኑ ጊዜ በኢትዮጵያ በኖቭል ኮሮና ቫይረስ በሽታ መያዙ የተረጋገጠም ሆነ በሇይቶ ማቆያ ማዕከለ ሆኖ ክትትል የሚደረግለት ሰው የለም፣,ኖቭል ኮሮና ቫይረስ ይባላል
ኖቭል ኮሮና ቫይረስ በኢትዮጵያ ምርመራ የሚደረግበት ላቦራቶሪ አለ ወይ?,የኢትዮጵያ የሕብረተሰብ ጤና ኢንስቲትዩት የኖቭል ኮሮና ቫይረስ የሊቦራቶሪ ምርመራ እዚሁ በተቋሙ ማድረግ የጀመረ በመሆኑ ወዯ ዯቡብ አፍሪካ ሉሊክ የነበረ የ3 ሰዎች ናሙና ምርመራ በማድረግ ከቫይረሱ ነጻ መሆናቸውን ማረጋገጥ ችሏል፡፡ በተጨማሪም የ3ቱ ወዯ ዯቡብ አፍሪካ ተልከው የነበሩ ናሙናዎች ውጤት የዯረሰን ሲሆን ከቫይረሱ ነጻ መሆናቸዉ ተረጋግጧል፡፡,ኢትዮጵያ ውስጥ የኖቭል ኮሮና ቫይረስ ምርመራ ማድረግ ይቻላል
ኢትዮጵያ ውስጥ የኖቭል ኮሮና ቫይረስ ምርመራ ሳይጀምር የሰዎች ደም የት ይመረመር ነበር?,የኢትዮጵያ የሕብረተሰብ ጤና ኢንስቲትዩት የኖቭል ኮሮና ቫይረስ የሊቦራቶሪ ምርመራ እዚሁ በተቋሙ ማድረግ የጀመረ በመሆኑ ወዯ ዯቡብ አፍሪካ ሉሊክ የነበረ የ3 ሰዎች ናሙና ምርመራ በማድረግ ከቫይረሱ ነጻ መሆናቸውን ማረጋገጥ ችሏል፡፡ በተጨማሪም የ3ቱ ወዯ ዯቡብ አፍሪካ ተልከው የነበሩ ናሙናዎች ውጤት የዯረሰን ሲሆን ከቫይረሱ ነጻ መሆናቸዉ ተረጋግጧል፡፡,ኢትዮጵያ ውስጥ የኖቭል ኮሮና ቫይረስ ምርመራ ሳይጀምር የሰዎች ደም ደቡብ አፍሪካ ይመረመር ነበር።
ምን ያህል ሰዎች ናችው በኢትዮጵያ ለመጀመሪያ ከኖቭል ቫይረስ የተመረመሩት?,የኢትዮጵያ የሕብረተሰብ ጤና ኢንስቲትዩት የኖቭል ኮሮና ቫይረስ የሊቦራቶሪ ምርመራ እዚሁ በተቋሙ ማድረግ የጀመረ በመሆኑ ወዯ ዯቡብ አፍሪካ ሉሊክ የነበረ የ3 ሰዎች ናሙና ምርመራ በማድረግ ከቫይረሱ ነጻ መሆናቸውን ማረጋገጥ ችሏል፡፡ በተጨማሪም የ3ቱ ወዯ ዯቡብ አፍሪካ ተልከው የነበሩ ናሙናዎች ውጤት የዯረሰን ሲሆን ከቫይረሱ ነጻ መሆናቸዉ ተረጋግጧል፡፡,ከደቡብ አፍሪካ ከተላኩት ሶስቱ ነጻ መሆናቸውን በኢትዮጵያም ማረጋገጥ ተችሏል።
ኢትዮጵያ ውስጥ የኖቭል ኮሮና ቫይረስ ምርመራ የተጀመረው የት ነው?,የኢትዮጵያ የሕብረተሰብ ጤና ኢንስቲትዩት የኖቭል ኮሮና ቫይረስ የሊቦራቶሪ ምርመራ እዚሁ በተቋሙ ማድረግ የጀመረ በመሆኑ ወዯ ዯቡብ አፍሪካ ሉሊክ የነበረ የ3 ሰዎች ናሙና ምርመራ በማድረግ ከቫይረሱ ነጻ መሆናቸውን ማረጋገጥ ችሏል፡፡ በተጨማሪም የ3ቱ ወዯ ዯቡብ አፍሪካ ተልከው የነበሩ ናሙናዎች ውጤት የዯረሰን ሲሆን ከቫይረሱ ነጻ መሆናቸዉ ተረጋግጧል፡፡,የኢትዮጵያ የሕብረተሰብ ጤና ኢንስቲትዩት ተቋም ውስጥ ነው
የኢትዮጵያ የሕብረተሰብ ጤና ኢንስቲትዩት ተቋም ለማን ግብአቶችን አሰራጨ?,የኖቭል ኮሮና ቫይረስን በሽታ የመከላከል ዝግጁነትን ለማጠናከር ኢንስቲትዩቱ ለኢትዮጵያ አየር መንገድ እና በአዲስ አበባ ለሚገኙ 13 ሆስፒታሎች የተለያዩ ግብዓቶችን አሰራጭቷል፤ እንዲሁም ለክልል ሆሲፒታሎች ለማሰራጨት የቅድመ ዝግጅት ስራዎች ተጠናቀዋል፡፡,ለኢትዮጵያ አየር መንገድ እና በአዲስ አበባ ለሚገኙ 13 ሆስፒታሎች 
የኖቭል ኮሮና ቫይረስን በሽታ የመከላከል ዝግጁነትን ለማጠናከር ኢንስቲትዩቱ ምን እየሰራ ነው?,የቫይረሱን ስርጭት አስመልክቶ እስከ አሁን ድረስ 31 ጥቆማዎች ሇኢትዮጵያ የሕብረተሰብ ጤና ኢንስቲትዩት የድንገተኛ አዯጋዎች ምሊሽ ማስተባበሪያ ማዕከል (Emergency Operation Center) ዯርሰው ማጣራት ተዯርጎባቸዋል፣ ከነዚህ ውስጥ 14ቱ በልየታ ቆይተው ናሙናቸው ተመርምሮ ከቫይረሱ ነጻ መሆናቸው በመረጋገጡ ከሇይቶ ማቆያ ማዕከለ እንዲወጡ ተዯርጓል፡፡,የቫይረሱን ስርጭት ለመግታት ከደረሱት 31 ጥቆማዎች 14 ነጻ መሆናቸውን አረጋግጧል
ድንገተኛ በሽታዎችን በምን ማዕከል ውስጥ ማጣራት ይደረግባቸዋል?,የቫይረሱን ስርጭት አስመልክቶ እስከ አሁን ድረስ 31 ጥቆማዎች ሇኢትዮጵያ የሕብረተሰብ ጤና ኢንስቲትዩት የድንገተኛ አዯጋዎች ምሊሽ ማስተባበሪያ ማዕከል (Emergency Operation Center) ዯርሰው ማጣራት ተዯርጎባቸዋል፣ ከነዚህ ውስጥ 14ቱ በልየታ ቆይተው ናሙናቸው ተመርምሮ ከቫይረሱ ነጻ መሆናቸው በመረጋገጡ ከሇይቶ ማቆያ ማዕከለ እንዲወጡ ተዯርጓል፡፡,የሕብረተሰብ ጤና ኢንስቲትዩት የድንገተኛ አዯጋዎች ምሊሽ ማስተባበሪያ ማዕከል 
ባለሙያዎች የልየታ ቡድኑን እንዴት መቀላቀል ይችላሉ?,የኖቭል ኮሮና ቫይረስንበሽታን ልየታ ስራ ለማጠናከር የልየታ ቡድኑን ለሚቀላቀሉ የጤና ባለሙያዎች የግንዛቤ ማስጨበጫ ስልጠና ተሰጥቷል።,ስልጠና ከወሰዱ በኋላ ነው
የኖቭል ኮሮና ቫይረስ ልየታ ግብረ ሀይል በማን ይመራል?,በምክትል ጠቅላይ ሚኒስተር ክቡር አቶ ደመቀ መኮንን የሚመራው ብሔራዊ ግብረ ሃይል ጥር 29/2012 ስብሰባ አካሂዷል፡፡,በምክትል ጠቅላይ ሚኒስተር ክቡር አቶ ደመቀ መኮንን
የኖቭል ኮሮና ቫይረስ ልየታ ግብረ ሀይል መቼ ስብሰባ አካሄደ?,በምክትል ጠቅላይ ሚኒስተር ክቡር አቶ ደመቀ መኮንን የሚመራው ብሔራዊ ግብረ ሃይል ጥር 29/2012 ስብሰባ አካሂዷል፡፡,ጥር 29/2012 ስብሰባ አካሂዷል፡፡
የኖቭል ኮሮና ቫይረስ ልየታ ግብረ ሀይል ለማን ለማን ስልጠና አስቧል?,ለሆቴሎች፣ ታክሲ ሾፌሮች እና ለመገናኛ ብዙሀን ባለሙያዎች የግንዛቤ ማስጨበጫ ስልጠና ለመስጠት ዝግጅቶች ተጠናቀዋል፡፡,ለሆቴሎች፣ ታክሲ ሾፌሮች እና ለመገናኛ ብዙሀን ባለሙያዎች
ለህብረተሰቡ የጥንቃቄ መልዕክት ተላልፏል ወይ?,በተጨማሪም ሕብረተሰቡ በሀገራችን እስካአሁን በቫይረሱ መያዙ የተረጋገጠ ሰው አለመኖሩን አውቆ ሳይዘናጋ የበለጠ ጥንቃቄ ኢንዲያደርግ ኢንስቲትዩቱ ያሳስባል፡፡,አው። የበለጠ ጥንቃቄ እንዲያደርግ መልዕክት ተላልፏል።
የኖቭል ኮሮና ቫይረስ ምልዕክቶች ምን ምን ናቸው?,የኖቭል ኮሮና ቫይረስ ከታየባቸው ሀገራት የመጡ መንገዯኞች ወይም በዚህ ቫይረስ ከተያዙ ግሇሰቦች ጋር ንክኪ የነበራቸው ሰዎች ሊይ የበሽታው ምልክቶች (ትኩሳት፤ ሳል፤ የትንፋሽ መቆራረጥ፣ የመተንፈስ ችግር) ከታዩ፣ ማንኛውም የሕብረተሰቡ አካል በአስቸኳይ በ8335 ነጻ የስልክ መስመር ሊይ በመዯወል ሪፖርት እንዲያዯርግ እናሳስባሇን፡፡,ትኩሳት፤ ሳል፤ የትንፋሽ መቆራረጥ፣ የመተንፈስ ችግር
የኖቭል ኮሮና ቫይረስ ምልዕክቶች ከታዩ ህብረተሰቡ ምን ማድረግ አለበት?,የኖቭል ኮሮና ቫይረስ ከታየባቸው ሀገራት የመጡ መንገዯኞች ወይም በዚህ ቫይረስ ከተያዙ ግሇሰቦች ጋር ንክኪ የነበራቸው ሰዎች ሊይ የበሽታው ምልክቶች (ትኩሳት፤ ሳል፤ የትንፋሽ መቆራረጥ፣ የመተንፈስ ችግር) ከታዩ፣ ማንኛውም የሕብረተሰቡ አካል በአስቸኳይ በ8335 ነጻ የስልክ መስመር ሊይ በመደወል ሪፖርት እንዲያደርግ እናሳስባለን፡፡,በአስቸኳይ በ8335 ነጻ የስልክ መስመር ሊይ በመደወል ሪፖርት እንዲያደርግ
የኖቭል ኮሮና ቫይረስ ምልክት የታየባቸው ሰዎች ምን ማድረግ አለባቸው?,የበሽታው ምልክት የታየባቸው ሰዎች በሚያስነሠጥሱበት እና በሚያስለበት ወቅት አፍና አፍንጫቸውን በሶፍት ወይም በክንድ እንዲሸፍኑ፤ የተጠቀሙበትን ሶፍት ወዯ ቆሻሻ ማጠራቀሚያ እንዲጥለ እና እጃቸውን በውሃና ሳሙና በመታጠብ የቫይረሱን ስርጭት እንዲከሊከለ እንመክራሇን፡፡,የበሽታው ምልክት የታየባቸው ሰዎች በሚያስነሠጥሱበት እና በሚያስለበት ወቅት አፍና አፍንጫቸውን በሶፍት ወይም በክንድ እንዲሸፍኑ፤
በኢትዮጵያ፣ የኮሮና ቫይረስ ያለበት የመጀመሪያው ሰው ተገኝቶዋል ወይ?,በአገራችን፣ የኮሮና ቫይረስ ያለበት የመጀመሪያው ሰው ተገኝቶዋል,አው
በኢትዮጵያ፣ የኮሮና ቫይረስ ያለበት የመጀመሪያው ሰው እንዴት ተገኘ?,የኢትዮጵያ ሕብረተሰብ ጤና ኢንስቲትዩት፣ በቫይረሱ የተያዘ ግለሰብ ኢትዮጵያ ውስጥ መገኘቱን አረጋገጠ፡፡,የኢትዮጵያ ሕብረተሰብ ጤና ኢንስቲትዩት
በኢትዮጵያ፣ የኮሮና ቫይረስ ያለበት የመጀመሪያው ሰው የየት ሀገር ዜጋ ነው?,የኢትዮጵያ ሕብረተሰብ ጤና ኢንስቲትዩት፣ በቫይረሱ የተያዘ ግለሰብ ኢትዮጵያ ውስጥ መገኘቱን አረጋገጠ፡፡ ግለሰቡ፣ የ48 አመት የጃፓን ዜጋ ሲሆን፣ የካቲት 25/ 2012 ዓ/ም ከ ቡርኪና ፋሶ ወደ አዲስ አበባ መምጣቱ ታውቋል,የጃፓን
በኢትዮጵያ፣ የኮሮና ቫይረስ ያለበት የመጀመሪያው ሰው እንዴት ተገኝ?,የኢትዮጵያ ሕብረተሰብ ጤና ኢንስቲትዩት፣ በቫይረሱ የተያዘ ግለሰብ ኢትዮጵያ ውስጥ መገኘቱን አረጋገጠ፡፡ ግለሰቡ፣ የ48 አመት የጃፓን ዜጋ ሲሆን፣ የካቲት 25/ 2012 ዓ/ም ከ ቡርኪና ፋሶ ወደ አዲስ አበባ መምጣቱ ታውቋል,በኢትዮጵያ ሕብረተሰብ ጤና ኢንስቲትዩት አማካኝነት
በኢትዮጵያ፣ የኮሮና ቫይረስ ያለበት የመጀመሪያው ሰው መቼ ተገኜ?,የኢትዮጵያ ሕብረተሰብ ጤና ኢንስቲትዩት፣ በቫይረሱ የተያዘ ግለሰብ ኢትዮጵያ ውስጥ መገኘቱን አረጋገጠ፡፡ ግለሰቡ፣ የ48 አመት የጃፓን ዜጋ ሲሆን፣ የካቲት 25/ 2012 ዓ/ም ከ ቡርኪና ፋሶ ወደ አዲስ አበባ መምጣቱ ታውቋል,የካቲት 25/ 2012 ዓ/ም
በኢትዮጵያ፣ የኮሮና ቫይረስ ያለበት የመጀመሪያው ሰው ከተገኜ በኋላ ምን ተደረገ?,ታማሚው፣ አስቀድሞ በተዘጋጀው የለይቶ ማከሚያ፣ ተገቢው የሕክምና ክትትል እየተደረገለት ሲሆን፣ እስካሁን ባለው ሁኔታ የከፋ የጤና እክል አልገጠመውም፡፡,
 የኮሮና ቫይረስ በሽታ መነሻ የት ነው?,የኢትየጲያ መንግስት እና የጤና ሚኒስቴር፣ በሽታው ቻይና ከተገኘበት ወቅት ጀምሮ፣ ቫይረሱ ወደ አገር እንዳይገባ፣ ከገባም ጉዳቱን ለመቀነስ፣ በርካታ ስራዎችን ሲያከናውን ቆይቷል። ብሄራዊ የሚኒስትሮች ኮሚቴ በክቡር ጠቅላይ ሚንስትሩ ተቋቁሞ፣ የመከላከል ጥረቱን እየመራ ይገኛል። በተጨማሪም፣ በጤና ሚኒስተርና በህብረተሰብ ጤና ኢኒስቲትዩት የሚመራ ከተለያዩ መስሪያ ቤቶች የተውጣጡ አባላት ያሉት የቴክኒካል ግብረ ሃይል ቅንጅታዊ አሰራሩን እየመራ ይገኛል።,በሽታው ቻይና ለመጀመሪያ ጊዜ ተከስቷል
በኢትዮጵያ፣ የኮሮና ቫይረስን ለመከላከል የተቋቋመው ኮሚቴ በማን ይመራል?,የኢትየጲያ መንግስት እና የጤና ሚኒስቴር፣ በሽታው ቻይና ከተገኘበት ወቅት ጀምሮ፣ ቫይረሱ ወደ አገር እንዳይገባ፣ ከገባም ጉዳቱን ለመቀነስ፣ በርካታ ስራዎችን ሲያከናውን ቆይቷል። ብሄራዊ የሚኒስትሮች ኮሚቴ በክቡር ጠቅላይ ሚንስትሩ ተቋቁሞ፣ የመከላከል ጥረቱን እየመራ ይገኛል። በተጨማሪም፣ በጤና ሚኒስተርና በህብረተሰብ ጤና ኢኒስቲትዩት የሚመራ ከተለያዩ መስሪያ ቤቶች የተውጣጡ አባላት ያሉት የቴክኒካል ግብረ ሃይል ቅንጅታዊ አሰራሩን እየመራ ይገኛል።,
የኮሮና ቫይረስን ለመከላከል መንግስት ምን እያደረገ ነው?,መንግስትም፣ የበሽታውን አሳሳቢነት በመረዳት፣ በጀት የመደበ ሲሆን ተጨማሪ በጀት እያፈላለገ ይገኛል። ለዚሁ በሽታ መካላከል ሲባል፣ በኢትዮጵያ የህብረተሰብ ጤና ኢኒስቲትዩት ውስጥ የድንገተኛ ኦፕሬሽን ማእከል ተቋቁሞ፣ ሃያ አራት ሰአት እየሰራ ይገኛል,በጀት እየመደበ ፡ ኮሚቴ እያቋቋመ ነው።
የኮሮና ቫይረስን ለመከላከል የኢትዮጵያ የህብረተሰብ ጤና ኢኒስቲትዩት ምን እያደረገ ነው?,መንግስትም፣ የበሽታውን አሳሳቢነት በመረዳት፣ በጀት የመደበ ሲሆን ተጨማሪ በጀት እያፈላለገ ይገኛል። ለዚሁ በሽታ መካላከል ሲባል፣ በኢትዮጵያ የህብረተሰብ ጤና ኢኒስቲትዩት ውስጥ የድንገተኛ ኦፕሬሽን ማእከል ተቋቁሞ፣ ሃያ አራት ሰአት እየሰራ ይገኛል,ለዚሁ በሽታ መካላከል ሲባል፣ በኢትዮጵያ የህብረተሰብ ጤና ኢኒስቲትዩት ውስጥ የድንገተኛ ኦፕሬሽን ማእከል ተቋቁሞ፣ ሃያ አራት ሰአት እየሰራ ይገኛል
የኮሮና ቫይረስን ለመከላከል ህብረተሰቡ ምን ማድረግ አለበት?,"ሳል ወይም ትኩሳት ካለው ግለሰብ ቢያንስ ሁለት የአዋቂ እርምጃ ርቀት ያህል መራቅ፡እጅዎን በአግባቡ ሳይታጠቡ አይንና አፍንጫዎን  አይንኩ፡ከሰዎችጋር አይጨባበጡ፡እጅን በንጹህ ውሃና ሳሙና አዘውትረው ይታጠቡ፣ ሰዎች ወደ በሚበዙባቸው ቦታዎች በተለይም የህመም ስሜት ካልዎት አይሂዱ፡በሚያነጥሱበት እና  በሚያስሉበት ጊዜ  አፍና አፍንጫዎን በሶፍት ወይም 
ክርንዎን  አጥፈው በመጠቀም  ወደ ሌሎች እንዳያስተላልፉ ይጠንቀቁ፣ 
የተጠቀሙበትን ሶፍትና ተመሳሳይ ነገሮች በቆሻሻ ክዳን ባላቸው ማጠራቀሚያ 
ያስወግዱ፡በስራ ቦታ፣በትራንስፖርት እና መኖሪያ ወይም የመኝታ ክፍል መስኮት 
በመክፈት በቂ   አየር እንዲኖር ያድርጉ፡መረጃዎችን ከአስተማማኝ ምንጮች ብቻ በመቀበል፣ የተሳሳቱ መረጃዎች 
የሚያስከትሉትን መደናገር እና ፍርሀት እርሶም ይከላከሉ ",ሳል ወይም ትኩሳት ካለው ግለሰብ ቢያንስ ሁለት የአዋቂ እርምጃ ርቀት ያህል መራቅ፡
በኮቪድ 19 የተያዙ ሰዎች እስከ የካቲት 10/2012 ድረስ ምን ያህል ናችው?,"በዓለም የጤና ድርጅት ሪፖርት መሰረት እስከ የካቲት 10/2012 ይህ መረጃ እስከ ተጠናቀረበት ሰዓት ድረስ ያሇው በቫይረሱ የተያዙ ሰዎች ቁጥር ሰባ አንድ ሺህ አራት መቶ ሰላሳ ሁሇት (71,432) ሲሆን አንድ ሺህ ሰባት መቶ ሰባ አምስት (1,775) ሰዎች በቫይረሱ ምክንያት ህይወታቸው አልፏል፡፡ በቫይረሱ የተያዙ ሰዎች በ26 ሀገራት ውስጥ ሪፖርት ተዯርጓል::",ሰባ አንድ ሺህ አራት መቶ ሰላሳ ሁለት /71432/
በኮቪድ 19 ያለባቸው ሀገሮች እስከ የካቲት 10/2012 ድረስ ምን ያህል ናችው?,"በዓለም የጤና ድርጅት ሪፖርት መሰረት እስከ የካቲት 10/2012 ይህ መረጃ እስከ ተጠናቀረበት ሰዓት ድረስ ያሇው በቫይረሱ የተያዙ ሰዎች ቁጥር ሰባ አንድ ሺህ አራት መቶ ሰላሳ ሁሇት (71,432) ሲሆን አንድ ሺህ ሰባት መቶ ሰባ አምስት (1,775) ሰዎች በቫይረሱ ምክንያት ህይወታቸው አልፏል፡፡ በቫይረሱ የተያዙ ሰዎች በ26 ሀገራት ውስጥ ሪፖርት ተዯርጓል::",26
በኮቪድ 19 ያለባቸው የአፍሪካ ሀገሮች እስከ የካቲት 10/2012 ድረስ ምን ያህል ናችው?,በአፍሪካ ውስጥ በግብጽ አንድ ግሇሰብ በቫይረሱ የተያዘ መሆኑ ተረጋግጧል፡፡,ግብጽ 1 ሰው የተያዘ መሆኑ ተረጋግጧል
"ከጥር 15/2012 ጀምሮ በቦሌ አውሮፕላን ማረፊያ በ7ቱ መግቢያዎች ካለፉት 146,357 መንገደኞች ምን ያህሉ በሽታው እንዳለባቸው ተረጋግጧል?","ከጥር 15/2012 ጀምሮ በቦሌ አውሮፕላን ማረፊያ በ7ቱ መግቢያዎች 146,357 በላይ የሚሆኑ መንገዯኞች በሙቀት ልየታው ያሇፉ ሲሆን ከነዚህ ውስጥ 3,901 በሽታውን ሪፖርት ካዯረጉ ሃገራት የመጡ ናቸው፡፡ በአጠቃላይ በሁለም ወዯ ሀገር መግቢያ ጣቢያዎች 248,734 በሙቀት መሇያው አልፈዋል፡፡ እንዲሁም 697 የሚሆኑት ዯግሞ ባለበት ቦታ ሆነው የጤና ክትትል አየተዯረገላቸው ሲሆኑ እስካሁን ኢትዮጵያ ውስጥ የኮሮና ቫይረስ በሽታ ያሇበት ሰው የሇም፡",3901
እስከ ጥር 15/2012 ኢትዮጵያ ውስጥ ኮቪድ ያለበት ስንት ሰው አለ?,"ከጥር 15/2012 ጀምሮ በቦሌ አውሮፕላን ማረፊያ በ7ቱ መግቢያዎች 146,357 በላይ የሚሆኑ መንገዯኞች በሙቀት ልየታው ያሇፉ ሲሆን ከነዚህ ውስጥ 3,901 በሽታውን ሪፖርት ካዯረጉ ሃገራት የመጡ ናቸው፡፡ በአጠቃላይ በሁለም ወዯ ሀገር መግቢያ ጣቢያዎች 248,734 በሙቀት መሇያው አልፈዋል፡፡ እንዲሁም 697 የሚሆኑት ዯግሞ ባለበት ቦታ ሆነው የጤና ክትትል አየተዯረገላቸው ሲሆኑ እስካሁን ኢትዮጵያ ውስጥ የኮሮና ቫይረስ በሽታ ያሇበት ሰው የሇም፡",የኮሮና ቫይረስ ያለበት አልተከሰተም
በኮቪድ 19 ያለባቸው ሰዎች ምን ይደረግባቸዋል?,ይህ መረጃ እስከ ተጠናቀረበት ሰዓት ድረስ አንድ የበሽታውን ምልክት ያሳየ ሰው በሽታው እንዯሌሇበት እስኪረጋገጥ ድረስ በሇይቶ ማቆያ ማዕከል ውስጥ የህክምና ክትትል እየተዯረገሇት ቆይቶ ከቫይረሱ ነጻ መሆኑ በመረጋገጡ ከማዕከለ እንዲወጣ ተዯርጓል፡፡,በለይቶ ማቆያ ማዕከል ውስጥ የህክምና ክትትል እየተደረገለት ይቆያል?
የኮሮና ቫይረስ በሽታ (ኮቪድ-19) ካለባቸው አገሮች ወደ ኢትዮጵያ ከመጡ ምን ያድርጉ?,እራስዎን ከሌሎች ሰዎች እና ከቤተሰብ አባላት ለ14 ቀናት በማግለል ጤናዎን ይከታተሉ!,እራስዎን ከሌሎች ሰዎች እና ከቤተሰብ አባላት ለ14 ቀናት በማግለል ጤናዎን ይከታተሉ!
የኮሮና ቫይረስ በሽታ (ኮቪድ-19) ምልክት ምንድን ነው?,ትኩሳት፣ ሳልና የመተንፈስ ችግር ካጋጠመዎት ላስቸኳይ የህክምና እርዳታ 8335 ይደውለ፤,ትኩሳት፣ ሳልና የመተንፈስ ችግር 
ትኩሳት፣ ሳልና የመተንፈስ ችግር ካጋጠመዎት ላስቸኳይ የህክምና እርዳታ ምን ማድረግ አለብኝ?,በሚያስለበት እና በሚያስነጥሱበት ጊዜ አፍና አፍንጫዎትን ክንድዎን በማጠፍ ወይም በሶፍት ይሸፍኑ፤ እጅዎን በሳሙናና በውሃ ይታጠቡ!,በሚያስለበት እና በሚያስነጥሱበት ጊዜ አፍና አፍንጫዎትን ክንድዎን በማጠፍ ወይም በሶፍት ይሸፍኑ፤ እጅዎን በሳሙናና በውሃ ይታጠቡ!
አንድ የኮቪድ ተጠቂ ለስንት ቀናት ውስጥ ነው ለይቶ ማቆያ ውስጥ የሚቆየው?,ከቀን 13፣2012 ዓ.ም ለሊት ስደስት ሰዓት ጀምሮ ማንኛውም ከውጭ ሀገር የሚመጣ መንገደኛ በሆቴል ውስጥ ለ14 ቀናት ተለይቶ እንዲቆይ በተወሰነው መሰረት ይህ መረጃ እስከተጠናቀረበት ሰዓት ድረስ ወደ ሀገራችን የገቡ ከ519 መንገደኞች በተመረጡ ሆቴሎች ማቆያ ውስጥ ይገኛሉ፡፡ በዚሁ መሰረት ኢንስቲትዩታችን የጤና ክትትል ባሉበት ሆቴል ውስጥ እያከናወነ ይገኛል፣,14
ምን ያህል ሰዎች በሙቀት መለያ አለፉ?,"በሙቀት መለያ ካለፉት ውስጥ አስራ ሁለት ሺ ሁለት መቶ አርባ አምስት (12,245) ያህሉ በሽታውን ሪፖርት ካደረጉ ሃገራት የመጡ ናቸው፡፡","አስራ ሁለት ሺ ሁለት መቶ አርባ አምስት (12,245) "
ምን ያህል ሰዎች ወደ ሀገር ውስጥ ገቡ?,"በአሁኑ ሰዓት አንድ ሺ ዘጠኝ መቶ ሀያ ሶስት (1,923) የሚሆኑት ወደ ሀገር ውስጥ የገቡ ሰዎች ለ14 ቀን የጤና ክትትል እየተደረገላቸው የሚገኙ ሲሆን አንድ ሺ ሰባት መቶ ሰባሁለት (1,772) የሚሆኑት ለ14 ቀናት ክትትል ሲደረግላቸው ቆይተው የኮሮና በሽታ ምልክት ያልታየባቸው በመሆኑ ክትትላቸው ተቋርጧል፡፡",1923
ለምን ያህል ቀን ክትትል ተደረገባችው?,"በአሁኑ ሰዓት አንድ ሺ ዘጠኝ መቶ ሀያ ሶስት (1,923) የሚሆኑት ወደ ሀገር ውስጥ የገቡ ሰዎች ለ14 ቀን የጤና ክትትል እየተደረገላቸው የሚገኙ ሲሆን አንድ ሺ ሰባት መቶ ሰባሁለት (1,772) የሚሆኑት ለ14 ቀናት ክትትል ሲደረግላቸው ቆይተው የኮሮና በሽታ ምልክት ያልታየባቸው በመሆኑ ክትትላቸው ተቋርጧል፡፡",ለ14
ምን ያህሉ ክትትል ተደረገባቸው,"በአሁኑ ሰዓት አንድ ሺ ዘጠኝ መቶ ሀያ ሶስት (1,923) የሚሆኑት ወደ ሀገር ውስጥ የገቡ ሰዎች ለ14 ቀን የጤና ክትትል እየተደረገላቸው የሚገኙ ሲሆን አንድ ሺ ሰባት መቶ ሰባሁለት (1,772) የሚሆኑት ለ14 ቀናት ክትትል ሲደረግላቸው ቆይተው የኮሮና በሽታ ምልክት ያልታየባቸው በመሆኑ ክትትላቸው ተቋርጧል፡፡",1772
በምን ያክል ሰዎች የላብራቶሪ ምርመራ ተደረገ?,እስከ አሁኑ ሰዓት አምስ መቶ ሰባ ስድስት (576) ሰዎች የላብራቶሪ ምርመራ የተደረገላቸው ሲሆን አምስት መቶ ሃምሳ አምስት ሰዎች (555ዎቹ) ከቫይረሱ ነፃ መሆናቸው ተረጋግጧል፣,576
ከተመረመሩት ምን ያህል ሰዎች ከቫይረሱ ነጻ መሆናችው ተረጋግጧል?,እስከ አሁኑ ሰዓት አምስ መቶ ሰባ ስድስት (576) ሰዎች የላብራቶሪ ምርመራ የተደረገላቸው ሲሆን አምስት መቶ ሃምሳ አምስት ሰዎች (555ዎቹ) ከቫይረሱ ነፃ መሆናቸው ተረጋግጧል፣,555
ምን ያህል ሰዎች የላብራቶሪ ምርመራ ይጠብቃሉ?,በአሁኑ ሰዓት የላቦራቶሪ ምርመራ ውጤታቸውን በመጠባበቅ ላይ የሚገኙ ዘጠኝ ሰዎች(9) ይገኛሉ፡,9
ምን ያህል ማስክ ተሰራጭቷል?,"ከዚህ በፊት ከተሰራጩት የህክምና መስጫ ግብአቶች በተጨማሪ ከሁለት ሚሊየን (2, 000,000) በላይ የፊት ማስክ ለሁሉም ክልሎች ተሰራጭቷል፤",2000000
ለስንት ክልሎች ተሰራጭቷል?,"ከዚህ በፊት ከተሰራጩት የህክምና መስጫ ግብአቶች በተጨማሪ ከሁለት ሚሊየን (2, 000,000) በላይ የፊት ማስክ ለሁሉም ክልሎች ተሰራጭቷል፤",ለሁሉም ክልሎች
የኮሮና ቫይረስ ስርጭትን ለመከላከል ምን ያህል ፖስተሮች እየተሰራጩ ይገኛሉ?,"የኮሮና ቫይረስ ስርጭትን ለመከላከል ለህብረተሰቡ የግንዛቤ ማስጨበጫ መልዕክቶች በተለያዩ ሚዲያዎች ከሚሰራጩት በተጨማሪ ሀምሳ ሺ (50.000) ፖስተሮች ፤ ሁለት መቶ ሺ (200,000) ብሮሸሮች፤ ለሁሉም ክልሎች እየተሰራጩ ይገኛሉ፡፡",50000
የኮሮና ቫይረስ ስርጭትን ለመከላከል ምን ያህል ብሮሸሮች እየተሰራጩ ይገኛሉ?,"የኮሮና ቫይረስ ስርጭትን ለመከላከል ለህብረተሰቡ የግንዛቤ ማስጨበጫ መልዕክቶች በተለያዩ ሚዲያዎች ከሚሰራጩት በተጨማሪ ሀምሳ ሺ (50.000) ፖስተሮች ፤ ሁለት መቶ ሺ (200,000) ብሮሸሮች፤ ለሁሉም ክልሎች እየተሰራጩ ይገኛሉ፡፡",200000
የኮሮና ቫይረስ ስርጭትን ለመከላከል ለምን ያህል መስሪያ ቤቶች የእጅ ጓንት ተሰራጭቷል?,የኮሮና ቫይረስ ስርጭትን ለመከላከል የሚያስችሉ የፊት ማስክ እና የእጅ ጓንት ለ112 የሚሆኑ የፌደራል መስሪያቤቶች እየተሰራጨ ይገኛል፤,112
የኮሮና ቫይረስ ስርጭትን ለመከላከል ምን ተሰራጭቷል?,የኮሮና ቫይረስ ስርጭትን ለመከላከል የሚያስችሉ የፊት ማስክ እና የእጅ ጓንት ለ112 የሚሆኑ የፌደራል መስሪያቤቶች እየተሰራጨ ይገኛል፤,የእጅ ጓንት
